,Gene,Score
0,1700066B19Rik,-0.055918323590995536
1,4930455H04Rik,0.03599422830175347
2,6330411D24Rik,0.07845068845375357
3,A1cf,-0.059233272737567566
4,A2m,0.012824273647983372
5,A2ml1,0.003522459164233541
6,AABR07002467.1,-0.0737023400411568
7,AABR07002783.1,0.019562818217426482
8,AABR07002969.1,-0.1315731142280441
9,AABR07003610.1,-0.01585709019183995
10,AABR07004560.1,-0.028381576929196933
11,AABR07005506.1,0.03886428260539067
12,AABR07006283.1,0.12903309618587971
13,AABR07006688.2,0.07077677383251829
14,AABR07006691.1,-0.04698376393178308
15,AABR07008309.1,0.06314222266899423
16,AABR07010672.1,0.053234496990117175
17,AABR07013065.1,-0.05530836917003288
18,AABR07015057.1,-16.53217340898371
19,AABR07016566.1,0.012900878592333293
20,AABR07017241.1,0.08878624239652685
21,AABR07017733.1,-0.04418574877660815
22,AABR07017902.1,0.02010514035169135
23,AABR07019403.1,0.4063924602531702
24,AABR07021536.1,-0.023826975577662918
25,AABR07022098.1,0.00899333173015812
26,AABR07025089.1,0.1134160171463158
27,AABR07025152.1,-0.025159546901612866
28,AABR07025986.2,-0.12164780950399712
29,AABR07026557.1,-0.019046316099107223
30,AABR07027267.1,-0.010978220993928301
31,AABR07027872.1,0.027633076761421856
32,AABR07028262.1,-0.04512944065405453
33,AABR07028615.1,-3.6102634777741844
34,AABR07028902.1,-0.7422576950485529
35,AABR07030019.1,0.0533835205156437
36,AABR07032097.1,0.09289766490625848
37,AABR07032392.1,0.06791629838475016
38,AABR07032457.1,-0.056346726970016456
39,AABR07032520.4,-0.04838808009891174
40,AABR07033851.2,0.13753571442533816
41,AABR07034262.1,0.06524254427335716
42,AABR07034636.1,0.10021674954325507
43,AABR07034730.2,0.07951775540588908
44,AABR07035839.1,2.1434181382009294
45,AABR07039936.1,-0.005902603787025883
46,AABR07040864.1,-2.1317924627525757
47,AABR07041140.1,0.03179285486642928
48,AABR07044388.2,0.4782946588817784
49,AABR07044397.1,0.039920898668875826
50,AABR07044631.2,-0.21808915109118646
51,AABR07049134.4,-0.011890496285325809
52,AABR07051678.1,0.033808579153976254
53,AABR07052327.1,0.09147140431990015
54,AABR07054368.1,-0.035007616334229344
55,AABR07056390.1,0.05781126125796676
56,AABR07057423.1,0.002270802142037568
57,AABR07058254.1,0.040808131454017606
58,AABR07058479.1,0.061480656333296205
59,AABR07060872.1,0.04039026395735795
60,AABR07067749.1,-0.030399978749679094
61,AABR07068554.1,0.08137145517829733
62,AABR07068799.1,-0.05235276388953723
63,AABR07069587.2,0.02628191765783095
64,AABR07069611.1,0.1651636558258881
65,AABR07069821.1,0.0016724423619596702
66,AABR07071383.1,0.06948059414981966
67,AABR07071935.1,0.06954569444631534
68,AABR07072807.1,0.07793630855403982
69,AC096792.1,0.06178328094369107
70,AC097575.2,-0.04377688486472911
71,AC098622.1,0.15474143057331913
72,AC103024.1,-0.045016231591995956
73,AC105604.1,-0.022837360454701673
74,AC109737.1,-0.03923714384148542
75,AC109844.1,0.014045600295874965
76,AC114093.1,0.029226492089851158
77,AC118772.2,0.17262457800991912
78,AC125757.1,0.19953501806140467
79,AC129365.1,0.020597182856409643
80,AC131360.1,-0.08485259365965817
81,AC131360.2,-0.16714690585959627
82,AC132740.1,-0.01044563597543463
83,AC133403.1,0.06433061520020786
84,AC136661.1,-0.017173242473843893
85,AC142154.1,0.07522034969626137
86,Aadac,-0.03204101758395461
87,Aadacl3,0.0709405919371813
88,Aadat,0.07258252579000078
89,Aass,-0.030735184932386125
90,Abca1,0.5851339289323507
91,Abca13,0.00028819038882410726
92,Abca17,0.010029655757149451
93,Abca6,-0.008816950940615586
94,Abca8,0.09136315385643115
95,Abca8a,1.2954837894045519
96,Abca9,0.09795670292157245
97,Abcb1b,0.07895170200167878
98,Abcb4,-0.010271946384354039
99,Abcb5,0.04887173852301076
100,Abcc12,0.020883979616186515
101,Abcc2,0.01777211353537591
102,Abcc4,0.2260620888001294
103,Abcc5,-3.7665657862608466
104,Abcc9,0.8950788367274931
105,Abcg3l2,-1.9099448798159948
106,Abcg3l4,-1.3837912828220569
107,Abcg5,-0.05379153472804109
108,Abhd8,0.036801743017018544
109,Abi3,-0.39352501293242304
110,Abi3bp,0.985919991022918
111,Ablim3,-10.251979305721965
112,Abr,0.1129011527342483
113,Abra,-0.10158734440973033
114,Abtb3,-0.30798057285956054
115,Acaca,1.0161799217685152
116,Acap1,0.4724381758906094
117,Ace,0.05658064858663144
118,Acer2,-0.8136351704599322
119,Acer3,0.26583490164661266
120,Ackr2,0.00196270476122307
121,Ackr3,0.1266406588279471
122,Ackr4,0.1252208669848534
123,Acly,0.48883813405805365
124,Acnat1-1,0.05753006152036643
125,Acot12,-0.0827214361259492
126,Acot3,-0.055496174880700355
127,Acot4,0.0600962715929577
128,Acp3,-0.04362714545716584
129,Acsbg1,0.08884478360506684
130,Acsbg3,0.012268504928901252
131,Acsl1,2.538327798528541
132,Acsl5,-0.8956586127158317
133,Acsm2,-0.017676579369492608
134,Acsm2-1,0.019379000685672283
135,Acss1,-0.10394487960744525
136,Acss3,0.7271604401204939
137,Acta1,-0.04831079219180203
138,Acta2,-0.001003256853668942
139,Actb,-0.20856505663918956
140,Actg2,-0.05704083626788754
141,Actl6b,-0.04087009319706472
142,Actn1,-0.05073400493680523
143,Acvr2a,-1.2011493612208608
144,Acvrl1,-1.960142021692191
145,Adam12,0.740679213559726
146,Adam15,-0.7088852152490959
147,Adam19,0.4794852290377581
148,Adam1b,0.04000147134562877
149,Adam22,0.19382293735588296
150,Adam23,0.16641241058680312
151,Adam28,0.009396924722547245
152,Adam33,0.2717614948627653
153,Adam34l,-0.006832512243031662
154,Adam3a,0.01503407880370064
155,Adam5,0.0012383475342845579
156,Adam8,0.010704512878101976
157,Adamts1,-0.6248332231262059
158,Adamts14,0.2317482498915031
159,Adamts15,0.2999938584385017
160,Adamts16,0.12554472449647325
161,Adamts19,0.005926893682020927
162,Adamts2,0.26100072036453204
163,Adamts20,-0.020581083244700742
164,Adamts5,-0.2611776540043462
165,Adamts8,-0.010206200887263801
166,Adamts9,-11.804348901085874
167,Adamtsl1,0.19687942959322383
168,Adamtsl2,-0.07488507357919855
169,Adamtsl3,-0.9202535629472415
170,Adamtsl4,0.41951718507885905
171,Adamtsl5,0.09529193621033699
172,Adap2,0.20347400542050081
173,Adar,-1.8899901419151377
174,Adarb1,-4.516559256899649
175,Adarb2,0.05270948104518627
176,Adcy1,-0.006195119121604352
177,Adcy2,0.10187606757532512
178,Adcy4,-1.4006162619590254
179,Adcy5,0.9861063193560354
180,Adcy7,0.07328539532140657
181,Adcy8,-0.0845449966683315
182,Adcyap1r1,0.08579371342745515
183,Adgb,0.006074909077512817
184,Adgra2,0.23588751743345834
185,Adgrb2,0.06929152756493313
186,Adgrb3,0.0702757341492011
187,Adgrd1,0.017026960502560338
188,Adgre1,-0.03343844374983192
189,Adgre4,0.2235824078316307
190,Adgre5,-1.1353671148826976
191,Adgrf1,0.004454196266814862
192,Adgrf2,0.058941954515812314
193,Adgrf5,-11.091651679174145
194,Adgrg1,-3.284830635548717
195,Adgrg2,0.06482091519389911
196,Adgrg3,-0.5747219440405865
197,Adgrg5,0.16194292105771546
198,Adgrg6,-0.09829297328035061
199,Adgrl1,-0.6743186974701687
200,Adgrl3,0.6685229476546095
201,Adgrl4,-5.889045011606318
202,Adgrv1,0.004420405132543753
203,Adm,0.017248133866074933
204,Adora2a,-0.6499977667806768
205,Adra1a,1.2930375884393503
206,Adra1b,0.00015206027924698218
207,Adrb2,-0.1135823459513855
208,Aebp1,0.26357164441396663
209,Afap1l1,-3.7457479469720507
210,Afap1l2,0.1445100109519531
211,Aff2,0.15671003514910298
212,Aff3,0.6457681433964507
213,Afmid,0.11870844788164456
214,Agap2,0.3101631804544648
215,Agbl1,-0.017310627856515534
216,Agmo,1.2245209014733747
217,Agpat4,-0.945445278058394
218,Agr3,0.11210149299688053
219,Agt,0.23882510955394815
220,Agtr1a,0.12096411374129089
221,Agtr2,-0.0577723868151531
222,Agtrap,0.022790415467066803
223,Ahr,-1.3145574560776878
224,Ahrr,0.032244112329293514
225,Aif1,0.16650183311726427
226,Aim2,0.04501529316508297
227,Ajap1,-0.04117068658001892
228,Ajuba,-0.31235701459199
229,Ak5,-0.07641113937696167
230,Ak7,0.08163953799732837
231,Akain1,0.042528153189215684
232,Akap12,-0.5075479946296688
233,Akap17b,0.08398224540948232
234,Akap6,-0.027943374657153824
235,Akna,0.376126187576704
236,Aknad1,-0.07445167479629528
237,Akr1b1-ps2,-0.0053739750888647
238,Akr1b10,-0.02399726653056151
239,Akr1c12,0.015247407159537053
240,Akr1c12l1,0.025661022696692078
241,Akr1c15,-6.263868017793175
242,Akr1c2,-0.2904033361763979
243,Akr7a3,-0.029298261001114115
244,Akt3,-4.271909260881521
245,Albfm1,0.10842595264816945
246,Alcam,0.13234794944665831
247,Aldh18a1,-0.03473999244826309
248,Aldh1a1,-0.000426333660547726
249,Aldh1a2,0.11030148646004549
250,Aldh1a3,0.22669765497625832
251,Aldh1l2,0.028702473224895983
252,Aldob,0.08284359438982461
253,Alk,0.03894898763171943
254,Alox12b,0.06188045018455217
255,Alox15,0.017602694579539835
256,Alox5,-0.010232122713399825
257,Alox5ap,-0.020883373528756327
258,Alpg,0.09586427433263
259,Als2cl,-0.44600510542345995
260,Amdhd1,0.1290861795599106
261,Amz1,0.07194102176663447
262,Andpro,0.020702725495610412
263,Angpt1,0.7786255348002622
264,Angpt2,-0.3518735246254495
265,Angpt4,0.1586144843868949
266,Ank1,0.07343779280449633
267,Ank3,-10.297154381543034
268,Ankef1,2.0640662399934104
269,Ankrd13d,0.2703005496166356
270,Ankrd31,-0.05438184866781856
271,Ankrd33b,0.1871819874150008
272,Ankrd34a,0.04618649960982793
273,Ankrd34b,-0.040500091255932694
274,Ankrd36,-0.015384820396372186
275,Ankrd44,-2.731245240927792
276,Ankrd55,0.021871641321771405
277,Anks1b,0.17247554158947748
278,Anlnl1,0.02017851450851813
279,Ano1,0.1949272549799318
280,Ano2,-2.0519897139116905
281,Ano3,0.015298417560818579
282,Ano4,-0.36596603352912493
283,Ano5,0.04470076702078579
284,Ano9,-0.2864877489243305
285,Anpep,0.10710037404899234
286,Antxr1,0.2833584965645415
287,Antxr2,0.7561133220991072
288,Anxa1,0.4003383825058755
289,Anxa2,-1.2705999833438097
290,Anxa3,-4.409476790504777
291,Anxa8,0.05791282024451453
292,Aoah,0.5885039997355024
293,Aox3,0.49759937122440884
294,Ap1s2,0.05332654832801484
295,Ap2b1-ps1,-0.0963345361513577
296,Ap5b1,-0.12522050021263453
297,Apba1,0.4084141829490773
298,Apbb1,0.012423168934040453
299,Apbb1ip,0.3996766696638082
300,Apbb2,-7.938053582770354
301,Apcdd1l,-0.20923675358482793
302,Apex2l1,0.07217536915171263
303,Aph1b,0.0660803469877156
304,Apoa2,0.01960433103411339
305,Apobec1,0.08261066481871882
306,Apobr,-0.12161408731798033
307,Apod,-0.014046172541799528
308,Apol11a,-0.5166737997610823
309,Apol3,-1.063151100873121
310,Apold1,0.11149309418581543
311,Apom,-0.024014458472126108
312,Apoo,0.40939215701419895
313,Aqp1,-2.2685381285572213
314,Aqp9,0.04898713003637853
315,Ar,0.5957281929230347
316,Arap1,0.3364302766828028
317,Arap2,-2.6298733007054405
318,Arap3,-3.2780645374571202
319,Arc,-0.12391817060825025
320,Arg2,-0.06061019733212465
321,Arhgap15,1.058742310187606
322,Arhgap18,-5.953909084116861
323,Arhgap22,0.08296132474594842
324,Arhgap25,-0.22723901364375954
325,Arhgap26,-2.1068662295606924
326,Arhgap27,-1.1199760380489496
327,Arhgap28,-0.7351273957671582
328,Arhgap31,-12.75116583280592
329,Arhgap4,0.44847040600019117
330,Arhgap42,0.46679751517572365
331,Arhgap44,-0.003212920210900222
332,Arhgap45,0.8954433530211992
333,Arhgap6,0.3471392252388902
334,Arhgap9,0.29612170920074266
335,Arhgdib,0.01935137875847978
336,Arhgef1,0.500012533702708
337,Arhgef15,-2.7824006363870897
338,Arhgef16,0.10017084581310813
339,Arhgef17,0.287398613392468
340,Arhgef18,0.2174324178971938
341,Arhgef2,-0.7829475765910674
342,Arhgef25,-0.2627625577827701
343,Arhgef26,-0.7226639925802867
344,Arhgef3,-2.912085871578925
345,Arhgef38,-0.04554360504658686
346,Arhgef4,-0.016075559409617437
347,Arhgef5,-0.7136367044282508
348,Arid5b,-0.26503915207114087
349,Arl11,0.09514064881070647
350,Arl14epl,0.05807644374424667
351,Arl15,-3.8395270590844963
352,Arl4c,0.08894856059710156
353,Arl4d,-0.16823354072367303
354,Arl9,-0.07018039205851095
355,Armc12,0.08693207200211794
356,Armcx3,-0.23886335757424268
357,Armcx4,-0.3970740885126839
358,Armh2,0.04320759757201104
359,Armh4,0.07395260058982772
360,Arpc1b,-0.9047698847478858
361,Arpc5,-0.042927881872529945
362,Arpp21,0.1222782635617636
363,Arrb1,-0.26021868416120586
364,Arrb2,0.03421013306528971
365,Arrdc1,-0.3100276478330283
366,Arrdc2,0.06846408767198589
367,Arrdc4,-0.3698226943034457
368,Arsj,0.18757045301915415
369,Art2b,0.18345652717462801
370,Art3,0.21123062192765638
371,Art4,0.002234933033008246
372,Arvcf,0.08053947152713514
373,Asap2,-3.8876952194704453
374,Asb12,-0.0021272828433698838
375,Asb16,0.09262669672979613
376,Asb18,0.05925918901387449
377,Asb2,0.02125112884194008
378,Asb9,0.05652585708078116
379,Asgr2,0.0403167840507223
380,Asic2,0.0875770650874455
381,Asic5,0.027368916409658738
382,Aspg,0.6792184851523217
383,Asph,0.3890915104090916
384,Aspn,0.25301378024934634
385,Astn1,-0.01969028705663093
386,Astn2,0.15325319599954926
387,Asxl3,-0.367324263293203
388,Atad2,-0.37977451138228624
389,Atad5,0.006351646555264694
390,Atf3,0.06498416329455663
391,Atg7,-0.5438465019965946
392,Atm,-0.10111393262647797
393,Atoh8,-0.5039380459933689
394,Atp10b,-0.01273593885337038
395,Atp13a4,0.037241919071454035
396,Atp13a5,-0.021277247291673844
397,Atp1a3,-0.008932472371593817
398,Atp1a4,0.03431100618859472
399,Atp1b4,0.07288239151164336
400,Atp2a3,0.2352635831824551
401,Atp2b2,-0.009193233130213758
402,Atp2b4,-0.3483647948738601
403,Atp2c2,-0.01542965617577929
404,Atp5mc1,-0.07593181523526046
405,Atp6v0d2,0.0886152333271212
406,Atp8a1,-5.9806327759330085
407,Atp8a2,-0.020640712595087554
408,Atp8b1,-3.6293787971007423
409,Atp8b2,-0.1002274401720191
410,Atp8b3,0.004829277419632549
411,Atp8b4,0.19726052692171128
412,Aurkb,0.0269070128294713
413,Auts2,-1.1454111532932079
414,Avpr1a,-0.03232213198769116
415,Axdnd1,0.17214764103270247
416,Axl,0.30909891834239483
417,Azin1,0.41482018859461056
418,B2m,-0.435659130708574
419,B3galnt1,-1.5231045658294071
420,B3galt1,0.4746748195320631
421,B3galt5,0.06498870414318587
422,B3gat1,0.07750744340375199
423,B3gnt2,-1.2138934935352006
424,B3gnt5,0.06221800401191939
425,B3gnt6,-0.06770113551212299
426,B3gnt7,-0.01325400721277533
427,B4galnt1,-0.07629839025242549
428,B4galt6,0.1247219172288394
429,Bace2,-0.3602875844693172
430,Bach2,-2.142023055013366
431,Baiap2l1,0.11990469025963285
432,Baiap3,-0.00313292988493881
433,Banf2,0.10766630980737224
434,Bank1,0.4150810503705189
435,Basp1,0.18758612954321968
436,Batf,0.024619441149998582
437,Bax,0.22669055213304456
438,Bcam,-0.49883745445590766
439,Bcan,-0.08594126120008959
440,Bcar3,-1.8760435358302794
441,Bcas1,-0.05762202010288528
442,Bcat1,-0.03409297840309817
443,Bcl11a,-0.0003044148343532213
444,Bcl11b,0.2808995776056878
445,Bcl2,-3.4053250537924065
446,Bcl2a1,-0.10067525529312178
447,Bcl2l1,-4.993083837062046
448,Bcl6b,-2.8955345920579063
449,Bcor,-0.42915641783791664
450,Bdkrb2,0.17108916837804503
451,Begain,0.147242650392185
452,Bend4,0.007383343954182452
453,Bend5,0.08747840258850703
454,Best1,-0.0490499356032744
455,Bex1,0.004547928207134613
456,Bex2,-0.052025209698716796
457,Bfsp2,0.07527429651360004
458,Bglap,0.06631702965514467
459,Bhmt,0.0662226245298689
460,Bicc1,-2.371927491632468
461,Bicd1,0.09571301335627763
462,Bicdl1,0.1720603520084932
463,Bicdl2,-0.06181757900305171
464,Bid,0.04790425884425838
465,Bin1,-0.03739901508685802
466,Bin2a,0.017274737161209027
467,Blk,0.07464658533576148
468,Blnk,0.21223280163989855
469,Bmerb1,0.04004966098723155
470,Bmp1,0.4576814816092303
471,Bmp10,-0.03356572092954378
472,Bmp4,0.06436117134636375
473,Bmp5,-0.038595848772588814
474,Bmp6,-3.7068952125110903
475,Bmp7,0.07585662820714051
476,Bmp8b,-0.018858311165583515
477,Bmper,0.6257322591591301
478,Bmpr1b,0.11496152488840958
479,Bmx,0.09258748128954836
480,Bnc1,0.10284243278645658
481,Bnc2,0.46526140605451394
482,Boc,-0.863129526201545
483,Bola1,0.09740552779876133
484,Boll,0.12579474748457928
485,Bora,0.1761849194074905
486,Bpi,0.13268232831562263
487,Bpifb1,0.053915060009107604
488,Bpifb3,-0.0010062708817086636
489,Bpifc,-0.05333135116526379
490,Brca1,0.03266200238949066
491,Brca2,0.04761241234693728
492,Brinp2,0.014594614447673585
493,Brinp3,0.0661102423116083
494,Brs3,0.05020385531742374
495,Brsk2,-0.08655099374496283
496,Bst1,0.1348728655105903
497,Bst2,-2.4054341571971367
498,Btg2,-0.7445909098248957
499,Btk,-0.038384418822193615
500,Btla,0.11898584364339349
501,Btn3a2,-0.016111036930747603
502,Btnl2,-0.02423185281215798
503,Btnl3,-0.039629748902607634
504,Btnl9,-3.9243758933258412
505,C14h2orf73,0.009468834878685512
506,C1h16orf54,0.041453228139242015
507,C1h19orf81,-0.06833477474047171
508,C1h9orf57,-0.03059127583268896
509,C1qa,0.090967463730109
510,C1qb,0.011284320111277854
511,C1qc,0.13438480154694263
512,C1ql1,0.019342033606711315
513,C1qtnf2,0.1996408437081283
514,C1qtnf7,0.2651078283487283
515,C1qtnf9,-2.1664059679474565
516,C1r,0.2455495976534301
517,C1s,0.16096581079505717
518,C2H1orf54,-1.6101916716545925
519,C2cd2l,-0.1549014794965221
520,C2cd4b,0.10623280879458893
521,C2cd4c,0.035765025457739644
522,C2cd6,-0.07164024892088103
523,C2h1orf162,0.09330967806821623
524,C2h1orf56,-0.07464446312303782
525,C2h4orf3,0.08166214272217111
526,C2h4orf46,0.06497204172251929
527,C3,0.0976995610961996
528,C3ar1,-0.02508767999023185
529,C3h9orf50,0.133362172473738
530,C4a,0.5990052505295957
531,C4b,0.971885438077876
532,C4bpa,-0.08067744185250167
533,C5,0.016040189017689575
534,C5ar2,0.1542846882451807
535,C5h1orf87,-0.02977087170808932
536,C6,0.5394516776778109
537,C8a,0.04292769937052726
538,CXHXorf65,-0.5594894640145526
539,Cabcoco1,0.1395884543809771
540,Cables1,0.4943693792586997
541,Cabp1,-2.4401231257378626
542,Cacna1c,0.674010568279797
543,Cacna1d,0.08143241176614796
544,Cacna1e,0.026196557914292616
545,Cacna1g,-0.12427451760909625
546,Cacna1h,-0.12570563492379688
547,Cacna1i,-0.1831555911371652
548,Cacna1s,0.052330449123358186
549,Cacna2d1,0.45654416748742244
550,Cacna2d2,0.024882298273216568
551,Cacna2d3,0.562751333094551
552,Cacnb1,-0.029081843310518028
553,Cacnb2,-1.7000112833668257
554,Cacnb3,-0.13667359283425642
555,Cacnb4,0.5690717169921437
556,Cacng1,-0.02364146877535104
557,Cacng4,0.141509440901733
558,Cadm1,0.09265560605031901
559,Cadm2,-0.028778840398901454
560,Cadm3,0.30287575154639756
561,Cadps,-0.15720354807272893
562,Cadps2,-2.3252293477047665
563,Calb2,0.07823772995560743
564,Calcr,0.04976528191889601
565,Calcrl,-0.623425345782478
566,Cald1,-6.628149492176169
567,Calhm2,0.012816503252902848
568,Calhm5,-0.6177813437882693
569,Calhm6,-0.1026419374384557
570,Calm2-1,0.05252968001207414
571,Calml4,0.0924553751629926
572,Calr3,0.3236128383011702
573,Camk1d,0.3794974227395822
574,Camk2a,-0.025219198495789207
575,Camk4,0.38245574173464736
576,Camkk1,0.04133575825602432
577,Camkmt,-1.2877859615846874
578,Cand2,0.018189901359408248
579,Cap2,0.05994096476192217
580,Capn12,0.0067195094436415664
581,Capn13,0.2417587155881193
582,Capn3,0.02323503237174384
583,Capn5,0.17937129146518732
584,Capn6,-0.030265442647676624
585,Caps2,0.05466612958580315
586,Car10,0.14565684934384343
587,Car11,0.04538209775481441
588,Car3,0.516145547995567
589,Car4,-2.9736546408521773
590,Car9,0.021208418375596907
591,Card10,-1.223183972202487
592,Card11,0.2496115718781311
593,Carmil1,0.36285889137424115
594,Carmil2,0.15229375085167685
595,Cartpt,9.038442457472151e-05
596,Casd1,-0.4038532551514257
597,Caskin2,-1.3509609132917748
598,Casp1,-0.05117629202161838
599,Casp12,0.1513505399953646
600,Casp14,0.00041561775803044317
601,Casp3,-0.29505871800126793
602,Casp8,-0.9299291603483215
603,Casq2,0.02824450554599247
604,Casr,0.03659613245134118
605,Cass4,-0.07320761843926317
606,Castor1,-0.22772903786487508
607,Casz1,-1.6326723891865083
608,Catip,0.024380719792717265
609,Catsperg,0.08252829161673632
610,Cav3,0.093252565989665
611,Cblc,0.19126285268339438
612,Cblif,-0.03093646778210084
613,Cbln3,-0.013411129867513185
614,Ccbe1,0.15359822483080288
615,Ccdc110,0.002698621399539914
616,Ccdc113,0.0644388852166557
617,Ccdc125,-0.47959101373810853
618,Ccdc136,0.019422352581755467
619,Ccdc141,0.07314428338090215
620,Ccdc168,0.024018034476221042
621,Ccdc172,-0.003902514092752425
622,Ccdc178,0.0018569961643144259
623,Ccdc187,-0.03920908745821053
624,Ccdc198,0.01470685087935113
625,Ccdc24,-0.018794442932888917
626,Ccdc3,0.7176734747816745
627,Ccdc33,0.031790456961459976
628,Ccdc38,-0.07432530621470078
629,Ccdc60,0.039188196120675256
630,Ccdc73,0.030569318677484067
631,Ccdc7a,0.10562915230281576
632,Ccdc80,0.7777518344361882
633,Ccdc85a,-12.154853590948214
634,Ccdc85b,-0.1963832804138549
635,Ccdc88a,-1.4900573254675065
636,Ccdc88b,0.23807395734558495
637,Ccdc88c,-1.4696906981370204
638,Ccl12,-0.1112808856379519
639,Ccl2,-0.015870060076931716
640,Ccl21,0.165312439870476
641,Ccl24,0.003803525074458628
642,Ccl25,0.00474399299606351
643,Ccl3,0.10665123618478851
644,Ccl4,-0.006392589743995286
645,Ccl5,0.12714855316438745
646,Ccl6,0.02800519518867022
647,Ccl7,-0.04705515306445475
648,Ccm2l,-1.364938770260393
649,Ccn1,-0.2706326118569933
650,Ccn2,0.07058035949547908
651,Ccn3,-0.0397343531078648
652,Ccnb1ip1,0.09423177924126952
653,Ccnd1,-0.1727773212141031
654,Ccnd2,0.14056039415492533
655,Ccnd3,0.4126249638762962
656,Ccnf,-0.012351655811443596
657,Ccr1l1,-0.0218899233817963
658,Ccr2,0.1264845350183885
659,Ccr5,0.04801524141368932
660,Ccr6,0.07448285048075293
661,Ccr7,0.10196400226673244
662,Ccr9,-0.012076728091973521
663,Ccrl2,-0.1179892756162821
664,Ccser1,-3.004136004465874
665,Cd101,0.12091954438203144
666,Cd109,-0.048764898162917215
667,Cd14,0.07955621843435597
668,Cd163,0.3717555776862944
669,Cd180,0.15518646819436463
670,Cd19,0.12887898718058635
671,Cd1d1,-0.10140664401610515
672,Cd2,0.0295286506095672
673,Cd200,-1.026119627790577
674,Cd200r1,0.13183946224257304
675,Cd200r1l,0.009906157531323088
676,Cd209f,-0.029082703085712966
677,Cd22,0.08072861119521413
678,Cd226,0.1768949284782193
679,Cd244,0.01582050032558157
680,Cd244-1,-0.02124584399907427
681,Cd247,0.13946491380947196
682,Cd27,0.21596166370794906
683,Cd274,-1.213258988378838
684,Cd28,0.09855098573455244
685,Cd300a,0.3302632516631482
686,Cd300c2,0.0028875780715323955
687,Cd300lb,0.028462290481932467
688,Cd300ld,-0.006569767129570761
689,Cd300le,0.04889322396604153
690,Cd300lf,0.011570314607963775
691,Cd300lg,-2.9424423267600615
692,Cd33,-0.022603567401846936
693,Cd37,0.1508281845881705
694,Cd38,-0.842455559686131
695,Cd3d,0.10014968874366685
696,Cd3e,0.040339410588158015
697,Cd3g,0.08529661619221557
698,Cd40lg,0.016074971293966962
699,Cd44,-0.6189534670927861
700,Cd5,-0.02768419053943771
701,Cd53,0.1634732579466922
702,Cd6,-0.09041978407999252
703,Cd63,0.7135401356271083
704,Cd69,0.09079973317893608
705,Cd72,0.04176058969387698
706,Cd74,0.37407709630924535
707,Cd79a,0.04831276057264093
708,Cd79b,0.07080017254922243
709,Cd80,0.11649059834512686
710,Cd83,0.12828122715630713
711,Cd84,-0.02527561671475699
712,Cd86,-0.0325268103431398
713,Cd8a,0.0075667826598407005
714,Cd8b,0.015113888383457801
715,Cd9,-0.961806901828336
716,Cd93,-0.43811572740130594
717,Cd96,-0.07861764337216273
718,Cda,0.06615129706300962
719,Cdc14a,-3.206263635459246
720,Cdc25b,0.016899328650505537
721,Cdc42ep2,-0.4613635302445591
722,Cdc42ep3,-0.9355373102893392
723,Cdc42se1,0.025826908710591776
724,Cdc42se2-ps1,-2.1105586979300863
725,Cdc45-1,-0.8040407662121416
726,Cdc6,0.04235182175569901
727,Cdca7l,-0.0034107950044826576
728,Cdcp1,-0.003688365742025755
729,Cdh1,0.06812888113077067
730,Cdh10,0.06331648450118069
731,Cdh11,0.409570689850712
732,Cdh12,-0.09224109560900384
733,Cdh13,-19.031942643398622
734,Cdh15,-0.03431176075439286
735,Cdh18,0.01143740065059557
736,Cdh19,0.06537209337963348
737,Cdh2,0.3268879394060326
738,Cdh20,0.020983102608286237
739,Cdh22,0.06024969759723646
740,Cdh23,-4.790172667191026
741,Cdh26,-0.10794261377922315
742,Cdh4,-0.016106751797564024
743,Cdh5,-5.0313568164225355
744,Cdh6,-0.05710795367910064
745,Cdh7,-0.008700033964650388
746,Cdh8,-0.0639919411177558
747,Cdhr3,0.026257753485084405
748,Cdiptos,0.011397178934599576
749,Cdk12-1,0.02852175507986926
750,Cdk14,-0.7138152175599248
751,Cdk15,0.05070183484063169
752,Cdk19,-0.2544261468234968
753,Cdk6,-4.37819817983018
754,Cdkl1,-0.6701203208834602
755,Cdkn1c,0.10247146996223001
756,Cdo1,1.1389105686307341
757,Ceacam1,-1.6898918014684288
758,Ceacam20,0.11170189128492593
759,Ceacam4,-0.07839334769613926
760,Cela1,0.30418479405307586
761,Cela2a,-0.020395732175880536
762,Celf3,-0.006461310851701221
763,Celf4,0.01564895239265293
764,Celf6,0.017891631295297875
765,Celsr2,0.07963223448327345
766,Celsr3,0.054492823537661585
767,Cemip2,0.14792654707553493
768,Cenpa,0.098764078126479
769,Cenpe,-0.08935768830835553
770,Cenpf,0.11761083990726522
771,Cenpq,-0.030635125203080076
772,Cenpt,0.038886810989070784
773,Cenpu,-0.09954689047697847
774,Cep112,-0.046964172025833105
775,Cep162,0.03949561853395896
776,Cep290,-0.5653603779742129
777,Cerkl,0.012867278823132416
778,Cers3,-0.035345149106724386
779,Cers6,0.23205105597679682
780,Ces1d,0.43442201121142554
781,Ces2h,0.051307110044438345
782,Ces2j,-0.06112996957767364
783,Cfap107,0.02520670161939051
784,Cfap221,0.10983048782754463
785,Cfap299,0.02342813423308448
786,Cfap43,0.08163498139254782
787,Cfap44,0.010378135458657279
788,Cfap46,-0.0644697497534041
789,Cfap52,0.04366522618781803
790,Cfap57,-0.024480809112682984
791,Cfap69,0.020396134959795555
792,Cfap74,-0.023235731754451906
793,Cfap90,0.10660336142503715
794,Cfap91,0.08916868903368255
795,Cfap92,-0.022619075276956335
796,Cfap95,0.01980172538665487
797,Cfb,0.183193528768958
798,Cfc1,0.07841137406011715
799,Cfd,0.44786389634947105
800,Cfh,0.7841105147265941
801,Cfhr1,0.03196873737222614
802,Cfhr4,-0.016228053064951467
803,Cfi,-0.030524181121298195
804,Cftr,0.08954138727776956
805,Cga,0.05622260186940213
806,Cgas,-0.07292055682782975
807,Cgn,0.027632717734673927
808,Cgref1,-0.028140081998818383
809,Chadl,0.05998243522102676
810,Chaf1b,-0.019969408201259115
811,Chd5,-0.01615872591050399
812,Chgb,-0.009487401133382948
813,Chi3l1,0.00938675151470528
814,Chka,1.397555388395475
815,Chl1,-0.01239190817741666
816,Chn1,-2.6512076615081988
817,Chn2,-0.14061838262118148
818,Chodl,0.00037903585058362155
819,Chp2,-0.02708195554459182
820,Chrdl1,0.06697597487450471
821,Chrdl2,0.036204563776602555
822,Chrm1,0.0023550094692720933
823,Chrm2,0.028732615084375412
824,Chrm3,0.27132724259820723
825,Chrna10,-0.07526918216577694
826,Chrna4,1.0894678785561837e-05
827,Chrna7,-0.02690231551493029
828,Chrnb3,0.013111983636915282
829,Chrnd,-0.0003662224943694558
830,Chst1,0.16865747608165155
831,Chst10,0.016785671804892478
832,Chst11,-4.614848870531558
833,Chst14,-0.0602311343507668
834,Chst15,-1.2762498716558748
835,Chst2,-0.06954934254687636
836,Chst3,-0.017614632265306518
837,Chst9,0.06178558885600466
838,Chsy3,0.10508496542033421
839,Cib3,0.09576227364171283
840,Ciita,0.05295150553099175
841,Cilp,0.015687250176949233
842,Cilp2,0.10865766401120604
843,Cip2a,0.06846721160315784
844,Cit,0.15057031959522565
845,Ckap2l,0.06092645471938199
846,Cklf,-0.0031637957098641697
847,Ckm,0.07533551567949108
848,Ckmt1,0.07422502177096238
849,Ckmt2,0.011578780207388378
850,Clca2,-0.15094296300219973
851,Clca4l,0.029783133365595665
852,Clcf1,-0.000779500676000743
853,Cldn1,0.021074012846621006
854,Cldn22,-0.02175754191655475
855,Clec10a,0.13919409849286996
856,Clec12a,0.22123995286310028
857,Clec1a,-1.8131532032552231
858,Clec2dl1,-0.041294437580388955
859,Clec2h,-0.022071824355288705
860,Clec4a,0.0829146027214826
861,Clec4a1,0.011751405208369765
862,Clec4a2,0.08617250854298818
863,Clec4a3,0.12393445793058547
864,Clec4b2,0.06330881230211653
865,Clec4d,-0.021065176140819653
866,Clec4e,0.053793786432272096
867,Clec4m,0.0619283273541468
868,Clec5a,0.04969878459850645
869,Clec6a-ps1,-0.013274416827836437
870,Clec7a,0.006958586599757965
871,Clgn,-0.0067699068972779525
872,Clic1,-0.45450288439243736
873,Clic3,-0.04888062715618163
874,Clic5,-4.525739482758874
875,Clmp,0.4877636115310443
876,Clnk,0.2211979643701911
877,Clspn,-0.04400067479215694
878,Clstn2,0.17700561292903924
879,Clu,-0.12889291944727094
880,Cmahp,0.3971396193621214
881,Cmip,-5.619643792020186
882,Cmklr1,0.2749271049525749
883,Cmpk2,-0.24395763993559993
884,Cmtm5,0.009886699526571209
885,Cmtm8,-4.761387153532814
886,Cmya5,0.03260609639125542
887,Cnbd1,-0.03767052956440428
888,Cndp1,0.028496841484283005
889,Cngb1,-0.05641144814235523
890,Cnih3,0.07068814887137727
891,Cnksr1,0.061823156860049966
892,Cnksr2,0.07787824086833721
893,Cnn1,-0.07326212528105977
894,Cnn2,-0.28972899759480264
895,Cnr2,-0.02826547297263872
896,Cntn3,0.11790569978893208
897,Cntn4,-0.017403135719225506
898,Cntn5,-0.1163568919325022
899,Cntnap2,0.009928654186195842
900,Cntnap4,-0.0056306052172951804
901,Cntnap5a,0.2226369012843698
902,Cntnap5b,0.1416480671211662
903,Cntrl,-0.00492912304472886
904,Cobl,0.023271356437958537
905,Col11a1,-0.04622262517491546
906,Col12a1,0.18393323468441297
907,Col13a1,0.054794430897496416
908,Col14a1,-0.025865620940682413
909,Col15a1,-3.6309158556199836
910,Col16a1,0.2264103476222503
911,Col17a1,0.03609145560514328
912,Col19a1,0.10985964925271013
913,Col1a1,0.4847471035206143
914,Col1a2,0.6513940601212467
915,Col22a1,0.04067850735764146
916,Col24a1,-0.1858108083502824
917,Col25a1,-0.06380057367894167
918,Col26a1,-0.00578316461889136
919,Col27a1,0.2255467436085994
920,Col28a1,0.024074473691518782
921,Col3a1,0.9550589374101071
922,Col4a1,-6.2599442722919525
923,Col4a2,-7.321052789978415
924,Col4a3,0.33629801938933773
925,Col4a4,0.29072628492321617
926,Col4a5,0.06682813293906992
927,Col4a6,-0.03793569129728111
928,Col5a1,0.46478619678355815
929,Col5a2,0.7477866137140354
930,Col5a3,1.0302030735227699
931,Col6a1,0.6198474739336794
932,Col6a2,0.4687404742989627
933,Col6a3,0.6849874510336182
934,Col6a4,-0.03008862299891862
935,Col6a5,0.44078897543132056
936,Col6a6,0.8651364262763914
937,Col7a1,0.5033795412407082
938,Col8a1,1.123092870159264
939,Col9a1,0.006436735379094911
940,Col9a3,0.04950805798184925
941,Colec10,-0.08005152185786954
942,Colec12,0.7425512020997812
943,Colgalt2,-3.434947689622672
944,Comp,-0.04386104191690253
945,Coro1a,0.22366957849434566
946,Coro2b,-2.641200533137418
947,Cotl1,0.03795597469139572
948,Cox4i2,-0.013193135736798615
949,Cox7b2,0.027286295276561866
950,Cp,0.4053044924439389
951,Cpa1,0.03559177139313854
952,Cpa6,-0.11875220172981601
953,Cpb2,0.08934539826730072
954,Cpe,0.3824318692722624
955,Cphx1,0.03743979660993557
956,Cpm,0.0944072905526322
957,Cpne4,0.01700606833143239
958,Cpne5,0.1106155336309679
959,Cpne7,0.042169898966925835
960,Cpq,0.3850612997102296
961,Cps1,0.11327094336458884
962,Cpsf4l,-0.02607828439937939
963,Cpt1a,-0.912930048292506
964,Cpt1b,1.2307357976684417
965,Cpxm1,0.04277603938372684
966,Cpxm2,0.08065085106666486
967,Cpz,-0.004148566127464186
968,Cr2,0.06440909966119876
969,Cracr2a,-0.08662950086948526
970,Creb5,-6.47761007083899
971,Creld2,0.19351366927470226
972,Crhr1,-0.06371612121980288
973,Crim1,-6.824734144534039
974,Crip1,0.31289549685370155
975,Crip3,-0.0022624250867739823
976,Crisp1,0.057868864864247346
977,Crispld2,0.23435051159792125
978,Crlf3,0.12548176114867785
979,Crocc,0.291011445787966
980,Crocc2,-0.012938206387949425
981,Crtac1,-0.08488062501231808
982,Cryab,-0.028562817657678232
983,Crybg1,-0.03599903904080651
984,Crybg2,-0.09303992258944499
985,Crybg3,-2.339169672711394
986,Csad,1.1309208452915547
987,Csf1,-0.2643891295535974
988,Csf1r,0.18717145028385698
989,Csf2ra,0.09454223869304607
990,Csf2rb,0.04439550130420987
991,Csf3r,0.051677624269171135
992,Csgalnact1,0.04254552436617788
993,Csmd1,0.34669171555269185
994,Csmd2,0.0929667069611973
995,Csmd3,-0.16152233853814452
996,Csn1s2a,-0.0160789223667381
997,Csnka2ip,0.007705406702872559
998,Cspg4b,0.14521436596847265
999,Csrp1,-1.058010038875151
1000,Cstpp1,-0.03045284189207008
1001,Ctdspl,1.3212946238904508
1002,Cth,0.07796699468442009
1003,Ctla2a,-0.5177128138177463
1004,Ctnna2,0.19234960385161776
1005,Ctnna3,0.2483946134641059
1006,Ctnnbip1,-2.4275502414330865
1007,Ctnnd2,0.043024261734488964
1008,Ctrc,0.04548627453582066
1009,Ctrl,-0.03776726102105605
1010,Ctsa,0.11531198459299023
1011,Ctsb,0.06831040883129194
1012,Ctsc,0.10577094709153292
1013,Ctse,0.17566299172682012
1014,Ctsh,0.10875717239785096
1015,Ctss,0.17728213155923767
1016,Ctsw,0.22748487568811496
1017,Ctsz,0.13973110981268738
1018,Cttnbp2nl,-0.2638956091090894
1019,Cux2,-0.018504160974147216
1020,Cwh43,0.04328225771349588
1021,Cx3cl1,-0.25902530371286503
1022,Cx3cr1,-0.027512404753479172
1023,Cxcl1,0.05652270801421822
1024,Cxcl12,-5.935616439495165
1025,Cxcl13,0.06931177557095922
1026,Cxcl16,-0.19837410687850054
1027,Cxcl2,0.08685476759145819
1028,Cxcl6,0.12357163044420205
1029,Cxcl9,-0.030819548193885125
1030,Cxcr2,0.07436446435542832
1031,Cxcr3,-0.01647022628303626
1032,Cxcr4,0.09302902463867135
1033,Cxcr5,-0.09813116820932835
1034,Cxxc4,-0.6534791610208508
1035,Cyba,0.020291282981551965
1036,Cybb,0.14837569762919256
1037,Cyfip2,0.41883164036092707
1038,Cygb,0.10433465379485851
1039,Cylc2,-0.02241613953601824
1040,Cyld,-0.13192856952503765
1041,Cyld-ps1,-0.08453362191807759
1042,Cyp11a1,0.1344548241534066
1043,Cyp17a1,0.11773025830670825
1044,Cyp27b1,0.004184472826211508
1045,Cyp2a2-1,0.022968787291028518
1046,Cyp2b1,-0.013399159320997635
1047,Cyp2c12,0.05996841190034684
1048,Cyp2c13,-0.06609595283555586
1049,Cyp2c22,-0.001830035722478831
1050,Cyp2c24,0.02272132595164661
1051,Cyp2c6_v1-ps2,-0.0005436050482952419
1052,Cyp2d3,0.04085890126619715
1053,Cyp2e1,0.21712394248758832
1054,Cyp2s1,0.03912477312837658
1055,Cyp3a62,0.04975830381333833
1056,Cyp4a8,-0.037182290432709084
1057,Cyp4b1,-1.9123633651387362
1058,Cyp4f1,0.0026010073376759747
1059,Cyp4f18,0.04450057968887496
1060,Cyp4f4,-0.06386902556335683
1061,Cyp4x1,0.11000443031201637
1062,Cyp7b1,0.3743336056482832
1063,Cysltr1,0.03719837387174654
1064,Cysltr2,0.10294835512338932
1065,Cyth3,-0.9584983154583461
1066,Cyth4,0.46134390988299767
1067,Cytip,0.30305162815510983
1068,Cyyr1,-10.184468669969926
1069,Daam2,0.6674006794967706
1070,Dab1,0.07355955755030079
1071,Dab2,-0.39196133604805744
1072,Dab2ip,-5.997023764868999
1073,Dach1,-11.158259022828767
1074,Dach2,0.09325993471838705
1075,Dact1,0.08360906784261209
1076,Dact2,-0.12166504490965316
1077,Dapk2,-2.3522012733134723
1078,Dapl1,-0.06265864800236104
1079,Dapp1,0.1225928613552035
1080,Dbn1,-0.6377024010798111
1081,Dbx2,0.020301385330359797
1082,Dcbld1,-1.9449726476855616
1083,Dcc,0.20357592103002636
1084,Dcdc2,0.04045236243274282
1085,Dclk1,0.35944978242293113
1086,Dclk3,0.04939442559234754
1087,Dcn,0.33721878125733845
1088,Dctd,0.08923141944093563
1089,Dcx,0.08020204454468026
1090,Ddah1,-0.5986428743414748
1091,Ddhd1,1.2851631861685708
1092,Ddit4l,-0.0016216384220318
1093,Ddr2,0.48435030954032865
1094,Ddx25,0.05074326048253992
1095,Ddx60,-1.804874676238591
1096,Def6,-0.05336961968146423
1097,Defb14,0.10036877307369903
1098,Defb4,-0.06181550431890448
1099,Degs2,-0.034663241417265706
1100,Dennd1c,0.28491789074531554
1101,Dennd2a,0.7603623187250188
1102,Dennd2b,-1.9673855759243004
1103,Dennd2c,-1.3418755021118158
1104,Dennd2d,0.27179580430814904
1105,Dennd3,-1.952778157754274
1106,Dennd4a,0.34073774025173975
1107,Depdc1b,0.018994897378173888
1108,Depp1,-0.955277861728975
1109,Derl3,0.0802763968759756
1110,Des,-0.002208724670622503
1111,Dgat2,0.22793809674068838
1112,Dgka,-0.2161897676620712
1113,Dgkb,0.4383667438585357
1114,Dgke,-3.020568470967511
1115,Dgkg,0.20982996242166516
1116,Dgkh,-8.06518576064749
1117,Dgkz,-1.282522597138352
1118,Dhrs7c,0.03525966950720531
1119,Dhx58,0.0010339277112908288
1120,Diaph3,0.09348614181617139
1121,Dio2,0.5952344677818429
1122,Dipk1c,0.0019626045919981083
1123,Dipk2b,-2.5320075943283986
1124,Diras2,0.0254687185030118
1125,Diras3,0.07126374148391523
1126,Disc1,-1.800725270393201
1127,Disp1,-1.0032102716444617
1128,Disp3,0.07008437098750986
1129,Dkk2,0.6210136281696523
1130,Dkk4,0.12413266661796027
1131,Dlc1,-4.6451294798154485
1132,Dlg2,0.809877883675274
1133,Dlgap1,0.1891536275291132
1134,Dlgap2,0.05710859455155091
1135,Dlgap3,-0.0064532850513575515
1136,Dll1,-0.5726304428351907
1137,Dll4,-0.437415594022163
1138,Dmbt1l1,0.08306573317375188
1139,Dmc1,-0.09728893716681095
1140,Dmd,0.13248723280462674
1141,Dmgdh,-0.036516435686448044
1142,Dmkn,-0.04216751220173913
1143,Dmp1,0.14021912671356163
1144,Dmrt1,0.012137926378088974
1145,Dmrt3,0.049768520837966734
1146,Dmxl2,-0.19887788709045298
1147,Dnaaf1,-0.11093250369986754
1148,Dnaaf11,0.01010539349828228
1149,Dnaaf4,0.0778416338636277
1150,Dnaaf6,0.03742165922507383
1151,Dnah11,0.07070046541018361
1152,Dnah12,0.05151039786281168
1153,Dnah14,0.0027592574719500764
1154,Dnah2,0.004620464076904501
1155,Dnah5,0.008937410671712519
1156,Dnah8,0.06989395703635079
1157,Dnah9,0.0794221553212302
1158,Dnai2,0.027309698954937213
1159,Dnai7,-0.03574658923800442
1160,Dnajc6,0.018184801587256168
1161,Dnali1,0.02977819810324117
1162,Dnase1l2,0.11274736971544223
1163,Dnase1l3,-0.061478768623601264
1164,Dnase2b,-0.05580049312122518
1165,Dnm1,0.09067733330784325
1166,Dnm3,-2.24419035281443
1167,Dnmt3c,0.031128862949463636
1168,Dock10,1.031396360662714
1169,Dock11,0.5337555685565605
1170,Dock2,0.8874206972885785
1171,Dock4,-7.479021787952315
1172,Dock8,0.7655568757381357
1173,Dock9,-9.697791229235268
1174,Dok1,0.04963266064942843
1175,Dok2,0.09797307493957036
1176,Dok3,0.4020697311832281
1177,Dok4,-0.25658570281049387
1178,Dok5,-0.010975535052292911
1179,Dok6,0.08165534074121024
1180,Dop1b,-0.6731446179421148
1181,Dpep2,0.0709134615902671
1182,Dpf1,0.024570901271276164
1183,Dpp10,0.06188226630550314
1184,Dpp4,-0.8195972052911371
1185,Dpp6,0.05634817066165017
1186,Dpt,0.3080690136560256
1187,Dpy19l2,-0.07024684875534243
1188,Dpys,0.08194258814623209
1189,Dpysl2,-3.0823886680140475
1190,Dpysl3,-0.9297403859055482
1191,Dpysl4,0.014602297700162104
1192,Dpysl5,-0.07495563464986825
1193,Dram1,0.27458832656875465
1194,Draxin,0.08602722663083508
1195,Drc7,0.007206492367440775
1196,Drd1,-0.07214887065825898
1197,Drd2,0.0007128681884064521
1198,Drd3,0.012600156681648548
1199,Dsc1,0.012107397618659595
1200,Dsc2,0.03470996538465556
1201,Dscam,0.021193286047866213
1202,Dscaml1,0.15511171277402785
1203,Dse,0.2044404892652879
1204,Dsel,-0.02473855364341858
1205,Dsg2,-0.032723785523915444
1206,Dsg3,0.15011473065539543
1207,Dsp,-0.08580543064139824
1208,Dst,-14.100650551361792
1209,Dtx1,0.06575345034089204
1210,Dtx3,-0.16419700481560814
1211,Duox1,0.00947266630089107
1212,Duox2,0.044735725858852785
1213,Duoxa1,0.023069724176151007
1214,Dusp18,-0.2369342419662564
1215,Dusp29,-0.056979936826978377
1216,Dusp5,0.16629418793913275
1217,Dusp6,-0.3957407261579284
1218,Dusp9,-0.03161573203144689
1219,Dux4,0.0861055391174804
1220,Dxo,0.10116494926563954
1221,Dync1i1,0.006258215360630676
1222,Dyrk4,0.004789051342521213
1223,Dysf,-6.183878273806343
1224,Dzip1,0.10195865294610695
1225,E2f2,0.07606356047163365
1226,E2f7,-0.49706003627621764
1227,ENSRNOG00000014455,-0.025625983847835182
1228,ENSRNOG00000028821,-0.02220311358813503
1229,ENSRNOG00000029253,0.0839924488723266
1230,ENSRNOG00000030158,0.09624318746777505
1231,ENSRNOG00000030870,0.029853907693326374
1232,ENSRNOG00000037911,0.07121366115948406
1233,ENSRNOG00000062309,0.047848300391831244
1234,ENSRNOG00000062350,-1.3475089488370688
1235,ENSRNOG00000062369,0.0974005357351442
1236,ENSRNOG00000062397,0.05718800821179028
1237,ENSRNOG00000062480,0.041620947949015386
1238,ENSRNOG00000062484,0.1312982838172941
1239,ENSRNOG00000062493,0.06627309576605002
1240,ENSRNOG00000062494,0.020572148818745015
1241,ENSRNOG00000062528,-0.00624209057190115
1242,ENSRNOG00000062548,0.0011471444628715424
1243,ENSRNOG00000062559,-0.0987907496273694
1244,ENSRNOG00000062597,0.010969316947256082
1245,ENSRNOG00000062599,0.11797430637891802
1246,ENSRNOG00000062600,-0.06667951269442496
1247,ENSRNOG00000062603,0.039655912373891086
1248,ENSRNOG00000062620,0.04548813360623415
1249,ENSRNOG00000062622,0.04117459151990713
1250,ENSRNOG00000062688,0.03690958916873921
1251,ENSRNOG00000062762,0.051042742525755636
1252,ENSRNOG00000062820,0.008177202463626465
1253,ENSRNOG00000062831,0.1265293439054158
1254,ENSRNOG00000062837,-0.0224769224199389
1255,ENSRNOG00000062866,-0.045810894550956924
1256,ENSRNOG00000062871,0.227204265683356
1257,ENSRNOG00000062889,-0.017216173988629187
1258,ENSRNOG00000062907,0.06562214206107833
1259,ENSRNOG00000062930,-14.59532172629746
1260,ENSRNOG00000062952,0.027733167936802233
1261,ENSRNOG00000062963,0.003448904698321823
1262,ENSRNOG00000062972,-0.06323202518581217
1263,ENSRNOG00000063011,-0.025855373564411668
1264,ENSRNOG00000063036,-0.008208315489428481
1265,ENSRNOG00000063061,-0.019909966562162505
1266,ENSRNOG00000063062,-0.003869380387279229
1267,ENSRNOG00000063066,0.028821776858804483
1268,ENSRNOG00000063101,0.20978164556607767
1269,ENSRNOG00000063122,-0.025268331088422517
1270,ENSRNOG00000063136,0.0056774804357161805
1271,ENSRNOG00000063173,0.005269868568146256
1272,ENSRNOG00000063227,0.059275146258210475
1273,ENSRNOG00000063230,-0.13354665098824986
1274,ENSRNOG00000063237,0.03254809480426126
1275,ENSRNOG00000063239,-0.03141559981840552
1276,ENSRNOG00000063257,-0.013217214976313871
1277,ENSRNOG00000063258,-0.059724363147247495
1278,ENSRNOG00000063273,0.006060080854397139
1279,ENSRNOG00000063332,-0.031718292565030094
1280,ENSRNOG00000063342,-0.05084097729518199
1281,ENSRNOG00000063386,0.09194382382676553
1282,ENSRNOG00000063391,0.05232730877247409
1283,ENSRNOG00000063392,0.027749156940367746
1284,ENSRNOG00000063393,-0.06401538763249232
1285,ENSRNOG00000063417,0.17247845363823885
1286,ENSRNOG00000063460,0.12446516536284331
1287,ENSRNOG00000063499,0.12238915686814573
1288,ENSRNOG00000063506,0.02159018918434576
1289,ENSRNOG00000063508,0.004324660320023066
1290,ENSRNOG00000063520,-0.02308386228172498
1291,ENSRNOG00000063531,0.015565122456354405
1292,ENSRNOG00000063573,-0.008295622186028943
1293,ENSRNOG00000063607,0.09944830245434028
1294,ENSRNOG00000063646,0.030743699560477084
1295,ENSRNOG00000063656,-0.0019738475561411626
1296,ENSRNOG00000063662,0.041758206446878846
1297,ENSRNOG00000063663,-0.020808807831083295
1298,ENSRNOG00000063668,0.09047399488088859
1299,ENSRNOG00000063695,-0.02642649092053236
1300,ENSRNOG00000063716,0.0814316759922096
1301,ENSRNOG00000063760,-0.012074667075201535
1302,ENSRNOG00000063803,0.01997168217172686
1303,ENSRNOG00000063806,-0.5292978020830416
1304,ENSRNOG00000063807,-0.06717511895641727
1305,ENSRNOG00000063814,0.04481287103098418
1306,ENSRNOG00000063817,-0.02629957407420249
1307,ENSRNOG00000063822,-0.11263231492339924
1308,ENSRNOG00000063901,-0.09740385161975847
1309,ENSRNOG00000063915,-0.048378479379255684
1310,ENSRNOG00000063977,-0.017085590383044677
1311,ENSRNOG00000063980,0.013881680407308621
1312,ENSRNOG00000063994,0.02544536631486509
1313,ENSRNOG00000064049,-0.06048359052001421
1314,ENSRNOG00000064058,-0.04012567624779305
1315,ENSRNOG00000064113,0.12481159759620009
1316,ENSRNOG00000064120,-0.07823071341302532
1317,ENSRNOG00000064136,0.38553457028412597
1318,ENSRNOG00000064141,0.020091293078841367
1319,ENSRNOG00000064167,-0.04367899116793594
1320,ENSRNOG00000064168,0.08518307920511728
1321,ENSRNOG00000064231,0.07367817691975026
1322,ENSRNOG00000064267,-0.03340955181285607
1323,ENSRNOG00000064323,-0.015305969485932651
1324,ENSRNOG00000064330,0.037887780535471045
1325,ENSRNOG00000064337,-0.04175173318193679
1326,ENSRNOG00000064363,0.0146836772593365
1327,ENSRNOG00000064414,0.0028273353198354644
1328,ENSRNOG00000064428,-0.09300878621906532
1329,ENSRNOG00000064438,0.05174284078712951
1330,ENSRNOG00000064445,-0.02489171443565591
1331,ENSRNOG00000064452,-0.009546942691416073
1332,ENSRNOG00000064453,-0.059768598124603126
1333,ENSRNOG00000064489,0.08563371843229117
1334,ENSRNOG00000064524,0.21000915880899246
1335,ENSRNOG00000064547,-0.06391696568110526
1336,ENSRNOG00000064562,0.15157165351652102
1337,ENSRNOG00000064568,0.17395827240203804
1338,ENSRNOG00000064648,-0.33491148401102633
1339,ENSRNOG00000064671,0.0046654410972485835
1340,ENSRNOG00000064673,-0.09075165255684967
1341,ENSRNOG00000064682,-0.04171660872326426
1342,ENSRNOG00000064726,0.042965269417083965
1343,ENSRNOG00000064734,0.07338716349321453
1344,ENSRNOG00000064762,0.06762020690710786
1345,ENSRNOG00000064778,0.0025012146006937602
1346,ENSRNOG00000064792,0.07401406156197554
1347,ENSRNOG00000064808,-0.0036136235839625834
1348,ENSRNOG00000064809,-0.05342956515014162
1349,ENSRNOG00000064824,-3.879676176471933
1350,ENSRNOG00000064828,0.14132849909498915
1351,ENSRNOG00000064892,0.03808432384569424
1352,ENSRNOG00000064896,0.01864561266543602
1353,ENSRNOG00000064930,-0.07237151514005968
1354,ENSRNOG00000064963,-0.08336411045665434
1355,ENSRNOG00000065037,0.08634347211852021
1356,ENSRNOG00000065056,-0.01099946814518044
1357,ENSRNOG00000065065,0.00249169123803762
1358,ENSRNOG00000065077,-0.02482918958354842
1359,ENSRNOG00000065088,0.01783115319642898
1360,ENSRNOG00000065093,0.028136434802884067
1361,ENSRNOG00000065100,0.05958597371918613
1362,ENSRNOG00000065107,-0.009617677768487945
1363,ENSRNOG00000065127,-0.024800192590691612
1364,ENSRNOG00000065133,0.07278912042261494
1365,ENSRNOG00000065152,-0.04268055436198198
1366,ENSRNOG00000065164,-0.022596553451089667
1367,ENSRNOG00000065171,0.02712106768879073
1368,ENSRNOG00000065197,0.005784314840004841
1369,ENSRNOG00000065225,-0.040429058029929896
1370,ENSRNOG00000065252,0.05153632507582674
1371,ENSRNOG00000065274,-0.018012267263593368
1372,ENSRNOG00000065279,-0.062405710922217805
1373,ENSRNOG00000065292,0.018613112792899223
1374,ENSRNOG00000065324,0.035841530585641976
1375,ENSRNOG00000065341,-0.025792575628756177
1376,ENSRNOG00000065346,0.05112484957183694
1377,ENSRNOG00000065359,-0.03428348179043175
1378,ENSRNOG00000065364,-0.02103900856918118
1379,ENSRNOG00000065395,0.07543055914097369
1380,ENSRNOG00000065414,0.0369488820417708
1381,ENSRNOG00000065429,0.05677987817079249
1382,ENSRNOG00000065435,0.055446108948535855
1383,ENSRNOG00000065455,0.09183382447975874
1384,ENSRNOG00000065470,0.07490251752268517
1385,ENSRNOG00000065499,0.163391418857629
1386,ENSRNOG00000065564,-0.003563627354553194
1387,ENSRNOG00000065577,0.015508552911253285
1388,ENSRNOG00000065609,0.11576988558623681
1389,ENSRNOG00000065642,0.026775314249059885
1390,ENSRNOG00000065652,-0.2213493516911797
1391,ENSRNOG00000065668,0.11332342391456177
1392,ENSRNOG00000065670,-0.07476224149007277
1393,ENSRNOG00000065679,-0.0021435962122588435
1394,ENSRNOG00000065694,-0.02547045382568821
1395,ENSRNOG00000065695,-0.06786220007923982
1396,ENSRNOG00000065712,-0.023705390360428295
1397,ENSRNOG00000065728,0.04106991453276518
1398,ENSRNOG00000065748,-0.045503215965832504
1399,ENSRNOG00000065800,-0.08211972171562137
1400,ENSRNOG00000065805,0.015528282114006104
1401,ENSRNOG00000065820,-0.014763811173412349
1402,ENSRNOG00000065826,0.03212483636965327
1403,ENSRNOG00000065846,-0.0003839944431887994
1404,ENSRNOG00000065856,0.06002923648954989
1405,ENSRNOG00000065872,-0.07324089285524421
1406,ENSRNOG00000065876,0.17869851918885848
1407,ENSRNOG00000065904,0.05050083514813538
1408,ENSRNOG00000065964,-0.010082722531831014
1409,ENSRNOG00000065987,-0.019650279868267333
1410,ENSRNOG00000066001,-0.12452983329412269
1411,ENSRNOG00000066006,-0.054673302503544324
1412,ENSRNOG00000066012,0.04247234015451415
1413,ENSRNOG00000066038,0.022317330398354793
1414,ENSRNOG00000066084,-0.08388288944703347
1415,ENSRNOG00000066092,0.13747103248470033
1416,ENSRNOG00000066124,-0.032091290549248225
1417,ENSRNOG00000066131,0.03494357001555372
1418,ENSRNOG00000066142,0.11635249823575211
1419,ENSRNOG00000066238,0.033810510308345997
1420,ENSRNOG00000066244,-0.0841870339056209
1421,ENSRNOG00000066249,0.11986042341604568
1422,ENSRNOG00000066279,0.0865539939401931
1423,ENSRNOG00000066285,-0.02078968339619112
1424,ENSRNOG00000066293,-0.07061500120898426
1425,ENSRNOG00000066309,0.21389198000452936
1426,ENSRNOG00000066336,0.12676666881584364
1427,ENSRNOG00000066356,0.036408793772140534
1428,ENSRNOG00000066358,-0.02089295226285415
1429,ENSRNOG00000066359,-0.011856316737213513
1430,ENSRNOG00000066423,-0.14238409503127425
1431,ENSRNOG00000066448,-0.0934498370099689
1432,ENSRNOG00000066454,-0.07124068699200123
1433,ENSRNOG00000066467,-0.10510047484456218
1434,ENSRNOG00000066475,-0.10103897923141941
1435,ENSRNOG00000066507,-0.06873035624414062
1436,ENSRNOG00000066536,0.07869307479299681
1437,ENSRNOG00000066538,0.053657651426255816
1438,ENSRNOG00000066542,0.04622644377558252
1439,ENSRNOG00000066543,-0.1014846491981533
1440,ENSRNOG00000066550,0.03801603314898873
1441,ENSRNOG00000066584,0.09033939877334672
1442,ENSRNOG00000066588,0.0660597952933424
1443,ENSRNOG00000066594,-0.07409888663452081
1444,ENSRNOG00000066598,0.036921603624440746
1445,ENSRNOG00000066599,-0.04997490931768406
1446,ENSRNOG00000066608,-0.0854201045691304
1447,ENSRNOG00000066615,0.19952257345200733
1448,ENSRNOG00000066647,0.2603925428740079
1449,ENSRNOG00000066719,-0.0180339635464472
1450,ENSRNOG00000066734,-0.034542721977393824
1451,ENSRNOG00000066767,-0.07019318978382548
1452,ENSRNOG00000066781,0.042432943993102205
1453,ENSRNOG00000066782,-0.007277881207664559
1454,ENSRNOG00000066790,0.06751306540218474
1455,ENSRNOG00000066791,-0.0019906427005296472
1456,ENSRNOG00000066793,-0.053178325652847025
1457,ENSRNOG00000066829,0.004608177690376985
1458,ENSRNOG00000066846,-0.023886501074535126
1459,ENSRNOG00000066863,-0.06446742416194018
1460,ENSRNOG00000066888,-0.02379696825790366
1461,ENSRNOG00000066925,0.0037941238508722233
1462,ENSRNOG00000066953,-0.048691860876623194
1463,ENSRNOG00000066981,-0.03254566839183185
1464,ENSRNOG00000067004,-0.5530134143199281
1465,ENSRNOG00000067013,-0.05151884303510383
1466,ENSRNOG00000067032,-0.3442372734740193
1467,ENSRNOG00000067052,-0.013780854072954289
1468,ENSRNOG00000067054,0.09234321958154255
1469,ENSRNOG00000067104,0.05935103197412257
1470,ENSRNOG00000067125,-0.11844000569805788
1471,ENSRNOG00000067172,-0.017296257815589924
1472,ENSRNOG00000067194,-0.07402002558459714
1473,ENSRNOG00000067222,-0.0010059767592753668
1474,ENSRNOG00000067232,-0.09768381189692671
1475,ENSRNOG00000067237,0.02998443573329624
1476,ENSRNOG00000067254,0.16629294531820238
1477,ENSRNOG00000067256,0.02528486265351813
1478,ENSRNOG00000067289,0.051555273547200006
1479,ENSRNOG00000067291,-0.041580148780010595
1480,ENSRNOG00000067330,0.02356150650075597
1481,ENSRNOG00000067333,-0.02845155553546036
1482,ENSRNOG00000067347,0.04007105708710822
1483,ENSRNOG00000067350,0.005027135887873515
1484,ENSRNOG00000067381,0.08081632347846451
1485,ENSRNOG00000067396,0.0745096547685726
1486,ENSRNOG00000067455,-0.0475274527507082
1487,ENSRNOG00000067482,0.005799788914312356
1488,ENSRNOG00000067503,-0.024807379510614545
1489,ENSRNOG00000067563,-0.10004721150627191
1490,ENSRNOG00000067570,0.06542448649102585
1491,ENSRNOG00000067595,-1.6412246090229599
1492,ENSRNOG00000067611,-0.031472389877829424
1493,ENSRNOG00000067645,-0.17815171419790599
1494,ENSRNOG00000067656,-0.0032205351040327157
1495,ENSRNOG00000067709,0.04411879410425734
1496,ENSRNOG00000067729,0.03281224933097206
1497,ENSRNOG00000067735,-0.011114605807427564
1498,ENSRNOG00000067749,-0.1372981421542479
1499,ENSRNOG00000067762,-0.04068230976144839
1500,ENSRNOG00000067765,-0.05466936038748006
1501,ENSRNOG00000067792,0.004350258397981248
1502,ENSRNOG00000067817,0.011458022078202686
1503,ENSRNOG00000067820,0.05956255205872095
1504,ENSRNOG00000067881,0.03364789098343661
1505,ENSRNOG00000067882,0.5247124355567238
1506,ENSRNOG00000067907,0.07480727540141889
1507,ENSRNOG00000067913,0.04523060355967829
1508,ENSRNOG00000067920,0.029224691349014068
1509,ENSRNOG00000067926,0.15905535953873287
1510,ENSRNOG00000067955,0.06663998037393748
1511,ENSRNOG00000067970,0.15323803300746042
1512,ENSRNOG00000067989,-0.037165022413883614
1513,ENSRNOG00000067998,-0.09672248012584223
1514,ENSRNOG00000068009,0.04208974412621533
1515,ENSRNOG00000068013,-0.04339284793184699
1516,ENSRNOG00000068062,-0.10984131905074891
1517,ENSRNOG00000068065,-0.07210205742263824
1518,ENSRNOG00000068078,0.012748206995144923
1519,ENSRNOG00000068089,0.24072590424678544
1520,ENSRNOG00000068135,-0.05727005905596075
1521,ENSRNOG00000068156,-0.047240586008798616
1522,ENSRNOG00000068193,-0.026040092278187085
1523,ENSRNOG00000068235,-0.030775248848180774
1524,ENSRNOG00000068269,-0.060691459066654754
1525,ENSRNOG00000068289,0.10090183259347646
1526,ENSRNOG00000068292,0.1079792826036963
1527,ENSRNOG00000068303,0.021259290773721976
1528,ENSRNOG00000068336,-0.07556798021060747
1529,ENSRNOG00000068340,0.032437288580441814
1530,ENSRNOG00000068375,0.04742847166387143
1531,ENSRNOG00000068414,0.03985225633893956
1532,ENSRNOG00000068440,-0.0074964878653927675
1533,ENSRNOG00000068486,-0.019713672087527483
1534,ENSRNOG00000068515,0.0018078666477201188
1535,ENSRNOG00000068536,0.05225620812448663
1536,ENSRNOG00000068539,-0.01150190393739048
1537,ENSRNOG00000068549,0.09483651128427115
1538,ENSRNOG00000068560,0.1099977746000543
1539,ENSRNOG00000068596,0.03866381755073921
1540,ENSRNOG00000068611,0.13081834288635896
1541,ENSRNOG00000068722,-0.010429266117402735
1542,ENSRNOG00000068731,-0.038896631121174974
1543,ENSRNOG00000068738,0.022155129384184853
1544,ENSRNOG00000068750,0.06900022127992474
1545,ENSRNOG00000068753,0.012064715625511412
1546,ENSRNOG00000068759,-0.04427749081682582
1547,ENSRNOG00000068762,-0.05431065931187326
1548,ENSRNOG00000068796,-0.021634289923839832
1549,ENSRNOG00000068800,0.14701463165336726
1550,ENSRNOG00000068879,0.1149893425192462
1551,ENSRNOG00000068890,-0.04339470670397989
1552,ENSRNOG00000068929,0.01045389260211384
1553,ENSRNOG00000068931,0.005598922755541498
1554,ENSRNOG00000068941,-0.09515976923289773
1555,ENSRNOG00000068959,-0.04785490411629065
1556,ENSRNOG00000068971,0.026627619877867072
1557,ENSRNOG00000069024,-0.877837462969685
1558,ENSRNOG00000069029,0.029770305370069777
1559,ENSRNOG00000069031,0.23110462813509658
1560,ENSRNOG00000069045,0.08400140952768315
1561,ENSRNOG00000069057,-0.02486855453808486
1562,ENSRNOG00000069075,-0.0769464768496528
1563,ENSRNOG00000069088,0.008033943717761206
1564,ENSRNOG00000069092,-0.025707461657250037
1565,ENSRNOG00000069129,0.019202919812961815
1566,ENSRNOG00000069140,-0.11471427011948113
1567,ENSRNOG00000069144,-0.012931880311324969
1568,ENSRNOG00000069224,-0.05577877355775572
1569,ENSRNOG00000069226,0.04410039918131671
1570,ENSRNOG00000069230,-0.014659927709839704
1571,ENSRNOG00000069232,0.048078985400531946
1572,ENSRNOG00000069237,-0.058967103930778426
1573,ENSRNOG00000069272,-0.010655035106875582
1574,ENSRNOG00000069275,-0.08930088297319527
1575,ENSRNOG00000069290,0.04793594876549932
1576,ENSRNOG00000069295,0.05691190441274825
1577,ENSRNOG00000069359,-0.04382443841095657
1578,ENSRNOG00000069377,-0.044547148053273776
1579,ENSRNOG00000069390,0.03412557474005422
1580,ENSRNOG00000069417,0.02862277185089997
1581,ENSRNOG00000069480,-1.026492800104476
1582,ENSRNOG00000069490,-0.012853492108845366
1583,ENSRNOG00000069519,-0.0006856609295796783
1584,ENSRNOG00000069525,0.03576907775625139
1585,ENSRNOG00000069526,-0.007844699644670158
1586,ENSRNOG00000069552,-0.09883003981245053
1587,ENSRNOG00000069557,0.011929561714921173
1588,ENSRNOG00000069588,0.025193551201746683
1589,ENSRNOG00000069623,-0.10870240341115836
1590,ENSRNOG00000069690,0.0962218507769658
1591,ENSRNOG00000069701,-0.0344577397872837
1592,ENSRNOG00000069704,0.008249574302377155
1593,ENSRNOG00000069760,-0.033724409902980916
1594,ENSRNOG00000069766,-0.022475990513871086
1595,ENSRNOG00000069772,0.0312780446548978
1596,ENSRNOG00000069780,-0.01399427613930421
1597,ENSRNOG00000069786,0.07826422411211764
1598,ENSRNOG00000069817,0.025457663259599445
1599,ENSRNOG00000069820,-0.029775272179863557
1600,ENSRNOG00000069847,0.016180653638291825
1601,ENSRNOG00000069855,0.045209354383583526
1602,ENSRNOG00000069878,0.35945221267968813
1603,ENSRNOG00000069880,-1.6297922807544096
1604,ENSRNOG00000069881,0.02155049224714144
1605,ENSRNOG00000069890,0.024364606465709357
1606,ENSRNOG00000069906,-0.07099542913742786
1607,ENSRNOG00000069936,0.032942031197757744
1608,ENSRNOG00000069938,-0.07903776999987817
1609,ENSRNOG00000069941,0.0384331697409495
1610,ENSRNOG00000069946,0.11083161651133722
1611,ENSRNOG00000069947,-0.06683177653988086
1612,ENSRNOG00000069993,0.023793897884148395
1613,ENSRNOG00000070037,-0.041100646688563953
1614,ENSRNOG00000070051,0.03616602719925103
1615,ENSRNOG00000070052,-0.004303327284634072
1616,ENSRNOG00000070186,0.06313755590244446
1617,ENSRNOG00000070205,0.0234323743993526
1618,ENSRNOG00000070221,-0.020305396308194834
1619,ENSRNOG00000070233,-0.013888530415547334
1620,ENSRNOG00000070239,0.10150448028900193
1621,ENSRNOG00000070283,0.03097361825161302
1622,ENSRNOG00000070295,0.014108768327722409
1623,ENSRNOG00000070302,-0.02414521581925564
1624,ENSRNOG00000070333,0.11175815918871226
1625,ENSRNOG00000070353,0.021796008465300283
1626,ENSRNOG00000070379,0.014534261740352956
1627,ENSRNOG00000070381,0.11086044537881874
1628,ENSRNOG00000070383,0.010105131015917743
1629,ENSRNOG00000070395,0.10029650419773617
1630,ENSRNOG00000070402,0.05554075511612225
1631,ENSRNOG00000070418,-0.011021612593004963
1632,ENSRNOG00000070441,0.06477846942502555
1633,ENSRNOG00000070442,-3.8471507245221197
1634,ENSRNOG00000070493,-0.006749509481687111
1635,ENSRNOG00000070508,-0.015760236542602068
1636,ENSRNOG00000070526,0.028468411113098436
1637,ENSRNOG00000070540,0.07283063069898459
1638,ENSRNOG00000070587,-0.04998934654696601
1639,ENSRNOG00000070590,-0.14693939491877073
1640,ENSRNOG00000070606,0.02415422865415192
1641,ENSRNOG00000070620,-0.09904657515471565
1642,ENSRNOG00000070692,0.07049497526653087
1643,ENSRNOG00000070717,-0.016622257255800035
1644,ENSRNOG00000070725,0.0307265918350121
1645,ENSRNOG00000070726,-0.0938236010638818
1646,ENSRNOG00000070737,0.009685172992256384
1647,ENSRNOG00000070744,-0.0023060874579106556
1648,ENSRNOG00000070760,0.06333489649680678
1649,ENSRNOG00000070763,0.06902434319970953
1650,ENSRNOG00000070772,-0.040306995645322766
1651,ENSRNOG00000070800,-0.008653610114454178
1652,ENSRNOG00000070802,0.07480817745301052
1653,ENSRNOG00000070813,0.09897906235755433
1654,ENSRNOG00000070827,0.0023809535296413255
1655,ENSRNOG00000070842,0.08425279490938503
1656,ENSRNOG00000070843,0.048677687214175994
1657,ENSRNOG00000070880,-0.0015315444774659731
1658,ENSRNOG00000070893,0.018607842570328725
1659,ENSRNOG00000070895,0.04572699972039504
1660,ENSRNOG00000070905,-0.05109845320069822
1661,ENSRNOG00000070909,0.04161440550868
1662,ENSRNOG00000070913,-0.0641564237687418
1663,ENSRNOG00000070921,-0.03914175707078962
1664,ENSRNOG00000070924,0.10965355681680851
1665,ENSRNOG00000070939,0.005720266261947446
1666,ENSRNOG00000070963,-0.010455953238066773
1667,ENSRNOG00000070967,0.01624479810714476
1668,ENSRNOG00000070979,0.014882507049814486
1669,ENSRNOG00000071036,0.0409197727256035
1670,ENSRNOG00000071085,0.011881078846100367
1671,ENSRNOG00000071095,0.08020348050731085
1672,ENSRNOG00000071096,0.017297797182988742
1673,ENSRNOG00000071103,0.04191831853613628
1674,ENSRNOG00000071125,-0.022192037951113873
1675,ENSRNOG00000071137,-0.0863222323229764
1676,ENSRNOG00000071162,0.08159181150223044
1677,ENSRNOG00000071185,-0.02095843063655794
1678,ENSRNOG00000071194,-0.026181598380895437
1679,ENSRNOG00000071219,0.32769890820169906
1680,Ecm1,0.23336421146073
1681,Ecrg4,0.002021767035517328
1682,Eda,0.5379061348915066
1683,Eda2r,-0.7904501819794182
1684,Edaradd,-0.06613639030271877
1685,Edn1,0.16689722056083703
1686,Ednra,0.1836133902603203
1687,Ednrb,0.0023035827164068524
1688,Eeig2,-1.3324069351681398
1689,Eepd1,-7.135807742789909
1690,Efcab15,-0.025335770141889286
1691,Efcab3,0.12385693442943202
1692,Efcab8,-0.14224978849853992
1693,Efcc1,-0.0877135958330372
1694,Efemp1,0.06724383662272383
1695,Efhc1,0.05551992746320413
1696,Efhc2,-0.0887329712265798
1697,Efhd1,-0.08557747066957039
1698,Efna5,1.6967342963757783
1699,Efnb1,-0.7836151825346844
1700,Efnb2,-2.065189291182103
1701,Efr3b,-0.355711922967051
1702,Egfem1,-0.10715684957945569
1703,Egfl7,-8.959173712648582
1704,Egflam,-1.3888559090446742
1705,Egfr,0.8046947327521976
1706,Egr1,0.10399510930866071
1707,Egr2,0.08963795181774656
1708,Ehd4,-0.25262221468700796
1709,Ehf,-0.04548430706900297
1710,Eif2ak3,-0.013459220098480697
1711,Elavl2,0.07520001681554933
1712,Elavl3,-0.05647179897237058
1713,Elavl4,0.054707918145454934
1714,Elf4,-1.1244053415621968
1715,Elk3,-1.4959014904942984
1716,Ell3,-0.02192116848216815
1717,Elmo1,-2.736865054456346
1718,Elmo2,-1.73675546133525
1719,Eln,0.34931471738660247
1720,Elob-ps4,-0.06634135650429188
1721,Elovl6,0.8012332980775361
1722,Emb,0.1876119153484237
1723,Emc10,-0.3226498655247662
1724,Emcn,-4.680681376986599
1725,Emid1,-0.8916349924146256
1726,Emilin1,0.012651905887852056
1727,Emilin2,0.09946621892919455
1728,Eml1,-2.893716213003369
1729,Emp1,0.22587581593382872
1730,Emx2,-0.0072545694207942265
1731,En2,0.11390005870758652
1732,Enc1,-0.2104829836613586
1733,Endou,-0.024206793097776243
1734,Eng,-11.666183163299088
1735,Enkur,0.08036102805108877
1736,Enox1,0.9239923383289737
1737,Enpep,-0.3387929349012737
1738,Enpp1,0.17537356721715214
1739,Enpp2,1.486531180367677
1740,Enpp3,-0.08357396174278363
1741,Enpp6,0.08575610426519988
1742,Entpd1,0.10614066059633341
1743,Entrep2,0.25283352531161774
1744,Eomes,-0.02258938966829998
1745,Epb41l4a,-1.5392158758728556
1746,Epcam,-0.04127154625350982
1747,Epdr1,0.07054399945866283
1748,Epha10,-0.00031720390007865295
1749,Epha2,-0.1905350827002516
1750,Epha3,0.48110805754459746
1751,Epha4,-0.722200639802567
1752,Epha5,0.18804916680771572
1753,Epha6,-0.015143203814928341
1754,Ephb1,-0.1909800976431319
1755,Ephb2,0.17826458176698046
1756,Ephb3,0.0038210241524220673
1757,Ephb4,-2.185186910014938
1758,Ephx4,0.004467323453719793
1759,Epsti1,-0.0017449513449979796
1760,Epyc,0.061064272481923115
1761,Erbb2,0.0717973623045744
1762,Erbb3,0.04014708336856962
1763,Erbb4,0.11768116440657728
1764,Erc2,0.06541994846135311
1765,Erfe,0.11002115095785261
1766,Erfl,0.050028678712575214
1767,Erg,-3.4131253939559816
1768,Erich3,0.014918746437149303
1769,Erich5,0.07151615903479978
1770,Erp29,0.2716921371776474
1771,Errfi1,0.15075040982322563
1772,Esam,-2.877651680754591
1773,Esco2-ps2,0.03612707406071061
1774,Espl1,-0.0391156230365373
1775,Espn,0.11374810074994339
1776,Esr1,0.348961202800162
1777,Esyt3,0.1346096784942712
1778,Etl4,-15.591028699573442
1779,Ets1,-6.98479764225529
1780,Ets2,-1.311031069868238
1781,Etv1,0.10925032719027408
1782,Etv5,0.06233468249593229
1783,Etv6,-8.062125801948113
1784,Eva1a,-0.7603327420030754
1785,Eva1c,0.13573146684304266
1786,Evl,-1.735223716486222
1787,Exo5,0.014761282631206681
1788,Exoc3l2,0.2660427130539029
1789,Ext1,-12.422979550881035
1790,Eya2,-4.639659362582902
1791,Eya4,0.32539913206563753
1792,Ezr,0.18253793048690653
1793,F13a1,0.13250085995502828
1794,F3,0.21984442697151016
1795,F5,0.030005169153212448
1796,F9,-0.03211987153118865
1797,FAM187A,0.05354786020859946
1798,Fa2h,0.043064380573831135
1799,Faah,0.07799955115450757
1800,Fabp4,-6.359609960683381
1801,Fabp5,-0.2685225101904228
1802,Fads2b,-0.04838689997616817
1803,Fads3,-1.8124158283801077
1804,Fam107a,0.20401493412030228
1805,Fam107b,0.14787431098899867
1806,Fam110a,0.004734462891034982
1807,Fam110c,0.027994952329790365
1808,Fam110d,-0.24860311780772001
1809,Fam114a1,0.43589942851644925
1810,Fam115e,-0.02925119182940992
1811,Fam117a,0.42715271623941475
1812,Fam124a,-0.4449179700972584
1813,Fam135b,0.06467997224118203
1814,Fam13a,1.6858276325505333
1815,Fam13c,-0.8193475799099468
1816,Fam149a,0.05282614635963359
1817,Fam163a,-0.15789225306361687
1818,Fam163b,0.030837328952501696
1819,Fam167b,0.03536855353783838
1820,Fam169a,0.0651955243871053
1821,Fam169b,0.2314896178436016
1822,Fam171a1,-1.0505012396498077
1823,Fam171b,0.09202151765130709
1824,Fam174b-1,0.2441079162314587
1825,Fam180a,0.03449547160359057
1826,Fam184a,0.259176982061827
1827,Fam216b,-0.02638940767044863
1828,Fam217b,-0.08331729935855976
1829,Fam43a,-0.4013285898353802
1830,Fam78a,-0.04209505390141709
1831,Fam78b,-1.1366042241124719
1832,Fam81a,0.0030900881417076998
1833,Fam83d,0.005071584896171767
1834,Fam83f,0.012654324300405079
1835,Fam89a,-0.18824136249518744
1836,Fam9b,0.09445673283680382
1837,Fap,0.29963880321814385
1838,Farp1,-2.330206523528262
1839,Fas,-0.6381086696969479
1840,Faslg,-0.03400261544793856
1841,Fasn,0.06569524509657024
1842,Fat2,0.08029585833455882
1843,Fat3,0.06312450012752421
1844,Fat4,-1.2242225027795057
1845,Fblim1,-0.8217038892642633
1846,Fbln1,0.160858217720596
1847,Fbln2,0.046505079790962474
1848,Fbln5,0.5288165217912697
1849,Fbn1,0.6437848308094604
1850,Fbn2,0.1015058930916066
1851,Fbxl14,-0.26022067062953713
1852,Fbxl5,-0.3640723584405703
1853,Fbxl7,-9.583968444344286
1854,Fbxo16,-0.2772415206220097
1855,Fbxo2,0.019330888347120823
1856,Fbxo39,0.02133142144635863
1857,Fbxo48,0.05202322994097528
1858,Fcer1g,0.24641560871563298
1859,Fcer2,0.037390289154286105
1860,Fcgbp,-0.04401510642319083
1861,Fcgbpl1,0.08812063990831356
1862,Fcgr1a,0.1390860846073661
1863,Fcgr2a-ps1,0.15620071938841756
1864,Fcgr2b,0.10285703126647666
1865,Fcgr3a,0.027791652056154227
1866,Fcho1,0.09861123458338392
1867,Fchsd1,-0.25885242241171913
1868,Fchsd2,-1.5174387372296971
1869,Fcmr,0.02335624059043268
1870,Fcna,0.13464663490202
1871,Fcnb,0.09651746256565522
1872,Fcrl1,-0.005444881332882533
1873,Fcrl2,0.07648065986683204
1874,Fcrl5,-0.096695251801168
1875,Fcrla,0.10836990765551636
1876,Fendrr,0.07779001442192929
1877,Fer1l4,0.04444136203939833
1878,Fermt3,0.39334269567811797
1879,Fes,-0.1865337621667647
1880,Fgd2,0.2770537017586685
1881,Fgd3,0.1133152273533394
1882,Fgd4,-0.4356539294724485
1883,Fgd5,-3.6762725174763045
1884,Fgd6,-3.9304259945794118
1885,Fgf10,0.134910923341266
1886,Fgf11,0.0026501437931463435
1887,Fgf12,-3.2334983620032065
1888,Fgf13,0.2620154281505601
1889,Fgf14,0.03321920018720145
1890,Fgf2,-0.020517625555024427
1891,Fgf7,0.3123151348638192
1892,Fgf8,-0.08850549623409973
1893,Fgf9,0.10716137720255284
1894,Fgfr4,0.0732376230882039
1895,Fgg,-0.057360848820601086
1896,Fgl2,0.05639967437116529
1897,Fgr,0.22476172335661057
1898,Fhad1,0.02217208166173118
1899,Fhl2,0.11718564905659255
1900,Fhl5,0.09364560081279935
1901,Fhod1,-0.9753504042231258
1902,Fhod3,-10.048032605831292
1903,Fibin,0.07368353749039847
1904,Ficd,-0.07254530341858616
1905,Filip1,-1.7385050634569477
1906,Filip1l,-1.2910478138925972
1907,Fitm1,0.03962590962600726
1908,Fkbp5,-0.41428299444115746
1909,Fkbp6,0.11986370765791524
1910,Fli1,-9.247449903524593
1911,Flna,-1.6602536850478482
1912,Flnb,-9.511385337735462
1913,Flrt2,0.17715058138128112
1914,Flrt3,0.02857689443355359
1915,Flt1,-14.011743950562542
1916,Flt3,0.17386564461759507
1917,Flt4,-0.3896650591975825
1918,Flvcr2,-1.3054516618026812
1919,Fmn1,-0.011078893718235738
1920,Fmn2,-0.009371638227892477
1921,Fmnl1,0.39382231787589717
1922,Fmnl2,1.1385283162852935
1923,Fmnl3,-2.2889935482215757
1924,Fmo2,-0.7095865129594401
1925,Fn1,0.4309177224463361
1926,Fnbp1,0.4025510357050087
1927,Fndc1,0.23024714464770202
1928,Fndc3c1,0.029330095923212982
1929,Fndc4,0.019374543897662494
1930,Fndc8,-0.04194464011020094
1931,Folr2,0.14688640994648533
1932,Fos,0.3489886916994537
1933,Fosb,-0.07683990428098854
1934,Foxn1,0.10339165524624137
1935,Foxp2,1.553833596024274
1936,Fpgs,0.10131345168149236
1937,Fpr1,0.06593260246525848
1938,Fpr2,0.006181271700297046
1939,Fpr2l3,-0.033548521461597564
1940,Fpr3,0.06605534876906248
1941,Fras1,0.25466887739041094
1942,Frem1,0.1517975662089679
1943,Frem2,0.012822136472609881
1944,Frmd3,-0.1059130364407786
1945,Frmd4b,-0.036136268276666356
1946,Frmd5,0.030489713987594848
1947,Frmd6,0.07625262732645438
1948,Frmd7,-0.0013174101172283414
1949,Frmpd2,0.047325777378157685
1950,Frmpd4,0.48229859460123997
1951,Fryl,-10.241004154096737
1952,Fscn1,-1.0510446210712074
1953,Fsd1l,0.2364226446002029
1954,Fsd2,0.09519620412131855
1955,Fsip1,0.08683350773318499
1956,Fsip2,-0.03602997234093324
1957,Fst,0.18904353601638516
1958,Fstl1,-0.17402236241762614
1959,Fstl4,0.08998586145610973
1960,Ftcd,-0.008158527355269955
1961,Fth1,-0.0825459085119958
1962,Fuca1,-0.1303654504499011
1963,Fut4,0.02323774879788846
1964,Fut7,0.014906942122730402
1965,Fut9,-0.07007876528419045
1966,Fxyd2,0.1109764930298441
1967,Fyb1,1.0137002964338402
1968,Fyn,-3.9152362659981828
1969,Fzd6,-0.4324001978131342
1970,Gab1,0.22797847314627007
1971,Gabbr2,0.046474977806001
1972,Gabra5,-0.009683406379925333
1973,Gabrb1,-0.038183499951777736
1974,Gabrb2,-0.061561049340320584
1975,Gabrb3,0.060358095576125606
1976,Gabrg1,-0.00388353695153874
1977,Gabrg3,0.03712345960395558
1978,Gad1,-0.0021901721047165148
1979,Gad2,0.04476603575986719
1980,Gadd45a,-0.033685489057595004
1981,Gadd45g,0.407009724945822
1982,Gadl1,0.04753082180963376
1983,Gal3st2c,0.07537598598468365
1984,Galnt10,0.16668000164974894
1985,Galnt13,0.05338416813588085
1986,Galnt15,-0.18399174159393478
1987,Galnt16,0.21644160594540668
1988,Galnt17,0.3317634027000982
1989,Galnt18,-7.352397944189578
1990,Galnt3,0.05172785232209913
1991,Galnt5,-0.007037781838031205
1992,Galnt6,-0.012870846955420751
1993,Galnt9,0.01723440912944206
1994,Galntl6,0.18800071568971044
1995,Galp,0.003610572109931933
1996,Gap43,0.12047918455009117
1997,Gapdh-ps1,0.06242511337294161
1998,Garin4,0.045299387215298026
1999,Garin5b,0.11825179279800005
2000,Garnl3,0.10177329229047197
2001,Gas2l2,-0.028281137650879452
2002,Gas2l3,-0.00786054534275126
2003,Gas6,-1.1623186885056784
2004,Gas7,0.33193716385137
2005,Gask1a,0.24257160098202052
2006,Gata1,-0.015441806592383391
2007,Gata2,-1.463008176976563
2008,Gata3,-0.08948905567866572
2009,Gata5,0.11734515035747518
2010,Gata6,0.23737233839124566
2011,Gatm,-0.26619738177622154
2012,Gba3,-0.05249514238819819
2013,Gbp1,0.07302271103749244
2014,Gbp4,-0.06865176564374513
2015,Gbp5,-0.158339454106387
2016,Gbp6-1,-0.11192581214600238
2017,Gbp7,0.030543440392283905
2018,Gbx1,0.07032745239937083
2019,Gch1,-0.2494358170257569
2020,Gckr,-0.001969496362932048
2021,Gcm1,-0.054968398454821724
2022,Gcnt1,-0.5041884989164331
2023,Gcnt2,-1.0433076119844522
2024,Gcsam,0.025942460845217223
2025,Gda,-0.07004017331831022
2026,Gdap1,-0.02834175538756313
2027,Gdap1l1,0.10193716661082006
2028,Gdf10,-0.013254303168481536
2029,Gdf6,-0.08637586874004663
2030,Gem,0.06989235421177639
2031,Gfap,-0.15955803626347237
2032,Gfi1,0.029562460748900957
2033,Gfi1b,-0.0087212256949005
2034,Gfod1,-3.118696125760978
2035,Gfpt2,-0.08209234009320338
2036,Gfra1,-0.28913409878651664
2037,Gfra2,0.02960867713503188
2038,Gfra3,0.12818131167860047
2039,Gfra4,-0.018231668849029922
2040,Gga2,0.02688551973555101
2041,Ggta1,-0.7848829143253016
2042,Ghr,-2.0470033757093695
2043,Gimap1,-0.11314535001577777
2044,Gimap4,-0.5618387909685325
2045,Gimap5,-1.0214650670080925
2046,Gimap6,-0.154982410109097
2047,Gimap7,-0.18444380873278265
2048,Gimap8,-0.8513492908931335
2049,Gipr,0.0784886912981343
2050,Gja10,-0.0007995951351109534
2051,Gja3,-0.05306433261332448
2052,Gja4,-0.034478881483397
2053,Gjb2,0.049600290902816674
2054,Gjb3,-0.07077759741273812
2055,Gjc1,-0.3310133496569566
2056,Gk2,0.011041309138702665
2057,Glb1,-0.294112834745593
2058,Gldc,0.02088751323383077
2059,Gldn,-0.03258606412649239
2060,Gli1,0.012362655346272894
2061,Gli2,0.3355105662081427
2062,Gli3,0.3839804456936132
2063,Glipr1,0.17284189153342708
2064,Glipr1l2,-0.022245532991102483
2065,Glipr2,0.23128897956030503
2066,Glis1,-0.011550363151589013
2067,Glis3,0.9792802497542228
2068,Glp1r,0.046035732018912257
2069,Glra1,0.007109361130342461
2070,Glra3,0.1316319571406273
2071,Glrb,0.01360158589330222
2072,Gls,-0.7745364923021182
2073,Glt1d1,0.0330118494883696
2074,Glt6d1,-0.004302406309894797
2075,Gltp,0.02034216094673967
2076,Gltpd2,-0.1407431090813984
2077,Glyat,-0.04073957211557378
2078,Glyatl2,-0.0477966510336551
2079,Gm9195,0.15820118558378168
2080,Gmfg,0.08368700912249093
2081,Gmip,0.31467567356899134
2082,Gmpr,0.8120502095139941
2083,Gna15,0.2043025858204091
2084,Gnai2,-1.3617432236966929
2085,Gnat2,-0.1353427340275128
2086,Gng10-1,-0.024441195747150497
2087,Gng11,-1.0635924705986965
2088,Gng2,0.29374443240855613
2089,Golga7b,-0.09647143887890308
2090,Golm1,0.011579319615071783
2091,Golm2,-0.021214290171974928
2092,Got1l1,0.07597750577859244
2093,Gpa33,0.03055354848193676
2094,Gpam,0.1794704688052441
2095,Gpc3,0.14543069843917528
2096,Gpc5,0.03522954981538035
2097,Gpc6,0.9431025737849972
2098,Gpd1,0.8529813440402765
2099,Gpihbp1,-1.5878726227673527
2100,Gpm6a,0.22047382948846866
2101,Gpm6b,0.2615682579648365
2102,Gpnmb,0.05067074170957331
2103,Gpr12,0.038184521589834486
2104,Gpr132,0.02260645857864233
2105,Gpr139,0.026639191944823785
2106,Gpr141,0.017281665865167266
2107,Gpr15,-0.06856259891332683
2108,Gpr150,-0.015815926481932523
2109,Gpr153,-0.026679228755177902
2110,Gpr158,-0.1308095288773385
2111,Gpr160,-0.2940622693471565
2112,Gpr171,0.023972915105824468
2113,Gpr174,0.11160600125804339
2114,Gpr176,0.29477376608114086
2115,Gpr183,0.14002707047549545
2116,Gpr35,0.0011130377353826123
2117,Gpr37,-0.010779561956477612
2118,Gpr39,0.3256982840188122
2119,Gpr55,0.016843328002198357
2120,Gpr65,0.04153653917748999
2121,Gpr83,0.07108370846047285
2122,Gpr84,0.03846547261072811
2123,Gprasp2,0.07859515564225944
2124,Gprc6a,-0.05980811611679038
2125,Gprin3,0.23852571864635136
2126,Gpt2,0.028647029729468695
2127,Gpx3,0.22595976959048875
2128,Gpx7,-0.05330786362057817
2129,Gramd1a,-0.16778617294939696
2130,Gramd1b,0.30280134079287724
2131,Grap,0.09300810951633029
2132,Grap2,0.46492156558551556
2133,Grb10,-4.008009437224228
2134,Grem2,0.10377155409416108
2135,Grep1,-0.08851895992999469
2136,Gria1,0.08597807040379503
2137,Gria2,0.1512010958175321
2138,Gria3,0.10267791827398093
2139,Gria4,0.7027816572738743
2140,Grid1,0.10663029979467356
2141,Grid2,0.17511222963385825
2142,Grik1,-0.14065171640832863
2143,Grik2,-2.408729065117571
2144,Grik4,-0.3916745324157166
2145,Grin2a,0.024049972484187207
2146,Grin2c,-0.12504696114007563
2147,Grin3a,-0.17743836707873184
2148,Grip1,-0.05169251608374492
2149,Grip2,0.004263892257246308
2150,Grk3,0.19974188957572794
2151,Grk6,-0.4791411168908005
2152,Grm3,0.050094724603683215
2153,Grm5,0.02275427535111737
2154,Grm6,0.07689120525033284
2155,Grm7,0.005717054577566106
2156,Grm8,0.11972904382759283
2157,Gsap,-1.0688100097034332
2158,Gse1,-5.064046090917557
2159,Gsg1,0.021635232001157433
2160,Gsg1l2,0.0021818309889616704
2161,Gsn,-0.8182906719682679
2162,Gsta5,-0.08446530199597586
2163,Gsta6,0.15129615622584536
2164,Gstm5,0.0409108472674556
2165,Gstp3,-0.08245083860461384
2166,Gstz1,0.42270503066277126
2167,Gtse1,0.010723751583009075
2168,Gucy1a1,0.4750779308159169
2169,Gucy1a2,0.5570326339153727
2170,Gucy1b1,0.05026412429138547
2171,Gucy2g,0.08049542011522974
2172,Gulo,0.10411935613816056
2173,Gulp1,0.4889867786389551
2174,Gvin1,-0.520965097045345
2175,Gxylt2,0.3338406638103019
2176,Gzma,-0.005545387599513133
2177,Gzmb,0.0005447837372309205
2178,Gzmf,0.012619655305567638
2179,Gzmk,0.12186297609009672
2180,Gzmm,-0.030765865249751792
2181,H19,0.029340746726845893
2182,H1f10,0.04515230523871172
2183,H2aj,0.016175621938533054
2184,H2az1,-0.053679638840410014
2185,H3c1,0.022620276721927977
2186,H3f3a,-0.8732051319309454
2187,Habp2,-0.04920550233947166
2188,Hacd4,0.0898743211829308
2189,Hal,-0.03540228943493785
2190,Hamp,0.0998680488823481
2191,Hao2,-0.05190859200351208
2192,Has1,-0.04725121855698865
2193,Haspin,0.0641342430983429
2194,Havcr1,-0.007082639529632544
2195,Havcr2,-0.049950319182249694
2196,Hba-a1,-0.09222955728921589
2197,Hba-a3,0.07733315251146294
2198,Hbb,0.32934513648485
2199,Hbegf,0.010453435962328783
2200,Hck,0.2506459393366474
2201,Hcls1,0.1269475034824484
2202,Hcn1,0.11748380986956054
2203,Hcst,0.08026869852109056
2204,Hdac7,-3.755517730221004
2205,Hdac9,-3.6068938322257535
2206,Hdc,0.09611084264633232
2207,Hdx,-0.47277561635683985
2208,Hecw1,0.14497543838895655
2209,Hecw2,-2.6922292659493032
2210,Heg1,-7.696782486899773
2211,Hells,-0.041894716955858974
2212,Helz2,-0.896959211343856
2213,Hepacam,0.0012315282694211303
2214,Hepacam2,-0.03450023337204986
2215,Heph,-1.3108991393782214
2216,Herc6,-3.5723862396785306
2217,Heyl,0.05480758203195923
2218,Hgf,0.23993607430449893
2219,Hhex,-0.0006036399025432827
2220,Hhip,0.10960195281244779
2221,Hip1,-3.7079760719199437
2222,Hist1h4m,0.07005256083898226
2223,Hist1h4m-1,-0.06729340571669505
2224,Hist2h3c2,0.06935743530419605
2225,Hivep1,-0.17077939366510841
2226,Hk2,0.183901583028814
2227,Hltf,-0.16107872426003006
2228,Hmcn1,0.22212116277820096
2229,Hmcn2,0.14510978123408863
2230,Hmga2,0.051014549127712125
2231,Hmgcll1,-0.07607430239502624
2232,Hmgcs2,0.09316098373772355
2233,Hmgn3,0.2047543048174278
2234,Hmmr,-0.10585869382006177
2235,Hmox1,0.0731455337869597
2236,Hnf1a,0.06313659829103836
2237,Hnf4g,-0.03697016225642883
2238,Hopx,0.0852848199921431
2239,Hormad1,0.053776681913474705
2240,Hoxb2,0.11893185387138855
2241,Hoxb8,0.01478595740302717
2242,Hpcal1,-3.379404842401012
2243,Hpcal4,-8.484675779860812e-05
2244,Hpd,-0.02912863592609451
2245,Hpgd,-0.03978032843895085
2246,Hpgds,-0.07835001725829918
2247,Hps3,0.12527624614850508
2248,Hps6,0.04664654682397028
2249,Hpse,0.16878241972543256
2250,Hpse2,0.03856336780840304
2251,Hrh4,0.05160151554528578
2252,Hs3st1,-0.019283204276212596
2253,Hs3st2,0.07778498219557249
2254,Hs3st3b1,0.059585424007406886
2255,Hs3st4,0.007404330450798278
2256,Hs3st5,0.10064841015986976
2257,Hs6st1,0.17673957625372133
2258,Hs6st2,-0.0005176102018920221
2259,Hs6st3,0.09498321202618193
2260,Hsd11b1,-0.03015221821213084
2261,Hsd17b13,0.0347977586993373
2262,Hsd17b14,-0.012925521825222955
2263,Hsd17b2,-0.01057301269791085
2264,Hsd17b3,-0.1593999458209353
2265,Hsh2d,-0.10186402516450482
2266,Hsp90aa1-ps16,-0.02628496716724551
2267,Hsp90ab1-ps13,0.028181738084790457
2268,Hsp90b1,0.17829313488459772
2269,Hspa12a,0.5540816997177591
2270,Hspa12b,-4.287174991547739
2271,Hspa1b,0.09570143521449362
2272,Hspb1,-0.29615290914425063
2273,Hspb8,0.023656781506403272
2274,Hspg2,-9.247772097634996
2275,Htr1b,0.03462938212677101
2276,Htr2a,0.07813221052080113
2277,Htr2c,0.0013514641866070477
2278,Htr3a,0.055594353823250404
2279,Htr4,0.09941755296088943
2280,Htr5b,0.03462685066676732
2281,Htr7,0.08567188632938544
2282,Htra2,-0.22041396598864002
2283,Htra3,0.23153010663286053
2284,Hunk,-0.03611921982442697
2285,Hvcn1,0.19788772037283126
2286,Hycc1,-0.5262181573951656
2287,Hyls1,-0.05014232887845274
2288,Icam1,-0.05431418916449107
2289,Icam2,-0.35281039997332525
2290,Icos,0.06571354874978227
2291,Icoslg,-0.06910486162715067
2292,Id1,-3.3346429485748894
2293,Id2,-0.15957535625431526
2294,Id3,-0.4732084068829532
2295,Ido2,-0.020167270666200766
2296,Ier2,-0.5154987233777295
2297,Ier3,-0.02993504342036459
2298,Ier5,-0.06426820063569386
2299,Ier5l,0.05229572929757987
2300,Ifi27l2b,-0.0011995411879797482
2301,Ifi30,0.06946228393773801
2302,Ifi44,-0.7721733005506537
2303,Ifi44l,-0.533230821677136
2304,Ifit1,0.14678864180233386
2305,Ifit1bl,-1.0453235867609276
2306,Ifit2,-0.6466157513749242
2307,Ifit3,-0.10802952191620213
2308,Igdcc3,0.14067774137127634
2309,Igdcc4,0.21075053307569414
2310,Igf1,1.5680434132079633
2311,Igf1r,-2.4358733492915876
2312,Igf2bp2,0.09908284020849012
2313,Igf2bp3,-0.020036774880827737
2314,Igfbp3,0.10197514987885042
2315,Igfbp5,0.33396165670444183
2316,Igfbp6,0.0899964929914445
2317,Igfbp7,-6.570904908026905
2318,Ighm,0.13440499563341984
2319,Iglc1,0.05780300402456072
2320,Iglon5,-0.030392054960890105
2321,Igsf11,0.09585334528270176
2322,Igsf3,0.12800349643612535
2323,Igsf5,0.01682161493778577
2324,Igsf6,0.07572516346776409
2325,Igsf8,-0.12858157211380955
2326,Ikbke,0.6094234241612662
2327,Ikzf1,0.5514678552003588
2328,Ikzf3,0.22130547616747903
2329,Il10,0.08168848301331641
2330,Il10ra,0.11790138810503258
2331,Il11ra1,0.14137554261303342
2332,Il12a,0.0006640744721574448
2333,Il12b,-0.0030610927760297167
2334,Il12rb1,-0.028792247094148037
2335,Il13ra1,0.09274411725265225
2336,Il16,-0.058231874082549866
2337,Il17ra,0.6899989615230921
2338,Il18,0.18273056630485884
2339,Il18r1,-0.0006508105881795345
2340,Il18rap,-0.1364216670985645
2341,Il19,0.0420374223474995
2342,Il1b,0.14669271417825033
2343,Il1r1,-0.5647778867697584
2344,Il1r2,0.09835208288338745
2345,Il1rap,-0.3158636148765314
2346,Il1rapl1,0.06152986270507485
2347,Il1rapl2,0.06398783958095475
2348,Il1rl1,0.0004455954377022009
2349,Il1rl2,-0.05644835855317804
2350,Il1rn,0.10579319925122685
2351,Il20rb,0.1138662157961611
2352,Il21r,-0.030955563655279475
2353,Il22ra2,-0.20824572520977222
2354,Il23r,-0.041363288373580234
2355,Il27,0.08454604162158133
2356,Il27ra,0.055755950940940865
2357,Il2ra,-0.02568093620606427
2358,Il2rb,-0.05101318091446168
2359,Il33,0.08279230968579844
2360,Il34,0.3959765531187744
2361,Il36b,0.06955705213807806
2362,Il36rn,0.006330218024369843
2363,Il4i1,0.055648587841844926
2364,Il4r,-0.15565159493043
2365,Il5,-0.0019456201994771712
2366,Il5ra,-0.009348071534060289
2367,Il6,0.08603943452046488
2368,Il7r,0.15137050459568127
2369,Ildr2,0.06841124749938968
2370,Ilk,-1.403162783809894
2371,Immp2l,-1.338556672275657
2372,Impg1,0.07994254747493042
2373,Inhba,0.159192367241761
2374,Inhbb,-0.016556950614463974
2375,Inhbc,0.006708112952886703
2376,Inka2,-2.5132943647147994
2377,Inmt,0.04068828473119088
2378,Inpp4b,0.41500148390062275
2379,Inpp5d,0.23464331422603782
2380,Inpp5f,0.18151886338051354
2381,Insc,-0.01010323073261406
2382,Insyn2b,0.0012921062025687798
2383,Ints6l,-1.4783082668337502
2384,Ipcef1,0.086753900885245
2385,Iqch,-0.04364109055604288
2386,Iqsec3,0.10318648952188313
2387,Irag1,0.46495846476609337
2388,Irag2,-1.1898701407038264
2389,Irf1,-0.28361121274530643
2390,Irf5,0.10884108322412936
2391,Irf8,0.024873668026258067
2392,Irgc,-0.022669059921232235
2393,Irx2,-0.03266873551999931
2394,Isca2-ps1,0.031239144769531123
2395,Islr,0.01573608577574809
2396,Ism1,0.19240690000724342
2397,Isyna1,-0.37907168524146245
2398,Itga11,0.044190530990657055
2399,Itga2,0.04411636832952748
2400,Itga2b,0.03731052481907603
2401,Itga4,0.87185816487213
2402,Itga5,-0.46266089002311916
2403,Itga6,-5.736583335189053
2404,Itga8,0.09302608250801056
2405,Itga9,0.6530504981766015
2406,Itgad,0.022664321697587538
2407,Itgal,0.2236627768189038
2408,Itgam,0.2404475483441027
2409,Itgax,0.002785399633218026
2410,Itgb2,0.02414716952878962
2411,Itgb3,-0.0320340729188356
2412,Itgb4,0.44773737925442497
2413,Itgb6,-0.009353650038388592
2414,Itgb7,0.113375026767121
2415,Itgbl1,0.5388635010562726
2416,Itih1,0.010947475719551621
2417,Itih3,0.056494953761385816
2418,Itk,0.2644860346848522
2419,Itm2a,0.08005474618997832
2420,Itpkb,-11.625248670481884
2421,Itpr3,0.016014426570833837
2422,Itprid1,0.007701010510366689
2423,Jag1,0.5130702121535612
2424,Jag2,-1.3342873841797727
2425,Jak2,-0.3447803648548535
2426,Jakmip1,-0.06580693065002798
2427,Jakmip2,-0.05745439460707104
2428,Jam2,-4.4274236549020145
2429,Jam3,-2.6487002462989424
2430,Jaml,0.014341808573577735
2431,Jcad,-1.9939599307082894
2432,Jhy,-0.03636693041280663
2433,Jph2,-0.06740790140080916
2434,Jsrp1,0.03339203981610971
2435,Jun,-0.24948849740750983
2436,Jup,-2.582034193303634
2437,Kalrn,-6.5622185052363635
2438,Kank3,-3.2673699562743
2439,Kazald1,-0.019984988561158643
2440,Kazn,-0.5231393771155254
2441,Kcna2,0.08260070197521834
2442,Kcna3,0.11374529674748439
2443,Kcna5,-0.16909387034628354
2444,Kcna7,-0.006598896946656073
2445,Kcnab1,0.03293218700830432
2446,Kcnab2,0.08110419815313254
2447,Kcnc2,0.4279173101260946
2448,Kcnd2,0.05069637241594955
2449,Kcnf1,0.04497181561251074
2450,Kcnh5,-0.0734635428141514
2451,Kcnh7,0.029498691000646258
2452,Kcnh8,0.055387921168277864
2453,Kcnip1,0.26991002952957444
2454,Kcnip3,-0.039086950223481576
2455,Kcnip4,0.6567901726515841
2456,Kcnj1,-0.013287028094554197
2457,Kcnj12,-0.03807998349363131
2458,Kcnj15,0.0449624936245441
2459,Kcnj16,-0.017957801047494656
2460,Kcnj2,0.08757638189860735
2461,Kcnj3,0.06156003018829025
2462,Kcnj4,0.05229137858162006
2463,Kcnj8,0.3584244478787228
2464,Kcnk1,-0.08980295770673516
2465,Kcnk10,0.07086903382614038
2466,Kcnk12,-0.06662454359595632
2467,Kcnk13,0.19049919302285867
2468,Kcnk18,-0.046677181553729366
2469,Kcnk5,-0.05464336294681512
2470,Kcnk9,0.035758401853727834
2471,Kcnma1,-0.07936585092065492
2472,Kcnmb4,-0.1260068839424666
2473,Kcnn2,0.09405257717175185
2474,Kcnn3,0.22263674728170701
2475,Kcnn4,0.09606812670667272
2476,Kcnq1,-0.5686118526188284
2477,Kcnq3,0.06273833987895441
2478,Kcnq5,0.8017452917865153
2479,Kcnt1,0.08863707654483186
2480,Kcnt2,0.6088157474911102
2481,Kcnu1,-0.07087338749061946
2482,Kcp,-0.038478429804493564
2483,Kctd12,-0.3059246145208334
2484,Kctd16,0.32541082596550686
2485,Kctd17,0.08622033527201847
2486,Kdr,-8.310768926687349
2487,Khdc3,-0.05162586836411597
2488,Khdrbs2,-0.0641038030680488
2489,Kiaa0040,-1.368852030392135
2490,Kiaa1755,0.05652006372189582
2491,Kif15,-0.17466864667783194
2492,Kif17,0.01446740444902312
2493,Kif18a,-0.1247367995981321
2494,Kif19,-0.021475483518639017
2495,Kif21b,0.13336362620445907
2496,Kif22,0.010046098923320208
2497,Kif24,0.08454840314176702
2498,Kif26b,0.10035670167997797
2499,Kif4a,0.039793210775393544
2500,Kif5c,0.10768386899253789
2501,Kif6,0.007183122754498124
2502,Kifc1,0.037082590906720045
2503,Kir3dl1,-0.014733187337475011
2504,Kirrel1,0.11929804688917336
2505,Kirrel3,-0.20283598751787663
2506,Kitlg,-8.833850132966434
2507,Klf12,-3.1388285852522873
2508,Klf2,-1.4672129787952426
2509,Klf3,-2.3106185766223653
2510,Klf4,-1.911534961014579
2511,Klf5,0.06167532389840637
2512,Klf6,-1.0388856056140483
2513,Klf7,-2.8524560346613845
2514,Klhdc8b,0.17978996797868652
2515,Klhl1,0.1042742605617897
2516,Klhl13,-0.023244741695738647
2517,Klhl14,-0.049918662612331244
2518,Klhl23,0.013999675316581355
2519,Klhl29,0.38719269789838623
2520,Klhl3,-0.22281517414010493
2521,Klhl30,-0.02414107459915442
2522,Klhl32,0.18920242459174766
2523,Klhl33,-0.05854726138770421
2524,Klhl4,-0.6479447599392116
2525,Klhl40,-0.04345762654822556
2526,Klhl5,0.008436818173468901
2527,Klhl6,0.15107541126458413
2528,Klra2,0.33150027693513395
2529,Klra22,0.06087732161707107
2530,Klra4,0.005323885244736651
2531,Klra5,0.0002764968166257403
2532,Klrb1c,0.05951350610900342
2533,Klrc1,-0.07357182259922113
2534,Klrc2,0.04429954310956449
2535,Klrc3,0.034557432678227244
2536,Klrd1,0.11969680386569706
2537,Klre1,0.06834269580132303
2538,Klrg1,-0.11873679976031658
2539,Klri1,0.09409426904277912
2540,Klri2,0.05183886914106872
2541,Klrk1,0.19295026228650747
2542,Kmo,-0.04082469182693116
2543,Kndc1,0.013148716568792658
2544,Knl1,0.02992160368308487
2545,Kntc1,-0.023500840298914825
2546,Krbox1,0.050058811101613254
2547,Krt16,0.07759829451461944
2548,Krt17,0.03995078345881099
2549,Krt18,-0.04056480884632143
2550,Krt20,-0.034940058698708185
2551,Krt25,0.03561963341269929
2552,Krt7,-0.09207293190529595
2553,Krt71,-0.11356317898574048
2554,Krt75,-0.02559688757745779
2555,Krt77,0.08266744477692914
2556,Krt78,0.03422094525238839
2557,Krt86,-0.07431235042545231
2558,Krt88,0.05035527607668315
2559,Ksr2,-0.07072367630384134
2560,Kynu,0.01439882620500459
2561,L1cam,-0.07196230232611961
2562,L3mbtl3,-0.299763550962717
2563,LOC100359972,0.04797820135418395
2564,LOC100360087,-0.09208022200843502
2565,LOC100360522,-0.09038333363894865
2566,LOC100360761,-0.008447359346555768
2567,LOC100360790,0.07070906201176583
2568,LOC100360843,0.16578473641616157
2569,LOC100360856,0.20928579028417937
2570,LOC100361008,-0.02333404249318979
2571,LOC100361226,0.07297420868304444
2572,LOC100361261,-0.008748172735377731
2573,LOC100361492,0.07268231034463765
2574,LOC100361756,-0.08135902305800279
2575,LOC100361913,-0.26053913900867975
2576,LOC100362110,0.01972412771248767
2577,LOC100362418,0.11838030202814209
2578,LOC100362814,-3.177449357969683
2579,LOC100362981,0.026744449976143572
2580,LOC100363225,-0.0019331438296084193
2581,LOC100363294,0.04776531140205956
2582,LOC100363914,0.04973153252577554
2583,LOC100363993,0.005773557431638876
2584,LOC100365525,-0.06297746111701673
2585,LOC100909434,0.13224485194454355
2586,LOC100909859,-0.051956683079154145
2587,LOC100909964,0.035602985396594095
2588,LOC100909977,-0.04906611737369893
2589,LOC100910017,0.045458586910583985
2590,LOC100910026,-0.015009437061235512
2591,LOC100910078,0.0025357845598520876
2592,LOC100910497,-0.08844596621942992
2593,LOC100910792,0.1607446905564051
2594,LOC100910979,0.06639803570826805
2595,LOC100910996,0.06977769747211172
2596,LOC100911093,-0.01898525716055991
2597,LOC100911253,0.33783412961906517
2598,LOC100911413,-0.18998129574122974
2599,LOC100911984,-0.05723783568614577
2600,LOC100912028,-0.12093026676637895
2601,LOC100912265,-0.04512714842697555
2602,LOC100912291,0.026777578256907273
2603,LOC100912306,0.11357651236786541
2604,LOC100912336,0.08536752971937447
2605,LOC100912568,-0.02416789635342187
2606,LOC100912617,0.10407405677074619
2607,LOC100912683,-0.05335580439130818
2608,LOC100912787,-0.02968914557304018
2609,LOC102546375,-0.06330695765937253
2610,LOC102546594,0.025552734980699703
2611,LOC102546596,-0.20277284733022571
2612,LOC102546903,0.028490440268455673
2613,LOC102547035,0.020489680929685096
2614,LOC102547042,0.00899290808258808
2615,LOC102547212,0.023426851570861818
2616,LOC102547360,-0.08091180920624443
2617,LOC102548045,0.0792129773293154
2618,LOC102548067,0.05510782870562111
2619,LOC102548095,0.01913972954479729
2620,LOC102548186,-0.05562261669962221
2621,LOC102548621,0.06646629244546368
2622,LOC102548633,0.020498394812821046
2623,LOC102548728,0.013709542281557584
2624,LOC102549174,0.04268810748349403
2625,LOC102549291,0.10192038943874127
2626,LOC102549780,-0.03394196869834616
2627,LOC102549789,0.245814020923191
2628,LOC102549926,-0.009718171551413541
2629,LOC102550081,-0.013270595139292806
2630,LOC102550466,-0.009360234676397978
2631,LOC102550644,-6.190069947834999
2632,LOC102550841,0.05948070197309464
2633,LOC102550944,0.0358337054099057
2634,LOC102550999,-3.112200923639695
2635,LOC102551166,0.018724657027253323
2636,LOC102551724,-0.0419851333634359
2637,LOC102552318,-0.0010352139081924354
2638,LOC102552779,0.05724699113019157
2639,LOC102552925,0.002213597284003067
2640,LOC102553338,-0.017468250253857297
2641,LOC102553576,0.0677588597975063
2642,LOC102553625,0.0973088714254404
2643,LOC102553736,-0.009697984859980562
2644,LOC102554222,-0.14706260334428345
2645,LOC102554231,0.0054393987141495865
2646,LOC102554315-1,0.16113113228891174
2647,LOC102554746,-0.0033351278646272277
2648,LOC102554774,0.028384395896975383
2649,LOC102554842,-0.03262977709181979
2650,LOC102555040,-0.03737385980394456
2651,LOC102555852,0.13317803625367358
2652,LOC102556096,0.1612851098201104
2653,LOC102556715,0.006709377572156927
2654,LOC102556805,-0.031149151304447308
2655,LOC102557419,-0.044529778548616394
2656,LOC103690166,0.0328047152765467
2657,LOC103690174,-0.0067451549642125515
2658,LOC103690742,0.3187214624273137
2659,LOC103690870,0.08536394996508417
2660,LOC103690914,0.03628191365336594
2661,LOC103691054,0.02525419491297408
2662,LOC103691061,-0.07351065849910586
2663,LOC103691072,0.019116313437386817
2664,LOC103691092,-0.07001641388793509
2665,LOC103691165,0.41982157263561226
2666,LOC103691423,0.05307746066576751
2667,LOC103691527,-0.0115324241951261
2668,LOC103691539,-0.023134272742130892
2669,LOC103691720,-0.07683421307772188
2670,LOC103691935,-0.13123078238315933
2671,LOC103692025,0.03418056300613718
2672,LOC103692301,-0.09050264223612098
2673,LOC103692795,0.1162074533226097
2674,LOC103693547,-0.07172666257071983
2675,LOC103694398,0.10241734879973421
2676,LOC103694730,0.08796630046927995
2677,LOC108348047,-0.01430039186661904
2678,LOC108348053,-0.18563455746654367
2679,LOC108348067,0.04412421355977965
2680,LOC108348146,-0.05245998275795409
2681,LOC108348241,0.06492846572965646
2682,LOC108348366,0.006079776955695274
2683,LOC108348453,0.011857224893021824
2684,LOC108348870,0.06113419930353355
2685,LOC108349057,-0.07857575467865192
2686,LOC108349187,0.0461571060175638
2687,LOC108350369,-0.01531838307246157
2688,LOC108350387,0.06608870644820172
2689,LOC108350669,0.01453559850716524
2690,LOC108351004,-0.011661079516606065
2691,LOC108351161,-0.001971498298304852
2692,LOC108351242,0.055608025249952
2693,LOC108351243,-0.09870282031599822
2694,LOC108351878,-0.03809936788001323
2695,LOC108351885,-0.05916834024368765
2696,LOC108351994,-0.014492687959909632
2697,LOC108352070,-11.362934983798088
2698,LOC108352071,-0.018620724341168543
2699,LOC108352225,0.0568796434664892
2700,LOC108352885,-0.4724755198627621
2701,LOC108353015,0.04240364406752133
2702,LOC108353098,-0.0006975792586464136
2703,LOC108353138,0.032789071348698434
2704,LOC108353456,0.1560155505976008
2705,LOC120093064,-0.009945448747867779
2706,LOC120093077,-0.044230383952079746
2707,LOC120093086,0.034904485898738444
2708,LOC120093103,-0.004240690371155889
2709,LOC120093104,-0.008360263042741473
2710,LOC120093129,0.015413401310188478
2711,LOC120093152,-0.002831704996909996
2712,LOC120093588,0.005731496019595619
2713,LOC120094258,0.057590499617085275
2714,LOC120094605,0.012006738187971317
2715,LOC120094606,0.04319426029872587
2716,LOC120094650,0.025514777728846222
2717,LOC120095067,-2.5492680291973624
2718,LOC120095183,-0.053733115610784664
2719,LOC120095254,-0.09837853872357671
2720,LOC120095597,0.0643122415221821
2721,LOC120095659,-0.009936285589487072
2722,LOC120096262,-0.013966100378553113
2723,LOC120096581,0.06175030132461338
2724,LOC120096691,0.12245576053908395
2725,LOC120096906,-0.04590509886106518
2726,LOC120097031,0.017488913565269888
2727,LOC120097529,0.009355331592907842
2728,LOC120097562,-1.2158309518293156
2729,LOC120097742,0.049724345983825566
2730,LOC120098113,0.28131652154302206
2731,LOC120098229,-0.057600561180037146
2732,LOC120098890,-0.06809151156960191
2733,LOC120098901,0.3394156738183279
2734,LOC120099033,0.048548758992631544
2735,LOC120099287,0.0918109436379338
2736,LOC120099372,0.16288445319590705
2737,LOC120099628,-0.09062108839309052
2738,LOC120099726,0.054007950714783565
2739,LOC120099997,0.014779631925156746
2740,LOC120100003,-0.023721600265040766
2741,LOC120100623,0.04505579776032574
2742,LOC120100725,0.019071912259093535
2743,LOC120100749,0.05210200821375723
2744,LOC120100890,0.025744842974330752
2745,LOC120101643,0.05224332213247338
2746,LOC120101644,0.06752958047186858
2747,LOC120101775,-0.3562058335122619
2748,LOC120102230,-0.46004319973453794
2749,LOC120102367,-0.037939130720985856
2750,LOC120102456,-0.05753353020145804
2751,LOC120102913,0.017770260847848298
2752,LOC120103584,-0.027957913652813603
2753,LOC24906,0.008017137765741509
2754,LOC287992,-0.06196123496229334
2755,LOC298116,0.10525226055790926
2756,LOC301165,0.03346015409685186
2757,LOC302022,-1.3497057820415284
2758,LOC304725,0.10617567883314356
2759,LOC304725-1,0.034448621139847715
2760,LOC306079,-0.05112079531245644
2761,LOC317165,-0.019780054606753805
2762,LOC362795,-0.04345915706391074
2763,LOC497796,0.04695837669309832
2764,LOC498152,0.04794985055947723
2765,LOC498308,-0.07569550311969389
2766,LOC498759,0.027843388280100207
2767,LOC499607,0.01847501882954257
2768,LOC500475,0.04285168652055059
2769,LOC500959,-0.042299308152076436
2770,LOC500990,0.011756802409567332
2771,LOC501297,0.009850842421444201
2772,LOC501467,0.13936623337765996
2773,LOC502176,-0.06973617046609482
2774,LOC502618,-0.14332377170315475
2775,LOC679149,-0.11481927520508217
2776,LOC679924,0.36083063087426404
2777,LOC680045,0.07481278658458201
2778,LOC681182,0.03879076152043698
2779,LOC681303,-0.016643425612360534
2780,LOC681325,0.018377902727172296
2781,LOC681385,-0.03051825650468125
2782,LOC681458,0.16158783011084715
2783,LOC681990,-0.01374413012688623
2784,LOC682102,-0.06474028964761902
2785,LOC683573,0.0898905902888634
2786,LOC684471,0.03649415103238417
2787,LOC685157,-0.05148127328471462
2788,LOC685184,-0.017875741139903402
2789,LOC685351,0.039625979991427765
2790,LOC685789,0.06942968403687554
2791,LOC685793,-0.02048332708216004
2792,LOC686288,0.006520004243956602
2793,LOC687881,0.0377502960405353
2794,LOC688321,-0.05333365567825395
2795,LOC688335,-0.032625354679892034
2796,LOC688553,0.031165454080417467
2797,LOC688858,-0.051071862181182655
2798,LOC689437,-0.1152776480768154
2799,LOC689589,0.039977441442169706
2800,LOC689713,-0.00827103225556832
2801,LOC689800,0.4373663971390598
2802,LOC689968,0.034584064815595984
2803,LOC690319,0.03736284440396029
2804,LOC690862,0.03847765208474904
2805,LOC691033,-0.0069036263849686485
2806,LOC691141,0.17350563829638438
2807,LOC691196,-0.0787119033780427
2808,LOC691354,0.02214717437054659
2809,LOC691658,0.06852862226222814
2810,Lama2,1.1235480249238516
2811,Lama5,-1.1534012146719816
2812,Lamc1,-3.666186930539177
2813,Lamc2,-0.09327644780001494
2814,Lamc3,0.21905331727968397
2815,Lamp3,0.055571665798306684
2816,Laptm5,0.05930906813664287
2817,Large2,0.038437193771150624
2818,Lat,-0.034559054884442615
2819,Lat2,0.22656715334030045
2820,Lax1,0.08434517741141874
2821,Layn,0.047377781559065024
2822,Lbh,0.1825607562379008
2823,Lbp,0.13128603531451305
2824,Lbr,-0.9075983556203838
2825,Lcat,-0.16200002352660703
2826,Lck,0.045018193890335886
2827,Lcn2,-0.3020461954240321
2828,Lcp1,-0.21146753711640487
2829,Lcp2,-0.11642851604501762
2830,Lct,0.039769609915816184
2831,Ldb2,0.44678894531867447
2832,Ldc1,0.010880254910650995
2833,Lef1,0.4951850602188291
2834,Lefty2,0.05445956336143764
2835,Lepr,0.11728570592090459
2836,Lgals3,0.1809812319975517
2837,Lgals3bp,-0.131410690855059
2838,Lgals9,-1.1735942141416502
2839,Lgalsl,-0.06825672898364044
2840,Lgi1,0.02832383403292911
2841,Lgi2,0.07881163109687461
2842,Lgi4,0.07293878038091749
2843,Lgmn,0.10703069695090972
2844,Lgr5,0.03280213433993027
2845,Lhfpl2,-0.09783809251617456
2846,Lhfpl4,-0.0432103078845012
2847,Lhfpl6,0.04572551002707427
2848,Lhfpl7,0.07419062421832821
2849,Lif,-0.025831481229236786
2850,Lilra5,-0.06489236779104798
2851,Lilrb1,0.1368631700070882
2852,Lilrb2,0.10004013706152295
2853,Lilrb3,-0.0035987213732825234
2854,Lilrb3l,0.048396883832836454
2855,Lilrb4,0.22888323945613442
2856,Lilrc2,-0.018840209828676936
2857,Lima1,0.2935675336660438
2858,Limch1,0.3653657597653518
2859,Limd2,-0.020139558599289155
2860,Limk1,-0.07105159314956402
2861,Lin28b,-0.02954860018458163
2862,Lin7a,0.06524401253027043
2863,Lingo2,-0.12040730841579789
2864,Lipc,0.03734083505169861
2865,Lipg,0.11322071844570734
2866,Liph,0.0246225603508767
2867,Lipi,0.021162115319628052
2868,Lipk,0.019017969158223257
2869,Lipm,0.06604809761455559
2870,Lmcd1,-1.763875020712983
2871,Lmln,0.06204601324026113
2872,Lmntd2,0.023849045126278858
2873,Lmo3,0.019095189845354694
2874,Lmo7,-8.014044230955433
2875,Lmod1,0.43954681290286585
2876,Lmod2,0.012215708410167501
2877,Lmod3,-0.07090576954250212
2878,Lmx1a,0.2392447916523298
2879,Lnx1,-3.95716184314119
2880,Loxhd1,0.04483792831721628
2881,Loxl1,0.1783941645747677
2882,Loxl3,0.14355023575168033
2883,Lpar1,0.015916640091473887
2884,Lpcat1,-0.5788798836846536
2885,Lpcat2,0.2758358024809213
2886,Lpcat4,0.057022528261230054
2887,Lpin3,-0.5211555870905926
2888,Lrch1,-2.3039163223221584
2889,Lrfn2,-0.03409564841358659
2890,Lrfn5,-0.03963936941565485
2891,Lrg1,-0.37246048626336814
2892,Lrguk,-0.036892966737110115
2893,Lrit3,-0.07424692123161825
2894,Lrp1b,0.260732999410622
2895,Lrp2,0.009703994666626524
2896,Lrp4,-0.21476557588397147
2897,Lrp8,0.016509042503225782
2898,Lrpap1,-0.1246372921336077
2899,Lrrc1,0.27866766672048426
2900,Lrrc18,-0.08792602523617433
2901,Lrrc2,-0.029238816494265026
2902,Lrrc23,0.22243027749976926
2903,Lrrc25,0.017906780038986655
2904,Lrrc32,-0.35680887081063783
2905,Lrrc34,0.014141343954173796
2906,Lrrc36,-0.8841021968888546
2907,Lrrc3b,-2.253737924756617
2908,Lrrc49,-0.07636534186777975
2909,Lrrc4b,0.07153680802092806
2910,Lrrc4c,0.2937865034249136
2911,Lrrc63,0.05669898077306402
2912,Lrrc7,-0.06052650842649682
2913,Lrrc72,-0.06800938366778045
2914,Lrrc74a,0.06298444363156196
2915,Lrrc75b,0.040278889794392925
2916,Lrrc8c,-5.955070331299458
2917,Lrrc8e,0.0573023115699537
2918,Lrrc9,0.018048047163070496
2919,Lrrfip1,-0.20737128530433127
2920,Lrriq1,0.03098930182964714
2921,Lrrk1,-1.0119371385054623
2922,Lrrk2,-0.6763807851028996
2923,Lrrn1,-0.0383176616687178
2924,Lrrn4,-0.06523836985145927
2925,Lrrtm4,-0.038970346167111605
2926,Lsamp,1.0420087052490672
2927,Lsm6,0.06958949954771354
2928,Lsmem1,0.005143295170636631
2929,Lsp1,0.5120540375494471
2930,Lst1,-0.045934164692259624
2931,Ltb,0.05331742875747608
2932,Ltbp1,-0.6503722324239658
2933,Ltbp4,-1.1921962270920892
2934,Ltc4s,-0.08788409010336011
2935,Ltk,0.09216596889422327
2936,Lurap1l,-0.8395932016103609
2937,Luzp2,0.053970195849075836
2938,Luzp4,0.04249218013937631
2939,Lvrn,0.07473197618359266
2940,Lxn,-0.11745766679706265
2941,Ly49i2,-0.06181360292207922
2942,Ly49i3,0.04568020883227954
2943,Ly49i4,-0.021807418896792965
2944,Ly49i5,-0.002762621961411151
2945,Ly49i7,-0.11639268323129211
2946,Ly49s4,0.002931284172980892
2947,Ly49s5,0.05629453565347174
2948,Ly49s7,0.028605666834268975
2949,Ly49si2,0.1467095117983226
2950,Ly49si3,-0.14392940041761082
2951,Ly49si4,-0.022189988612833986
2952,Ly6c,-0.1457958685579469
2953,Ly6e,-0.47666902554699514
2954,Ly6g6d,0.016467709890982948
2955,Ly75,0.08734911164538092
2956,Ly86,0.28375192558798656
2957,Ly9,0.18636581741815045
2958,Lyn,-4.251372291735299
2959,Lypd6,0.13687200592606494
2960,Lyz2,0.0446380590794479
2961,Lyzl6,-0.029551817766238164
2962,Lzts1,-1.6427609922891526
2963,M1ap,-0.09694887005854241
2964,MGC105567,0.16133260279767053
2965,MGC105649-1,0.015294959798963906
2966,MGC94891,0.047716014602302216
2967,Mab21l1,0.04624750770260812
2968,Mab21l3,0.024529340261698923
2969,Macir,-0.3415637182217598
2970,Macrod2,0.2562884171490484
2971,Mael,0.01191828122999826
2972,Maf,0.7338098547921743
2973,Mag,-0.016982465871026805
2974,Magea13,-0.018879803330563317
2975,Mageb4,0.03861958902293072
2976,Magi1,-15.206701602435349
2977,Magi2,0.6237956107994913
2978,Magi3,-6.419760875955936
2979,Mal,0.11011742686129362
2980,Malrd1,0.10854622522577201
2981,Malt1,0.034212353910558366
2982,Mamdc2,-0.06960223699178611
2983,Maml2,-9.30420285600792
2984,Man1a1,0.11316963959442805
2985,Man1c1,-0.9730657624338326
2986,Man2b2,0.32685021721852975
2987,Mansc4,0.031055729828381253
2988,Map1a,0.04818823741063921
2989,Map1b,-1.664002339480627
2990,Map3k8,-0.6703870407877205
2991,Map4,-5.784419513544705
2992,Map4k1,0.21807236814956338
2993,Map4k3,-5.698896853220145
2994,Map7d3,0.3623664494888973
2995,Mapk10,0.13635465927814533
2996,Mapk11,0.13277274510975415
2997,Mapk12,-0.6166656237587462
2998,Mapk13,-0.016657954597016182
2999,Mapk4,0.19163691355268817
3000,Marchf1,0.18153315872784945
3001,Marchf11,-0.04555734913055694
3002,Marcks,-0.21865351503265457
3003,Marco,-0.023266000969588876
3004,Masp1,0.008425667633264973
3005,Mast3,0.02740192845059243
3006,Mast4,-3.991371848726148
3007,Mat1a,-0.045935937613239004
3008,Matk,-0.04270873108400608
3009,Matn2,0.048401132215552214
3010,Matn3,0.00793132566607295
3011,Mboat1,0.45385111284033947
3012,Mboat2,0.14063654498331907
3013,Mc5r,0.005884075175840135
3014,Mcam,-0.24444877791119674
3015,Mcc,-12.62592870123338
3016,Mcemp1,-0.0035284788444365604
3017,Mcf2,-0.034013341312724786
3018,Mcf2l,-5.30647159755577
3019,Mcm3,0.12055117821227809
3020,Mcoln2,0.020772222229228466
3021,Mcph1,-0.34357139203952536
3022,Mctp1,0.5826834695646761
3023,Mctp2,0.18786255613714975
3024,Mcub,0.038523859319469216
3025,Mdfic2,-0.03736332762840934
3026,Mdga2,0.27434487600958435
3027,Me1,0.40325153091572147
3028,Me2,-0.022012427644020224
3029,Mecom,-9.304663797816932
3030,Med10,0.05756198989694883
3031,Medag,0.41416560985800666
3032,Mef2c,-6.919981649320658
3033,Mefv,-0.0052934626205648795
3034,Megf10,0.07978781725948633
3035,Megf6,0.28852169469766353
3036,Meiob,-0.04753371177988322
3037,Meioc,-0.04241132043847543
3038,Meis3,0.2275304564759415
3039,Melk,-0.029845997645746747
3040,Meox2,-7.231309806122972
3041,Mep1a,0.012852794284976606
3042,Mertk,-1.0419081597621003
3043,Mesp1,0.049868481077739044
3044,Mest,0.06174976614978316
3045,Metrnl,0.17918011202098288
3046,Mettl7a,-0.4134705169562213
3047,Mfap4,-0.015064407120805753
3048,Mfap5,0.08694337643600003
3049,Mfng,-0.4376609338864545
3050,Mfsd12,0.03196979510011219
3051,Mfsd6,-1.1387642913395535
3052,Mgam,0.06994946205673054
3053,Mgat2,-0.051156462391094906
3054,Mgat4a,-1.526071333147447
3055,Mgat4e,-0.03725012767254207
3056,Mgat5,-0.06330737953508238
3057,Mgll,-16.21985908703403
3058,Mgme1,0.08393172068496912
3059,Mgp,0.1480255263011386
3060,Mgst2,-0.3452393671858695
3061,Mia,0.043419961403500185
3062,Mical1,0.14967195040117956
3063,Mical2,-2.564046792683393
3064,Mid1,0.4204349900258087
3065,Mill1,0.02051626673074606
3066,Milr1,0.1988458251196395
3067,Minar1,-0.05675182306749925
3068,Mindy4,0.16366115942405166
3069,Mis18bp1,0.01315625223717692
3070,Mitf,0.8132294230417341
3071,Mki67,-0.009529692906446853
3072,Mlana,-0.03956084354664729
3073,Mlf1,-0.08430311232867875
3074,Mlip,0.24477756651593652
3075,Mllt3,-1.2942606917964508
3076,Mmd2,0.05510063347240181
3077,Mmel1,0.0468562810569102
3078,Mmp1,-0.009405981352895935
3079,Mmp14,0.3885532311429616
3080,Mmp2,0.043081569773835676
3081,Mmp23,0.08577578261011601
3082,Mmp8,0.07334692490014966
3083,Mmp9,-0.046265376942934394
3084,Mmrn1,0.2583832552292712
3085,Mmrn2,-0.574045597429436
3086,Mms22l,0.00022669067637300522
3087,Mnda,0.18943071403726774
3088,Mob3c,-0.1172789253158851
3089,Mok,0.06641594141319396
3090,Morc4,-0.10013583427953189
3091,Mov10,-0.2543824410108677
3092,Mov10l1,0.06125760300412548
3093,Moxd1,-0.0748794892913913
3094,Mpeg1,-0.09794688987662559
3095,Mpp4,0.058978506990384205
3096,Mpped2,-0.09089834196124136
3097,Mpz,0.020480461914253754
3098,Mpzl1,-0.36062322133788977
3099,Mrc1,0.30660169430378076
3100,Mrc2,0.4205457790728694
3101,Mrgpre,0.011939689473443503
3102,Mrgprg,-0.021819305851108424
3103,Mrgprx3,0.05199524096919374
3104,Mrln,0.004301088782307547
3105,Mroh2a,-0.001676190067977717
3106,Mroh4,0.01055073336422082
3107,Mroh9,-0.07774794537479382
3108,Mrpl57,-0.06052762005515334
3109,Mrps6,0.12062633982096865
3110,Ms4a1,-0.01597242988359332
3111,Ms4a13-ps1,0.025609766062541253
3112,Ms4a14,0.018957581380992065
3113,Ms4a15,-0.03067460040886242
3114,Ms4a4a,0.3720992805814368
3115,Ms4a4c,0.1766989584629072
3116,Ms4a4c-ps1,0.17204168107450524
3117,Ms4a5,0.003682153734953681
3118,Ms4a6a,0.18040939233885683
3119,Ms4a6b,0.047533739299402494
3120,Ms4a6bl,0.07287511122872516
3121,Ms4a6c,0.12009724485420681
3122,Ms4a7,0.11990334286035614
3123,Ms4a8,0.059636259891196884
3124,Msl3l2,-0.03463137516657909
3125,Msln,0.15253549344306178
3126,Msn,-1.587741681017328
3127,Msr1,0.10695515269595661
3128,Msto1,-0.22113650002953084
3129,Mt1-ps3,-0.09504693355841957
3130,Mt2A,-0.0235459350713626
3131,Mtcl1,0.01412672752165681
3132,Mthfd1l,-0.027013169751943157
3133,Mthfd2,-0.041581855887983486
3134,Mtss1,-2.5446131862516896
3135,Mtus2,0.12901929603725618
3136,Muc5ac,0.030888692635529146
3137,Mucl3,-0.009494030210281328
3138,Mug1,-0.010512318441663102
3139,Mx1,-0.060360138119131074
3140,Mx2,-0.22621245009895424
3141,Mxd1,-0.12247849885582215
3142,Mxd3,-0.02775146771457878
3143,Mxi1,-1.3602112571472857
3144,Mxra8,0.05796248580427277
3145,Myadm,-0.5699160950416062
3146,Myb,0.06396798081446685
3147,Mybbp1a,0.05664759173277646
3148,Mybpc1,-0.0010337487710456988
3149,Mybph,0.080855543413207
3150,Mybphl,0.11246321745295582
3151,Myc,0.1936581880225598
3152,Mycn,-0.14029316291421515
3153,Myh10,-0.3291629705808594
3154,Myh11,0.3212371334802287
3155,Myh13,0.0009270260090975067
3156,Myh15,0.05927836267248794
3157,Myh2,-0.055405453203321284
3158,Myh3,0.07557016788880801
3159,Myh4,0.012894590553374694
3160,Myh6,0.022033148659843245
3161,Myh7,0.08178680029019417
3162,Myh9,-3.5770078874525946
3163,Myl11,-0.012305519280290372
3164,Myl12b,-2.308618727457027
3165,Myl2,0.053198474758383726
3166,Mylip,-0.15491919988437686
3167,Mylk4,-0.05221347986851389
3168,Mymk,0.10075507723004459
3169,Myo10,-11.757881217421914
3170,Myo16,-0.02146223954644686
3171,Myo18b,0.04958360178146053
3172,Myo1a,0.05150697167463002
3173,Myo1b,-6.2496743898494085
3174,Myo1d,-3.782205193139541
3175,Myo1e,-5.288315893961412
3176,Myo1f,0.5185700417122896
3177,Myo1g,0.3145192172981771
3178,Myo5a,0.15456195557156877
3179,Myo5b,0.0761020781581849
3180,Myo5c,0.01829545489617142
3181,Myoc,0.036322643838942514
3182,Myocd,-0.03822498166810609
3183,Myof,0.8210585065807302
3184,Myog,-0.022259286662626006
3185,Myom2,-0.034156430697818735
3186,Myoz1,-0.09132807372956142
3187,Myoz2,0.07803400896394355
3188,Myrf,0.05612672993806982
3189,Myrfl,-0.48177452602831616
3190,Myrip,-3.231380133599608
3191,Myt1,0.04537725383850717
3192,Myt1l,0.07532754368322536
3193,Naaa,0.171987073092099
3194,Naalad2,0.07017247990436551
3195,Naaladl2,0.7232521539147516
3196,Nab2,-0.4062013126402784
3197,Nabp2,-0.1176046486046499
3198,Nacad,0.05577029551923124
3199,Naip5,0.15476481846368814
3200,Naip6,0.00039219398842440384
3201,Nalcn,0.00931985739588656
3202,Nalf1,0.11333715570384262
3203,Napsa,0.03138138778390587
3204,Nat8,-0.03424125044782768
3205,Nav1,-7.366785324198757
3206,Nav2,0.053130621122543756
3207,Nav3,-3.7275213351190386
3208,Nbeal2,-0.4822434794369389
3209,Ncald,-5.138317163073454
3210,Ncam1,0.11527684786140331
3211,Ncam2,0.0942233828308206
3212,Ncaph,-0.06697343042988198
3213,Ncf1,0.11858703930239506
3214,Ncf2,0.06996465729668254
3215,Ncf4,0.042915225328527914
3216,Nckap1l,0.3113932506289756
3217,Nckap5,0.1382344435253271
3218,Ncoa3,-2.9462936136620828
3219,Ncr1,0.09349850365978908
3220,Ndc80,-0.009792094548886538
3221,Ndrg1,-0.09338810279453288
3222,Ndrg4,-0.04739145933816036
3223,Ndst4,-0.0337599798913139
3224,Ndufa4l2,-0.048715762029020726
3225,Ndufb11,-0.11333919517394819
3226,Neb,0.37090052209910657
3227,Nebl,1.8119159111290069
3228,Necab1-1,0.03545056344888689
3229,Nectin4,0.06057380992086027
3230,Nedd9,-3.0997951675694875
3231,Negr1,0.4041730301286515
3232,Neil3,0.10486876177920756
3233,Nek10,0.42930830213668975
3234,Nell1,-0.1515587377668847
3235,Nepn,-0.004403945664335399
3236,Nes,-1.5987081038094926
3237,Neto1,-0.029910770586833536
3238,Neu1,0.07275461481679729
3239,Neurl3,-0.20305457840510105
3240,Nexn,-0.1433627967772935
3241,Nfam1,-0.057049460192752206
3242,Nfe2,-0.004624917482783614
3243,Nfkbia,-1.1771370879013816
3244,Nfkbid,-0.0018459339952015194
3245,Nfkbie,0.15330071483045002
3246,Nfkbiz,0.014356355222751534
3247,Ngf,0.08559140531031366
3248,Ngfr,0.12454117379822882
3249,Nherf1,-0.11153311501355716
3250,Nherf2,-2.4585905200791265
3251,Nhs,0.3194128061135075
3252,Nhsl1,-0.18090605993177541
3253,Niban1,-0.5652605943014724
3254,Niban3,-0.04991711360681713
3255,Nid1,-3.4342027211906996
3256,Nid2,0.055452346657970567
3257,Ninj1,0.211810220825988
3258,Ninl,0.125053702580804
3259,Nipal1,0.1111524293939086
3260,Nipal2,-2.2590090895636328
3261,Nipal3,-0.021091318376799922
3262,Nkain2,0.23540256606568127
3263,Nkain3,-0.12020767709483678
3264,Nkain4,-0.10165379763898913
3265,Nkd2,-0.3421377863565373
3266,Nkg7,-0.0746960875771582
3267,Nlgn1,0.07578722836134094
3268,Nlrc3,0.11209293518098493
3269,Nlrc4,0.1273423522089338
3270,Nlrc5,-0.36455688063587766
3271,Nlrp12,0.0876671292405303
3272,Nlrp1a,-0.12270174645601542
3273,Nlrp2,0.06327251264485365
3274,Nlrp3,0.12752048068299915
3275,Nlrp6,0.07680064556722907
3276,Nme8,0.008284500991048358
3277,Nmnat2,0.006926854452310359
3278,Nmrk2,0.02566531949179395
3279,Nmu,0.0027760172647367937
3280,Nnat,0.08319549238222022
3281,Nnt,-0.6765772470607461
3282,Nod1,-2.5058399451819917
3283,Nod2,0.09102614263454177
3284,Nodal,0.015415880132669955
3285,Nol4,0.019881367775298003
3286,Nos1,0.02713773508664102
3287,Nos1ap,-0.29618269449360307
3288,Nos2,-0.20908753572677305
3289,Nos3,-4.93135359323984
3290,Nostrin,-0.37658989311684155
3291,Notch1,-3.1205027294538827
3292,Notch3,0.14780982579740254
3293,Notch4,-3.0548975669071807
3294,Nova1,0.2713402428048713
3295,Nova2,-2.7923050461940297
3296,Nox3,-0.02125696551241637
3297,Nox4,0.15875493333982785
3298,Noxo1,-0.05201943543100875
3299,Noxred1,-0.06163723206528174
3300,Npdc1,-0.6704684687210266
3301,Npl,0.08473674502301348
3302,Nppc,-0.0039039419224995275
3303,Npr1,-2.505761249505212
3304,Npr3,-0.09283831638711865
3305,Npw,-0.03279606620890026
3306,Npy,-0.052160758192499046
3307,Nr2e1,0.02428375808367149
3308,Nr2f1,0.05042108317295493
3309,Nr2f2,0.2099666700954803
3310,Nr4a3,0.08765844400171946
3311,Nr5a2,-0.2746088558368643
3312,Nrap,-0.006260556508041345
3313,Nrarp,-0.2582705031434953
3314,Nrep,-0.8848007531650952
3315,Nrg1,0.19903736838704747
3316,Nrg3,0.12196987449593191
3317,Nrgn,0.06840300145792094
3318,Nrp2,-5.0168533339026
3319,Nrros,-2.6928908064850168
3320,Nrsn1,0.0055206579685246
3321,Nrxn1,1.053938721824145
3322,Nrxn3,-0.07620422260019004
3323,Nsg1,0.12030654426393479
3324,Nsmf,-0.0643033120335126
3325,Nt5c,0.18657322192668865
3326,Nt5c1a,0.051732571143035797
3327,Nt5e,-0.14819781600823698
3328,Ntf3,-0.30176874341478643
3329,Ntm,0.24499201067652265
3330,Ntn1,0.1914406061231812
3331,Ntn3,-0.009664373668068868
3332,Ntn4,0.062430839619487546
3333,Ntng1,0.08647820832279692
3334,Ntrk1,-0.012035153135408616
3335,Ntrk2,0.395681764827035
3336,Nts,0.07108709239653711
3337,Ntsr1,-0.001350510953404259
3338,Nuak1,-0.19273310553231351
3339,Nuak2,-0.14595891315840215
3340,Nucb2,-0.21281524596150012
3341,Nudt16,-0.021561180322027786
3342,Nudt17,0.0691087306014771
3343,Nudt4,-0.4960968418587016
3344,Nuggc,0.05260944495505806
3345,Numbl,0.3373353802807048
3346,Nup210,0.010476622112716896
3347,Nup210l,0.04388320584853731
3348,Nwd1,-0.08823589046075991
3349,Nwd2,0.2319409042609888
3350,Nxn,-1.7640985011802959
3351,Nxpe1,-1.8966877183678486
3352,Nxpe3,-0.13391394798743855
3353,Nxpe4,0.01222735384316572
3354,Nxph1,-1.0192256567199602
3355,Nxph2,0.005768948068221426
3356,Nxph3,-0.2751331129505636
3357,Nynrin,-0.14440088206254648
3358,Oas1e,-0.021523492474378743
3359,Oas1f-1,-0.25344802416220297
3360,Oas1k,0.05666584248333431
3361,Oas2,-0.2621700963509912
3362,Oas3,0.05113289773018516
3363,Oasl,-0.10065354151936923
3364,Oasl2,-1.010482100404575
3365,Oaz3,0.022930470710587014
3366,Obp3,-0.016814362953831173
3367,Obscn,-0.10130687720262982
3368,Ocln,0.1734020945940038
3369,Odad2,0.06853843554189416
3370,Odad4,0.09137418143646642
3371,Odf3l2,-0.06421664454343784
3372,Ofcc1,0.025704420854081797
3373,Ogfrl1,-0.4175525981468238
3374,Ogn,0.11796918547831134
3375,Oit3,0.003963754722568849
3376,Olfm1,0.08558750917877016
3377,Olfm2,0.01870812021306241
3378,Olfm3,0.10504750868905291
3379,Olfm4,-0.06837963583497589
3380,Olfml2b,0.02935259378346649
3381,Olfr164,-0.14533172774590514
3382,Olr1,-0.015594665690491415
3383,Olr1585,0.2849282688618805
3384,Olr35,0.08711782962383718
3385,Olr59,0.07146046939647376
3386,Omd,-0.015232126037834678
3387,Omg,-0.0552471633144793
3388,Onecut3,-0.0070318125861031245
3389,Opn5,0.07819178339396668
3390,Oprm1,0.01961734162732362
3391,Or10ag59,-0.0257812747180611
3392,Or10al27,-0.09074783974299785
3393,Or10al6-ps1,0.023497670759623265
3394,Or10al7-1,-0.0002733334282503455
3395,Or10v1,-0.005547101825438838
3396,Or12j2,0.13713771462498267
3397,Or13a18,-0.08001398729769274
3398,Or13a18b,0.06332122510328168
3399,Or14j5b,0.04721090239481979
3400,Or1e18,-0.027063129281966972
3401,Or1e31,0.01996078333249781
3402,Or1f27,-0.006188549361020149
3403,Or1l4b,0.03238320089105651
3404,Or1m1,0.08386926689468079
3405,Or1o2c,0.018486397554736095
3406,Or1p1,-0.005892205967684101
3407,Or2a14,0.036003189997361955
3408,Or2ak5d,0.053603193505860514
3409,Or2b2,-0.04924276877294109
3410,Or2l13,0.014702242111259213
3411,Or2l13c,0.02221823614290946
3412,Or2t35,-0.011577196225568779
3413,Or2v2b,0.028274938621524685
3414,Or2v2c,0.03525335015799849
3415,Or2w2,0.021686780152088525
3416,Or2y1g,-0.030297900044709475
3417,Or4c105b,-0.03903595562571682
3418,Or4c122,-0.03124765546039502
3419,Or4c129,0.08335683826610733
3420,Or4c3,-0.016390919827485632
3421,Or4c3e,-0.07246890105546672
3422,Or4f59,-0.005548047892524744
3423,Or4f7b,0.023221891245863303
3424,Or51f5,0.06207992057924563
3425,Or5a3,0.014958366861177165
3426,Or5af1c,0.11223585431518465
3427,Or5h18,-0.07103741707377735
3428,Or6a2,-0.040631410531017535
3429,Or6c201,-0.02333637195929308
3430,Or6c214,0.026263676584028856
3431,Or6c69,0.03837427293608574
3432,Or7d12,-0.05716636251108542
3433,Or7e166,0.026468651219130633
3434,Or7e176,0.06551213657051166
3435,Or8g23,0.006953280169622998
3436,Or8g28,-0.031128549801920726
3437,Or8g2c-1,-0.009947119058757071
3438,Or9s27-1,0.026468892159864997
3439,Orai2,0.13251392730885087
3440,Orc1,0.011357864625952358
3441,Osbp2,-0.014038076555162347
3442,Osbpl10,-1.5831752097835239
3443,Osbpl3,0.33106848928335353
3444,Osbpl5,0.14013273217740962
3445,Osmr,-1.6078401988289546
3446,Osr1,0.06464800742196847
3447,Otof,-0.05709731166340682
3448,Otog,0.0407834485759394
3449,Otogl,0.003022351184592878
3450,Otulinl,0.45193776244432554
3451,Ovol1,-0.019333392821348633
3452,Oxgr1,0.059449367263076355
3453,P2rx6,-0.06867376549760884
3454,P2ry10,0.2638587378251692
3455,P2ry10b,-0.10926151643257428
3456,P2ry12,0.20189245821723395
3457,P2ry13,-0.006602843122131366
3458,P2ry14,-0.07172803535610343
3459,P2ry6,0.10206969604854563
3460,P3h2,0.3021115969501844
3461,P4ha2,-1.5004231255491103
3462,P4ha3,0.12047012799743366
3463,PCOLCE2,0.060619556560928815
3464,Pabpc1l,0.055627057452345356
3465,Pabpc6,-0.004574100059865832
3466,Pacsin1,-0.08590029593633865
3467,Pacsin3,-0.02712467387948085
3468,Padi3,0.007184856742684672
3469,Padi4,0.06251423045746812
3470,Pak1,0.06556379420363104
3471,Pak3,0.05052800925858179
3472,Pak6,0.054222883726154095
3473,Palldl1,-0.4945647576984382
3474,Palm,-0.8671316949690933
3475,Pam,-1.8654557861268908
3476,Panx1,-0.15080405491470394
3477,Panx3,-0.10921548605054518
3478,Paox,-0.199552177254639
3479,Pappa,0.4639562170931949
3480,Pappa2,-0.008336289448915792
3481,Paqr5,0.08148885175964224
3482,Paqr6,0.33792668843706947
3483,Paqr8,-0.02780201553452934
3484,Pard6g,0.22847596840424161
3485,Parm1,1.367619040248062
3486,Parp14,-0.829385821690247
3487,Parp8,0.06371916403606497
3488,Parvg,-0.021129122152927053
3489,Patj,0.4786625555659701
3490,Patz1,-0.34239691956359086
3491,Pawr,-0.060171716569352614
3492,Pax5,0.33061317313545086
3493,Pax7,0.0743365393855419
3494,Pax8,-0.1258189525931499
3495,Pbk,-0.04717561750489099
3496,Pbld1,0.037555896483657286
3497,Pbx1,-0.059973451429651436
3498,Pcdh11x,0.10285885264116724
3499,Pcdh15,0.1350021642184149
3500,Pcdh17,-2.1122721638888864
3501,Pcdh18,-0.029446021940301905
3502,Pcdh19,-2.8619197442525874
3503,Pcdh7,0.44610949712047565
3504,Pcdh9,0.2762520607570594
3505,Pcdha5,0.17381953053773946
3506,Pcdhb11,0.07673257872401915
3507,Pcdhb2,-0.003408419122449914
3508,Pcdhb21,-0.06663547005188422
3509,Pcdhb5,0.002336020578844694
3510,Pcdhb7,0.08434972917188494
3511,Pcdhga5,-7.245159217533188
3512,Pced1b,-4.5224886789187675
3513,Pck1,1.35719850420814
3514,Pclo,0.07386523398482148
3515,Pcnx2,0.015708481164003106
3516,Pcolce,0.06598246876327574
3517,Pcp4l1,0.04339961807710156
3518,Pcsk2,0.062062832816456096
3519,Pdcd1,0.0634198596274678
3520,Pdcd1lg2,-2.0131084937492103
3521,Pde10a,0.15580059865255
3522,Pde1a,0.17015965954758475
3523,Pde1c,-2.4561200456730448
3524,Pde2a,-2.004643524166683
3525,Pde3b,1.3004145820384005
3526,Pde4b,-0.8185567589566507
3527,Pde4d,-1.640530561145338
3528,Pde5a,-0.388068493322446
3529,Pde6b,0.08598775423800231
3530,Pde6h,0.1285347502414771
3531,Pde8b,0.30515383181731137
3532,Pdgfb,-1.5628012493698256
3533,Pdgfd,0.4342508066088414
3534,Pdgfra,0.2898844798381096
3535,Pdgfrb,0.44734016162422313
3536,Pdk3,-0.04217812950878121
3537,Pdlim1,-1.4904185264032268
3538,Pdlim3,0.31974309230313513
3539,Pdlim4,0.1854087954235198
3540,Pdlim5,-7.0781332146392
3541,Pdlim7,-0.1776959837182457
3542,Pdpn,-0.0077800648656857554
3543,Pdzd2,-3.7125590921225173
3544,Pdzph1,-0.024768435297119164
3545,Pdzrn3,1.3885926479725943
3546,Peak1,-4.340011818065715
3547,Pear1,-0.8288156603703831
3548,Pebp4,-0.007097825173052713
3549,Pecam1,-8.919128655150892
3550,Peg3,1.757316431693895
3551,Peli2,-1.4091391940263214
3552,Perp,-0.03391529965026743
3553,Pex5l,0.17370826443478823
3554,Pf4,0.05050858106674426
3555,Pfkfb3,-0.14351529388101197
3556,Pfn4,-0.04076727098872977
3557,Pgap3,0.01735244366775214
3558,Pgbd5,-0.07006249818611407
3559,Pgghg,0.06472956225374481
3560,Pgk2,-0.05835525961521181
3561,Pgm5,-0.6373026932845409
3562,Pgpep1l,0.0970365036421788
3563,Pgr,0.04795296363730657
3564,Phactr1,-4.299375208692872
3565,Phactr2,-4.2662137364329915
3566,Phactr3,0.02267971104472133
3567,Phex,0.05622376974205995
3568,Phf11,0.07818669543169167
3569,Phf11b,0.031265730603245674
3570,Phlda1,0.06510802594742542
3571,Phldb1,-0.7068417121819244
3572,Phldb2,-2.9283114967363417
3573,Phldb3,-0.05566887566624446
3574,Phyhipl,-0.02743156019425288
3575,Pi16,0.27191949332565285
3576,Pid1,0.4603400515118308
3577,Piezo2,0.1764701867290931
3578,Pigc,-0.0906572818209126
3579,Pigr,0.008690735584083169
3580,Pik3ap1,0.15811718273874362
3581,Pik3c2b,-2.977329620778341
3582,Pik3c2g,0.13260091579314293
3583,Pik3cd,0.5753568548160608
3584,Pik3cg,-0.08815999316760684
3585,Pik3ip1,0.03775569012291321
3586,Pik3r1,1.3423063202657117
3587,Pik3r3,-1.9074454411378137
3588,Pik3r5,0.42623958267212225
3589,Pik3r6,-1.709149539790181
3590,Pilrb,0.05206017106607587
3591,Pilrb-ps6,-0.011812140575688062
3592,Pim2,0.03329058096969447
3593,Pinlyp,0.038942353073351574
3594,Pip4k2a,-0.8115484635736561
3595,Pip5k1b,0.4568222797444366
3596,Pip5k1c,-0.6815306301798597
3597,Pirb,0.29134453775329533
3598,Pitpnc1,-13.072607082429059
3599,Pitx3,0.019450843548104373
3600,Pja1,0.1483770434110231
3601,Pkd2l1,0.04120059211624154
3602,Pkhd1,-0.06732483579348679
3603,Pkhd1l1,0.7153880408719003
3604,Pkib,-0.01825206257757188
3605,Pknox2,0.259097753460517
3606,Pkp4,-5.902071496237015
3607,Pla2g2a,0.10652524530269455
3608,Pla2g2c,-0.06511729983505232
3609,Pla2g2d,0.0014201835651005343
3610,Pla2g2e,0.11011213916847301
3611,Pla2g2f,0.0009473672715821042
3612,Pla2g4a,0.15036968888670127
3613,Pla2g5,0.037961044216775215
3614,Pla2g7,0.08234245482270205
3615,Pla2r1,0.27803717661571176
3616,Plac8,0.2068059917087564
3617,Plagl1,0.13020717237880786
3618,Plat,-1.3284234676959406
3619,Plau,-0.06238459785581728
3620,Plaur,-0.9920475552887975
3621,Plb1,-0.10603864059859265
3622,Plcb1,-7.594919241824518
3623,Plcb2,0.18794356551960373
3624,Plcb4,-17.648243163267423
3625,Plcd3,0.34331153560577987
3626,Plce1,0.6928674764175161
3627,Plcg1,-1.6877680139402578
3628,Plcg2,0.4825726028604522
3629,Plch1,-0.06464333579826584
3630,Plcl1,0.9662855267376849
3631,Plcl2,-0.11371597018410265
3632,Plcxd2,0.05837939180409717
3633,Plcxd3,0.24268179769406079
3634,Pld4,-0.07843500126049556
3635,Pld5,0.11374664491177311
3636,Plec,-1.3065326330318467
3637,Plek,0.04790214809243934
3638,Plek2,-0.0012679173619420184
3639,Plekha2,-1.1079448939721048
3640,Plekha6,0.201332324168214
3641,Plekhg1,-3.3625540288052624
3642,Plekhg2,-1.3651095646796632
3643,Plekhg4,0.09268286551234671
3644,Plekhh2,0.4780269041277192
3645,Plekho1,-0.3951032407662311
3646,Plekho2,-0.34932730073998414
3647,Plk1,-0.15583286956490514
3648,Plk2,-0.5268584632163591
3649,Plod2,0.15806268235242998
3650,Plp1,0.010261043812239468
3651,Plpp1,-1.1353891029432188
3652,Plpp3,-5.835927709438142
3653,Plpp4,-0.06734428431479128
3654,Plppr1,0.06569021183031895
3655,Plppr2,0.05490377821093509
3656,Plppr4,0.049589469345801857
3657,Pls3,-3.106689192735164
3658,Plscr1,0.16817920466102756
3659,Plscr2,-2.520304158112757
3660,Plscr4,-1.1695965139616042
3661,Pltp,0.04084221732240352
3662,Plxdc1,0.029015250755467948
3663,Plxdc2,1.313878466697406
3664,Plxna1,0.17544461195115302
3665,Plxna2,-9.614374326192198
3666,Plxna4,-1.4980253105911407
3667,Plxnb1,0.11168697293340074
3668,Plxnb2,0.14389639151982928
3669,Plxnb3,-0.06289974306158572
3670,Plxnd1,-4.35486286122239
3671,Pmaip1,0.10617195375950213
3672,Pmp2,-0.11101344457847565
3673,Pnma8b,-0.05295233613188313
3674,Pnpla2,1.8589333406108182
3675,Pnpla3,0.5453643836167132
3676,Podnl1,0.041234222776178116
3677,Podxl,-4.485271015935172
3678,Podxl2,0.06718896625265855
3679,Pold2,-0.008141207763649114
3680,Pold4,0.05562819220571385
3681,Pole2,-0.005584777334200649
3682,Polq,0.09545838950437766
3683,Polr2l-ps1,-0.012010515214441762
3684,Polr2m,-0.13141479392795336
3685,Postn,0.04114169709986362
3686,Poteg,-0.04608143562449858
3687,Pou2af1,0.10470722369186575
3688,Pou2f2,0.2184991168970914
3689,Ppara,0.6708317307284548
3690,Ppargc1a,1.9193236156649316
3691,Ppargc1b,0.9969059511769838
3692,Ppef1,0.08093469305982628
3693,Ppfia2,0.07658935140078099
3694,Ppfibp1,-4.734706765004721
3695,Ppfibp2,0.5180910435242203
3696,Ppl,0.04811098449825965
3697,Ppm1e,-0.12099428480901378
3698,Ppm1h,-2.122452998046179
3699,Ppm1j,-0.14274715136877864
3700,Ppp1r13l,-1.1975461581853
3701,Ppp1r14a,0.056277558188684185
3702,Ppp1r14b-ps2,0.015054645183607527
3703,Ppp1r16b,-4.09214782658757
3704,Ppp1r18,-0.8757771120515216
3705,Ppp1r3a,-0.22677406675289535
3706,Ppp2r2b,0.17955689531535032
3707,Ppt1,-0.09958723487713961
3708,Prag1,-3.8542688336336592
3709,Prdm6,0.14579018629508256
3710,Prdm8,-0.13475494652883807
3711,Prex1,0.2833852701745683
3712,Prf1,0.007567234582398236
3713,Prg4,-0.020470180438775885
3714,Prickle2,0.07745859072423614
3715,Prima1,0.09867313671872281
3716,Primpol,-0.05427747525219162
3717,Prkca,0.5739808942860065
3718,Prkcb,0.9214249979007568
3719,Prkcd,0.5040582405681646
3720,Prkcg,-0.6498024932315681
3721,Prkch,-9.376617692244515
3722,Prkcq,0.2643844268468543
3723,Prkcz,0.24246407140154608
3724,Prkd2,-1.3483523817874385
3725,Prkg1,0.2587018764666285
3726,Prkg2,0.02605678051409384
3727,Prlr,0.2363029725432239
3728,Prmt2,0.06252069748060038
3729,Prnd,-0.2350872184619368
3730,Procr,-0.03186147065614498
3731,Prodh2,-0.21993473511283654
3732,Prok2,0.134197763801394
3733,Prokr2,0.10101290392494755
3734,Prom1,-2.5385506421348625
3735,Prox1,0.3505821076456369
3736,Prph,0.2316936968026282
3737,Prps2,0.032983322033273144
3738,Prr19,0.06853450617956629
3739,Prr29,0.00020880962936728302
3740,Prr36,0.016152480142551856
3741,Prr4,-0.0403122786372329
3742,Prr5l,-0.39295859213689366
3743,Prrt2,0.11487125277909296
3744,Prrx1,0.5706262382521421
3745,Prss12,-0.637958139664999
3746,Prss23,0.09196026694084415
3747,Prss39,0.03363628977936452
3748,Prss46,-0.0371543511491412
3749,Prss54,-0.08035539491008058
3750,Prtfdc1,-3.5861278982121063
3751,Prtg,0.012253953191145655
3752,Prune2,0.07998398390612309
3753,Psca,0.02392079592483438
3754,Psd4,0.23368581877371897
3755,Psma8,-0.015650940981493736
3756,Psmb8,0.10097041938827625
3757,Psmb9,-0.2964028342600059
3758,Psors1c2,-0.023011752132983218
3759,Pstpip1,0.3573428127550184
3760,Pstpip2,0.2047516392971179
3761,Ptafr,0.06250501252048772
3762,Ptch2,-0.03756603181881183
3763,Ptchd1,0.14294306356003136
3764,Ptchd4,-0.013060464278397965
3765,Ptger2,-0.020059927772398407
3766,Ptgir,-0.03586250642357453
3767,Ptgs1,-0.03694242934968443
3768,Ptgs2,0.07779463502396664
3769,Pthlh,-0.1051528411211187
3770,Ptk2b,0.7029863300486439
3771,Ptn,0.19204570725660383
3772,Ptp4a3,-0.23150015823922812
3773,Ptpn13,0.6533615018440533
3774,Ptpn18,0.17428161493791733
3775,Ptpn22,0.11931285721743398
3776,Ptpn3,0.3097783936230874
3777,Ptpn5,0.06827261395336677
3778,Ptpn6,0.22886364773820056
3779,Ptpn7,0.030375496026764523
3780,Ptprb,-8.686792272423972
3781,Ptprc,1.6259383395237128
3782,Ptprcap,-0.0068331678106638705
3783,Ptpre,-1.5527384038817496
3784,Ptprg,-13.762353509622042
3785,Ptprj,0.5061987130902321
3786,Ptprn2,0.12750783381822187
3787,Ptpro,0.22864460855935353
3788,Ptprq,-0.05513643332432719
3789,Ptprr,-0.43543784074597613
3790,Ptprs,1.48612486427264
3791,Ptprz1,0.09791391515435449
3792,Ptx4,-0.05502001723880852
3793,Pvalb,-0.0510190250216305
3794,Pwwp3a,0.04921933404436147
3795,Pwwp4,0.015127638439630924
3796,Pxdc1,-1.611816875964825
3797,Pxdn,-0.6091389704382864
3798,Pxn,-3.9002817203628144
3799,Pycard,-0.048910250611014734
3800,Pygm,0.08977262363554288
3801,Qprt,0.11938994447859483
3802,Qrfpr,-0.13674323581817144
3803,Qrfprl,0.1477189462109199
3804,RGD1306556,-3.6222786803814078
3805,RGD1307182,-0.08964517065749615
3806,RGD1308742,0.0521379699216382
3807,RGD1308750,0.040798201452213495
3808,RGD1309104,-1.1170624223297543
3809,RGD1309106,0.0014104022881369508
3810,RGD1309808,-0.1469378103291008
3811,RGD1310587,-0.8594057591927093
3812,RGD1311744,0.12835636364768446
3813,RGD1559482,0.046797144182825275
3814,RGD1559575,-0.007174211088617278
3815,RGD1559578,-0.010288997495505292
3816,RGD1559960,-0.016101138360778457
3817,RGD1560034,0.015369521607277347
3818,RGD1560281,0.02931266854571568
3819,RGD1560398,-0.11321108813104958
3820,RGD1560523,0.0015156129442507032
3821,RGD1560723,0.05280485421531187
3822,RGD1560730,-0.013846842749309004
3823,RGD1560860,0.0288592737952841
3824,RGD1561327,-0.1262925759634626
3825,RGD1561445,-0.08561287915314587
3826,RGD1561481,0.039764822658981576
3827,RGD1562319,0.06060501993689224
3828,RGD1562521,-0.019759495861038937
3829,RGD1562667,0.023925763195708247
3830,RGD1562811,0.09080032928805752
3831,RGD1563104,-0.04432351223063319
3832,RGD1563159,0.013896516077408825
3833,RGD1563400,-0.0726931023300266
3834,RGD1563562,-0.05349221177805302
3835,RGD1563738,0.11267232249835138
3836,RGD1563917,0.0605578783974595
3837,RGD1563978,0.07908700616765449
3838,RGD1564053,-0.009003385790561574
3839,RGD1564149,-0.02045880566120709
3840,RGD1564409,-0.0645655887300311
3841,RGD1564480,0.049116145600694196
3842,RGD1564606,-0.048217764854847175
3843,RGD1564664,0.04932005304998796
3844,RGD1564696,-0.005866378011413438
3845,RGD1564748,0.058991363637634034
3846,RGD1564786,-0.0021064716360765087
3847,RGD1564899,0.0741999409720481
3848,RGD1564941,-0.11424661158375835
3849,RGD1564955,-0.07917736258855312
3850,RGD1565058,0.02003391274475185
3851,RGD1565410,0.0958355596885741
3852,RGD1565622-1,-0.08153417588471817
3853,RGD1565987,-0.03638664930680861
3854,RT1-A2,-0.527498981530011
3855,RT1-Ba,0.1657422684189484
3856,RT1-Bb,0.14621956042311046
3857,RT1-CE15,-0.09055801676266623
3858,RT1-CE16,-0.7185587149809936
3859,RT1-CE16-1,-0.03496498495518525
3860,RT1-DMa,0.07041291185657766
3861,RT1-DOa,0.29999894951598416
3862,RT1-DOb,0.019119055120566747
3863,RT1-Da,0.13341480988191184
3864,RT1-Db1,0.21185551538412667
3865,RT1-Db2,0.042064197616054386
3866,RT1-Ha,0.0707549226443149
3867,RT1-M1-2,-0.012174938148482528
3868,RT1-N3,-0.25882463452183707
3869,RT1-S3,-0.6064440722091886
3870,RT1-T24-3,-1.599809902037686
3871,RT1-T24-4,-0.6668449252839451
3872,Rab11fip1,0.16506444165122425
3873,Rab11fip4,-0.007927923799075066
3874,Rab27a,-0.20380721355026882
3875,Rab31,-1.923446600534422
3876,Rab32,0.13143088276942316
3877,Rab37,-0.06181944745288572
3878,Rab3b,-0.004166046207723973
3879,Rab3il1,-0.01963198008595043
3880,Rab3ip,0.3932786930416576
3881,Rab44,-0.010221220025883734
3882,Rab6b,0.1481387331509082
3883,Rab7b,0.17670947715433233
3884,Rab8b,0.17525006955198874
3885,Rac2,0.09962325799487055
3886,Radx,0.026513250659266754
3887,Rag1,-0.04187977383561613
3888,Rai14,-2.850499840246491
3889,Rai2,-0.34994788017857176
3890,Ralgapa2,-1.1653203786870057
3891,Ralgds,0.12557399728908947
3892,Ralgps2,0.49506326163585196
3893,Ralyl,0.05027253888765062
3894,Ranbp3l,-0.0957742656299463
3895,Rap1gap2,0.32500160381566334
3896,Rap2b,0.017759028606634406
3897,Rapgef1,-8.53709455967325
3898,Rapgef3,-5.043089132220353
3899,Rapgef4,-0.5001634724603204
3900,Rapgef5,-4.231130639614046
3901,Raph1,-1.783860923664537
3902,Rarres1,-0.06774904061973656
3903,Rasa3,0.5344811169101814
3904,Rasa4,-0.3306820416496371
3905,Rasal2,-8.574509202011916
3906,Rasal3,0.19029369200260737
3907,Rasd1,0.23157429662699214
3908,Rasgef1a,-0.0006035111174441474
3909,Rasgef1b,0.1322609631224058
3910,Rasgef1c,-0.02237522299751376
3911,Rasgrf2,-2.9455612025003153
3912,Rasgrp1,0.14405902322794464
3913,Rasgrp2,-0.32305767192139323
3914,Rasgrp3,-2.8546541256809275
3915,Rasgrp4,0.10540871922951814
3916,Rasip1,-4.2000431878458215
3917,Rasl11a,0.010155095441480279
3918,Rasl12,0.4437281513383541
3919,Rassf2,0.20242541590013483
3920,Rassf3,-4.4904989409163045
3921,Rassf5,-0.06247193022944646
3922,Rassf9,0.3285199672073551
3923,RatNP-3b,0.07747155208556859
3924,Rbfox1,0.2236182686532764
3925,Rbfox3,0.0780760128448483
3926,Rbl1,-0.1747031144429349
3927,Rbm20,0.029504202809750628
3928,Rbm24,-0.09480482317088562
3929,Rbm44,-0.0537520849172562
3930,Rbms3,1.2187939347010999
3931,Rbp2,0.019772868751679842
3932,Rbp7,-3.2898785857262793
3933,Rbpj,-0.16541152388453936
3934,Rcan2,0.3835495731268391
3935,Rcan3,0.012697540329584046
3936,Rcsd1,-2.2003976809846453
3937,Rdh12,-0.10356440230188427
3938,Recql4,0.06892997476554263
3939,Reep1,0.169222196084486
3940,Reg3b,-0.08033363934170426
3941,Reg3g,0.05169183894261803
3942,Rel,-0.13282069878805533
3943,Rell2,-0.015292556442585956
3944,Reln,0.42073760737081656
3945,Relt,-0.08605666466313035
3946,Rem1,0.3358147473916667
3947,Ren,-0.12484368857268524
3948,Reps2,-0.1363335891231048
3949,Rerg,-0.46192952649338526
3950,Ret,-0.06531289251642139
3951,Retn,0.5523430769920274
3952,Retnlg,-0.06128372379199956
3953,Rexo5,-0.3892150704855464
3954,Rfc5,0.10907562750050737
3955,Rflna,-0.01065574337581178
3956,Rflnb,-0.5572965621659048
3957,Rftn1,-8.81790024081743
3958,Rfx2,0.13907868678023408
3959,Rfx5,0.10081573360274766
3960,Rgl1,-2.7944278275490317
3961,Rgs1,0.05309835034517729
3962,Rgs10,0.13999235421646045
3963,Rgs12,-1.6502842929322346
3964,Rgs13,-0.02810278115988407
3965,Rgs14,0.17563916544161545
3966,Rgs16,0.037819760932007916
3967,Rgs18,0.12086121896698049
3968,Rgs19,-0.05964212601084881
3969,Rgs2,0.4539250377241441
3970,Rgs20,-0.6575741504172801
3971,Rgs22,0.06651979134505748
3972,Rgs3,-1.9973911838010696
3973,Rgs4,0.08199143684414972
3974,Rgs5,0.09255921114155999
3975,Rgs6,0.6338610464730526
3976,Rgs7,0.7509773011788627
3977,Rgsl1,-0.000119380540088144
3978,Rhag,0.04013700735390361
3979,Rhoc,-0.8819934092882347
3980,Rhoh,0.16528225981439257
3981,Rhoj,-2.8744032087470566
3982,Rhov,-0.05175208387631583
3983,Rhpn1,0.005566763097566624
3984,Rhpn2,0.08360436545468042
3985,Rig1,-0.22027567554279315
3986,Rimbp2,-2.57921906880631
3987,Rims1,-0.026824136749114623
3988,Rims3,-0.21579580991279856
3989,Rims4,0.027363332656182064
3990,Rin3,-3.7861299632122085
3991,Ripor2,0.8739803656137
3992,Rlbp1,-0.07216004058413603
3993,Rnase6,0.04406627033778833
3994,Rnf113a1,0.02133088614792139
3995,Rnf144b,-0.875298515503862
3996,Rnf151,0.01785267363253889
3997,Rnf157,-0.08691907280210735
3998,Rnf17,-0.02654109317459258
3999,Rnf180,0.1485160091199965
4000,Rnf183,-0.021233738397535156
4001,Rnf213,-1.3937531886928256
4002,Rnf220,-5.044324851076977
4003,Rnf43,-0.13102780022108423
4004,Robo1,0.06789224102799662
4005,Robo2,0.06894462127230726
4006,Robo3,0.07336684845749411
4007,Robo4,-2.7340383612438446
4008,Ropn1,-0.0731304350410735
4009,Ror1,0.23559096801483215
4010,Ror2,0.174390101722335
4011,Rora,1.5465888963630516
4012,Ros1,-0.021856267232326244
4013,Rp1,-0.10037045791007557
4014,Rpgr,0.45263643557680244
4015,Rpgrip1,0.06157093587582402
4016,Rph3al,-1.8381434793010074
4017,Rpl12-ps1,0.05456577120736289
4018,Rpl29,0.00744408053171825
4019,Rpl30l2,0.027304372345000938
4020,Rpl36a-ps7,-0.056781168047052834
4021,Rpl36al,-0.04027731281296719
4022,Rpl37-ps1,0.10834493356752842
4023,Rpl39l,0.08885693585145568
4024,Rpl4-ps1,-0.18461062594607233
4025,Rps15,0.12136949998693197
4026,Rps15al4,-0.050009288051460654
4027,Rps28,-0.04055746896839034
4028,Rps4y2,-0.019788584688103697
4029,Rps6ka1,0.1301374508524148
4030,Rps6ka2,-1.704334663256633
4031,Rps6kl1,-2.0162969133459887
4032,Rpusd1,-0.08819546761150904
4033,Rrbp1,-2.0264428745910124
4034,Rrlt,-0.054328617810787155
4035,Rsad2,-0.2581766797603206
4036,Rspo1,0.03531164782107967
4037,Rspo2,-0.0185101731604795
4038,Rtbdn,0.06757881621886144
4039,Rtl5,0.04972057270960324
4040,Rtn1,-1.4238522652290064
4041,Rtn2,-0.25882210246751136
4042,Rtn4rl2,-0.0567727444952805
4043,Rtp4,-0.12367604857373396
4044,Rubcnl,-0.04424768926467795
4045,Runx1,0.8007960654576305
4046,Runx1t1,-3.422719893358868
4047,Runx2,0.4638664185400704
4048,Runx3,0.1884428257260065
4049,Rxfp1,-0.0038530936288429783
4050,Ryr1,0.10657828745556733
4051,Ryr2,0.10084526721142532
4052,S100a4,-0.030519653752982597
4053,S100a6,0.11662463658075765
4054,S100a8,0.08392390020270651
4055,S100a9,-0.0009946485092790572
4056,S1pr1,-1.6876820635458485
4057,S1pr2,0.27494819998456416
4058,S1pr3,0.0338467505358077
4059,S1pr4,0.08083570021483832
4060,S1pr5,-0.07914964824090237
4061,Sag,0.007027344096457713
4062,Samd1,-0.07986633434287876
4063,Samd12,-0.02298993689505511
4064,Samd13,-0.01023250833560714
4065,Samd15,0.027436626658892238
4066,Samd3,-0.037445860577712514
4067,Samd4a,-2.3695915275670028
4068,Samd5,-4.471570428867718
4069,Samd7,0.009893888724583685
4070,Samd9,0.038194046372783855
4071,Samd9l,-0.8039097855613072
4072,Samhd1,0.42754199509515467
4073,Samsn1,0.12518160548894103
4074,Sap30,0.054250242145675004
4075,Sash1,-4.6181870362844375
4076,Sash3,0.15480311732487448
4077,Sat1,-0.3538449211148805
4078,Satb1,0.45710286863695104
4079,Saxo1,0.02041622198829837
4080,Sbk3,-0.013374861609559188
4081,Sbp,0.06171334315892553
4082,Scara5,0.3518555394803351
4083,Scarb1,-1.923041434704126
4084,Scarf2,0.07206857405037562
4085,Scd,0.2560709658798373
4086,Scd4,-0.005642946597781142
4087,Scel,0.035486284574339354
4088,Scg2,0.028308917319259577
4089,Scgb1a1,-0.015040900903736656
4090,Scgb2a1,0.016213024166123385
4091,Scgn,-0.05256215042324655
4092,Schip1,-4.438615971670761
4093,Scimp,0.07787857896962033
4094,Scin,0.030106786933665038
4095,Scml4,0.10794002271485895
4096,Scn10a,0.06540549075067806
4097,Scn1a,0.0531609816608573
4098,Scn3a,0.06763490370504857
4099,Scn3b,0.03921483927606079
4100,Scn5a,0.1414850008490059
4101,Scn7a,0.2089800816897444
4102,Scn9a,-0.005044469455421502
4103,Scnn1g,0.049927323465418366
4104,Scp2d1,-0.03770092998223671
4105,Scrn1,0.051990721382535826
4106,Scrt1,0.04969046026982708
4107,Scube2,0.15518504989279047
4108,Sdc1,-0.014363644601985283
4109,Sdc2,0.256407436936932
4110,Sdc3,-1.0832143740477336
4111,Sdc4,0.274227157643747
4112,Sdf2l1,-0.0032365370183725733
4113,Sdk1,0.15695780265128817
4114,Sectm1a,0.0025042193239788874
4115,Sel1l2,0.06038864986225495
4116,Selenbp1,0.011297276442621292
4117,Selenop,0.08733194419108337
4118,Selenow,0.0379328168735519
4119,Selenow-1,-0.006603359212811091
4120,Sell,0.29485946194321755
4121,Selp,-0.09814823389448643
4122,Selplg,0.16003985041782415
4123,Sema3a,0.45666659415311367
4124,Sema3c,0.1487076819353481
4125,Sema3d,0.35671867334043583
4126,Sema3e,-0.05381452653081607
4127,Sema4a,0.0026896140624692276
4128,Sema4c,-0.340965175297272
4129,Sema4d,0.319405412756856
4130,Sema5a,0.2428002999079951
4131,Sema5b,0.21523185623538532
4132,Sema6a,-3.8487749681655474
4133,Sema6b,-0.6529824067851842
4134,Sema6d,-2.2798039225209132
4135,Sema7a,-0.8212210035169973
4136,Septin1,0.20603363963288923
4137,Septin11,-0.4558263159685156
4138,Septin12,0.013622682782324605
4139,Septin4,0.3057424088305137
4140,Septin6,0.10381660892303601
4141,Septin8,-1.306336246922708
4142,Septin9,-0.9091051523379777
4143,Serinc2,0.07495694082937521
4144,Serpina3a-1,-0.06440404207798231
4145,Serpina3c,0.07691248533713732
4146,Serpinb10,-0.035444417890272056
4147,Serpinb12,0.029041406708096323
4148,Serpinb13,0.09683451328568149
4149,Serpinb1a,0.03884740805050064
4150,Serpinb6b,-0.028607009948007647
4151,Serpinb9,-0.18208351850951615
4152,Serpine1,0.01986412067696913
4153,Serpinf2,-0.011224815055705453
4154,Serping1,0.003092454407687772
4155,Serpini1,0.06362859818489551
4156,Setbp1,0.9417006489225758
4157,Setdb2,-0.2682201421480423
4158,Sez6,-0.11619644769953455
4159,Sfrp1,0.08267396558386506
4160,Sfrp2,0.008649665676907135
4161,Sfrp4,0.05650025144228883
4162,Sft2d3,0.11587090366077993
4163,Sftpc,0.06082166079445724
4164,Sfxn1,0.14106420577525863
4165,Sgip1,0.30085512234774414
4166,Sgk1,-1.1801811747777269
4167,Sgms2,0.08695771139762735
4168,Sgpp1,-0.3657517154383512
4169,Sh2d2a,-0.00429499512566215
4170,Sh2d3c,-7.356968348188325
4171,Sh3bp2,0.16344661358243287
4172,Sh3bp4,-1.7547306759165364
4173,Sh3d19,-2.478344530328063
4174,Sh3gl2,-2.0933166995742614
4175,Sh3gl3,-0.012245475529184412
4176,Sh3pxd2b,0.24756147337279555
4177,Sh3rf1,-2.8800885017727276
4178,Sh3rf3,0.10758768226159451
4179,Sh3tc2,-1.066818809895147
4180,Shank3,-10.404819320288295
4181,Shc4,0.026718958993657685
4182,Shcbp1,0.015104971580644388
4183,Shcbp1l,-0.05205035637421716
4184,Shd,0.00402339337434741
4185,She,-2.3884741824309037
4186,Shfl,-0.1896002431897576
4187,Shisa5,0.17579771441456052
4188,Shisa6,0.23377660342335183
4189,Shisa9,0.11734553128296324
4190,Shisal2b,0.11942151147430985
4191,Shroom3,0.06896018341726771
4192,Shroom4,-1.4011111055436505
4193,Shtn1,0.0041456746433102785
4194,Sidt1,0.09655772376633123
4195,Siglec10,0.05134097840429638
4196,Siglec15,-0.008859110973491064
4197,Siglec5,0.21361411892969429
4198,Siglec8,0.0886104539943052
4199,Siglecl1-1,-0.051619704350915854
4200,Sik1,-0.9098571029595739
4201,Sim1,-0.03683127417938037
4202,Sipa1,-1.1831239138703926
4203,Sirpa,0.19974261915484764
4204,Sirpal1,0.013658663730063001
4205,Sirpb2,-0.042398673821927454
4206,Sirpb3,-0.007204525588419927
4207,Sit1,0.024262548138300408
4208,Six6os1,-0.044119729345072564
4209,Ska1,-0.05397210624227484
4210,Skap1,0.5831776191270264
4211,Skint10,0.05758700233013732
4212,Skint4,-0.01920311548812871
4213,Sla,-0.03449217457520237
4214,Sla2,0.01661988881058465
4215,Slamf6,0.17002883936767438
4216,Slamf7,-0.053070560303053675
4217,Slamf8,-0.053167603891552645
4218,Slc10a6,0.11894428366971357
4219,Slc11a1,0.14649878808729971
4220,Slc12a1,0.03797273351160818
4221,Slc12a2,-0.8969027215053238
4222,Slc12a3,-0.03566058275731765
4223,Slc12a5,0.002969444722104076
4224,Slc12a6,-0.43368996421399125
4225,Slc13a3,-0.018633856066585786
4226,Slc14a1,0.030142209371460973
4227,Slc15a3,-0.05976936420771366
4228,Slc16a11,0.03977220315991458
4229,Slc16a2,0.1976025231482858
4230,Slc16a3,0.011922891775021429
4231,Slc16a5,0.027284652148805474
4232,Slc16a6,-0.22504462058186944
4233,Slc17a3,-0.020383136459526406
4234,Slc17a9,-0.06538232373056355
4235,Slc19a3,0.02328521682609761
4236,Slc1a2,0.007203274330022265
4237,Slc1a5,0.7057448713280455
4238,Slc1a6,-0.03730229832558503
4239,Slc1a7,0.010107818482290646
4240,Slc22a15,-1.024544232188595
4241,Slc22a18,-0.29225004923440884
4242,Slc22a22,0.017956763677107905
4243,Slc22a24,0.016491105970449324
4244,Slc22a25,-0.0016591875888315524
4245,Slc22a7,-0.01643410040331206
4246,Slc22a8,0.07278383386350694
4247,Slc24a2,-0.03505923534263436
4248,Slc24a4,0.0076517603922613316
4249,Slc24a5,-0.08367467080985119
4250,Slc25a13,-0.28222322872199734
4251,Slc25a21,-0.12577607860200332
4252,Slc25a24,-0.00363762968734364
4253,Slc25a27,0.009284852152606517
4254,Slc25a30,0.4018060322626964
4255,Slc25a43,0.036434764799605945
4256,Slc25a53,-0.0009946236815791508
4257,Slc25a54,-0.026005647222597413
4258,Slc26a10,-3.705587005626838
4259,Slc26a3,-0.0019466391558359865
4260,Slc26a4,0.055909652633584044
4261,Slc26a5,-0.02896082143559967
4262,Slc26a7,-0.2043245313710885
4263,Slc26a9,-0.0012646621770669247
4264,Slc28a2,-4.846399871107512
4265,Slc29a2,0.019588909995653096
4266,Slc2a3,-1.286293597893438
4267,Slc32a1,-0.013621670889647264
4268,Slc34a3,-0.04025945280665124
4269,Slc35f1,-0.6524379567028427
4270,Slc35f2,0.05903747545353932
4271,Slc35f3,-0.07574270533966722
4272,Slc35f4,0.019692658572285006
4273,Slc37a2,0.102693287798472
4274,Slc38a1,0.11640568199140533
4275,Slc38a4,0.10277401242043016
4276,Slc38a8,-0.08734426717842986
4277,Slc39a8,0.10994861016129218
4278,Slc40a1,0.2368299835390701
4279,Slc41a1,-0.17246927951750982
4280,Slc41a3,0.058412340488699435
4281,Slc43a2,0.15302946326684413
4282,Slc44a1,-0.44958702180896115
4283,Slc44a2,-0.9346995829554499
4284,Slc44a5,0.04866483586407228
4285,Slc45a3,0.07228225169833849
4286,Slc46a2,-0.08827604536798032
4287,Slc4a1,0.03884333245066934
4288,Slc4a10,0.18933428891112616
4289,Slc4a4,1.8646127002015525
4290,Slc51a,0.1014878483782742
4291,Slc52a3,-0.1873657917194127
4292,Slc5a4,-0.007464235836174848
4293,Slc66a2,-1.6419569018846256
4294,Slc6a12,-0.028514470024081445
4295,Slc6a14,0.014853718568908103
4296,Slc6a16,0.01881452720295247
4297,Slc6a19,0.033531607450074524
4298,Slc6a20a,0.06917865401838393
4299,Slc6a20a-1,-0.04891387544303156
4300,Slc6a5,0.038282928326236046
4301,Slc6a6,-4.3706887876363645
4302,Slc7a1,-0.8794279770477518
4303,Slc7a10,-0.024707081037797965
4304,Slc7a11,-0.05023518720634837
4305,Slc7a14,-0.06550646598550615
4306,Slc7a3,-0.00021653032295162588
4307,Slc7a4,-0.04158166715664678
4308,Slc7a7,-0.1545396322289629
4309,Slc7a8,0.1453779340265395
4310,Slc7a9,-0.05489762925479537
4311,Slc8a1,-2.146577574995905
4312,Slc9a2,0.13465411515146994
4313,Slc9a4,0.014651708473950677
4314,Slc9a7,-0.18884723975232462
4315,Slc9a9,1.3273364116508208
4316,Slc9c1,0.004062110351929896
4317,Slco1a6,0.053642137201527926
4318,Slco1b2,-0.0440890060398124
4319,Slco2a1,0.40204537669372037
4320,Slco2b1,-3.678587425311039
4321,Slco3a1,0.18289275758425447
4322,Slco4c1,-0.07169497994989801
4323,Slco5a1,0.08317400338164593
4324,Slco6b1,-0.04113340377839847
4325,Slco6d1,0.04037538488037894
4326,Slfn1,0.16287216155857737
4327,Slfn13,0.4978364517777376
4328,Slfn2,-1.5469877550603854
4329,Slfn4,0.5857473910902375
4330,Slfn5,-2.0993775199358744
4331,Slit1,0.01958526595915674
4332,Slit2,0.33972614296121284
4333,Slit3,1.5031430013249911
4334,Slitrk6,0.005323640630218597
4335,Smad6,-3.238106346479351
4336,Smad9,0.1109980375893212
4337,Smap2,-0.2834967614855678
4338,Smarca1,0.11549504171509807
4339,Smc4,-0.11349532518408256
4340,Smchd1,-0.5379508280119443
4341,Smco1,0.030244778696548933
4342,Smim31,0.00513723683391322
4343,Smoc2,0.3490926780179513
4344,Smox,-0.2935317682621595
4345,Smpd3,0.20424263136095452
4346,Smpd5,0.18279895894526046
4347,Smpx,-0.03733045632176534
4348,Smtn,-1.9560303102805976
4349,Snai1,0.0410694143214564
4350,Snap25,0.10966160464161992
4351,Snca,0.11633965220459809
4352,Sncaip,-1.073205379827876
4353,Sncg,-0.11186874385542597
4354,Sned1,-0.11503783631374702
4355,Snn,-0.8053769471020472
4356,Sntb1,0.4570029774460514
4357,Sntb2,-2.095473490182333
4358,Sntg1,-0.011811343071601333
4359,Snx20,0.12111817979855473
4360,Snx24,0.38713099187649685
4361,Snx33,-0.0908392402124884
4362,Soat1,-0.2265164661187672
4363,Socs1,-0.08117158896456651
4364,Socs3,0.12519159245723965
4365,Sohlh1,-0.058639646094669456
4366,Sorbs2,-2.181202642756536
4367,Sorcs1,0.06747334217362413
4368,Sorcs3,0.2285446537440727
4369,Sorl1,0.9135053814124394
4370,Sowahd,-0.002468112825299698
4371,Sox10,0.05959959094717999
4372,Sox13,-3.481368957752037
4373,Sox15,0.05019283403816098
4374,Sox17,-2.026132713046872
4375,Sox21,0.017475501557364083
4376,Sox4,-0.1225639903349308
4377,Sox7,-0.8695459911904679
4378,Sp100,-4.533345351550286
4379,Sp5,0.1157347383128632
4380,Spaca7,0.053317556562876636
4381,Spag1,-2.355936478571742
4382,Spag5,0.02149160659497774
4383,Spag8,-0.017214872321352465
4384,Spam1,0.00016618825431104645
4385,Sparcl1,-1.8206251272978367
4386,Spata25,-0.006472668694011733
4387,Spats2l,-2.207924384153947
4388,Spc25,0.027389567457648693
4389,Specc1,0.5333479841645199
4390,Spef2,0.031022767137305642
4391,Speg,-0.012113611565433273
4392,Spem1,0.22473660069442047
4393,Spetex-2E,-0.017111083189945437
4394,Spetex-2F,0.06024071483070535
4395,Sphkap,0.22084754231006
4396,Spi1,0.025419175199417464
4397,Spib,-0.059254881896166706
4398,Spic,-0.010908072897485688
4399,Spin2b,0.030519554460673882
4400,Spink1,-0.06875629178283205
4401,Spink13,-0.05761312535166514
4402,Spink8,-0.03357985738691102
4403,Spint1,0.017073666931048337
4404,Spn,0.035260649006555095
4405,Spns2,-1.7795511226710268
4406,Spns3,-0.05705995160822758
4407,Spo11,0.05379757489503854
4408,Spock3,0.035628247596146675
4409,Spon1,0.6681097944022952
4410,Spp1,0.05872900240419664
4411,Spred1,-1.0903543989597029
4412,Sprn,0.02108236438584247
4413,Spry1,-0.14812818141019035
4414,Spry2,0.08054871453301954
4415,Spry3,-0.12313870101791566
4416,Spta1,0.029170513065688373
4417,Sptb,-0.02265693550351843
4418,Sptbn1,-17.027762336227454
4419,Sptlc3,-0.10113004637061718
4420,Sqor,0.06605553453607892
4421,Srcin1,0.14308450534230463
4422,Srd5a2,0.09617059999089694
4423,Srebf1,0.9904990934270811
4424,Srgap1,-1.8305317120157183
4425,Srgap2,-5.127117194736294
4426,Srgap3,0.25314354960089547
4427,Srgn,-0.10843692148772464
4428,Srms,-0.15360202058383066
4429,Srpk3,-0.027666766286036513
4430,Srpx2,0.04341402982109524
4431,Srrm4,0.045526635869479457
4432,Ssc5d,0.20134379181976808
4433,Ssh2,-2.181917646286372
4434,Sstr3,0.0012976207615088189
4435,Ssuh2,0.18109680913676604
4436,St14,-0.05267437017572449
4437,St18,0.07735890830786737
4438,St3gal1,-3.414741279688137
4439,St6gal1,-2.370601035730607
4440,St6galnac3,-8.525785631905164
4441,St6galnac5,-0.05773145236872732
4442,St8sia1,0.13325375205913745
4443,St8sia4,-1.1439618433965606
4444,St8sia6,0.10353275370169832
4445,Stab1,-0.016892913636444115
4446,Stab2,-0.02067871299798756
4447,Stac,0.051146974032881015
4448,Stac2,0.04306025874244885
4449,Stag3,-0.0639104278197433
4450,Stap1,0.029192906700654903
4451,Stap2,-0.3491365751828205
4452,Stard10,0.13249957013351427
4453,Stard13,-8.301884985011009
4454,Stard8,-0.28099956629016926
4455,Stard9,-4.272148247460151
4456,Stat2,-0.29551151839220563
4457,Stat4,-0.1876302016929645
4458,Steap4,0.22968051582897345
4459,Stfa2l1,0.032998111010851094
4460,Stfa2l2,-0.03656481540795581
4461,Stfa2l3,-0.04481551675569046
4462,Stimate,0.3730637783721455
4463,Sting1,-0.07666582687943362
4464,Stk10,-1.2369254654012796
4465,Stk17b,0.2892579427156611
4466,Stk26,0.1442894579731022
4467,Stk32a,0.007884165042170726
4468,Stk32b,0.12851968551843665
4469,Stk39,-0.09929376345824999
4470,Stmn1,-0.0565024534476913
4471,Stmn2,0.06348450343326927
4472,Stmn4,0.017618430388033547
4473,Stoml1,0.020788696102564785
4474,Ston2,0.26557410166857753
4475,Stox2,-8.360338939508013
4476,Stpg4,-0.018630953355441106
4477,Stra6l,0.04038796112985927
4478,Stra8,0.06677777903435515
4479,Stum,0.08607520873748814
4480,Stx11,0.05222192266255299
4481,Stx3,-0.033500961784175796
4482,Stxbp1,-0.733292756251513
4483,Stxbp5l,0.060172010057967615
4484,Stxbp6,-3.719203271912514
4485,Styk1,0.10200397406136452
4486,Sulf1,0.8105779340636277
4487,Sulf2,0.15914742540453694
4488,Sult1c2a,0.07312054473841842
4489,Sult1d1,0.12486472324516454
4490,Sult1e1,-0.021953957941999325
4491,Sult2a2,0.034748133467946446
4492,Sult2b1,-0.0019995008090180223
4493,Sun3,-0.035733766231634906
4494,Susd1,0.15942340455778564
4495,Susd2,-0.26772802972315135
4496,Susd3,0.03715820132633743
4497,Susd4,0.31870705827412066
4498,Susd5,-0.050145948321732775
4499,Sv2a,0.09622169155684551
4500,Sv2b,0.005705992893664455
4501,Sv2c,-0.09257396236273704
4502,Svep1,1.5015794271163085
4503,Svil,0.3913587988435848
4504,Syce3,-0.07205020063724078
4505,Sycp2,-0.1818962683120543
4506,Syk,0.20349066221266146
4507,Syn3,-0.34925213604034383
4508,Syndig1,0.06773758731282808
4509,Syndig1l,0.004328415949474099
4510,Syne1,-11.42704787668512
4511,Synj2,0.3658376522267043
4512,Synm,-0.011625939075220498
4513,Synpo2,-0.014542076021573369
4514,Synpr,-0.08550332032587053
4515,Syt10,-0.00039099081103611925
4516,Syt16,-0.037213211288317144
4517,Syt17,-0.046177487560369386
4518,Syt6,0.17973648586530688
4519,Sytl1,0.11690787974873289
4520,Sytl2,0.10292688158533195
4521,Sytl3,0.06741342528635837
4522,Sytl5,1.2726993664151642
4523,T2,-0.017668289753521985
4524,Tacc1,-1.6093542071332056
4525,Tacc3,0.11197327840764947
4526,Tacr1,0.2020925910663211
4527,Tafa2,0.043961328697223384
4528,Tafa3,-0.05352163398073578
4529,Tafa4,0.0036813364646426858
4530,Tafa5,0.0158940810937409
4531,Tagap,0.12806462986430714
4532,Tal1,-1.0759562580517423
4533,Tanc1,-5.154640402584887
4534,Tanc2,-3.293280199488258
4535,Tap1,-0.4709691136432801
4536,Tap2,-0.9320305858312736
4537,Tapbp,0.03151394805332751
4538,Tarm1,0.06802075283529795
4539,Tasl,0.0010227487921976646
4540,Tat,-0.10298064626252568
4541,Tbata,0.12409090232860967
4542,Tbc1d1,-0.1227384487253057
4543,Tbc1d10c,0.07827296785649195
4544,Tbc1d4,0.9766851753350054
4545,Tbc1d9,-2.961462463319462
4546,Tbcc,-0.10230118527982851
4547,Tbx18,0.1705852291112204
4548,Tbx2,-0.018157086168575795
4549,Tbx21,-0.004059345829902288
4550,Tbx22,0.00940864725044784
4551,Tbx3,-1.7383067570337427
4552,Tbx5,0.04489019660452841
4553,Tbxas1,0.2809860895509637
4554,Tc2n,0.3747664817152491
4555,Tcaf2c,-0.13890029285157748
4556,Tcam1,-0.011950983013946606
4557,Tcap,-0.0698155895896092
4558,Tceal5,-0.062341792063164155
4559,Tcerg1l,-0.021743284772450373
4560,Tcf15,-0.9182176933416418
4561,Tcf4,-16.804150518104997
4562,Tcf7,0.08858432749921401
4563,Tcf7l1,-3.884277746859075
4564,Tcfl5,-0.05020299544414077
4565,Tcim,-0.755424988552329
4566,Tdh,0.06863778206188693
4567,Tdrd12,-0.007256182528220518
4568,Tec,0.13331675254647274
4569,Tecrl,-0.16529276461517453
4570,Tedc1,0.07963178987242017
4571,Teddm1a,-0.043578724007390116
4572,Tek,-4.5246608717725465
4573,Tekt3,0.016212877785019484
4574,Tenm1,-0.05730469902653219
4575,Tenm2,0.12538370742050575
4576,Tenm3,0.3610086169171836
4577,Tenm4,0.293462687262267
4578,Tent5c,0.12058034675403466
4579,Tent5d,-0.0446506699961807
4580,Tesc,0.013828643516317077
4581,Testin,0.03937520834391551
4582,Tet1,-0.016239845183040252
4583,Tex11,-0.04261738167181111
4584,Tex26,-0.027003390072315843
4585,Tex48,-0.00941438872656861
4586,Tf,-0.10399890879148968
4587,Tfap2e,0.03858182102767774
4588,Tfec,-0.0045655430873863334
4589,Tff3,0.017028168807609927
4590,Tfr2,0.009535858147462198
4591,Tfrc,1.0437980327280765
4592,Tgfa,0.4490630784607389
4593,Tgfb1,-1.1685697695629464
4594,Tgfb2,0.4771224108279146
4595,Tgfbi,0.26027509360840634
4596,Tgm1,0.07823412479157474
4597,Tgm2,-0.8964676850632387
4598,Tgm3,0.02222292386585214
4599,Tgm5,0.01881022719921177
4600,Tgm6,0.069390215376577
4601,Thap11,0.15695246932062956
4602,Thbd,-0.23140848041828416
4603,Thbs1,0.14595444803334018
4604,Thbs2,0.0397190306720151
4605,Thbs3,0.037666910260076986
4606,Them6,-0.0002279393746411262
4607,Themis,0.31982393370135437
4608,Themis2,0.16492913884213742
4609,Themis3,0.026799414877059745
4610,Thsd4,1.7551064934800098
4611,Thsd7a,1.2052159248723122
4612,Thsd7b,0.10253171960564451
4613,Thy1,0.025994306204272826
4614,Tie1,-2.5257681032897485
4615,Tifab,0.07664200748879244
4616,Tigd3,-0.018384922024936187
4617,Timd2,0.04565649049787657
4618,Timd4,0.07620946240471982
4619,Timeless,0.09675074710288634
4620,Timm8a2,-0.10370420905161518
4621,Timp2,0.07280599965449663
4622,Timp3,-1.8783467239506684
4623,Timp4,-3.1324890885572074
4624,Tk1,0.01993192970602159
4625,Tkt,1.3548022394779902
4626,Tktl1,-0.0528836253885295
4627,Tlcd5,-0.009587930503912531
4628,Tle4,-0.6255820924962374
4629,Tll1,0.25631320348425957
4630,Tlr1,0.0413953419932319
4631,Tlr12,0.023433317541929732
4632,Tlr13,-0.050998697237836385
4633,Tlr2,0.045784138972922085
4634,Tlr5,0.11040976502731774
4635,Tlr7,-0.028901911517413368
4636,Tlr8,0.0579832262988026
4637,Tlr9,0.05633952884605538
4638,Tlx1,0.07397096257806858
4639,Tm4sf1,0.33248862541702573
4640,Tm4sf19,0.08843313160509997
4641,Tm4sf4,-0.03253881778108788
4642,Tm4sf5,0.03997230188003817
4643,Tm6sf1,-0.49579192690846274
4644,Tmc1,0.010169732177519548
4645,Tmc2,-0.0391461493936184
4646,Tmc6,-0.3749539603836123
4647,Tmc8,-0.7559301802053044
4648,Tmcc3,-2.6033550806891643
4649,Tmco5b,-0.03976269802311201
4650,Tmed11,-0.031323800083505667
4651,Tmed6,-0.03533714235875171
4652,Tmeff2,0.12341714745704613
4653,Tmem100,0.27158024253340574
4654,Tmem106a,-0.027281873180331928
4655,Tmem108,-1.0034599511611095
4656,Tmem130,0.0008326097066189394
4657,Tmem131l,-0.29403614005186446
4658,Tmem132b,-0.015615194589736201
4659,Tmem132c,-0.02424938828147358
4660,Tmem132d,-0.11392138464393302
4661,Tmem150b,0.11199587098805866
4662,Tmem154,0.31459736846892206
4663,Tmem156,0.24130699340856193
4664,Tmem158,0.03908280936389186
4665,Tmem163,0.10013831333424772
4666,Tmem176a,-0.001900899681082359
4667,Tmem176b,0.11965225824905741
4668,Tmem196,-0.007937016883522666
4669,Tmem217-1,0.009779496497973675
4670,Tmem229b,-0.12039082009337038
4671,Tmem236,-0.05603533692827832
4672,Tmem252,-0.17474183560139092
4673,Tmem26,0.013434658194873581
4674,Tmem266,0.033638021248169836
4675,Tmem273,0.06753300535317
4676,Tmem35a,0.041229282388467334
4677,Tmem35b,0.06567454671721294
4678,Tmem40,0.035070767969795684
4679,Tmem45a,0.08288314951050854
4680,Tmem45b,-0.04538542187498637
4681,Tmem51,-0.06888929760925472
4682,Tmem52,0.009342603777460348
4683,Tmem52b,-0.003162235706806334
4684,Tmem63c,-0.009900852988203396
4685,Tmem71,0.08648430633296139
4686,Tmem72,-0.0360975300134955
4687,Tmem74,-0.030222964893202142
4688,Tmod1,-0.1079656951549445
4689,Tmod2,0.05491657131034594
4690,Tmprss11a,0.010476058739270013
4691,Tmprss11b,-0.06237943824046137
4692,Tmprss11d,0.043758497478630684
4693,Tmprss11g,0.06787337553616815
4694,Tmprss13,0.013468792596848673
4695,Tmprss15,0.0554570847295477
4696,Tmprss2,0.2017034472087932
4697,Tmprss4,-0.04434519726453399
4698,Tmsb10,-0.005658847236766254
4699,Tmsb4x,-1.4582510027879168
4700,Tmtc1,-2.336766559688403
4701,Tmtc2,0.12258399842749726
4702,Tnc,-0.20095308459195713
4703,Tnf,-0.10235969977604158
4704,Tnfaip2,0.1205000784668705
4705,Tnfaip3,0.14500412551099076
4706,Tnfaip6,0.008916371942781491
4707,Tnfaip8l2,0.12314845576117436
4708,Tnfaip8l3,0.04562809776220811
4709,Tnfrsf11a,-0.35004556149692995
4710,Tnfrsf11b,-0.2083610741065813
4711,Tnfrsf13c,0.011228053100332355
4712,Tnfrsf14,0.1739527900465901
4713,Tnfrsf18,0.16497952185920173
4714,Tnfrsf1b,-0.7400755922598494
4715,Tnfrsf21,-0.2681659562007159
4716,Tnfrsf25,-1.0057717757416156
4717,Tnfrsf26,-1.122784148762256
4718,Tnfrsf8,-0.03906398330847996
4719,Tnfsf11,0.002353195353682544
4720,Tnfsf13,-0.08904819801696694
4721,Tnfsf13b,0.018739412185248078
4722,Tnfsf14,0.027457010214326668
4723,Tnfsf4,-0.026442481359508774
4724,Tnfsf8,0.04090773614869851
4725,Tnfsf9,0.03943585618501418
4726,Tnik,0.03370191489758756
4727,Tnip3,-0.004046924312970155
4728,Tnk1,0.053699033692584094
4729,Tnmd,0.02660137330459629
4730,Tnn,-0.08268342582649871
4731,Tnni1,-0.13072003871449855
4732,Tnni3,-0.031505051907079605
4733,Tnni3k,0.005975456466820017
4734,Tnnt1,-0.14142181807774593
4735,Tnnt3,0.21639127193321273
4736,Tnr,-0.06162090310801177
4737,Tns3,0.3567606499317303
4738,Tns4,0.06713022767561984
4739,Top2a,0.01145687932590906
4740,Tox,1.0450800237214675
4741,Tox3,-0.7298067717479855
4742,Tp63,-0.02972216569911943
4743,Tp73,0.010190519968845294
4744,Tpd52,0.1180855533045227
4745,Tpm1,-1.4466645655284849
4746,Tpm2,0.22812136373264366
4747,Tpm4,-0.8551686044431116
4748,Tprg1,0.021996924029224218
4749,Tprn,-0.033645366095079635
4750,Tpst1,-0.2096719388978749
4751,Trabd2b,0.16015955794309533
4752,Traf1,-0.1717809246616447
4753,Traf3ip3,0.34875646423192397
4754,Traf5,-0.6654016748616618
4755,Tram2,0.07344450160835966
4756,Trank1,-0.024002702315433215
4757,Trat1,-0.10249753219448715
4758,Travl-ps1,0.039413990921412234
4759,Trbv1,-0.024001022828393642
4760,Trdn,0.182469322334825
4761,Treh,-0.012498635297119861
4762,Trem2,-0.032872156043025465
4763,Treml1,0.09599828133316493
4764,Treml2,0.20397118899953015
4765,Treml4,0.3939428793610576
4766,Trerf1,0.4102752974619032
4767,Trhde,0.8519133678748152
4768,Trhr,0.020187279609725862
4769,Trib2,-0.9061607698735439
4770,Tril,-0.23220145211250404
4771,Trim29,-0.008925108913406293
4772,Trim30c,-0.011994545822815277
4773,Trim34,-0.08771610744100178
4774,Trim37,-0.39519129387033336
4775,Trim47,-0.4753090266991976
4776,Trim54,0.04828375186522411
4777,Trim59,-0.04171389806426809
4778,Trim6,-0.020110834529572595
4779,Triml2,0.02285200415176403
4780,Triqk,-0.12148360795167082
4781,Tro,0.01745048597325907
4782,Trpa1,-0.03842393259150784
4783,Trpc3,0.01147773308069638
4784,Trpc6,0.024671090864561016
4785,Trpm2,0.22467491926021496
4786,Trpm3,0.4309758696220916
4787,Trpm5,0.014583660362859423
4788,Trpm6,0.16488828818880813
4789,Trpv2,0.01592567491699661
4790,Tshr,0.6171749456655301
4791,Tshz2,-12.202568298301765
4792,Tshz3,-1.216673583285012
4793,Tsnaxip1,-0.04089090209405092
4794,Tspan11,0.17943893299271732
4795,Tspan13,-1.6931189600383023
4796,Tspan18,0.2291580824113643
4797,Tspan2,-1.434244617830395
4798,Tspan32,0.11517153674848227
4799,Tspan33,0.035032720558669274
4800,Tspan5,0.5387285134405627
4801,Tspan7,-0.8233069645332092
4802,Tspan8,0.07850927268609516
4803,Tspan9,-5.387528020639197
4804,Tspear,-0.03385837571028882
4805,Tspyl1-1,-0.033534785524452076
4806,Tssk4,0.03480105259787929
4807,Tstd1,0.046900339567395276
4808,Ttbk1,0.004832572675926046
4809,Ttc21a,0.0070622333093852685
4810,Ttc23l,0.028311342721877287
4811,Ttc3,-3.753417784304479
4812,Ttc30a,0.028077738837480607
4813,Ttc7a,0.27219597791261796
4814,Ttll7,-1.320991029173482
4815,Ttn,-0.11692619898448298
4816,Ttyh2,0.22394367021959782
4817,Tub,-0.05924176983733747
4818,Tuba1a,-0.35379078313315226
4819,Tubb2a,0.1082667158861335
4820,Tubb3,0.037106287067237405
4821,Tubb4a,-0.02979889673627606
4822,Tuft1,-0.0603327791626149
4823,Txk,0.014760434578409386
4824,Txndc2,-0.02503791576648453
4825,Txndc5,-0.13971183915012542
4826,Txnip,-0.645022943889406
4827,Tyr,0.006998799878520992
4828,Tyrobp,0.11578123412543251
4829,UST4r,0.11633886740633927
4830,Uaca,-5.1905805328605545
4831,Uap1,-1.1117905957913714
4832,Uba7,-0.2842948301981367
4833,Ubash3a,0.03197033567669695
4834,Ubash3b,-0.060355009681564556
4835,Ubd,-0.02960571116993421
4836,Ube2t,0.05859862768046641
4837,Ubqln2,-0.06659111614847898
4838,Ubxn10,0.05775424561667614
4839,Uchl1,0.1271039539484669
4840,Ucp2,0.3492561317779287
4841,Ugcg,-1.0825688388119867
4842,Ugt1a8,0.21905132498690771
4843,Ugt2a1,0.09138004840045075
4844,Ugt2b,0.027317871764103316
4845,Ugt8,-0.02838484917794112
4846,Uhrf1,0.030128459187933065
4847,Umodl,0.008386296290570895
4848,Unc119,0.04064580264656005
4849,Unc13b,0.15428042905852313
4850,Unc13c,-0.07593146239811255
4851,Unc13d,0.23313952482076825
4852,Unc5c,-0.1913503391937098
4853,Unc79,0.17220195564731194
4854,Unc93b1,0.08027457209424632
4855,Urad,0.028857901748984567
4856,Ushbp1,-3.6011456972793603
4857,Usp18,-0.8460737461026098
4858,Usp44,0.04192935521712447
4859,Ust,0.43101625319195425
4860,Utrn,-6.002960065767375
4861,Vangl2,-0.029735011113656402
4862,Vash2,0.043325381906012345
4863,Vat1,-0.3370421168313601
4864,Vav1,0.1918384982877489
4865,Vav3,0.6006627290151417
4866,Vcam1,0.13023203689246332
4867,Vcan,-0.027778312563416254
4868,Vcl,-4.459199053888751
4869,Vcsa2,0.025938198902504116
4870,Vdr,-0.12846408370089007
4871,Vegfc,0.2977353358631735
4872,Vegfd,-0.026156855470408278
4873,Veph1,0.0027583896525158746
4874,Vgll3,0.08078981727340781
4875,Vil1,-0.01656303066386295
4876,Vipr2,0.1320162119562876
4877,Vmn2r116l-ps24,-0.06890030807840702
4878,Vom1r10,0.013731018788696484
4879,Vom1r103,0.02764814693965674
4880,Vom1r3,0.03842420740534887
4881,Vom1r44,-0.10396784514112142
4882,Vom1r92,0.028034567218950743
4883,Vom2r-ps67,-0.06267453486889978
4884,Vom2r1,-0.010708459253773294
4885,Vom2r11,-0.043546730953199386
4886,Vom2r18,-0.044810295465669496
4887,Vom2r25,-0.020455914163981338
4888,Vom2r27,0.017626561528578156
4889,Vom2r31,-0.024233434349379773
4890,Vom2r33,-0.014422151079308575
4891,Vom2r33-1,-0.03284396777778251
4892,Vom2r38,0.01644203602963951
4893,Vom2r40,0.03465925707926547
4894,Vom2r42,-0.012795660856827954
4895,Vom2r50,-0.022108188459958038
4896,Vom2r53,-0.006966256506224413
4897,Vom2r58,0.06520773545104161
4898,Vom2r59,0.02802891577960368
4899,Vom2r63,-0.0601191430989753
4900,Vom2r64,-0.04648729763335444
4901,Vom2r72,0.0018335502620807744
4902,Vom2r76,0.04281958466876366
4903,Vom2r77,0.09571094185159322
4904,Vom2r8-1,0.030722955396247507
4905,Vom2r80,0.01598069534100522
4906,Vpreb2,-0.021373562314156942
4907,Vsig1,0.04206695040047752
4908,Vsig4,-0.03070627987995915
4909,Vsir,0.09266070790754152
4910,Vstm1,0.01623132020133776
4911,Vstm2b,-0.0948610699889553
4912,Vstm4,0.11562621155879049
4913,Vtn,-0.05840783270248311
4914,Vwa2,0.014231823060953703
4915,Vwa5b1,-0.031223067253095354
4916,Vwa5b2,0.005870973737922631
4917,Vwc2,0.038758991078046964
4918,Vwf,-0.2830089503565706
4919,Vxn,-0.025799894405531393
4920,Was,0.04246059485590942
4921,Wdfy4,0.3612993670764344
4922,Wdr17,0.09145434619762662
4923,Wdr49,0.02962355742095762
4924,Wdr72,0.015474014356677276
4925,Wfdc21,0.114735153285752
4926,Wfdc8,-0.031078982734649794
4927,Wif1,-0.5126768703884201
4928,Wipf1,-0.5074606126661846
4929,Wnt10b,0.048796404031026766
4930,Wnt2b,0.015563534196121479
4931,Wnt6,0.04240328782628065
4932,Wnt8a,0.010176718472941892
4933,Wsb1,-0.7015529223111634
4934,Wt1,0.21185737834174884
4935,Wwc1,0.014959108495620432
4936,Wwtr1,-2.4880054658767246
4937,Xaf1,-0.6532172440932779
4938,Xcl1,0.04729085610037201
4939,Xirp1,0.061397793016252436
4940,Xirp2,0.05039209313203398
4941,Xkr4,0.280069492394599
4942,Xkr9,-0.03186447793947358
4943,Xkrx,-0.024680618584909414
4944,Xrra1,-0.0017299517464981796
4945,Xylt1,-1.378922803826364
4946,Zan,-0.06763351046656142
4947,Zap70,0.19993035786857583
4948,Zar1l,-0.0319690718359571
4949,Zbbx,0.15718322527140305
4950,Zbp1,0.06596968508828227
4951,Zbtb16,-4.10105787431441
4952,Zbtb46,-7.284922026353286
4953,Zbtb8b,0.10613523450198944
4954,Zc3h10,0.11500301821644968
4955,Zc3h12b,0.12003579441475228
4956,Zc3h12d,0.09885984660746246
4957,Zcchc24,-0.2662627855195696
4958,Zdhhc14,-0.20180958971785629
4959,Zeb1,-7.640417510689895
4960,Zeb2,1.7478005379935713
4961,Zfhx4,0.24685633004588392
4962,Zfp101,-0.08192230293272285
4963,Zfp287,-0.13772334936157354
4964,Zfp354c,-0.01730973173550445
4965,Zfp36,-0.1747091677137406
4966,Zfp366,-2.330612036173685
4967,Zfp36l2,-0.487532361574465
4968,Zfp382,0.13526289068844755
4969,Zfp385b,0.11856590173247901
4970,Zfp385d,1.0945589823814577
4971,Zfp462,-0.17810165746987083
4972,Zfp521,-0.6409825262366036
4973,Zfp536,0.0005442539604048368
4974,Zfp551,-0.03036053630754428
4975,Zfp57,-0.22803352908804164
4976,Zfp575,-0.0271799895373955
4977,Zfp583,0.12146940823595795
4978,Zfp59,-0.3030183777647969
4979,Zfp622,-0.05662162527766537
4980,Zfp663,0.062312106550580275
4981,Zfp683,-0.005178542146818295
4982,Zfp804a,0.0007116282698816073
4983,Zfp804b,0.1301978058468964
4984,Zfp82,-0.039343346258096434
4985,Zfp853,-0.06729783532233385
4986,Zfp92,0.034855880170921255
4987,Zfpm1,-1.0050197417341205
4988,Zfpm2,0.6592420012069298
4989,Zmat4,0.03481515472613886
4990,Znf660,0.15444056943672987
4991,Znrf1,-5.18973396475006
4992,Znrf4,0.04837910416162038
4993,Zp3,0.0370356636421658
4994,Zpbp,-0.08794497689292681
4995,Zpld1,-0.05787160840826802
4996,Zscan10,-0.09536287208521549
4997,Zswim6,-3.8147816472405687
4998,Zyx,-0.30977987426707226
4999,hist1h2ail2,-0.039308324334007376
