,Gene,Score
0,1700066B19Rik,-0.004411516616943567
1,6330411D24Rik,-0.07401893348395502
2,A2m,0.0008152537939592249
3,AABR07000398.1,0.45875862619613583
4,AABR07001902.1,0.0216682919996019
5,AABR07002969.1,-0.8151485040875943
6,AABR07006283.1,-0.03977232843036323
7,AABR07008309.1,-0.04912369630034043
8,AABR07015941.1,0.004562860521111098
9,AABR07017838.1,0.03408918711915399
10,AABR07017902.1,-0.22499677176118743
11,AABR07019403.1,0.22970887748059654
12,AABR07021213.1,-0.009963897808899632
13,AABR07021536.1,0.0647644613194251
14,AABR07025986.2,-0.4456295473404727
15,AABR07026002.1,0.03802629353322974
16,AABR07026557.1,0.06768081327383652
17,AABR07027872.1,-0.06904357785514842
18,AABR07028615.1,-1.605838141438848
19,AABR07028874.1,-0.05277304105688127
20,AABR07028902.1,-1.0724623794573107
21,AABR07030544.1,0.07499930615694339
22,AABR07031491.2,-0.3692071974543452
23,AABR07032097.1,-0.09828992243628731
24,AABR07034636.1,0.03271650668530664
25,AABR07039446.1,0.050881601648183526
26,AABR07040864.1,0.6874671304805766
27,AABR07041089.1,-0.02236538864041882
28,AABR07044065.1,-0.02820374829266659
29,AABR07044388.2,0.5495536167376354
30,AABR07044408.3,-0.0674880298970377
31,AABR07044631.2,-0.8703559948999027
32,AABR07045621.1,0.006939241456873817
33,AABR07049134.4,0.01721360765545478
34,AABR07052559.1,0.029113007443598182
35,AABR07054614.1,-0.06627927335161105
36,AABR07058479.1,-0.3125044518427447
37,AABR07059215.1,-0.04487916217750325
38,AABR07060872.1,-0.049774571768581806
39,AABR07060996.1,0.0686098123933382
40,AABR07062154.1,0.011421642802721642
41,AABR07063082.1,0.018641750903879283
42,AABR07064753.1,0.009937681941239649
43,AABR07064804.1,0.07958625687991838
44,AABR07070043.1,-0.05052539797923719
45,AABR07071935.1,-0.005227939115004023
46,AABR07072562.1,0.014058090099821383
47,AABR07072761.1,0.026481290814392974
48,AABR07072807.1,-0.021276889074311765
49,AC095947.1,0.018562745185557884
50,AC098622.1,-0.046528403562684145
51,AC109737.1,-0.1042479146248629
52,AC112557.1,-0.031654499668053254
53,AC113910.1,0.03964013543704257
54,AC114093.1,0.13904317659699392
55,AC118490.1,-0.03472369948991244
56,AC118496.1,-0.009502883451997762
57,AC118772.2,-0.01437547719466503
58,AC119007.5,-0.01779916695636767
59,AC125757.1,0.1375134718734134
60,AC129365.1,0.023367425651857843
61,AC131360.1,0.053280901538799844
62,AC131806.3,0.0533217114285917
63,Aass,-0.09652970318990212
64,Abca1,0.13377163346364943
65,Abca12,-0.012129477336287985
66,Abca17,-0.029109404125819846
67,Abca7,0.16654241214345766
68,Abca8,0.3276989791509743
69,Abca8a,2.311235833011465
70,Abca9,0.4550250873602586
71,Abcb1a,0.025029290371375437
72,Abcb1b,0.029634184462899418
73,Abcb4,0.047496323252734673
74,Abcc5,0.17514394457042565
75,Abcc9,0.03636394385498426
76,Abcg1,0.1428364891206494
77,Abcg2,-0.034407989356626215
78,Abcg3l1,-0.23898703706872093
79,Abcg3l2,-0.08485521279896213
80,Abcg3l3,-0.23654611082993754
81,Abcg3l4,-0.28732016189688525
82,Abcg5,0.0035114272058848865
83,Abhd8,0.018480581267361462
84,Abi3,-0.5870762245852696
85,Abi3bp,0.6594014042797804
86,Ablim3,-1.557470598660692
87,Abr,-0.6477194424962844
88,Abracl,-0.05448992689490739
89,Abtb3,-0.2096893048422366
90,Acaca,0.5180725766910599
91,Acap1,-0.12961710785056457
92,Acer2,0.10043307814956545
93,Ache,-0.006716287614904149
94,Ackr1,-0.02625496911482307
95,Ackr2,-0.11600629696549962
96,Ackr3,-0.2165094722289022
97,Ackr4,0.4008167450196509
98,Acly,-0.19557823770372146
99,Acot1,-0.0013178448702257312
100,Acp3,-0.022623620967882598
101,Acrv1,0.022520366827962667
102,Acsl5,-0.012307006578182539
103,Acss1,-0.10318349241558286
104,Acta2,0.5359520448324167
105,Actb,0.15666271794123668
106,Actg1,0.3315054717112418
107,Actg2,0.16811528873967338
108,Actn1,-0.34926715036736666
109,Acvr2a,-0.31569267982087573
110,Acvrl1,0.42975230356327254
111,Ada,-0.28305524828988404
112,Adam12,1.268308610015553
113,Adam15,0.07986144202142445
114,Adam19,-0.24664866710204184
115,Adam1a,-0.013275352866019862
116,Adam22,0.08048393499259629
117,Adam23,-0.7316500009960072
118,Adam33,0.6425932160571486
119,Adam3a,0.026811437840228942
120,Adam8,-0.025171717372024185
121,Adamts1,0.18907529300403747
122,Adamts14,-0.11489149373366585
123,Adamts15,0.3279575881618413
124,Adamts16,-0.01870066709126844
125,Adamts19,-0.08835878694592321
126,Adamts2,-0.05365024892419776
127,Adamts20,-0.02800759272908309
128,Adamts3,0.0804938218907365
129,Adamts5,0.6037779725709098
130,Adamts7,0.02355395297761285
131,Adamts9,0.04947277864513498
132,Adamtsl1,-0.15262563964149908
133,Adamtsl2,0.07157825223684788
134,Adamtsl3,-0.883847266249587
135,Adamtsl5,0.0579812024604307
136,Adap2,-0.46568106376645535
137,Adar,-0.7178230487556292
138,Adarb1,0.2761860329084477
139,Adarb2,-0.012584326285547395
140,Adcy1,0.018578226579321663
141,Adcy2,-0.041257482709980316
142,Adcy4,-0.06201782321839637
143,Adcy5,1.317479270867143
144,Adcy7,-0.4227549817215944
145,Adcyap1r1,0.1287298360786545
146,Adgb,-0.040770412207060236
147,Adgra2,0.2362349060477118
148,Adgrb1,-0.04319483225197
149,Adgrb3,-0.02451148312221769
150,Adgrd1,0.5612936116226416
151,Adgre1,-0.18327901990155976
152,Adgre4,-0.38808889737701247
153,Adgrf1,-0.006078253916313988
154,Adgrf5,-2.573735322142299
155,Adgrg1,0.6162961939249143
156,Adgrg2,0.024755698164640967
157,Adgrg3,-0.26263102131107385
158,Adgrg5,-0.05853239374312459
159,Adgrg6,-0.9078156941608934
160,Adgrg7,-0.03761376322176425
161,Adgrl1,-0.24538416788993817
162,Adgrl3,-0.025647776051162377
163,Adgrl4,-2.0452285429795296
164,Adh6,-0.06443928967064554
165,Adh7,0.004716573857056443
166,Adm,0.3935092252637992
167,Adora2a,-0.1626612236268563
168,Adra1b,0.1414633060258869
169,Adra2a,0.05782732086334673
170,Adra2b,0.034063856386408756
171,Adrb2,-0.6523081159187998
172,Aebp1,0.13148002150717708
173,Afap1l1,-0.7754228688210605
174,Afap1l2,-0.2680656861365481
175,Aff3,0.3355351908568852
176,Afmid,-0.24751265601464073
177,Agap2,-0.040352369114928545
178,Agbl1,-0.11133615724555501
179,Agpat4,-1.0949543449339632
180,Agt,0.15888145341453802
181,Agtr1a,0.4464275007632945
182,Ahnak,-0.5052116221320946
183,Ahr,-0.2741170149133808
184,Aif1,-0.027499564219500172
185,Aim2,-0.6581711288035428
186,Ajuba,0.15806753039583576
187,Ak5,-0.10071062699668479
188,Ak9,0.01607286149531577
189,Akap12,0.49013083446106864
190,Akap17b,0.00598844772129413
191,Akap6,0.33186387833473185
192,Akna,-0.6501579752265478
193,Aknad1,-0.029150245914116843
194,Akr1b10,-0.0210359426037314
195,Akr1b7,-0.010534561109348944
196,Akr1c14,0.12678546708540533
197,Akr1c15,-1.5507278423977184
198,Akr1c2,-0.06175623185843183
199,Akt3,-2.0073903404898212
200,Albfm1,0.043202423139101345
201,Alcam,-1.8742295957894137
202,Aldh18a1,-0.1317947349864615
203,Aldh1a1,0.09465936991853162
204,Aldh1a2,0.28731585167142093
205,Aldh1a3,0.5100975817277515
206,Aldh1l2,0.01522174080434425
207,Alk,0.1803577680650214
208,Alkal2,-0.03609343157756177
209,Allc,0.03210656021628375
210,Alox12,-0.04086478271542146
211,Alox15,-0.009309834904208853
212,Alox5,-0.4605291327792034
213,Alox5ap,-0.37546555483799804
214,Als2cl,-0.3270501813576965
215,Amdhd1,-0.08594609599075732
216,Amz1,-0.4862672602772039
217,Angpt1,0.7880137159680669
218,Angpt2,0.17300241454154375
219,Angpt4,-0.02763833907610054
220,Angptl1,-0.05883136829851743
221,Ank2,1.1390615893240175
222,Ank3,1.409892785760023
223,Ankrd1,0.11532687071540701
224,Ankrd13d,-0.27912071899834356
225,Ankrd22,0.01574449918716661
226,Ankrd33b,-0.6707715283368684
227,Ankrd34b,0.023149879085325897
228,Ankrd44,-2.990461261867734
229,Ankrd55,0.31441744756420875
230,Ankrd60,0.07270866594010456
231,Ankrd66,-0.008081375475064552
232,Ankrd7,-0.043836460568736114
233,Anks1a,-1.0973005523621544
234,Anks6,-0.11375815969237467
235,Ano1,0.10802626652498962
236,Ano2,-0.4630598927606411
237,Ano4,-0.414424770792593
238,Ano9,-0.0015933146322663853
239,Anpep,0.10797937605691738
240,Antxr1,0.2640998744865509
241,Antxr2,-0.9191285909387852
242,Anxa1,-0.18821332814090083
243,Anxa13,0.025311618264635204
244,Anxa2,-1.1913865217656008
245,Anxa3,-1.3853669369765398
246,Anxa4,-0.5652066584189572
247,Aoah,-0.759551950270897
248,Aox3,0.5338492122755516
249,Ap1g2,0.027101063872073616
250,Apaf1,-0.56186910043595
251,Apba1,-0.7460215550246133
252,Apba2,0.11468301507601261
253,Apbb1,0.008768791081503708
254,Apbb1ip,-0.8789264185619796
255,Apbb2,-2.624677536481893
256,Apcdd1,0.028665157454765514
257,Apcdd1l,0.006040213547034276
258,Aph1b,-0.18856556774265126
259,Aplnr,-0.2542350454990626
260,Aplp1,0.08857219411700679
261,Apobec1,-0.2835397963571683
262,Apobec3,0.0783567740424159
263,Apobr,0.13481494869903898
264,Apod,-0.04873546294025562
265,Apoe,-0.0016387825541610626
266,Apol11a,-0.6306572431379048
267,Apol3,-0.1842998032872945
268,Apold1,-0.17868904331281363
269,Apoo,0.290710496248478
270,Aqp1,-1.9251272815032712
271,Aqp4,0.00032123672582756464
272,Aqp9,0.022820789132641836
273,Ar,0.4989760136181134
274,Arap1,-0.2204831013431404
275,Arap2,-0.570911366008647
276,Arap3,-0.6559885604833884
277,Arfgef3,-0.004748731816367778
278,Arhgap10,0.7752965173097919
279,Arhgap11a,-0.1465344601376309
280,Arhgap15,-2.869883218069854
281,Arhgap18,-1.9949959724825834
282,Arhgap22,-0.7541156041901655
283,Arhgap25,-0.8127767461000135
284,Arhgap26,-3.0111882436700155
285,Arhgap27,-0.37070185727278554
286,Arhgap28,0.7615448296395105
287,Arhgap31,-3.875652581286907
288,Arhgap39,-0.3485704647041187
289,Arhgap4,-0.29327618000768685
290,Arhgap42,0.3802349980654586
291,Arhgap44,0.26387969030088915
292,Arhgap45,-0.7205130738638381
293,Arhgap6,-0.9625481670352749
294,Arhgap8,-0.026566442166751837
295,Arhgap9,-0.09654979990642937
296,Arhgdia,-0.11394253794065497
297,Arhgdib,-0.3182169179868167
298,Arhgef15,-0.6595970293998987
299,Arhgef17,0.21263167890530377
300,Arhgef18,-0.5171025400031017
301,Arhgef2,-0.8896292990439183
302,Arhgef25,0.25179870448309205
303,Arhgef26,-0.14286422365429974
304,Arhgef3,-2.1869153682113938
305,Arhgef4,0.03595687111489256
306,Arhgef6,-0.34289954835824943
307,Arid5a,-0.007970343324268332
308,Arid5b,-0.5763958498465004
309,Arl11,0.07826511334128061
310,Arl15,1.7023523467118198
311,Arl4d,-0.10649144756004346
312,Armc2,0.05963032442186291
313,Armcx3,-0.11493081142500564
314,Armcx4,0.003139816087827055
315,Armh2,0.02083411260458228
316,Armh4,0.027655180561605614
317,Arpc1b,-0.5204909890120109
318,Arpc5,0.09243936507094198
319,Arpp21,-0.05584796663388835
320,Arrb1,-1.2477766284323255
321,Arrb2,-0.08874664482284321
322,Arrdc1,-0.3028146344827583
323,Arrdc2,-0.05166960338378234
324,Arrdc4,-0.12803359373518144
325,Arrdc5,0.0020520260907727415
326,Arsb,-0.9962964905670817
327,Arsi,-0.03586603677290276
328,Arsj,-0.04985323284277045
329,Art2b,-0.013988283935744264
330,Art3,-0.03969496976362952
331,Art4,0.04626439358091699
332,Asap2,-0.9399763861577795
333,Asap3,0.3005529477119339
334,Asb2,0.09434132140946057
335,Asb9,0.028325068822383087
336,Ascl2,0.009918435963857788
337,Asgr1,0.02467115857469362
338,Asgr2,-0.23987223854460116
339,Asic2,-0.20940930587025514
340,Asic3,0.014255452113063536
341,Aspg,0.07433890109984204
342,Asph,-0.2790056827869677
343,Aspn,0.04356491589489919
344,Astn1,0.05399065136773768
345,Astn2,0.45022209415391545
346,Asxl3,0.008055965935189001
347,Atad2,-0.36672805938852504
348,Atf3,0.016715985805519543
349,Atg16l2,-0.11645826065176587
350,Atg7,-0.348151118351184
351,Atoh8,0.03801555568754811
352,Atox1,-0.15989726880947552
353,Atp10a,-0.10980576115352744
354,Atp10b,-0.024512867906796226
355,Atp12a,0.012769266004730658
356,Atp13a4,0.01571898756595138
357,Atp1a3,0.017046071014920415
358,Atp1b1,-0.06199435750632872
359,Atp2a1,0.01253964592357295
360,Atp2a3,-0.36477194262271756
361,Atp2b2,0.022221709339150644
362,Atp2b3,0.011881241380107316
363,Atp2b4,-0.655935007345618
364,Atp4a,-0.0019114643515117883
365,Atp5if1,-0.046853171699652064
366,Atp5mc1,-0.03253512131109241
367,Atp6ap1l,-0.012894931247186374
368,Atp6v0d2,-0.03143752187060575
369,Atp6v1e2,0.014504826131213514
370,Atp6v1g3,0.011166468269977291
371,Atp7a,-0.36614195213422496
372,Atp8a1,-1.602043711420671
373,Atp8a2,-0.06872193056563712
374,Atp8b1,-0.379287292960066
375,Atp8b2,0.1400773949364817
376,Atp8b4,-1.916072936457965
377,Atp9a,0.15736108387054745
378,Auts2,1.0278290433585606
379,Avpr1a,0.01158415496133313
380,Axl,-0.07999498215111102
381,Azin1,0.1717578838895142
382,B2m,-1.1269245448891327
383,B3galnt1,-0.8937539944431935
384,B3galt1,0.5562325357921181
385,B3galt4,-0.1504119762097698
386,B3galt5,-0.023067547708888816
387,B3galt6,-0.03794213207989903
388,B3gnt2,-0.47876010990343343
389,B3gnt5,0.040896136031746216
390,B3gnt7,0.07342899961448973
391,B4galnt1,-0.16563977765537613
392,B4galnt3,0.030222829203939212
393,B4galnt4,-0.011385974730579444
394,B4galt6,-0.7753640693514641
395,Bace2,-0.933552904957663
396,Bach2,-1.6751033005950382
397,Baiap2,-0.014350293070102639
398,Baiap2l1,-0.10164181428359502
399,Baiap3,0.010983673926866992
400,Bank1,-0.2982298680060377
401,Bard1,-0.2015975356638986
402,Basp1,-0.14293624883553094
403,Batf,-0.08883846723886378
404,Batf3,0.05554601533436873
405,Bax,0.09161073518529894
406,Bcam,-0.33956650629748397
407,Bcar3,-0.4414290891204635
408,Bcas1,0.07170503242845441
409,Bcat1,-0.31342760985526785
410,Bcl11a,-0.14533516185836784
411,Bcl11b,0.06922640299371494
412,Bcl2,-1.65095249729491
413,Bcl2a1,-0.146669453208295
414,Bcl2l1,-0.2724228545432015
415,Bcl2l11,-0.20585996443800242
416,Bcl6b,-0.3051905786378174
417,Bdh1,-0.0713990443402665
418,Bdkrb2,-0.3373327347030959
419,Bdnf,0.09448642154169701
420,Bean1,-0.10637944097317607
421,Bend4,-0.0350945049737111
422,Bend5,0.07501427314237696
423,Best4,-0.06959254062406754
424,Bex2,-0.03814918055945858
425,Bex4,-0.018871726841177414
426,Bfsp2,-0.01853324772280278
427,Bhlhe22,0.025112613158860257
428,Bhlhe41,0.023766526996280575
429,Bicc1,0.9643283306936405
430,Bicd1,-0.2958366483947602
431,Bicdl1,-0.13453082768242955
432,Bid,-0.06829419672781183
433,Bin1,-0.4464288854321857
434,Bin2a,0.1423782846694144
435,Birc3,-0.12115395426033215
436,Birc7,0.018297322102794847
437,Blk,0.05236809899246209
438,Blnk,-0.25457352166312364
439,Bmf,0.20617708260336853
440,Bmp1,0.0888367569265131
441,Bmp10,-0.019042678418036987
442,Bmp4,0.5168878570757846
443,Bmp5,0.14980486776666313
444,Bmp6,-0.22129293938756356
445,Bmp8a,-0.0004783118141357158
446,Bmper,0.27746506969486245
447,Bmpr1b,0.39453076720886815
448,Bmx,-0.032746373625139734
449,Bnc1,0.08912840287799398
450,Bnc2,0.41213454128549376
451,Boc,0.0013687390327625504
452,Bora,-0.20443032524445065
453,Borcs6,-0.030985450060633336
454,Bpifa6,-0.011633557968773358
455,Bpifb3,0.01797689618373622
456,Brca2,0.02966306985158381
457,Brcc3,-0.06702370740774005
458,Brinp3,-0.0011413833518539645
459,Brsk2,0.001960682268008957
460,Bst1,-0.02732254104836506
461,Bst2,-0.3633279694078816
462,Btbd16,0.020473498634985366
463,Btg2,0.5173259570935987
464,Btk,-0.22220023017473092
465,Btla,-0.057760054907876626
466,Btn3a2,0.010949753011766802
467,Btnl2,-0.005728230129208787
468,Btnl3,-0.026943766033538638
469,Btnl5,0.011615167107474898
470,Btnl9,1.4864596287055412
471,Bud31,0.026160436884633972
472,C11h3orf70,-0.4592434075275429
473,C13h1orf116,-0.03243096777009155
474,C14h4orf50,-0.00803963062738427
475,C1h16orf54,-0.07583104530753719
476,C1h9orf57,0.0357362596549953
477,C1qa,-0.051540188199619606
478,C1qb,-0.24046622483871594
479,C1qc,-0.11389421207058273
480,C1ql3,0.07764789372938255
481,C1qtnf1,0.01675429791326186
482,C1qtnf2,-0.13797500334394056
483,C1qtnf3,-0.016343194338092143
484,C1qtnf6,0.038728891792657656
485,C1qtnf7,0.20813826259319027
486,C1qtnf9,-0.020183785083456914
487,C1r,0.09312623702561713
488,C1s,0.25021914653495436
489,C2H1orf54,-0.2011985343239919
490,C3,0.015210339362297652
491,C3ar1,-0.1254767840845148
492,C4a,0.7730800797857775
493,C4b,1.12475928184187
494,C4bpa,-0.013330507321112232
495,C4h12orf71,0.04510238616903828
496,C5,-0.03978766605828696
497,C5ar2,-0.3829623367659441
498,C8h11orf71,0.03888815233240831
499,CXHXorf65,-0.2225951938298491
500,Cabcoco1,-0.022545103265734112
501,Cables1,0.15073619709898986
502,Cabp1,-0.2590655944803739
503,Cabp4,-0.026385459512458163
504,Cacna1c,0.25769050188749987
505,Cacna1g,0.06642716022639875
506,Cacna1h,0.013543754778454004
507,Cacna2d1,0.13277506204256878
508,Cacna2d2,0.010171766315836725
509,Cacna2d3,0.8519961208035816
510,Cacnb2,1.093758282231123
511,Cacnb3,0.17514358384818293
512,Cacnb4,-0.19949132224068472
513,Cacng4,-0.3143187713570476
514,Cacng7,0.06948146716664926
515,Cacng8,-0.002636997330306052
516,Cadm1,-0.5174413441011634
517,Cadm2,0.09618975708228708
518,Cadm3,-0.14542486484259465
519,Cadm4,-0.008220168345348878
520,Cadps,-0.005016999419721488
521,Cadps2,-1.4830821568314116
522,Calca,-0.023533106530466436
523,Calcr,0.0684079707176847
524,Calcrl,-2.26621431779165
525,Cald1,1.1083354477634562
526,Calhm5,0.019460824441898637
527,Calhm6,-0.02001784864304939
528,Calml3,0.10570602288646877
529,Camk1d,-1.152928808445721
530,Camk2a,0.015217812569322605
531,Camk4,-0.04414289691267128
532,Camkk1,0.09728194539551646
533,Camkmt,-0.9394827749872755
534,Camp,-0.034755357216459684
535,Cand2,0.03958884934581936
536,Cap2,0.05637599132499305
537,Capg,-0.16110845685408207
538,Capn12,0.08400209553354583
539,Capn13,-0.17024911735767204
540,Capn5,-0.2863067884909444
541,Capn6,-0.006585019468330096
542,Caps2,0.018391192702914876
543,Car10,-0.05471154264145981
544,Car11,0.2796249051098354
545,Car3,1.20998527308187
546,Car8,-0.33322043893166764
547,Car9,-0.06751797738611579
548,Card10,0.04547790463720308
549,Card11,-1.304481798430157
550,Card14,0.03396755381808954
551,Card6,-0.1719609199013958
552,Carmil1,0.34036130788412144
553,Carmil2,0.05797391004288887
554,Carns1,0.22944154641462358
555,Casd1,0.018121374287781947
556,Caskin2,-0.42785243530603967
557,Casp1,-0.00050080897480375
558,Casp12,0.08247710442232342
559,Casp16,0.07003025417881421
560,Casp3,-0.17257873544710242
561,Casp4,-0.4289570283341979
562,Casp8,-0.6727123760049825
563,Casq2,0.23455896480536728
564,Cass4,-0.2972027237774667
565,Castor1,0.041732620797700834
566,Casz1,-0.6369665667871844
567,Catip,0.03983129012714475
568,Catsperg,0.058940496267060535
569,Cav1,0.084342310472455
570,Cavin1,-0.0008680268367275562
571,Cavin2,-0.3236318457872105
572,Cavin3,0.0301265409200464
573,Cavin4,0.02119130534313552
574,Cbarp,0.14543773457798048
575,Cbfa2t3,-0.9683263989944879
576,Cblif,0.020215490350555664
577,Cbr1l2,0.0902189641680437
578,Cbx7,0.043831633162433686
579,Ccbe1,2.001502900252121
580,Ccdc102a,-0.19370910754231174
581,Ccdc116,0.0029503921217105813
582,Ccdc120,-0.10848772432817849
583,Ccdc125,-0.42292358923430934
584,Ccdc136,0.0959459229439538
585,Ccdc141,-0.08327183369430999
586,Ccdc144b,0.04155022132828442
587,Ccdc162,-0.03608649893862004
588,Ccdc172,0.022769149712252062
589,Ccdc180,-0.06637123216691729
590,Ccdc198,-0.0056557204038307305
591,Ccdc27,-0.024738979749449528
592,Ccdc3,0.47567085737775744
593,Ccdc68,0.02113722658722398
594,Ccdc8,0.03111837090312833
595,Ccdc80,1.354842755344344
596,Ccdc81,-0.02358969900504
597,Ccdc82,-0.3129013933630713
598,Ccdc85a,-1.6534147626337399
599,Ccdc85b,-0.03545923753408425
600,Ccdc85c,-0.0014182508883222866
601,Ccdc88b,-0.15576503382988155
602,Ccdc88c,-1.2718520055222435
603,Ccl2,-0.010504688270925695
604,Ccl20,0.0715178317137902
605,Ccl21,-0.26575673523694116
606,Ccl24,-0.1441853792507828
607,Ccl3,-0.029889318221121532
608,Ccl4,-0.07941008442802878
609,Ccl5,-0.2897921915374832
610,Ccl6,-0.011266244056809831
611,Ccl7,-0.052382188954675946
612,Ccm2l,-0.5009104796559709
613,Ccn1,1.0210726959805199
614,Ccn2,0.07628625968287261
615,Ccn3,0.005114421747326024
616,Ccn4,0.02849272939448005
617,Ccn5,0.005284887739820385
618,Ccnb1,-0.03794447727570648
619,Ccnb1ip1,0.04636346237692221
620,Ccnd1,-0.71980818365588
621,Ccnd2,-0.3843418105135992
622,Ccnd3,-0.8128226965671072
623,Ccnjl,-0.13762861870245457
624,Ccny,-0.5752611843470563
625,Ccr1l1,0.008345400323991985
626,Ccr2,-0.14787310023043665
627,Ccr5,-0.1636698225575577
628,Ccr6,-0.09917902569423451
629,Ccr7,-0.01788328168319231
630,Ccr9,0.006255043142252578
631,Ccrl2,0.0779316548539345
632,Ccser1,-0.3183642085776885
633,Cd101,-0.044232260070598925
634,Cd14,-0.02480815840766957
635,Cd163,-0.49671220405202393
636,Cd164l2,-0.036711670366404034
637,Cd180,-0.10054264715383182
638,Cd19,-0.027273743482910014
639,Cd1d1,0.00029023024550044706
640,Cd2,-0.019580592892724406
641,Cd200,-0.5371024708186602
642,Cd200r1,-0.28334196641074394
643,Cd200r1l,0.022984656898681233
644,Cd209f,-0.04934315563842252
645,Cd22,-0.264145896699179
646,Cd226,-0.37351879199333765
647,Cd244,-0.22210480913669112
648,Cd244-1,-0.05717660901831768
649,Cd247,-0.4416575373000595
650,Cd27,0.00430792404650095
651,Cd274,-0.5855918573111528
652,Cd28,-0.13415274550670153
653,Cd300a,-0.37872555428495114
654,Cd300c2,0.009424507452881628
655,Cd300lb,-0.005068660687883524
656,Cd300ld,0.021100006358026974
657,Cd300le,-0.19730702991283233
658,Cd300lf,0.11771150701835571
659,Cd300lg,0.05711967574912937
660,Cd33,0.002087320118068496
661,Cd34,-0.44128923451877194
662,Cd37,-0.3067248603245991
663,Cd38,-0.2759721756577026
664,Cd3d,-0.08300757676098709
665,Cd3e,-0.04899503904406614
666,Cd3g,0.0078115653394720055
667,Cd40lg,0.04963214083464418
668,Cd44,-0.756543101693189
669,Cd5,0.031291255579002406
670,Cd53,-0.5417399222132497
671,Cd55,-0.11192437560720417
672,Cd6,0.14996093752316295
673,Cd63,0.2835892145508252
674,Cd69,-0.009063482441056137
675,Cd72,0.013503069432373718
676,Cd74,-0.857432784894236
677,Cd79a,-0.03121911433650601
678,Cd79b,-0.016077535451204324
679,Cd83,-0.4436105528111356
680,Cd84,-0.16812974314189716
681,Cd8a,-0.03528220646075915
682,Cd8b,-0.02340914468925701
683,Cd9,-0.27001709235648463
684,Cd93,-0.09348713755701787
685,Cd96,-0.3915973154665069
686,Cdc14a,-2.5147931971283617
687,Cdc25c,-0.003192072708000429
688,Cdc42ep1,0.02092716126804276
689,Cdc42ep2,-0.0036735171190502673
690,Cdc42ep3,-0.11208770380149423
691,Cdc42se1,0.012649846599973605
692,Cdc42se2-ps1,-1.9791346001638073
693,Cdc45-1,0.05410695722122395
694,Cdh1,-0.06804158691016937
695,Cdh10,0.016267523180079065
696,Cdh11,1.2840772253197155
697,Cdh13,-2.600736061544237
698,Cdh15,0.002537576812150246
699,Cdh18,-0.009637241619617936
700,Cdh19,0.008615511891543352
701,Cdh20,0.03794143186789313
702,Cdh22,0.07238316291019092
703,Cdh23,-0.9252054738368165
704,Cdh24,0.0754415995271281
705,Cdh26,-0.001277665324240643
706,Cdh3,-0.05035890472272588
707,Cdh4,0.09877509510644555
708,Cdh5,0.03140802281418095
709,Cdh6,0.28267240424817525
710,Cdh7,-0.012384688887266165
711,Cdhr1,-0.0827028443697529
712,Cdk14,0.09249933586517789
713,Cdk19,-1.2738358804336904
714,Cdk6,-3.029815412092211
715,Cdkl1,-0.304006236485188
716,Cdkn1c,0.03517901853379693
717,Cdkn2a,-0.0021045778850340867
718,Cdkn2d,-0.005769609839409479
719,Cdo1,1.1850776872565252
720,Cdr2,0.04615914372167143
721,Cdrt4,-0.0539384200630352
722,Cdsn,-0.010952968327074698
723,Cdx1,0.012903682220712183
724,Ceacam1,-0.46766896101215627
725,Ceacam20,-0.016569671158200846
726,Ceacam4,0.013796227755806037
727,Cebpd,0.17458344664575065
728,Cela1,-0.6212591976584967
729,Celf4,0.10566369081318294
730,Celsr1,0.08609922426112589
731,Cemip,0.0180609107791999
732,Cemip2,-0.35373350587283037
733,Cenpe,-0.20010283888362637
734,Cenpf,-0.1119494306929705
735,Cenpm,-0.03579478865776154
736,Cenpp,-0.16256237338944346
737,Cep112,-0.35019138406423655
738,Cep128,-0.6501125940519836
739,Cep162,-0.18457715977734465
740,Cep290,-0.0033497172852183232
741,Cep55,-0.0060265220431232076
742,Cep72,-0.04463187697738894
743,Cer1,-0.021982733136934836
744,Cerkl,0.016719996716317177
745,Cers4,-0.25196518013014624
746,Cers5,-0.43860197926045624
747,Cers6,-0.44764823004553633
748,Ces1a,-0.016436556514901966
749,Ces1d,0.4458701972706258
750,Ces2g,-0.019604962424298975
751,Ces5a,0.03630447751645785
752,Cfap161,0.02555960741712377
753,Cfap20dc,-0.17120617001212698
754,Cfap251,0.01861028307020484
755,Cfap43,-0.02182642571536502
756,Cfap44,-0.03965008775859875
757,Cfap45,-0.04714517870533685
758,Cfap47,-0.12459874064238707
759,Cfap58,-0.02087022672404581
760,Cfap69,0.08567575179412273
761,Cfap74,0.03189626361170016
762,Cfap99,-0.031903030834222745
763,Cfb,0.09213015604723863
764,Cfc1,0.03180558755572914
765,Cfd,0.4648717943087399
766,Cfh,-0.3446469421866649
767,Cftr,-0.007725761393409849
768,Cgas,-0.1270956093524742
769,Cgn,0.026546802479756958
770,Chac1,0.026744033357714324
771,Chct1,-0.013880408343345894
772,Chd5,-0.004689111513055345
773,Chek2,-0.13606923795755171
774,Chl1,-0.03761488070079932
775,Chn1,-1.8587317535543983
776,Chn2,-1.6074426503702197
777,Chodl,0.016757020499635948
778,Chp2,0.08600474070857021
779,Chrdl1,0.31586527904088746
780,Chrdl2,0.022052475824909348
781,Chrm2,-0.05375852964294263
782,Chrm3,0.015258343078673822
783,Chrna10,0.01441301508389247
784,Chrna4,-0.03522247505125038
785,Chrna7,0.026528401982668467
786,Chrne,-0.021000568724378832
787,Chst1,-0.09249128603538227
788,Chst10,-0.04604753100075339
789,Chst11,-1.9110939026003249
790,Chst12,-0.2553684343249729
791,Chst14,-0.04696083260904842
792,Chst15,-0.33630433436629265
793,Chst2,-0.07398233068463236
794,Chst3,-0.046011730481736665
795,Chsy1,-0.6806351294239681
796,Chsy3,-0.08631877447360953
797,Chtf18,-0.03813515432207272
798,Ciita,-0.45069012275599313
799,Cilp,0.03721291692265592
800,Cit,-0.3215631733151109
801,Cited1,-0.0149102538178604
802,Cited2,0.1491192394139247
803,Ckap2,0.03283650282788827
804,Ckap4,-0.03692663617888642
805,Cklf,0.028339922339480815
806,Clca2,0.04804725207241445
807,Clcf1,-0.21626932703944213
808,Clcnka,0.03018009039495223
809,Cldn1,-0.00029662443574587395
810,Cldn11,0.009966418948653352
811,Cldn15,-0.09437468198747034
812,Cldn22,0.013671594182157416
813,Cldnd2,0.015911157012098262
814,Clec10a,0.03328188928565417
815,Clec11a,-0.035913875061669084
816,Clec12a,-0.15618098124124455
817,Clec12b,-0.02264761321002631
818,Clec1a,-0.3247219962937739
819,Clec2d2,-0.06750984009876866
820,Clec3b,-0.05280574466379916
821,Clec4a,-0.13651593278161311
822,Clec4a1,-0.2062443089414962
823,Clec4a2,-0.022337747644464355
824,Clec4a3,-0.3821943985820252
825,Clec4b2,-0.006814782267776834
826,Clec4d,0.004349653015172317
827,Clec4e,-0.009697057004686184
828,Clec4m,0.02862042062581819
829,Clec5a,-0.008365844939283131
830,Clec6a-ps1,0.004530056441114888
831,Clec7a,-0.014630850851500801
832,Clec9a,-0.05585562702786148
833,Clgn,-0.0022710248840105886
834,Clic1,-0.13162646796974298
835,Clic3,-0.035264429481123294
836,Clic5,-1.7039900231633285
837,Clmp,0.48800933531716345
838,Clnk,-0.7885838870363728
839,Clrn1,-0.026946700315141292
840,Clspn,-0.013734781876806355
841,Clstn2,-0.09954393323554567
842,Clu,-0.31082961413359866
843,Cma1,-0.01333285603962903
844,Cmahp,-0.35337304290318283
845,Cmip,-3.4804712399047393
846,Cmklr1,-0.21425737212907087
847,Cmpk2,-0.022339096710087377
848,Cmtm3,-0.12936066631147747
849,Cmtm5,-0.018910485490012015
850,Cmtm8,-0.7253475860053094
851,Cmya5,0.10067727885663741
852,Cnbd1,-0.026813644300417227
853,Cndp1,-0.053156212194264946
854,Cnga1,0.050131901923983965
855,Cngb1,-0.06533367915729416
856,Cnksr2,0.005492428165646192
857,Cnksr3,-0.41409856434070813
858,Cnn2,-0.03191224642199348
859,Cnn3,-0.15121707705517404
860,Cnr2,-0.1659124676917318
861,Cntn1,-0.07694579713283375
862,Cntn2,0.08018897784750603
863,Cntn3,-0.007222992012257373
864,Cobl,-0.2919728642261936
865,Col11a1,0.10358944207431223
866,Col12a1,0.1968130990482246
867,Col13a1,-0.054619342530709845
868,Col14a1,-0.05837607913125528
869,Col15a1,-0.6712951147007068
870,Col16a1,0.004602756171424274
871,Col17a1,-0.08428111806333903
872,Col18a1,0.1444656534847919
873,Col19a1,0.1810790464331466
874,Col1a1,0.44727496724829907
875,Col1a2,0.4773059262890055
876,Col23a1,0.08807021985145164
877,Col25a1,-0.06936634359029839
878,Col27a1,0.01707794265096828
879,Col28a1,-0.06701978906586555
880,Col3a1,1.7513667635684749
881,Col4a1,2.404112850607522
882,Col4a2,1.982008154853454
883,Col4a3,0.22245448118762506
884,Col4a4,0.3772164346100251
885,Col4a5,0.7101853562522316
886,Col4a6,0.07822057020165116
887,Col5a1,0.41738205615702995
888,Col5a2,0.7839518279173239
889,Col5a3,0.8484731115257901
890,Col6a1,1.3014836531467344
891,Col6a2,1.1988848418092335
892,Col6a3,0.27813250958718094
893,Col6a4,0.040575636906698416
894,Col6a5,-0.07989175638720539
895,Col6a6,-0.44744493526400064
896,Col7a1,0.08183431078308989
897,Col8a1,-0.31540895275531244
898,Col8a2,0.06403764525304191
899,Col9a3,0.058856826620000025
900,Colec12,0.1688790860608715
901,Colgalt2,-0.7104627706895158
902,Comp,-0.022302028753430146
903,Cops9,-0.06425205343442314
904,Copz2,-0.07192246383324288
905,Coro1a,-0.20824702762406827
906,Coro1c,-0.03254619343934745
907,Coro2b,-1.0431290009542769
908,Coro7,-0.33613029094008984
909,Cotl1,-0.28838959352211535
910,Cox4i2,-0.06939451458369011
911,Cp,0.01200862975305411
912,Cpa3,0.001794579996897429
913,Cpa5,-0.00936045049211808
914,Cpa6,0.16110215597695351
915,Cpb2,-0.04295741929879664
916,Cpe,0.1188977747472447
917,Cplane1,-0.02189554986024578
918,Cplane2,0.03973719814977387
919,Cplx2,-0.07429773807334894
920,Cpm,-0.1175019862994702
921,Cpne4,-0.01207194761983581
922,Cpne7,0.23844438609304763
923,Cpne9,0.03095388532177827
924,Cpq,0.4149026759938057
925,Cpt1a,-0.14906842466391654
926,Cpt1c,0.1548270422157249
927,Cpxm1,0.009683829883226795
928,Cpxm2,0.02288109339981462
929,Cr2,0.00994602685867579
930,Cracdl,-0.012224033359750947
931,Cracr2a,-0.04976315410533426
932,Creb3l1,-0.0714703359400755
933,Creb3l4,0.02223385196144525
934,Creb5,-0.8572207162133568
935,Creld2,0.040345668084915444
936,Crhr2,0.032757319238938834
937,Crim1,-0.07311597760166788
938,Crip1,-0.15426241236731875
939,Crispld1,-0.007803139173071377
940,Crispld2,0.46451522466806316
941,Crlf3,-0.16702555430032573
942,Crmp1,-0.039346860914096775
943,Crp,-0.03238242197679521
944,Crtam,-0.0014064459970019767
945,Cryab,0.035437152780000834
946,Crybg2,-0.09972714556964403
947,Crybg3,-0.6518298513096116
948,Crygn,-0.045718081471548676
949,Crym,-0.021772895732044557
950,Csf1,0.040916044182730836
951,Csf1r,-0.647363507671423
952,Csf2ra,-0.07405529358832547
953,Csf2rb,-0.15061124328700995
954,Csf3r,0.038932663083044085
955,Csgalnact1,-0.176724123241355
956,Csmd1,0.21710980393088233
957,Csmd3,0.04143543727546674
958,Csn3,-0.08849452579974461
959,Csprs,0.008106002065337882
960,Csrnp3,0.04378062705954992
961,Csrp1,1.5403470076587449
962,Csrp2,-0.11676491726616872
963,Csrp3,-0.03573937635502097
964,Cst3,-0.15535542368850977
965,Cstpp1,-0.5111545030911382
966,Ctbp2,-1.8091051855931342
967,Ctla2a,-0.5196871703060624
968,Ctla4,-0.06618542633903808
969,Ctnna2,-0.027620227166357106
970,Ctnna3,0.8489757055538322
971,Ctnnal1,-0.03746690842074518
972,Ctnnbip1,-0.5942487688709677
973,Ctnnd2,0.049105029979754126
974,Ctrl,-0.09047129404275102
975,Ctsa,-0.09158452557286287
976,Ctsb,-0.44261070744555386
977,Ctsc,-0.09425223306618044
978,Ctse,-0.12506403786213882
979,Ctsh,0.049308449198216614
980,Ctss,-0.6263267825647993
981,Ctsw,-0.009099045623257761
982,Cttnbp2nl,-0.18888212248028655
983,Cubn,0.1386816292262042
984,Cux1-ps1,0.004212332468898328
985,Cux2,-0.05532473149531375
986,Cx3cr1,-0.11191809831254937
987,Cxcl1,0.07647095585072058
988,Cxcl12,-0.270983564876104
989,Cxcl13,0.03903592345083236
990,Cxcl14,0.21169949973780056
991,Cxcl16,-0.13654254875617627
992,Cxcl2,0.0040194444522861595
993,Cxcr2,0.04044946580988115
994,Cxcr3,-0.0496418421113038
995,Cxcr4,0.056982141110068385
996,Cxcr5,-0.07224883074383795
997,Cxcr6,0.014377142001807602
998,Cxxc4,-0.3856242388160611
999,Cyb5r2,0.021618011384007332
1000,Cyb5r3,-0.16606825008425558
1001,Cyba,-0.16503029275012968
1002,Cybb,-0.28048618292291655
1003,Cybrd1,-0.10912555192784315
1004,Cyfip2,-0.4002480836808997
1005,Cygb,0.0526505450838231
1006,Cyp1b1,-0.00808345917781118
1007,Cyp26a1,0.012348892744001892
1008,Cyp26b1,0.11163162036119713
1009,Cyp27a1,0.15441457936997782
1010,Cyp2b1,0.058375560477695695
1011,Cyp2c13,0.003781769633829978
1012,Cyp2c22,0.000497146579513671
1013,Cyp2e1,0.1460093125255596
1014,Cyp2j10,0.0525443583926289
1015,Cyp2j3,-0.29441406030765666
1016,Cyp2s1,0.02810631086761411
1017,Cyp39a1,-0.0018495145542355776
1018,Cyp4a3,-0.029303459131806535
1019,Cyp4b1,0.09983125112992983
1020,Cyp4f18,0.1591554935173723
1021,Cyp4f5,-0.043766580428719906
1022,Cyp7b1,0.4199264629816586
1023,Cysltr1,-0.04124953014726808
1024,Cysltr2,-0.39495055213640057
1025,Cyth3,-0.44313277541462226
1026,Cyth4,-0.7915776459270226
1027,Cytip,-0.40396841119497273
1028,Cyyr1,-3.105761538138676
1029,Daam2,0.5984955807542376
1030,Dab1,0.09885560156925881
1031,Dab2,-1.1168179374140745
1032,Dab2ip,-1.0968442488306336
1033,Dach1,-2.203433729871777
1034,Dach2,0.002243714238731591
1035,Dact1,0.08322150568234148
1036,Dact2,0.04442823657565889
1037,Daglb,-0.606076832599477
1038,Dap,-0.810120858339064
1039,Dapk1,1.1716175735680956
1040,Dapk2,-1.522728901907171
1041,Dapp1,-0.5962786855279089
1042,Daw1,-0.04523367592703047
1043,Dbf4,0.00022238061619133005
1044,Dbn1,-0.1713517488262098
1045,Dcbld1,-0.2519405103028271
1046,Dcc,-0.03859662474563612
1047,Dcdc2,-0.0053367383021803985
1048,Dcdc2b,-0.03294988091833243
1049,Dchs1,0.037640384690216584
1050,Dclk1,0.03981236205509564
1051,Dclk3,-0.07676698933728453
1052,Dclre1c,-0.1806563132181963
1053,Dcn,0.1113105347131565
1054,Dcx,-0.1200459066471978
1055,Ddah1,-0.3656090639476382
1056,Ddhd1,1.6565822002281843
1057,Ddit4,0.06586910844754101
1058,Ddr2,0.6727935198475787
1059,Ddx25,0.00044597132472376207
1060,Ddx4,0.02071757466669866
1061,Ddx43,0.004114365377017584
1062,Ddx60,-0.6843818209436912
1063,Def6,-0.06327202854094939
1064,Dennd1c,-0.44887093746141776
1065,Dennd2a,0.10614011141713016
1066,Dennd2b,-0.3034373233248533
1067,Dennd2c,-0.44695816813408307
1068,Dennd2d,0.06715917893823695
1069,Dennd3,-0.5650936205396132
1070,Dennd4a,-0.8491138066046042
1071,Dennd4b,-0.016758436782902314
1072,Depdc1b,-0.04885892680716747
1073,Depp1,0.3588831637817931
1074,Derl3,0.043452403713581764
1075,Des,0.1159986136355751
1076,Dexi,0.019751157140914678
1077,Dgat2,0.7230715975591246
1078,Dgka,0.1103516162384476
1079,Dgkb,0.39512536160294154
1080,Dgke,-0.3633071136031939
1081,Dgkg,-0.18453146627588318
1082,Dgkh,-1.255221132756097
1083,Dgki,-0.048336103565603805
1084,Dgkz,-0.4009318558360727
1085,Dhcr24,0.031073107747838176
1086,Dhrs7c,0.04706996759550548
1087,Dhx58,-0.22223596667963885
1088,Diaph3,-0.5408617122379236
1089,Dio2,0.7480420846079237
1090,Dipk1b,0.054707890279671614
1091,Dipk1c,-0.007460344749705663
1092,Dipk2b,-1.472989762487829
1093,Disc1,-2.254836421650638
1094,Disp1,-0.4258986758858481
1095,Dkk2,0.023909138325558587
1096,Dkk3,-0.14673756593843973
1097,Dlc1,1.7328472403108084
1098,Dlg2,1.5218901337619908
1099,Dlgap1,-0.009977354605650739
1100,Dlgap2,0.01423039909536197
1101,Dlgap3,-0.024627544368094504
1102,Dlk1,-0.0039852262837483535
1103,Dll1,-0.22268759527075388
1104,Dll4,0.2949468320534301
1105,Dlx3,-0.030443622436283603
1106,Dmd,0.5117990303709792
1107,Dmp1,0.22008075411992717
1108,Dmpk,0.020284295519249203
1109,Dmrt2,0.18914352039648702
1110,Dmrta1,-0.020823597802881667
1111,Dmrtc2,0.04734111784535529
1112,Dnaaf1,0.04876194021707889
1113,Dnaaf3,0.012109556670589487
1114,Dnah11,-0.12217169574021083
1115,Dnah14,-0.019461277583471423
1116,Dnah5,0.010578633406775765
1117,Dnah7,-0.009643403286411159
1118,Dnah8,0.0803635702990062
1119,Dnajb5,0.10339182041927346
1120,Dnajc18,-0.3436512807455159
1121,Dnase1l3,-0.06151133115928588
1122,Dnm1,0.21045243844944975
1123,Dnm3,-3.523516810468751
1124,Dnmt3c,-0.015413178325814396
1125,Dntt,-0.0030264598505052778
1126,Dock10,-1.5455994858037447
1127,Dock11,-1.4929791252818454
1128,Dock2,-2.3165836703966156
1129,Dock4,-0.9951833081542174
1130,Dock8,-1.3483584497348962
1131,Dock9,-1.5016989996933368
1132,Dok1,0.0438377584046165
1133,Dok2,-0.43064506958594706
1134,Dok3,-0.12909237936035453
1135,Dok5,-0.021576213068103423
1136,Dok6,-0.10716105562757339
1137,Dolpp1,0.02891755422552261
1138,Dop1b,-0.2554651241478166
1139,Dpep3,0.007703337953905716
1140,Dpf1,0.02999896563170139
1141,Dpp4,-0.3073749562728663
1142,Dpp6,-0.017614517793641517
1143,Dppa3,-0.08897765823976078
1144,Dpt,0.18498897371279727
1145,Dpy19l2,0.02209839804871205
1146,Dpy19l3,0.0075899313188175395
1147,Dpysl2,-1.1688910018168406
1148,Dpysl3,-0.2280485761592753
1149,Dram1,-0.18042272336798568
1150,Drc1,-0.017150227144632654
1151,Drgx,0.008323182976062531
1152,Dsc1,-0.011234838535306935
1153,Dscam,-0.011000712419290057
1154,Dscaml1,-0.1621032446949406
1155,Dscc1,-0.058884319577370094
1156,Dse,-0.8406606063734904
1157,Dsel,-0.03694648207219156
1158,Dsg1,0.017825898927591108
1159,Dsg2,-0.21036610815200307
1160,Dsn1,-0.13928329061689682
1161,Dsp,0.024289480539776597
1162,Dst,-1.149659899168843
1163,Dtx1,-0.005869751743952746
1164,Dtx3,0.5593036354627647
1165,Duox1,0.019382967405803808
1166,Duox2,0.03770240896985369
1167,Duoxa1,0.010282870428947167
1168,Dusp15,0.0307793060759131
1169,Dusp6,0.24790600292617596
1170,Dusp8,-0.058892765604726824
1171,Dusp9,-0.004714655468875834
1172,Dux4,-0.01670178288220775
1173,Dync1i1,-0.19324876422460532
1174,Dynll1,0.049529774178876135
1175,Dynlt5,0.05255172677156314
1176,Dyrk4,-0.06142509655969507
1177,Dysf,-2.3372805018212732
1178,Dzip1,0.3093845077307006
1179,Dzip1l,0.10032943744791865
1180,E2f2,-0.12163975593922956
1181,E2f7,-0.16589108937173044
1182,E2f8,-0.023380306692884316
1183,ENSRNOG00000030204,0.011999304648538645
1184,ENSRNOG00000031207,0.042268244065259475
1185,ENSRNOG00000031425,-0.029080383458731207
1186,ENSRNOG00000062316,0.11450516177841955
1187,ENSRNOG00000062350,-0.8848950387731884
1188,ENSRNOG00000062362,-0.017989823192508456
1189,ENSRNOG00000062369,-0.04587839598746603
1190,ENSRNOG00000062389,0.011531920077762377
1191,ENSRNOG00000062414,0.024625019372364616
1192,ENSRNOG00000062419,0.054262486307824674
1193,ENSRNOG00000062480,0.06376996984055193
1194,ENSRNOG00000062487,0.03160015051408393
1195,ENSRNOG00000062528,-0.01684986329218322
1196,ENSRNOG00000062535,0.0283841683912569
1197,ENSRNOG00000062548,0.005377839365743305
1198,ENSRNOG00000062592,-0.01454072435664834
1199,ENSRNOG00000062620,-0.023516765214792665
1200,ENSRNOG00000062648,0.021619224817069987
1201,ENSRNOG00000062674,0.0233046729954069
1202,ENSRNOG00000062688,-0.000457171485751833
1203,ENSRNOG00000062716,0.023929285439432894
1204,ENSRNOG00000062722,0.012627727343492438
1205,ENSRNOG00000062736,0.043739563817754894
1206,ENSRNOG00000062747,-0.01617017198228586
1207,ENSRNOG00000062778,-0.017527791636986787
1208,ENSRNOG00000062796,-0.025785003503778377
1209,ENSRNOG00000062810,-0.006266019052139185
1210,ENSRNOG00000062831,-0.0008191456765716634
1211,ENSRNOG00000062837,-0.0183914774756287
1212,ENSRNOG00000062845,0.000609633777653418
1213,ENSRNOG00000062856,0.022779919881327458
1214,ENSRNOG00000062863,-0.01824545195021847
1215,ENSRNOG00000062871,-0.4786954807961016
1216,ENSRNOG00000062884,-0.03720441716161835
1217,ENSRNOG00000062907,-0.05461075996759059
1218,ENSRNOG00000062925,-0.002064389090543236
1219,ENSRNOG00000062934,-0.029237680835375725
1220,ENSRNOG00000062942,-0.0159911884616766
1221,ENSRNOG00000063045,0.042242154620507004
1222,ENSRNOG00000063057,0.00980640691156695
1223,ENSRNOG00000063073,-0.04815268214858087
1224,ENSRNOG00000063101,0.11319148802799306
1225,ENSRNOG00000063122,0.12026431610598093
1226,ENSRNOG00000063168,-0.016686380574677775
1227,ENSRNOG00000063173,-0.03189838739295395
1228,ENSRNOG00000063204,0.0005924524907103552
1229,ENSRNOG00000063230,-0.5491354291532505
1230,ENSRNOG00000063239,-0.04768315906245375
1231,ENSRNOG00000063307,-0.03328247830714519
1232,ENSRNOG00000063319,-0.010481223784437395
1233,ENSRNOG00000063332,0.00048618318941110123
1234,ENSRNOG00000063342,0.04014420578053565
1235,ENSRNOG00000063363,-0.1129849069732673
1236,ENSRNOG00000063386,0.017487615563730956
1237,ENSRNOG00000063393,0.05724206940816975
1238,ENSRNOG00000063395,-0.03131892149308522
1239,ENSRNOG00000063417,-0.01785959254046838
1240,ENSRNOG00000063418,0.12424109864490242
1241,ENSRNOG00000063439,-0.04019109866282407
1242,ENSRNOG00000063446,-0.0021133221893119185
1243,ENSRNOG00000063458,-0.026065856847790968
1244,ENSRNOG00000063499,-0.16201060021599115
1245,ENSRNOG00000063506,-0.06815057254615695
1246,ENSRNOG00000063508,-0.15889131828159803
1247,ENSRNOG00000063514,0.034597511611105025
1248,ENSRNOG00000063531,0.05440519106658646
1249,ENSRNOG00000063556,0.03229800871043895
1250,ENSRNOG00000063571,0.01612830115174831
1251,ENSRNOG00000063598,-0.012815245289472709
1252,ENSRNOG00000063634,-0.08732401540579726
1253,ENSRNOG00000063662,-0.0428600640322655
1254,ENSRNOG00000063663,-0.0008988641701779716
1255,ENSRNOG00000063702,0.024592597471482958
1256,ENSRNOG00000063706,0.05778926685549242
1257,ENSRNOG00000063720,0.024908701795990286
1258,ENSRNOG00000063760,0.00257885132051389
1259,ENSRNOG00000063803,0.021438239590313372
1260,ENSRNOG00000063806,-0.4457266854307482
1261,ENSRNOG00000063814,-0.10710668698718143
1262,ENSRNOG00000063817,-0.06657490112564551
1263,ENSRNOG00000063822,0.019802959120126046
1264,ENSRNOG00000063824,0.12947434411715986
1265,ENSRNOG00000063904,0.030788491152913308
1266,ENSRNOG00000063986,0.005854590870633509
1267,ENSRNOG00000063994,-0.03589957027171578
1268,ENSRNOG00000064012,0.04299784097299827
1269,ENSRNOG00000064017,0.05432410777576446
1270,ENSRNOG00000064030,0.03710983309466577
1271,ENSRNOG00000064048,-0.032400451846285205
1272,ENSRNOG00000064058,-0.0689100219634618
1273,ENSRNOG00000064113,-0.33460712988129904
1274,ENSRNOG00000064117,0.003513139239328067
1275,ENSRNOG00000064120,0.0615577706554157
1276,ENSRNOG00000064136,0.41013803474496785
1277,ENSRNOG00000064142,0.010413754832531834
1278,ENSRNOG00000064143,-0.09559830702512204
1279,ENSRNOG00000064176,0.008992684352103477
1280,ENSRNOG00000064198,0.02852977020601636
1281,ENSRNOG00000064231,-0.003945891652675879
1282,ENSRNOG00000064267,-0.14249616062723672
1283,ENSRNOG00000064277,0.017888863314087556
1284,ENSRNOG00000064323,0.04451426887642488
1285,ENSRNOG00000064363,0.0087719635853174
1286,ENSRNOG00000064378,-0.012863593111098543
1287,ENSRNOG00000064414,-0.18861208210613006
1288,ENSRNOG00000064428,0.00631161892818613
1289,ENSRNOG00000064438,-0.09348463661525966
1290,ENSRNOG00000064486,-0.020107057199426993
1291,ENSRNOG00000064524,-0.07602812416877157
1292,ENSRNOG00000064562,0.02458072879598814
1293,ENSRNOG00000064568,-0.2208328164160649
1294,ENSRNOG00000064623,-0.03579421540974841
1295,ENSRNOG00000064639,-0.015770532298709825
1296,ENSRNOG00000064648,-0.02935291903180947
1297,ENSRNOG00000064666,-0.0440002638029619
1298,ENSRNOG00000064682,-0.27684914808183936
1299,ENSRNOG00000064689,-0.005901341976888532
1300,ENSRNOG00000064691,0.009553367554179598
1301,ENSRNOG00000064709,-0.02825272047774666
1302,ENSRNOG00000064807,0.021439349403549225
1303,ENSRNOG00000064809,0.045242189368227576
1304,ENSRNOG00000064818,-0.012275857542664987
1305,ENSRNOG00000064824,-0.21588901138174882
1306,ENSRNOG00000064825,-0.008769662072907022
1307,ENSRNOG00000064836,0.020067476272489324
1308,ENSRNOG00000064851,-0.1300227590270941
1309,ENSRNOG00000064857,-0.007373636778434316
1310,ENSRNOG00000064872,0.028175817281066395
1311,ENSRNOG00000064875,0.015236456821328377
1312,ENSRNOG00000064891,0.058023337365538
1313,ENSRNOG00000064896,-0.029361840504096674
1314,ENSRNOG00000064959,0.027974056702917003
1315,ENSRNOG00000064981,-0.19495198926795684
1316,ENSRNOG00000065100,-0.052641843680008085
1317,ENSRNOG00000065111,-0.024345038859592234
1318,ENSRNOG00000065176,0.014372094465295056
1319,ENSRNOG00000065195,0.006998602177238229
1320,ENSRNOG00000065197,-0.022004530213877067
1321,ENSRNOG00000065274,0.02008620342589377
1322,ENSRNOG00000065275,0.03848995034068886
1323,ENSRNOG00000065292,-0.02935345125668869
1324,ENSRNOG00000065338,0.002718229491718991
1325,ENSRNOG00000065340,-0.07333077690893217
1326,ENSRNOG00000065346,-0.02020446931603244
1327,ENSRNOG00000065359,-0.054238900384040674
1328,ENSRNOG00000065398,0.010594939550079188
1329,ENSRNOG00000065414,0.07529828178243624
1330,ENSRNOG00000065420,-0.009193256840312969
1331,ENSRNOG00000065429,0.01034679382545204
1332,ENSRNOG00000065457,0.038998349018044984
1333,ENSRNOG00000065458,0.05337955951315604
1334,ENSRNOG00000065512,0.0529736340233654
1335,ENSRNOG00000065521,0.014117931019902174
1336,ENSRNOG00000065653,-0.00733566576307268
1337,ENSRNOG00000065668,0.03626870573999026
1338,ENSRNOG00000065679,0.014882964511434118
1339,ENSRNOG00000065695,-0.0814854539487519
1340,ENSRNOG00000065728,-0.009321259657246934
1341,ENSRNOG00000065786,-0.17803545268527965
1342,ENSRNOG00000065800,-0.20792052815235185
1343,ENSRNOG00000065837,-0.03276679869862336
1344,ENSRNOG00000065846,0.0272147670610007
1345,ENSRNOG00000065871,-0.008304663912061585
1346,ENSRNOG00000065876,0.17102598124924243
1347,ENSRNOG00000065882,-0.02723488109469375
1348,ENSRNOG00000065897,-0.07271889245219068
1349,ENSRNOG00000065942,-0.034534086016527736
1350,ENSRNOG00000065952,-0.029369811004075753
1351,ENSRNOG00000065998,-0.01924809383809448
1352,ENSRNOG00000066001,-0.004099505423713465
1353,ENSRNOG00000066006,0.0038254291972175353
1354,ENSRNOG00000066143,-0.08170865240758877
1355,ENSRNOG00000066184,0.07011309373498935
1356,ENSRNOG00000066249,-0.0011042577347031915
1357,ENSRNOG00000066257,0.01426671236625787
1358,ENSRNOG00000066267,0.011201490035762793
1359,ENSRNOG00000066286,-0.049322050642438275
1360,ENSRNOG00000066309,0.11772027891983572
1361,ENSRNOG00000066369,0.05362271825503284
1362,ENSRNOG00000066379,-0.03539133967488947
1363,ENSRNOG00000066423,-0.012859156203971565
1364,ENSRNOG00000066439,0.007576531629531557
1365,ENSRNOG00000066444,0.1563738852395463
1366,ENSRNOG00000066448,-0.00654790244016651
1367,ENSRNOG00000066454,0.003741476917489793
1368,ENSRNOG00000066475,-0.05888125530900852
1369,ENSRNOG00000066501,0.003619203839824955
1370,ENSRNOG00000066515,-0.014008140486810108
1371,ENSRNOG00000066536,0.013859197080426655
1372,ENSRNOG00000066538,0.01613482361440443
1373,ENSRNOG00000066542,-0.008401566911533577
1374,ENSRNOG00000066560,0.03658917536597668
1375,ENSRNOG00000066578,-0.0025055637594002572
1376,ENSRNOG00000066588,-0.09337983500915242
1377,ENSRNOG00000066608,0.017882020155358006
1378,ENSRNOG00000066609,0.016730334304563277
1379,ENSRNOG00000066615,-0.16703305475343422
1380,ENSRNOG00000066622,0.029675483266913525
1381,ENSRNOG00000066647,-0.2614810004208102
1382,ENSRNOG00000066660,-0.027337875358981176
1383,ENSRNOG00000066691,-0.1357107628692112
1384,ENSRNOG00000066766,0.01309551644983831
1385,ENSRNOG00000066803,-0.06742455040197784
1386,ENSRNOG00000066846,-0.00017789667551407944
1387,ENSRNOG00000066868,0.05938689989038666
1388,ENSRNOG00000066888,0.004499800836350628
1389,ENSRNOG00000066906,0.07288465385749258
1390,ENSRNOG00000066918,0.017676435637580132
1391,ENSRNOG00000066924,-0.0346614771273703
1392,ENSRNOG00000066933,0.05639202737187375
1393,ENSRNOG00000066940,0.022108891934057667
1394,ENSRNOG00000066951,0.006469268695060121
1395,ENSRNOG00000066958,-0.01994551800658635
1396,ENSRNOG00000066996,-0.1317865021061212
1397,ENSRNOG00000067000,-0.008239453248527671
1398,ENSRNOG00000067004,-0.9520451600641641
1399,ENSRNOG00000067013,0.026743665145640364
1400,ENSRNOG00000067032,-0.46490896541814986
1401,ENSRNOG00000067038,-0.022434911122450205
1402,ENSRNOG00000067054,0.010785552398545749
1403,ENSRNOG00000067095,-0.03161443001179963
1404,ENSRNOG00000067131,-0.18440934098435563
1405,ENSRNOG00000067157,-0.12669682747623467
1406,ENSRNOG00000067172,0.0009494888750900543
1407,ENSRNOG00000067328,0.011700578875146405
1408,ENSRNOG00000067337,0.027844507762248505
1409,ENSRNOG00000067339,0.006285179503112453
1410,ENSRNOG00000067411,-0.018193761267876432
1411,ENSRNOG00000067427,0.0654439119346229
1412,ENSRNOG00000067449,-0.023813383163632875
1413,ENSRNOG00000067503,0.02742371286958249
1414,ENSRNOG00000067542,0.22983433227962824
1415,ENSRNOG00000067543,-0.04095197625857626
1416,ENSRNOG00000067544,-0.06107841480318965
1417,ENSRNOG00000067567,-0.00946259845770063
1418,ENSRNOG00000067570,-0.03836877363497864
1419,ENSRNOG00000067593,-0.016630792332997687
1420,ENSRNOG00000067595,0.6588581896776284
1421,ENSRNOG00000067598,0.05371086604061444
1422,ENSRNOG00000067609,-0.031187204540809595
1423,ENSRNOG00000067625,0.09030667876732877
1424,ENSRNOG00000067657,-0.15020142515142454
1425,ENSRNOG00000067709,0.04229877193602501
1426,ENSRNOG00000067743,-0.011540246739509036
1427,ENSRNOG00000067765,-0.012835736873801823
1428,ENSRNOG00000067809,-0.029276249008465115
1429,ENSRNOG00000067817,-0.03623196636764174
1430,ENSRNOG00000067882,0.011377440177959573
1431,ENSRNOG00000067913,-0.05082408465689735
1432,ENSRNOG00000067926,0.04797692620538083
1433,ENSRNOG00000067949,-0.023950794117563422
1434,ENSRNOG00000067963,-0.030936417563933418
1435,ENSRNOG00000067970,0.0233262154569998
1436,ENSRNOG00000067984,0.02186863938722801
1437,ENSRNOG00000068013,0.017060370852875224
1438,ENSRNOG00000068062,0.0019327798721042802
1439,ENSRNOG00000068065,0.010298595272852453
1440,ENSRNOG00000068089,-0.07267090601445288
1441,ENSRNOG00000068121,0.09816555678154187
1442,ENSRNOG00000068135,0.026282402827029185
1443,ENSRNOG00000068149,-0.14311230932922353
1444,ENSRNOG00000068156,0.004421556970356296
1445,ENSRNOG00000068167,0.0042942554911199245
1446,ENSRNOG00000068179,-0.20665484221066707
1447,ENSRNOG00000068292,-0.011287861498009338
1448,ENSRNOG00000068361,-0.0022264171243743074
1449,ENSRNOG00000068460,0.015336382008249608
1450,ENSRNOG00000068486,-0.013370530573897525
1451,ENSRNOG00000068512,0.022324270777051264
1452,ENSRNOG00000068515,-0.037730504214957834
1453,ENSRNOG00000068560,-0.11650753908076648
1454,ENSRNOG00000068567,-0.01046293498294322
1455,ENSRNOG00000068611,-0.0025622126300397143
1456,ENSRNOG00000068651,-0.031023853853109185
1457,ENSRNOG00000068684,-0.047365811133619616
1458,ENSRNOG00000068697,-0.013802792286857551
1459,ENSRNOG00000068722,0.07740107437141797
1460,ENSRNOG00000068731,-0.09831040983791597
1461,ENSRNOG00000068744,0.0032761169855577517
1462,ENSRNOG00000068750,-0.026132119564958003
1463,ENSRNOG00000068762,0.012888537784520116
1464,ENSRNOG00000068775,-0.0017073796438354816
1465,ENSRNOG00000068796,0.026809928713232078
1466,ENSRNOG00000068800,0.08790860526122432
1467,ENSRNOG00000068917,-0.03456873605601615
1468,ENSRNOG00000068941,0.0149427661171085
1469,ENSRNOG00000068953,0.0197610104276155
1470,ENSRNOG00000069024,0.48574015025784567
1471,ENSRNOG00000069029,0.016527759031078976
1472,ENSRNOG00000069031,-0.6571282165717035
1473,ENSRNOG00000069096,-0.047320799345431666
1474,ENSRNOG00000069129,0.04356440459180636
1475,ENSRNOG00000069140,-0.0819287846892827
1476,ENSRNOG00000069178,-0.007148083366046872
1477,ENSRNOG00000069204,-0.04674015473282933
1478,ENSRNOG00000069217,-0.042157164673320015
1479,ENSRNOG00000069240,-0.027322113076590916
1480,ENSRNOG00000069295,-0.01068402366725696
1481,ENSRNOG00000069297,-0.15746111383132705
1482,ENSRNOG00000069319,0.018947425848847402
1483,ENSRNOG00000069380,0.03411910947451727
1484,ENSRNOG00000069417,0.02554051470974006
1485,ENSRNOG00000069422,-0.006927957093073736
1486,ENSRNOG00000069434,0.018056114469658064
1487,ENSRNOG00000069480,-0.408084084036577
1488,ENSRNOG00000069483,0.010830419308431335
1489,ENSRNOG00000069485,0.039577131040539615
1490,ENSRNOG00000069488,0.02520187540765378
1491,ENSRNOG00000069506,0.044035336918056237
1492,ENSRNOG00000069517,0.015695532335414323
1493,ENSRNOG00000069525,-0.06485981451337634
1494,ENSRNOG00000069567,-0.005415621825262557
1495,ENSRNOG00000069588,-0.055033652701969506
1496,ENSRNOG00000069624,-0.06401914715112833
1497,ENSRNOG00000069632,-0.05182964290062142
1498,ENSRNOG00000069647,0.04498174769310936
1499,ENSRNOG00000069704,-0.08063524332334912
1500,ENSRNOG00000069758,-0.006225989780554943
1501,ENSRNOG00000069786,0.004744397551295193
1502,ENSRNOG00000069832,-0.0640960091335928
1503,ENSRNOG00000069855,-0.0008836104626896522
1504,ENSRNOG00000069867,-0.020571261103594952
1505,ENSRNOG00000069878,0.05014433272392445
1506,ENSRNOG00000069880,-0.7904783690735048
1507,ENSRNOG00000069894,0.005674365500147492
1508,ENSRNOG00000069897,0.028411470405020525
1509,ENSRNOG00000069936,0.008988422171699054
1510,ENSRNOG00000069946,0.013628844330305038
1511,ENSRNOG00000069962,-0.027268176631101964
1512,ENSRNOG00000069993,-0.01544913719328013
1513,ENSRNOG00000070014,-0.04351279350788581
1514,ENSRNOG00000070021,0.023173027669028047
1515,ENSRNOG00000070057,-0.029811154752227495
1516,ENSRNOG00000070221,-0.007767957980632161
1517,ENSRNOG00000070264,-0.0541321172652294
1518,ENSRNOG00000070276,-0.062313058392399714
1519,ENSRNOG00000070296,-0.0059226638477218145
1520,ENSRNOG00000070306,0.07291119586731087
1521,ENSRNOG00000070316,-0.42580439231236633
1522,ENSRNOG00000070333,0.048938638556940695
1523,ENSRNOG00000070381,0.04730952261501033
1524,ENSRNOG00000070383,-0.1563943981292597
1525,ENSRNOG00000070418,0.03327803494635213
1526,ENSRNOG00000070442,-0.6910841567689467
1527,ENSRNOG00000070468,0.002010389710631137
1528,ENSRNOG00000070478,0.07095176273441604
1529,ENSRNOG00000070536,-0.027091936902578734
1530,ENSRNOG00000070540,0.023095616929386838
1531,ENSRNOG00000070543,-0.1280038921833367
1532,ENSRNOG00000070566,-0.00592629570940181
1533,ENSRNOG00000070606,-0.031470307856122426
1534,ENSRNOG00000070620,-0.012304827531471729
1535,ENSRNOG00000070625,-0.003207166892258496
1536,ENSRNOG00000070640,0.022112307550723936
1537,ENSRNOG00000070666,0.04435000656620055
1538,ENSRNOG00000070673,0.023089926608785737
1539,ENSRNOG00000070692,0.01922585647008041
1540,ENSRNOG00000070737,0.01720382443674518
1541,ENSRNOG00000070744,0.06129397337377909
1542,ENSRNOG00000070760,-0.006718387863224992
1543,ENSRNOG00000070797,0.022998535702276786
1544,ENSRNOG00000070827,0.005174610963052434
1545,ENSRNOG00000070829,-0.03138872959969388
1546,ENSRNOG00000070888,-0.046384093601748416
1547,ENSRNOG00000070893,0.0010736946295081028
1548,ENSRNOG00000070904,-0.016135740123546613
1549,ENSRNOG00000070905,-0.04620309758864968
1550,ENSRNOG00000070909,-0.0032520259416109754
1551,ENSRNOG00000070955,-0.0883748249186664
1552,ENSRNOG00000070963,-0.0653103028518489
1553,ENSRNOG00000070970,-0.0056431089136656475
1554,ENSRNOG00000070979,-0.029815065841912236
1555,ENSRNOG00000071076,0.09907771585535931
1556,ENSRNOG00000071085,-0.0006464377612664845
1557,ENSRNOG00000071156,0.08707401244762814
1558,ENSRNOG00000071162,0.049992679011853135
1559,ENSRNOG00000071194,0.0405924127866682
1560,ENSRNOG00000071212,-0.07096210336734124
1561,ENSRNOG00000071214,-0.035277978745830975
1562,ENSRNOG00000071219,-0.5667303588608505
1563,Ebf1,1.7017397570100183
1564,Ebf4,0.00976008385194058
1565,Ece2,0.09944767269790605
1566,Ecm1,-0.06157160514173898
1567,Ecm2,-0.068657379579414
1568,Ecscr,-0.18298895153209302
1569,Eda,-0.18833702575734193
1570,Edar,0.02537298280422425
1571,Edaradd,-0.08197327941620025
1572,Edil3,0.031796357253709925
1573,Edn1,0.3566970571831175
1574,Ednra,-0.21117218031106005
1575,Ednrb,-0.6935537144257125
1576,Eef2k,-0.4778639848456385
1577,Eeig2,-0.3511172322643196
1578,Eepd1,-0.330664526335412
1579,Efcab3,-0.03785477543300435
1580,Efcab5,0.023006209271481164
1581,Efcab6,-0.014918818667385413
1582,Efcc1,-0.006569880477765674
1583,Efemp1,-0.09231566425945664
1584,Efemp2,0.29993670725940624
1585,Efhc1,0.22371607595136528
1586,Efhd1,-0.01722205309562913
1587,Efhd2,-0.2244375824884806
1588,Efna1,0.04665103462000077
1589,Efna5,1.815828371670216
1590,Efnb1,-0.11907054539978668
1591,Efnb2,0.6905374794158551
1592,Efr3b,-0.31340982782609894
1593,Egfl7,-0.1981180489430768
1594,Egflam,-0.24210568472209795
1595,Egfr,0.7885188690901213
1596,Egr1,1.6960261437350788
1597,Egr2,-0.05254349775604625
1598,Egr3,0.034160584157695226
1599,Ehbp1,0.8971152124319076
1600,Ehd2,-0.3492982567740492
1601,Ehd3,0.06316193539471167
1602,Ehd4,-1.325761773852911
1603,Eid1,-0.01571642698658319
1604,Eif4a1-ps8,0.06568650868405608
1605,Elane,-0.02385467109410175
1606,Elavl3,0.04397648138621872
1607,Elf4,-0.5327815702588439
1608,Elfn2,0.05902452712625557
1609,Elk3,-1.424023580732673
1610,Ell3,-0.002395354003041198
1611,Elmo1,-4.715737719214398
1612,Elmo2,-0.47871768058146424
1613,Elmo3,-0.17356885470038996
1614,Eln,-0.4632515252893351
1615,Elof1,-0.1252273849816296
1616,Elovl6,0.049536766146379
1617,Elovl7,-0.028622219008551393
1618,Emb,-0.019727635645261477
1619,Emc10,-0.3109040134981037
1620,Emcn,-1.0343206333368284
1621,Emid1,-0.10786129587406074
1622,Emilin1,-0.014069038845310454
1623,Emilin2,-0.06738658779412735
1624,Eml1,-0.5245643187282758
1625,Emp1,-0.2906851393860338
1626,Emp3,-0.035972213052438515
1627,Enc1,0.3100399960431813
1628,Eng,-0.4290119477659287
1629,Engase,-0.05151363139729569
1630,Enox1,0.11518990852416344
1631,Enpep,-0.021005371757257363
1632,Enpp1,-0.08486416498909236
1633,Enpp3,0.028628444567640923
1634,Enpp4,-0.07184296311220845
1635,Enpp6,0.025522976525797336
1636,Entpd1,-0.8188986674785425
1637,Entpd3,-0.0014821365137827726
1638,Entrep2,-0.49889352715003854
1639,Entrep3,0.10355123423138081
1640,Eomes,-0.06358418802764215
1641,Epas1,1.5273542612354032
1642,Epb41l4a,-1.461841538395409
1643,Epb41l4b,0.03273321314804699
1644,Epb42,-0.007054784379947501
1645,Epcam,0.01677221669814949
1646,Epgn,0.015021716626448006
1647,Epha1,0.06380315050045607
1648,Epha2,-0.0029181032652203266
1649,Epha3,0.6091833684449564
1650,Epha4,-0.18596971823602
1651,Epha5,-0.05832895205903612
1652,Epha7,-0.006189412646566356
1653,Ephb1,0.5668926847378863
1654,Ephb2,0.5366623808270952
1655,Ephb3,-0.034981506465023016
1656,Ephb4,-0.3789838836143188
1657,Epn2,-0.3356546504947556
1658,Epsti1,-0.7143992206495633
1659,Epyc,-0.0049745034519735045
1660,Erbb2,0.0034575477498003243
1661,Erbb3,-0.06375369114678396
1662,Erc2,-0.019749612710913834
1663,Erfe,-0.03733432791832546
1664,Erg,-1.2785491414120373
1665,Erich4,0.01422727832147867
1666,Erp27,-0.028589648072172708
1667,Errfi1,1.5350930590906522
1668,Esam,-0.1261212289006248
1669,Esm1,-0.005106949899100451
1670,Esr1,0.07762862813956392
1671,Esyt1,0.374196075526023
1672,Esyt3,-0.048621967373676085
1673,Etl4,-1.4963984389487124
1674,Ets1,-2.799846992493948
1675,Ets2,-0.15818760783606967
1676,Etv1,-0.10359571757609035
1677,Etv4,0.1310528957500595
1678,Etv5,-0.11218265794664758
1679,Etv6,-2.9252611196080895
1680,Eva1a,-0.024416585375344038
1681,Eva1b,0.06833531886760241
1682,Eva1c,-0.28298619798333047
1683,Evc,0.17250316791989148
1684,Evc2,-0.03126277505678761
1685,Evl,-0.8345658666297247
1686,Evpl,-0.06078520718184011
1687,Exo1,-0.02831754176390911
1688,Exo5,-0.13632469930347574
1689,Exog,0.04906794136062681
1690,Exosc8,-0.05658089945379303
1691,Exph5,-0.06969164965317273
1692,Ext1,-4.280753735599051
1693,Extl1,0.03814925966900158
1694,Eya2,-0.6076125300321998
1695,Eya4,0.3418627587204418
1696,Ezr,-0.8501677280625324
1697,F11,0.0440001362107601
1698,F13a1,-0.4892020123391584
1699,F2r,-0.09660684671003159
1700,F2rl3,-0.06708743245951142
1701,F3,1.0186064868292106
1702,F5,-0.055249801011963855
1703,F7,0.029242395916848102
1704,Fa2h,0.03265895906424958
1705,Faah,0.05460709378918983
1706,Fabp5,0.028420050525679218
1707,Fabp9,0.0493386667550112
1708,Fads1,0.23462766457906675
1709,Fads2,0.1485346769223853
1710,Fads3,0.15053810824235472
1711,Fam107b,-0.6622748821386812
1712,Fam110a,-0.055615048366520835
1713,Fam110d,-0.024261874026380865
1714,Fam111a,-0.11000861579798202
1715,Fam114a1,0.008671496724462567
1716,Fam117a,0.015742880067775827
1717,Fam124a,-0.44108029132065946
1718,Fam124b,0.066448083290941
1719,Fam131a,-0.4887415659929197
1720,Fam13a,1.2922486538913303
1721,Fam13c,0.4047914141873358
1722,Fam149a,-0.09218075644490271
1723,Fam163a,-0.09395404912851049
1724,Fam167b,0.017662157981908577
1725,Fam169b,0.052429898631921025
1726,Fam171a1,-0.4651713716850645
1727,Fam171a2,-0.026977319629490043
1728,Fam171b,-0.013277825686260241
1729,Fam174b-1,0.07935714447698224
1730,Fam180a,0.12689152304810697
1731,Fam184a,0.13490882803736018
1732,Fam205a,-0.08600540158541559
1733,Fam228a,0.0022337717253984963
1734,Fam25a,-0.0030285756545647916
1735,Fam3d,-0.03649623551169693
1736,Fam43a,-0.2658664803775655
1737,Fam78a,-0.07032006841375701
1738,Fam78b,-0.5318933534850006
1739,Fam83b,0.05124518763202535
1740,Fam83d,0.02022924505569563
1741,Fam89a,-0.11694875333344552
1742,Fam9b,-0.05996015077902515
1743,Fancc,-0.05821689498485389
1744,Fanci,-0.13217263235236135
1745,Fap,0.16826711907609904
1746,Far1,-0.6425915161459066
1747,Farp1,-0.42999758991071235
1748,Fas,-0.15798919329780978
1749,Faslg,-0.15326443203348333
1750,Fasn,-0.5954834093197541
1751,Fat3,0.05665073269640456
1752,Fat4,0.19043949518578132
1753,Fau,0.009385503867952592
1754,Faxdc2,-0.590026604098199
1755,Fblim1,-0.39772564605677313
1756,Fbln1,-0.0011485950480606133
1757,Fbln2,-0.14670144559526296
1758,Fbln5,-0.3394470862124889
1759,Fbn1,0.26326358899902136
1760,Fbn2,0.17549201360570682
1761,Fbxl14,0.05056855406747345
1762,Fbxl5,-0.5682485643052253
1763,Fbxl7,-1.5759987365440442
1764,Fbxo10,0.12248674854853717
1765,Fbxo16,-0.02886070745297682
1766,Fbxo41,-0.03679479779679224
1767,Fcer1g,-0.16500067974666893
1768,Fcer2,0.01895692677232376
1769,Fcgbpl1,0.05879101062716792
1770,Fcgr1a,-0.07450080598729972
1771,Fcgr2a-ps1,-0.4299054558920181
1772,Fcgr2b,-0.1280716561950483
1773,Fcho1,-0.1482220011643051
1774,Fchsd1,0.0025283362373627475
1775,Fchsd2,-2.0407193709969356
1776,Fcmr,-0.23310115476023555
1777,Fcna,-0.12129118430892533
1778,Fcnb,-0.00901282038850159
1779,Fcrl1,0.031920215305348096
1780,Fcrl2,-0.06516672868123698
1781,Fcrl5,-0.009139736290369196
1782,Fcrla,-0.03575829479885992
1783,Fdxr,-0.017301703218130314
1784,Fermt3,-0.39106277178461646
1785,Fes,-0.2594043576668836
1786,Fez2,0.04576154601872078
1787,Fgd3,-0.5308556892658041
1788,Fgd4,-0.5987215249231761
1789,Fgd5,-0.727710454950293
1790,Fgd6,-1.4563554618481493
1791,Fgf10,0.18221575152198852
1792,Fgf12,-0.44663841879591165
1793,Fgf13,0.07637101822353759
1794,Fgf14,0.011263544260569726
1795,Fgf7,0.2642946922655244
1796,Fgf9,0.07321400681255241
1797,Fgg,0.0144729853020556
1798,Fgl1,0.04232207469825397
1799,Fgl2,-0.0569102286108113
1800,Fgr,-0.5096645135308409
1801,Fhl2,0.2384117866420657
1802,Fhl5,0.10959146470359508
1803,Fhod1,-0.2438551825650323
1804,Fhod3,-2.5726372427806234
1805,Fibin,0.0640473623277484
1806,Fig4,-0.1958450143625148
1807,Filip1,-1.068912597925685
1808,Filip1l,-0.25553858321561546
1809,Fitm1,0.022728023972307505
1810,Fjx1,-0.015606332873252055
1811,Fkbp5,-0.6848438180212225
1812,Fkbp6,0.0005419918661909839
1813,Fli1,-3.567875826669929
1814,Flna,0.8707330564838651
1815,Flnb,0.2754741651979115
1816,Flrt2,-0.059580680343655684
1817,Flrt3,-0.02434552202647377
1818,Flt1,-2.2716087865866603
1819,Flt3,-0.2800307838826104
1820,Flt4,0.07124033372513948
1821,Flvcr2,-0.1867775250850635
1822,Fmn1,-0.5175300146682849
1823,Fmnl1,-0.6279021624686287
1824,Fmnl2,-1.1866762941371198
1825,Fmnl3,-1.5825831232528216
1826,Fmo2,0.11081703521992678
1827,Fmo9,-0.019217858451261616
1828,Fn1,0.27837578035346594
1829,Fnbp1,-1.5331048819249427
1830,Fndc1,-0.06827363972324582
1831,Folr2,-0.30550892388509093
1832,Fos,0.3809610329259087
1833,Fosb,-0.02931513278003295
1834,Fosl2,0.2643613488175117
1835,Foxp3,-0.029026723992986354
1836,Fpr2,-0.0066753607571072545
1837,Fpr2l1,-0.022930734038946597
1838,Fpr3,-0.017086400845610816
1839,Fras1,0.3192889984422308
1840,Frat1,-0.014240681774463991
1841,Frat2,0.026112142352917006
1842,Frem1,0.005073851445305949
1843,Frem2,-0.06092647028921038
1844,Frem3,-0.007340976000597724
1845,Frg1l1,0.030272287935742798
1846,Frmd4b,-2.46148524167838
1847,Frmd5,0.1055460679441764
1848,Frmd6,0.7213454984216978
1849,Frmpd2,-0.00999619862561001
1850,Frmpd4,0.34944248246104787
1851,Fry,-2.6833495224688653
1852,Fryl,-1.0785502663865107
1853,Fscn1,-0.19637909271934484
1854,Fsd1l,-0.13794132680156054
1855,Fsip1,-0.03324147857936889
1856,Fst,0.08358099487013618
1857,Fstl1,0.6167167413258619
1858,Fstl4,-0.05704969993676941
1859,Fth1,-0.0012334465385529653
1860,Fut4,-0.014498758188595706
1861,Fut7,-0.02860821113991457
1862,Fxyd2,-0.02128761435430809
1863,Fxyd5,-0.24693907537945098
1864,Fxyd6,-0.03025778754309596
1865,Fyb1,-1.2130780141356712
1866,Fyn,-3.0020625092295785
1867,Fzd2,0.07812890041842213
1868,Fzd6,-0.23112211851441855
1869,Fzd8,0.0299218612362665
1870,Gab1,-0.6915025403963255
1871,Gabbr2,0.03889264908260976
1872,Gabpb1l,-0.042186343515616564
1873,Gabra4,0.10213245118027461
1874,Gabrb1,0.13210653907307618
1875,Gabrb2,0.04035350897095748
1876,Gabrb3,0.08692753910025772
1877,Gabrg1,0.09490489184362148
1878,Gabrp,0.020908902193428176
1879,Gabrr3,0.018015526690352758
1880,Gad1,-0.08004578647472164
1881,Gadd45a,0.17607030531106738
1882,Gadd45b,0.03606587975610375
1883,Gadd45g,0.45340488089252284
1884,Gal3st2c,-0.017817090128163633
1885,Gal3st3,-0.027095281454458553
1886,Galns,-0.19492495053924314
1887,Galnt10,-0.9612559463618869
1888,Galnt12,0.03027053786200235
1889,Galnt13,0.06906370091583977
1890,Galnt14,0.04780749181441327
1891,Galnt15,0.5475951453742455
1892,Galnt16,0.04473413827265284
1893,Galnt17,0.20296667147711833
1894,Galnt18,-0.3012363942966221
1895,Galnt3,0.04124978950843601
1896,Galnt6,-0.08782683224405423
1897,Galt,0.18950343059940467
1898,Gamt,-0.04507036506896826
1899,Gap43,0.009287286351517222
1900,Garin4,0.002311122140998191
1901,Garin5b,0.014175958628597406
1902,Garnl3,-0.1952402714943814
1903,Gas2l3,-0.051804351112782414
1904,Gas6,0.4333494734994855
1905,Gas7,-1.1663814269468777
1906,Gask1a,-0.04945753275958284
1907,Gask1b,0.23216811055267977
1908,Gata1,0.05943192667995
1909,Gata2,-0.04210732246544066
1910,Gata3,-0.2816852741304201
1911,Gata4,-0.0087082165731532
1912,Gata6,0.19969256325038542
1913,Gatm,-0.3004799932608495
1914,Gbp1,-0.047549567834829394
1915,Gbp2,-0.15924478340404552
1916,Gbp3,0.019400751850769424
1917,Gbp4,0.002402560163408377
1918,Gbp5,-0.10961115817780663
1919,Gbp6-1,0.11084711432792707
1920,Gbp7,-0.3388926460282696
1921,Gca,-0.045127138994358384
1922,Gch1,-0.3107867994839518
1923,Gclc,0.13190633192456636
1924,Gcm1,-0.03018114857893237
1925,Gcnt1,-0.2703476282926467
1926,Gcnt2,-0.7606006633744908
1927,Gcnt4,-0.035662661128030015
1928,Gcsam,-0.03868254567566099
1929,Gda,-1.5478113444121067
1930,Gdf10,0.020734613463195717
1931,Gdf15,0.07475816355158413
1932,Gdf9,-0.0030260215362312402
1933,Gfap,-0.05021686747799885
1934,Gfi1,-0.03667669724412643
1935,Gfpt2,-0.007923989670678117
1936,Gfra1,-0.11801891504507431
1937,Gfra2,-0.07840558718158133
1938,Gfra3,-0.12565172091405513
1939,Gga2,0.022953200770889144
1940,Ggt1,-0.03088272452579508
1941,Ggta1,-0.429796030649797
1942,Ggta1l1,0.002587659329080715
1943,Ghr,2.795767704920348
1944,Ghrhr,-0.09945944648946943
1945,Gid4,-0.053921753973074624
1946,Gimap1,0.10510965174723436
1947,Gimap4,-0.11113762590715595
1948,Gimap5,-0.7018758351238272
1949,Gimap6,-0.01320448651464045
1950,Gimap7,-0.000977361706684103
1951,Gimap8,0.005135463425203279
1952,Gimap9,-0.12398515913056302
1953,Gins3,-0.004716193796722367
1954,Gipr,-0.04901241231297841
1955,Gja4,0.09395683213594057
1956,Gja5,-0.02197730597979404
1957,Gjc1,0.2980849681269046
1958,Gjc3,-0.0569848420691591
1959,Gk,1.2377601234369764
1960,Gkn3,-0.018713840920027744
1961,Glb1,-0.2961935397986526
1962,Gldn,0.00944826548424669
1963,Gli1,0.02295453873505453
1964,Gli2,-0.0755310215086184
1965,Gli3,0.068209017746883
1966,Glipr1,-0.1340167504600403
1967,Glipr2,-0.01822284898003771
1968,Glis1,0.03838730309325078
1969,Glis3,0.549225045388852
1970,Glp1r,-0.029636099528577178
1971,Glrx,-0.17012750937713
1972,Gltpd2,-0.04881379192423105
1973,Glyatl3,0.01797424806581341
1974,Glycam1,0.01866486279882419
1975,Gm6569,0.056100722286925024
1976,Gmds,-0.7480852591529181
1977,Gmfg,-0.11203337577476044
1978,Gmip,-0.14936299035139863
1979,Gmpr,0.5672186110405206
1980,Gna14,0.025079816359671863
1981,Gna15,-0.21825399594017325
1982,Gnai2,0.22136363908878925
1983,Gnat2,-0.0570503626732516
1984,Gnb4,-0.2919546423900673
1985,Gng10-1,-0.03767409278847405
1986,Gng11,-0.5123404707383895
1987,Gng2,-1.5807349713786238
1988,Gng7,-0.06425090247501222
1989,Gng8,0.040580703656198855
1990,Golm1,-0.001588731400208536
1991,Golm2,0.15339392935966056
1992,Got2,-0.23072498298149577
1993,Gpat3,0.25181094253090697
1994,Gpc1,-0.01823016652357445
1995,Gpc2,-0.1638665578376427
1996,Gpc3,0.4264040090859898
1997,Gpc6,0.5550124812849947
1998,Gpd1,1.1220240961779138
1999,Gpihbp1,0.23614218186938127
2000,Gpm6a,1.1580349934124943
2001,Gpm6b,0.39502367318810816
2002,Gpnmb,-0.031194866382127876
2003,Gpr132,-0.03556425917658011
2004,Gpr137b,-0.45276958563323755
2005,Gpr137c,-0.0758019230397731
2006,Gpr141,-0.09073379525134972
2007,Gpr15,-0.023870906028016774
2008,Gpr155,0.09636074142062301
2009,Gpr160,-0.2788641177471237
2010,Gpr161,-0.0032609477986858624
2011,Gpr165,0.028929229886034306
2012,Gpr171,-0.11500659374768919
2013,Gpr174,-0.11476876412493048
2014,Gpr176,0.15207539784901997
2015,Gpr183,0.0041583345557193434
2016,Gpr39,0.19104880907978303
2017,Gpr4,-0.2588246422842893
2018,Gpr55,0.005640199173955104
2019,Gpr65,-0.050131633447932075
2020,Gpr84,0.01204206745638134
2021,Gprasp2,0.037223375206357934
2022,Gprasp3,0.07979459177992704
2023,Gprc5a,-0.0007848226136095045
2024,Gprc5b,0.0005528977186850942
2025,Gprin3,0.198340861315461
2026,Gpsm2,-0.09565099294638678
2027,Gpsm3,-0.007619510613407085
2028,Gpx1,-0.002323058657474312
2029,Gpx3,0.22949163988005766
2030,Gpx8,0.04895684523214751
2031,Gramd1a,0.06874193180744936
2032,Gramd1b,-0.34900410222082684
2033,Gramd1c,-0.10308443514007559
2034,Grap,-0.06858867763922219
2035,Grap2,-0.19253616008969293
2036,Grb10,-0.9796591906873534
2037,Grem2,0.09244075046794503
2038,Grep1,0.04011571674149642
2039,Grhl3,-0.013031134676888427
2040,Gria1,-0.015359939770321417
2041,Gria2,-0.17542783181788005
2042,Gria3,0.39252150700392624
2043,Gria4,1.273519211789335
2044,Grid2,0.05396132283746298
2045,Grid2ip,-0.018447340404647697
2046,Grik1,-0.035356370719553956
2047,Grik2,-1.228863410961555
2048,Grik3,0.02221263095653443
2049,Grik4,-0.44472346922693384
2050,Grin2a,-0.0145372518486218
2051,Grin3a,0.020801095190708004
2052,Grip1,-0.004882863009173307
2053,Grip2,0.30687996657619626
2054,Grk2,-0.3077252758593445
2055,Grk3,-0.4852229898930618
2056,Grk6,-0.47617154791944505
2057,Gsap,-0.7813552141787046
2058,Gsc,0.028251792276476846
2059,Gsdmd,0.04576449922679016
2060,Gsdme,0.1031679008407902
2061,Gse1,-2.079035791577498
2062,Gsn,1.2958245577700935
2063,Gspt2,0.024212238448933478
2064,Gsta1,0.1281275529363402
2065,Gsta6,-0.05207816482273286
2066,Gstm2,0.03655354973674135
2067,Gstp3,0.03621016208695605
2068,Gstt3,0.009011565255046745
2069,Gtf2a1l,0.05840778922152137
2070,Gucy1a1,0.014036072975180072
2071,Gucy1a2,0.16098190395802153
2072,Gucy1b1,-0.1065263005158712
2073,Gucy1b2,0.027329039313428286
2074,Gucy2e,0.008542489382932304
2075,Gulp1,0.21795887368437322
2076,Gvin1,-1.3264713949763882
2077,Gxylt2,0.09860100691212825
2078,Gzma,-0.20989023336368856
2079,Gzmb,-0.04297138685855575
2080,Gzmk,-0.3396198937990055
2081,Gzmm,-0.2532428206245957
2082,H19,0.0054731539595196535
2083,H1f1,-0.023799141552402814
2084,H2ac4,-0.024977844355079944
2085,H2aj,0.08770295717888424
2086,H2ax,-0.027427930225081196
2087,H3f3a,-0.03929981889765821
2088,Haao,0.013176233377297385
2089,Hacd4,-0.13747447901656729
2090,Hamp,0.08018072233701898
2091,Hapln3,-0.008945360998227032
2092,Has1,-0.1044702805124968
2093,Haspin,-0.004159258826132131
2094,Haus4,-0.06324260122685313
2095,Haus7,0.11938886034028208
2096,Havcr2,-0.036563574237392114
2097,Hba-a1,-0.020534205262033325
2098,Hba-a3,-0.0007325092741885526
2099,Hbb,-0.14822432097703678
2100,Hbegf,0.0801566326034711
2101,Hck,-0.7503637598761959
2102,Hcls1,-0.2028506780636067
2103,Hcn1,0.03662642379346845
2104,Hcn2,0.009581396982020374
2105,Hcst,0.0031328235747705505
2106,Hdac7,-0.748072499156324
2107,Hdac9,-6.168589601631223
2108,Hdc,0.014690481078793335
2109,Hdx,0.016366824134887863
2110,Heatr5a,-0.1815263706610299
2111,Heca,-0.7488340798182838
2112,Hecw1,0.0002439365977033002
2113,Hecw2,-1.3596259951963496
2114,Heg1,-1.3996701858027907
2115,Hells,-0.10682239302715693
2116,Helz2,-0.1677831077190694
2117,Hepacam2,-0.02199459618292631
2118,Heph,-0.2875147931393648
2119,Herc6,-1.0720706200479875
2120,Hes1,0.3174570109514907
2121,Hey1,0.20794464114323333
2122,Heyl,0.19830294747280003
2123,Hgf,-0.09221379905528237
2124,Hgfac,-0.06534077089688202
2125,Hhip,0.10470105374090083
2126,Hhipl1,0.007442886144930496
2127,Higd1c,0.021317300185108898
2128,Hip1,-3.3718733182024248
2129,Hip1r,0.13487506915428615
2130,Hipk4,-0.06630396586664879
2131,Hist1h2af,0.030081240582443575
2132,Hist1h2bg,0.06398817830756301
2133,Hist1h3b-1,-0.038678136162664814
2134,Hist1h4m,-0.007672734446106541
2135,Hist1h4m-1,-0.0067180247694192605
2136,Hist2h3c2,0.01308080237479117
2137,Hivep1,0.6698334010231182
2138,Hivep2,0.42902017903843737
2139,Hivep3,-0.1793660377495946
2140,Hjurp,-0.023953644244412334
2141,Hk1,-0.535980907809644
2142,Hk2,0.1264137973973556
2143,Hltf,-0.5340264345212163
2144,Hlx,0.1339956721442595
2145,Hmcn1,-0.6704597378241712
2146,Hmcn2,-0.0055660809244219905
2147,Hmga2,0.011115806546616239
2148,Hmgb2,-0.18989635517152637
2149,Hmgcll1,-0.07844149514263947
2150,Hmgn3,0.076901033823434
2151,Hmmr,-0.1542209789888565
2152,Hmox1,-0.10778067956180341
2153,Hnf1a,-0.015553189517450472
2154,Hnf4a,0.024920494839782866
2155,Hopx,-0.05024383147679631
2156,Hormad1,-0.09302283505577578
2157,Hormad2,-0.03989791979890828
2158,Hoxb5,-0.17379528759676371
2159,Hoxb6,-0.09694882818835618
2160,Hoxd9,0.025639929508018865
2161,Hpcal1,-2.1860360385427815
2162,Hpgd,-0.05081635027838975
2163,Hpgds,-0.04469062376646058
2164,Hps3,-0.5370740816665901
2165,Hpse,-0.6007568935454817
2166,Hpse2,0.03713471429957671
2167,Hpx,0.004174371707391256
2168,Hrct1,-0.09369336916062326
2169,Hrh2,0.010358773221591327
2170,Hs3st1,-0.0038178102748798945
2171,Hs3st2,-0.03827704848703664
2172,Hs3st3b1,-0.12384597058478619
2173,Hs3st4,-0.0029538750736782995
2174,Hs3st5,0.14416213802988864
2175,Hs3st6,-0.03038843520525557
2176,Hs6st1,0.329917646049682
2177,Hs6st2,0.29896297701365593
2178,Hs6st3,-0.17428329078121105
2179,Hsbp1l1,-0.006345422860363794
2180,Hsc70-ps1,-0.020841175425690316
2181,Hsd11b2,-0.0010187845456102185
2182,Hsd17b13,-0.1056999333811398
2183,Hsh2d,-0.27362759725375896
2184,Hsp90aa1,-0.04897436305892829
2185,Hsp90b1,-0.3254484808598913
2186,Hspa12b,-0.300810812568689
2187,Hspa5,0.15391459490430837
2188,Hspb1,0.03099729013589178
2189,Hspb7,0.001978603218881392
2190,Hspb8,0.0025828242548240274
2191,Hspg2,-0.24193388644892286
2192,Htr1b,-0.002067362047309569
2193,Htr2a,0.0811222849721228
2194,Htr4,-0.07768980420937766
2195,Htr7,0.024748136025459156
2196,Htra2,-0.2312620800479974
2197,Htra3,0.27830277976204887
2198,Htra4,-0.026508497757720614
2199,Hvcn1,-0.0031420636452336222
2200,Hycc1,-0.20777519462696575
2201,Ica1,-0.7464136962517888
2202,Icam1,-0.0492609551086298
2203,Icam2,-0.3324704971519537
2204,Icos,0.007102880123208054
2205,Icoslg,-0.12365607210077441
2206,Id1,0.5688301627783284
2207,Id2,-0.024786777134439903
2208,Id3,0.12579973769008904
2209,Id4,-0.028760862805578807
2210,Ido2,-0.04580598034163029
2211,Ier2,0.1682337522026058
2212,Ier3,0.20097285099447157
2213,Ier5,0.11288621581684805
2214,Ifi27l2b,0.03161471281581078
2215,Ifi30,0.08307446701926523
2216,Ifi44,-0.6638976331348848
2217,Ifi44l,-0.2293805106561402
2218,Ifih1,0.04420251724374321
2219,Ifit1,0.09487460174123952
2220,Ifit1bl,-0.003454230564840911
2221,Ifit2,-0.011045437910895739
2222,Ifit3,-0.10044658419150315
2223,Ifngr1,-0.7274564889202482
2224,Ift22,0.05465261948732464
2225,Ift27,0.09423598056562377
2226,Igdcc3,0.042732543689151456
2227,Igdcc4,-0.2152222066134134
2228,Igf1,1.172817237377991
2229,Igf1r,0.6312835257881252
2230,Igf2bp3,0.036015700480383356
2231,Igf2r,-0.42579874239422344
2232,Igfbp3,0.3604986472942061
2233,Igfbp5,-0.501105221886196
2234,Igfbp6,-0.055553618344224585
2235,Igfbp7,1.4046849013315008
2236,Ighm,-0.01874692966637522
2237,Iglc1,-0.041502809876532085
2238,Igsf10,0.09658911755025704
2239,Igsf11,-0.06465291281382052
2240,Igsf21,0.0009670566719263102
2241,Igsf23,-0.013488849036193332
2242,Igsf3,-0.2029714708963851
2243,Igsf6,-0.12549626249805648
2244,Igsf8,-0.07487666126712136
2245,Igsf9,0.02750302719382932
2246,Igtp,-0.3709588974341494
2247,Ikbke,0.15178723973503744
2248,Ikzf1,-1.8723674573205868
2249,Ikzf3,-0.9979442833825322
2250,Ikzf4,0.14337825802207455
2251,Il10,0.05472139889311296
2252,Il10ra,-0.14091391735558012
2253,Il11ra1,0.34659769355705167
2254,Il12rb2,-0.32603899541403825
2255,Il13ra1,-0.029128309209770328
2256,Il13ra2,-0.019633066350892826
2257,Il15,-1.4988473664236825
2258,Il16,0.021927607060473392
2259,Il17ra,-0.456188053402677
2260,Il17rc,0.18345230540557556
2261,Il17rd,0.016737028599047625
2262,Il17re,0.0892952399624418
2263,Il18,-0.49271048721665217
2264,Il18r1,-0.15515838344308067
2265,Il18rap,-0.23335263876482704
2266,Il1b,-0.03801916358530857
2267,Il1r1,-1.0418094436791225
2268,Il1r2,-0.01062693263137041
2269,Il1rap,-0.21417447732743994
2270,Il1rapl1,0.019645775979952457
2271,Il1rl1,-0.40607853747320766
2272,Il1rn,0.007255288034766581
2273,Il20rb,-0.13802882868345365
2274,Il21,-0.011419857149087291
2275,Il21r,-0.16571339681831743
2276,Il22ra1,-0.029559178494490135
2277,Il22ra2,-0.07891710961760393
2278,Il23a,0.013270860072714176
2279,Il27,0.004158902629440494
2280,Il27ra,-0.012840790587761433
2281,Il2ra,-0.0397300805751681
2282,Il2rb,-0.3105395384691581
2283,Il31ra,0.03028598850868411
2284,Il33,-0.4046442338654569
2285,Il34,-0.021637770557250267
2286,Il36b,0.022715706094379975
2287,Il3ra,0.33449632256599804
2288,Il4i1,0.0552555890898587
2289,Il4r,0.5001739183766409
2290,Il6,-0.011037197873055673
2291,Il6r,-1.0063824224587832
2292,Il7,0.06262565465031024
2293,Il7r,-0.10150172810711744
2294,Ildr2,-0.06745768826541981
2295,Ilk,-0.03395586039791289
2296,Immp2l,-0.9496825053177455
2297,Inhba,-0.3620550244723758
2298,Inka1,0.007563668188351705
2299,Inka2,-0.44546807718200754
2300,Inmt,-0.015431663800486058
2301,Inpp4b,-0.3635655500570131
2302,Inpp5d,-1.4914062521749563
2303,Inpp5f,-0.5477618216468683
2304,Inpp5j,0.030032537436513587
2305,Insc,0.05122250855827993
2306,Insl3,-0.01638625479348308
2307,Insyn2b,-0.08666841063379122
2308,Ints6l,-0.31582611642836067
2309,Ipcef1,-0.6806169135304878
2310,Iqank1,0.018587899464736633
2311,Iqca1,0.027412777216350964
2312,Iqca1l,0.022133383326680828
2313,Iqcg,0.027637048363936666
2314,Iqgap3,-0.08613403058438242
2315,Iqsec1,-0.6588264006607315
2316,Iqsec3,0.04040480479549522
2317,Irag1,0.8535752532415166
2318,Irag2,-0.6273921924239455
2319,Irf2bpl,-0.05228277617505102
2320,Irf4,0.12575770837273362
2321,Irf5,-0.27954539504176024
2322,Irf8,-0.24194137928213402
2323,Irx4,0.0004477453656324365
2324,Isl1,0.021269462155416235
2325,Islr,0.021675358505737024
2326,Ism1,0.13494643849895904
2327,Isyna1,-0.15036587318972655
2328,Itga11,0.08360639676449551
2329,Itga2,-0.2675694152021636
2330,Itga3,-0.011375866253905409
2331,Itga4,-0.8446925335656186
2332,Itga5,-0.31328482150966486
2333,Itga6,-1.4141916063907718
2334,Itga8,0.36127527466489107
2335,Itga9,-1.097472672043861
2336,Itgad,-0.14310351294441567
2337,Itgal,-0.7744069052003004
2338,Itgam,-0.7889653933874428
2339,Itgax,-0.31395842610401026
2340,Itgb2,-0.781013144332423
2341,Itgb3,-0.22397198957447148
2342,Itgb4,0.02403698241861943
2343,Itgb5,-0.32368063362933325
2344,Itgb7,-0.04125004288347772
2345,Itgb8,0.2572627674183636
2346,Itgbl1,0.810465851912501
2347,Itih3,-0.006144888480505752
2348,Itk,-0.11017893003376619
2349,Itm2a,0.1430410751584637
2350,Itm2c,-0.16655463627262768
2351,Itpkb,-2.506682685045601
2352,Itpr3,0.02601344933357879
2353,Itprip,0.0012518818469270405
2354,Itpripl2,0.01745404598835247
2355,Ivns1abp,0.2175833572225805
2356,Izumo4,0.04215340961522129
2357,Jag1,0.14279099993731847
2358,Jag2,-0.42009599016794
2359,Jakmip1,-0.05688954806995605
2360,Jakmip2,0.008888810780107882
2361,Jam2,-2.845349405626777
2362,Jam3,-0.04261046671632239
2363,Jaml,-0.2562290354119307
2364,Jazf1,-0.6201032437656246
2365,Jcad,-0.3947508694811914
2366,Jchain,0.022960683476309158
2367,Jdp2,-0.23323850600696794
2368,Jph1,-0.06267126256835442
2369,Jph2,0.1865392275611636
2370,Jun,0.4290953826998418
2371,Jund,-0.0553371960735308
2372,Jup,0.06396695111775025
2373,Kalrn,-2.7299515271381423
2374,Kank1,2.173570047666444
2375,Kank3,-0.5553423062473705
2376,Kazn,1.5910124235460907
2377,Kcna1,0.012350428860457018
2378,Kcna2,0.029547556994227106
2379,Kcna3,-0.03787150494689506
2380,Kcna5,0.07540588200381566
2381,Kcna6,-0.019737835830570063
2382,Kcnab1,0.0566493023147574
2383,Kcnab2,-0.5468410684947078
2384,Kcnd2,-0.020746133316292218
2385,Kcnd3,0.3949864790609773
2386,Kcng3,-0.06844326700587801
2387,Kcnh5,-0.011139631970195364
2388,Kcnh8,0.06062527294605191
2389,Kcnip1,0.7014981331046717
2390,Kcnip4,0.3993247753808904
2391,Kcnj1,-0.0002930775305382818
2392,Kcnj12,-0.016591716014844986
2393,Kcnj15,-0.012858343828678995
2394,Kcnj16,-0.00846407871951042
2395,Kcnj2,-0.04015291788844241
2396,Kcnj5,0.010426747754453609
2397,Kcnj8,-0.1443238962026956
2398,Kcnk1,-0.0017246866936990683
2399,Kcnk10,-0.0175497272376775
2400,Kcnk13,-0.4472237496887055
2401,Kcnk18,0.0075659938638505285
2402,Kcnk4,0.003039508404800298
2403,Kcnk5,-0.31901403414060664
2404,Kcnk9,0.018836637780636004
2405,Kcnma1,0.24381558056590372
2406,Kcnmb4,-0.03447078440033918
2407,Kcnn3,0.09106533603187339
2408,Kcnn4,-0.11595592013749849
2409,Kcnq1,-0.6947020382227743
2410,Kcnq4,0.011417601491305529
2411,Kcnq5,-0.4096763589399541
2412,Kcns3,-0.19616648364987027
2413,Kcnt1,0.0107821719461147
2414,Kcnt2,-0.6876281391010497
2415,Kcp,0.08729321079718078
2416,Kctd11,0.04317829758563775
2417,Kctd12,-0.16497932916447422
2418,Kctd16,-0.17048538700394947
2419,Kctd17,0.18332499339333408
2420,Kctd6,-0.014231099955869953
2421,Kctd8,0.15591405851384763
2422,Kdr,-0.14058053825372685
2423,Kel,-0.008543044430066668
2424,Khdc3,-0.005359477548464563
2425,Khdrbs2,-0.04105458185500371
2426,Kiaa0040,-0.6115862999493702
2427,Kiaa0408L,0.02005351604329667
2428,Kiaa1755,0.10351004196230432
2429,Kif15,-0.13400239042743187
2430,Kif18a,-0.03782071864853216
2431,Kif19,-0.04189301510056134
2432,Kif1a,-0.004223669175965141
2433,Kif20b,-0.08696219116724341
2434,Kif21b,-0.2365035124423629
2435,Kif22,-0.021666951528567742
2436,Kif23,-0.11908390405191163
2437,Kif26b,0.17438995545487856
2438,Kif28p,0.013924676997550758
2439,Kif2c,-0.004036192272834932
2440,Kif4a,-0.06540814608722044
2441,Kif5c,-0.041546252285966354
2442,Kir3dl1,-0.09232471514442889
2443,Kirrel1,0.4167429543322816
2444,Kirrel3,0.031455607306506136
2445,Kit,-0.019500478642819223
2446,Kitlg,-3.126129992521803
2447,Klc3,0.12740171958227248
2448,Klf12,-2.7668681857562625
2449,Klf2,-0.36781771892956694
2450,Klf4,-1.3842465084153948
2451,Klf5,-0.05777591562058497
2452,Klf6,-0.7699618151046237
2453,Klf7,-1.4698106113129972
2454,Klhdc8a,0.016029205566048532
2455,Klhdc8b,0.11311287105315262
2456,Klhdc9,-0.020935315040314952
2457,Klhl13,-0.12283783715396746
2458,Klhl14,0.01836786353182289
2459,Klhl2,-0.7960514022947506
2460,Klhl23,-0.0006236675532807611
2461,Klhl29,0.8225242516953788
2462,Klhl3,-0.1745677745367849
2463,Klhl32,-0.025737635383991174
2464,Klhl4,-0.09153467852643098
2465,Klhl5,0.06898705032301526
2466,Klhl6,-0.03727016565696005
2467,Klhl8,-0.1674507038454916
2468,Klk1c6,0.0173465112415483
2469,Klra2,-0.6667631089580011
2470,Klra4,0.02488590708811244
2471,Klrb1c,-0.20490934103725492
2472,Klrc1,0.024418040162228268
2473,Klrc2,-0.2195855104309016
2474,Klrc3,-0.004037784347298795
2475,Klrd1,-0.21715140104426786
2476,Klre1,-0.16826543230147245
2477,Klrg1,-0.06813817327655813
2478,Klri1,-0.7820369593094795
2479,Klri2,-0.06949233008929259
2480,Klrk1,-0.02658146998666537
2481,Kmo,0.014307477427374182
2482,Kndc1,0.027668839107030448
2483,Kng2,-0.02767533775167106
2484,Knl1,-0.12254799265713592
2485,Knstrn,-0.004121685962329324
2486,Krt1,0.004465138402548944
2487,Krt12,-0.00473675245771031
2488,Krt13,-0.018538181668597536
2489,Krt16,-0.08255537919205097
2490,Krt18,0.053739452637853416
2491,Krt7,0.033938395178599895
2492,Krt78,0.011422225455304039
2493,Krt8,0.003239354170761592
2494,Krt80,-0.003032868476545265
2495,Ksr1,0.09590219663723809
2496,Ksr2,-0.015940482253738494
2497,Kynu,-0.027034985444186928
2498,L1cam,0.028747015056661433
2499,LOC100302465,-0.010955916973816062
2500,LOC100359421,0.023697000103654598
2501,LOC100359505,0.006117058361120422
2502,LOC100359583,-0.10527160293920738
2503,LOC100360128,0.03709303466781429
2504,LOC100360413,0.32737643751123563
2505,LOC100360522,0.05076857195054352
2506,LOC100360573,-0.008276700338869764
2507,LOC100360790,-0.2403653023413166
2508,LOC100360846,0.04116697764263286
2509,LOC100360856,-0.23059437458945548
2510,LOC100361060,-0.06194536918130238
2511,LOC100361693,-0.021382412727189958
2512,LOC100362109,0.008325270968911343
2513,LOC100362418,-0.01656747835074531
2514,LOC100362479,-0.01711218026597254
2515,LOC100362814,-0.920425159280218
2516,LOC100363055,0.0022561323062123013
2517,LOC100363064,-0.018264114513599414
2518,LOC100364509,0.049974349635991476
2519,LOC100365810,-0.01127921047643312
2520,LOC100366030,-0.0009020005992345058
2521,LOC100909434,-0.04205630367620435
2522,LOC100909928,0.011781893249897007
2523,LOC100909964,-0.03119415828786048
2524,LOC100910088,0.032955106163838885
2525,LOC100910497,-0.1210865937335443
2526,LOC100910792,-0.0607009294501583
2527,LOC100910979,-0.22083778267438123
2528,LOC100911044,-0.023507208161936168
2529,LOC100911253,-0.16906862819471052
2530,LOC100911413,-0.9767210098743282
2531,LOC100912028,-0.022284274844242884
2532,LOC100912265,-0.0008520995011481241
2533,LOC100912291,-0.00019403671923922446
2534,LOC100912336,-0.0714227394493142
2535,LOC100912617,-0.02127362952460431
2536,LOC100912683,-0.013909548296504
2537,LOC100913013,-0.01007461643543436
2538,LOC102546375,0.0037320876676734185
2539,LOC102546594,-0.07992546322871893
2540,LOC102546596,-0.08414493944591539
2541,LOC102546864,-0.025685986272220455
2542,LOC102546903,0.02497479588713062
2543,LOC102547042,0.21622163279107032
2544,LOC102547412,0.01240700828963432
2545,LOC102548045,0.06460414087622639
2546,LOC102548186,-0.023795241922914843
2547,LOC102549291,0.02938240631823582
2548,LOC102549592,0.020980566846442315
2549,LOC102549668,0.0024182725926891902
2550,LOC102549780,0.044018038313228716
2551,LOC102549789,0.2822688911803973
2552,LOC102550466,-0.01359243911453848
2553,LOC102550644,-0.9342826450950498
2554,LOC102550944,0.015841026114380864
2555,LOC102550950,0.008788555707132354
2556,LOC102550999,-0.5176889910446192
2557,LOC102551133,-0.3412844548174247
2558,LOC102551265,0.0439540395593518
2559,LOC102551526,-0.04026340734990957
2560,LOC102551724,-0.0688784279214703
2561,LOC102551980,0.010559918018693127
2562,LOC102552530,0.0020599000353906643
2563,LOC102552725,0.4761925499449998
2564,LOC102553457,-0.04994972483891193
2565,LOC102554222,-0.026122655400949105
2566,LOC102554231,-0.01247856943355688
2567,LOC102554233,-0.044492889344141105
2568,LOC102554746,-0.01612898995482669
2569,LOC102555037,-0.11512694109117694
2570,LOC102555109,0.017054432242241298
2571,LOC102555114,0.058369661883687626
2572,LOC102555129,0.0170559456635741
2573,LOC102555219,-0.015063115882077642
2574,LOC102555338,-0.015286268366235107
2575,LOC102555453,-0.016510442240101297
2576,LOC102555578,0.04295941250491064
2577,LOC102556082,0.014795712643565105
2578,LOC102556096,-0.26011293962024434
2579,LOC102556098,-0.0030861528235629045
2580,LOC102556463,-0.04116948429178899
2581,LOC102557108,-0.026400788187365874
2582,LOC103689966,-0.010276991557243507
2583,LOC103690166,-0.008508141244882306
2584,LOC103690742,-0.03656957540266015
2585,LOC103690870,0.11712455975636653
2586,LOC103691054,-0.031146021538936565
2587,LOC103691165,-0.21389864741215736
2588,LOC103691423,-0.015902922819015522
2589,LOC103691527,-0.03835163077029492
2590,LOC103691935,-0.040665002745704386
2591,LOC103692025,0.06082318411061493
2592,LOC103692795,-0.165298883457248
2593,LOC103693862,0.041697575453770966
2594,LOC103694242,0.0644078442181841
2595,LOC103694398,0.04330026769138071
2596,LOC103694730,0.01774035049876583
2597,LOC108348047,-0.0022306854142658244
2598,LOC108348067,0.03455813589451798
2599,LOC108348070,-0.03136524065189389
2600,LOC108348097,0.03337720363354008
2601,LOC108348201,-0.01063201844231938
2602,LOC108348751,-0.05563218883275719
2603,LOC108348758,-0.016575407517810687
2604,LOC108349479,0.01886843084552388
2605,LOC108349606,0.027528211546560606
2606,LOC108350387,0.02650554534614126
2607,LOC108351004,-0.03326923936260981
2608,LOC108351885,-0.0023633129785949544
2609,LOC108352070,-1.6165549728516255
2610,LOC108352225,0.02527340359477463
2611,LOC108352541,-0.6888692829233347
2612,LOC108352688,0.02015728073483803
2613,LOC108352861,-0.03759650791916756
2614,LOC108352885,0.16430344280486106
2615,LOC108353456,0.17032392733557938
2616,LOC120093104,-0.04769096570307231
2617,LOC120093588,0.023739365736335786
2618,LOC120094123,0.1686262830491557
2619,LOC120094619,0.052796261462646904
2620,LOC120095067,-0.8516754449941899
2621,LOC120095183,0.01875550291511602
2622,LOC120095254,-0.02907884909252977
2623,LOC120095597,0.03632259626535302
2624,LOC120095659,-0.024917982317195497
2625,LOC120095690,-0.030761964722105576
2626,LOC120095906,-0.02874867558120979
2627,LOC120096691,-0.05643867657117056
2628,LOC120096727,0.02487988187437698
2629,LOC120096906,-0.03624264580366746
2630,LOC120097031,0.07725004582017429
2631,LOC120097335,-0.04166277110932753
2632,LOC120097508,0.008447957454759628
2633,LOC120097562,-0.2921529084161162
2634,LOC120097574,0.06199468667443867
2635,LOC120098113,0.68552690208586
2636,LOC120098269,0.11017047146717406
2637,LOC120098765,-0.09406509042001107
2638,LOC120098901,0.15107625586145673
2639,LOC120099372,-0.4275806347772839
2640,LOC120099884,0.006362379793426132
2641,LOC120100587,-0.019364675474596513
2642,LOC120100658,-0.008263664293093855
2643,LOC120100659,-0.011984289020189064
2644,LOC120100890,-0.05029976114343243
2645,LOC120101643,-0.20081314145495158
2646,LOC120101644,-0.09030603301889598
2647,LOC120102213,-0.002969657822660331
2648,LOC120102230,-0.6137629622408544
2649,LOC120102333,-0.002688429238576623
2650,LOC120102367,0.02566764783334214
2651,LOC120102900,0.016408340917371533
2652,LOC120103039,-0.07043314211920326
2653,LOC120103454,0.007588281345195326
2654,LOC120103476,-0.1087820798916239
2655,LOC24906,0.007429811764516658
2656,LOC297568,0.033315605710076766
2657,LOC302022,0.171795912366606
2658,LOC361346,0.061547800651334646
2659,LOC362795,0.03367568359495271
2660,LOC497796,-0.07465956579359918
2661,LOC498152,0.006153846096642462
2662,LOC498300,0.04793217752130058
2663,LOC498555,-0.02604493834549186
2664,LOC498705,-0.023681938271778512
2665,LOC499796,-0.023401575879357896
2666,LOC500877,0.005568279676344266
2667,LOC679149,0.06476019631543933
2668,LOC679924,0.018209357539285986
2669,LOC680045,0.038423905544906864
2670,LOC681182,-6.983264914521038e-05
2671,LOC681325,-0.0013654887053272252
2672,LOC681355,0.0023057467849075704
2673,LOC681458,0.024227791287386273
2674,LOC682225,0.024648307052891505
2675,LOC682419,-0.004418258682756101
2676,LOC683573,0.006308313160106262
2677,LOC685680,-0.05844619604811799
2678,LOC685699,0.0002792967437878699
2679,LOC685767,-0.0571432473628606
2680,LOC685793,-0.023158961898298233
2681,LOC686288,-0.037740086388056274
2682,LOC687780,0.13532526556328328
2683,LOC688282,0.0071431107517305375
2684,LOC688858,0.043180736951192816
2685,LOC688925,-0.015796009166348407
2686,LOC689757,0.02065301476360892
2687,LOC689800,0.43979012367835113
2688,LOC690319,0.0604560430157174
2689,LOC690862,0.0073786523445541746
2690,LOC691141,-0.3130837251151786
2691,Lair1,-0.0011710183754724502
2692,Lama2,1.013663081211496
2693,Lama3,0.023190147483683823
2694,Lama5,-0.08462292407125155
2695,Lamb1,-0.5424227648683294
2696,Lamb2,0.3582109015652908
2697,Lamc1,-0.34154030386931405
2698,Lamc2,0.07370460082011634
2699,Lamc3,0.10942144609540451
2700,Laptm5,-0.3547234290260668
2701,Lat,0.04989896892703902
2702,Lat2,-0.3573481732761157
2703,Lax1,-0.0897200299996912
2704,Layn,-0.05739960932503108
2705,Lbh,0.014641127466599888
2706,Lbp,0.10840910651988947
2707,Lbr,-0.6388706776366606
2708,Lck,-0.21092830685964148
2709,Lcp1,-1.1722978562030408
2710,Lcp2,-0.753041453669765
2711,Lctl,0.09222434581765007
2712,Ldb1,0.08199979558913127
2713,Ldb2,0.3514331533047783
2714,Ldb3,0.42691982665431505
2715,Ldlrad3,-0.8250194678625843
2716,Ldlrad4,-1.2314404471791427
2717,Lef1,0.27662474270212134
2718,Lepr,-0.3355152811668357
2719,Leprot,-0.26780967916104076
2720,Lgals3,-0.41253315870629026
2721,Lgals3bp,-0.016223824470362386
2722,Lgals7,0.040133480023394924
2723,Lgals9,-0.6868915665109265
2724,Lgalsl,0.1957720485920184
2725,Lgi4,-0.016429966542129058
2726,Lgmn,-0.21818223817567348
2727,Lgr5,-0.01924489201374868
2728,Lhcgr,0.04473506727487171
2729,Lhfpl1,-0.0099038353675753
2730,Lhfpl2,0.0748924298143547
2731,Lhfpl6,0.2359222089782742
2732,Lif,0.04502759850846404
2733,Lifr,-0.3699414815631512
2734,Lilra5,-0.06277880645817044
2735,Lilrb1,-0.0017606742293980234
2736,Lilrb2,-0.04190399282242119
2737,Lilrb3,0.02802921789551923
2738,Lilrb3l,-0.13438168403224257
2739,Lilrb4,-0.11232552031403593
2740,Lilrc2,-0.04843255686962594
2741,Lima1,0.23515016061112787
2742,Limch1,0.9014432303901297
2743,Limd2,-0.049128510049361286
2744,Limk1,-0.31697282689671724
2745,Lin28b,-0.028727699227099335
2746,Lin7a,-0.13582198961412578
2747,Lingo1,-0.012418931305603164
2748,Lipc,-0.013387934845669695
2749,Lipm,0.020753477705135873
2750,Lmcd1,-0.3950670505152351
2751,Lmo7,-1.4656053585382822
2752,Lmtk3,-0.00304073471615819
2753,Lmx1a,0.10930175135632067
2754,Lnx1,0.5434023135876029
2755,Loxl1,0.13292698310843176
2756,Loxl3,0.06827196171659662
2757,Lpar1,-0.05283653520235778
2758,Lpcat1,-0.18132397359251803
2759,Lpcat2,-0.5286557937098119
2760,Lpcat4,-0.09489264305458983
2761,Lpin1,1.4718622513333908
2762,Lpin3,0.12838514991992672
2763,Lpl,2.8695987703118604
2764,Lratd2,0.06623301988160625
2765,Lrch1,-1.5304100774781282
2766,Lrfn4,-0.013037926055787054
2767,Lrfn5,-0.00858371482453784
2768,Lrg1,-0.023411863113890152
2769,Lrguk,-0.08951407675440355
2770,Lrmda,-1.8693602462037355
2771,Lrp1b,-0.12038486219293826
2772,Lrp2,-0.07097261276233999
2773,Lrp4,-0.047001431311046386
2774,Lrpap1,-0.042757943407433406
2775,Lrrc1,-0.5240169725287058
2776,Lrrc17,-0.041798705367408505
2777,Lrrc18,-0.06994306603918789
2778,Lrrc2,-0.02085330643458548
2779,Lrrc23,0.06469780415531373
2780,Lrrc25,-0.22046008247300442
2781,Lrrc32,0.06909248850850576
2782,Lrrc34,0.13560586428210647
2783,Lrrc36,0.37109162135611584
2784,Lrrc3b,-0.024261700995887203
2785,Lrrc49,-0.24580073095315033
2786,Lrrc4b,-0.02189489634416203
2787,Lrrc4c,-0.06879827362985921
2788,Lrrc53,-0.023059019630783564
2789,Lrrc7,0.05492320319263815
2790,Lrrc8c,-0.31482124041872345
2791,Lrrc8e,-0.030111971852089362
2792,Lrrc9,-0.0011461556608448453
2793,Lrrcc1,-0.24573651639660687
2794,Lrrfip1,-0.25628249065205516
2795,Lrrk1,-1.0678025321378146
2796,Lrrk2,-0.7472519939227626
2797,Lrrn1,-0.06815918873447041
2798,Lrrtm4,-0.039128866637538076
2799,Lsamp,1.2441676945001392
2800,Lsmem2,0.010381499013728347
2801,Lsp1,-0.11545248819000777
2802,Lst1,-0.1716070155234021
2803,Ltb,-0.041614368312635125
2804,Ltbp1,-0.008106203849469806
2805,Ltbp4,-0.8713595064483581
2806,Ltc4s,-0.10710718049284476
2807,Ltk,0.08594674452269499
2808,Lum,0.06552187324325742
2809,Lurap1l,-0.3376513933351382
2810,Luzp2,0.04308943960001503
2811,Lvrn,0.15821024199398126
2812,Ly49i3,0.011153983296954653
2813,Ly49i4,-0.014300375162115093
2814,Ly49i5,-0.041648758004455395
2815,Ly49i7,-0.06433068281565385
2816,Ly49s5,-0.006402882294756377
2817,Ly49s6-1,-0.07255874788251232
2818,Ly49s7,0.018488068078367767
2819,Ly49s8,-0.04098553860943083
2820,Ly49si2,-0.5913807649892671
2821,Ly49si3,-0.014757187185560208
2822,Ly49si4,-0.15487770205924403
2823,Ly6c,-0.17238930372439937
2824,Ly6e,-0.3134135384983842
2825,Ly6g6d,0.004144993456590581
2826,Ly6g6e,-0.06046102959910424
2827,Ly6h,0.019706718297029184
2828,Ly75,-0.2831348501652097
2829,Ly86,-1.0778790760477976
2830,Ly9,-0.14863275985364283
2831,Lyc2,-0.04796462062811484
2832,Lyl1,-0.05966311596840043
2833,Lyn,-3.6625029392575073
2834,Lypd6,0.26851923380248943
2835,Lypd6b,0.043704512623660076
2836,Lyz2,-0.159457817612483
2837,Lzts1,-0.14249414521571427
2838,MGC105649,-0.05688365989641039
2839,Macc1,-0.0074257219116638015
2840,Macir,-0.09854373123258722
2841,Macrod2,0.0640875352115885
2842,Mad2l1,0.05012983295415617
2843,Maf,0.35821610731092957
2844,Mafb,-0.02995058316495233
2845,Maff,0.07748166324664353
2846,Mafk,0.02512991809739111
2847,Mafk-1,0.0015969673895605049
2848,Mageb6b1,0.00912813151246979
2849,Mageh1,0.0013097512354163007
2850,Magi1,-2.432756149110085
2851,Magi2,0.6995515675599163
2852,Magi3,-0.9746597117414162
2853,Mal,-0.04981230493761499
2854,Mall,-0.10371969311361783
2855,Mamdc2,-0.054259222245102254
2856,Maml3,0.334162208069788
2857,Man1a1,-1.7531000090582283
2858,Man1c1,-0.4110911916598097
2859,Man2b2,-0.2820522471122273
2860,Map1a,0.030624489246314862
2861,Map1b,-0.476232176955522
2862,Map2k6,-0.4500739725405857
2863,Map3k7cl,0.37302719529425443
2864,Map3k8,-0.5507179025899378
2865,Map4,-2.2142033483739016
2866,Map4k1,-0.4262202781796346
2867,Map4k3,0.24088745235237216
2868,Map7d2,0.02365450857721222
2869,Map7d3,0.46682972957289576
2870,Mapk10,-0.14312329435628063
2871,Mapk11,-0.01670094445086107
2872,Mapk12,0.02615644522320687
2873,Mapk4,0.008019781929000243
2874,Marchf1,-0.5423926181962173
2875,Marchf3,0.37047289941096306
2876,Marchf8,0.018483201590466652
2877,Marcks,-0.06762308792573674
2878,Marcksl1,-0.009615908240789886
2879,Mark1,0.03807432199775004
2880,Marveld1,0.07552283248785208
2881,Mast3,-0.19794583808228233
2882,Mast4,-1.538047121924515
2883,Matk,-0.13674505299849068
2884,Matn2,0.10764968871656491
2885,Matn4,0.0031556223141438883
2886,Mbd1,-0.05147305627072896
2887,Mbnl3,-0.037440495600425616
2888,Mboat1,-0.192462353955149
2889,Mboat2,-0.24041671105055254
2890,Mcam,0.4803155007077238
2891,Mcc,-0.7338996897609971
2892,Mcemp1,0.016998168601491975
2893,Mcf2l,-0.5664022967199367
2894,Mcm3,-0.13655847332483828
2895,Mcm5,0.004273037384986278
2896,Mcm6,-0.09429523161630492
2897,Mcoln2,0.03332729292268903
2898,Mcph1,-0.5403116861375922
2899,Mcpt1l1,0.007383168554267527
2900,Mcpt9,-0.024380060882082482
2901,Mctp1,-1.2994017468477945
2902,Mctp2,-0.8152755464689698
2903,Mcub,-0.10374452254487995
2904,Mdfic2,-0.0037457459433228152
2905,Mdga2,-0.29399249642670694
2906,Mdk,0.04281475373919571
2907,Me1,-0.26155273013738467
2908,Me2,-0.21145408237911967
2909,Mecom,1.5069415577791943
2910,Med11,0.03480613353674422
2911,Med31,0.10214325352914189
2912,Medag,0.6320556309730441
2913,Mef2c,-3.7180215246050516
2914,Mefv,0.0641045832169675
2915,Megf10,-0.01330878267228451
2916,Megf6,-0.02131810689126841
2917,Mei4,-0.016907254895351567
2918,Meis3,0.0003313869741149271
2919,Meox1,0.07865027446440123
2920,Meox2,-2.451805446791025
2921,Mep1a,0.013265407956315384
2922,Mertk,-0.09656485368314272
2923,Mest,0.14513566815740603
2924,Metrnl,-0.28212917595279224
2925,Mettl18,0.026780277522530233
2926,Mettl21c,-0.007215710158701946
2927,Mettl24,-0.09204967569330486
2928,Mettl7a,0.011207872410231107
2929,Mfap4,0.10593829125984096
2930,Mfap5,-0.08712850736121901
2931,Mfhas1,-0.5858703364515083
2932,Mfng,-0.042424064252726774
2933,Mfsd13a,-0.17450106913596025
2934,Mfsd4a,-0.057652618175938045
2935,Mfsd6,-0.7247475028343513
2936,Mgam,0.0433920590771196
2937,Mgat2,-0.04789713748675769
2938,Mgat4a,-0.9330705026046165
2939,Mgat4b,0.02611733159000922
2940,Mgat4c,-0.011219193696046088
2941,Mgat5,-1.6119371376244278
2942,Mgll,0.24073944424671723
2943,Mgp,0.5258801113899032
2944,Mgst2,0.0693024846670031
2945,Mical1,0.008903892501393972
2946,Mical2,-0.833479201866211
2947,Mical2-1,-0.12846686151724515
2948,Micall2,0.1565936729620021
2949,Mid1,-0.20878432055015356
2950,Mill1,0.13387116174851663
2951,Milr1,-0.1587314134606523
2952,Mindy4,-0.23168362234983653
2953,Mis18bp1,-0.1161963222589664
2954,Mki67,-0.2043701824844656
2955,Mkx,0.11992646886021907
2956,Mlip,-0.04261691498766546
2957,Mllt3,-1.7634430771261793
2958,Mmp14,0.14768218741179728
2959,Mmp16,-0.20547317609440446
2960,Mmp17,-0.1105181406009524
2961,Mmp2,-0.0047307360979554
2962,Mmp23,0.14015513311710753
2963,Mmp25,-0.01633284608709068
2964,Mmp8,0.00298201481558248
2965,Mmrn1,0.19649922458782298
2966,Mmrn2,-0.25410408207833274
2967,Mms22l,-0.20574025702440582
2968,Mnda,0.2152734559737175
2969,Mns1,-0.03480426542332746
2970,Mnx1,0.05437765496084984
2971,Mob1a-ps1,0.004345920104056065
2972,Mob3c,-0.10758573285952276
2973,Morc1,-0.02280127176866764
2974,Morc4,-0.13366933635685913
2975,Morn5,0.0681328170833122
2976,Mospd4,0.03419254232404697
2977,Mov10,-0.19016440864952985
2978,Mpdz,-1.14766655965473
2979,Mpeg1,-0.07981561872513603
2980,Mphosph6,0.024637925151183425
2981,Mpig6b,0.04114838734944894
2982,Mpl,-0.03347191607932537
2983,Mpnd,0.17879918491100658
2984,Mpp3,0.15236273790492333
2985,Mpp4,-0.07518414854057864
2986,Mpped2,-0.11026513651098556
2987,Mpz,-0.00877698347463951
2988,Mpzl1,-0.24559414550161662
2989,Mr1,-0.03203953080452531
2990,Mras,-0.03768482685140165
2991,Mrc1,-1.0134655964708288
2992,Mrc2,-0.03381965549462247
2993,Mrgpre,0.06471056456720356
2994,Mrgprf,0.03870627970155281
2995,Mrgprg,0.02741688489128093
2996,Mrln,0.007081268193034793
2997,Mroh2b,-0.04745203792712706
2998,Ms4a1,-0.036320305503127204
2999,Ms4a12,0.033260296872122
3000,Ms4a14,-0.10077423032242935
3001,Ms4a4a,-0.4372873510651462
3002,Ms4a4c,0.1395098726599038
3003,Ms4a4c-ps1,0.14711064662494466
3004,Ms4a6a,-0.014907088680849251
3005,Ms4a6b,0.0028310509291177045
3006,Ms4a6bl,-0.11115535791136838
3007,Ms4a6c,0.02911940834961395
3008,Ms4a7,0.012308281752381241
3009,Msantd1,0.013808388793656107
3010,Msc,0.01179495854037447
3011,Msl3l2,0.044982706437703926
3012,Msln,0.14709520261119588
3013,Msn,-0.778397479836287
3014,Msr1,-0.16471903196258444
3015,Msto1,0.08529733158007002
3016,Mt-atp6,0.09346039715802623
3017,Mt-atp8,0.6166979917621477
3018,Mt-co2,-0.04083096534767884
3019,Mt-cyb,-0.024485395642692663
3020,Mt-nd5,0.4045648072425613
3021,Mt-nd6,0.07658314963295508
3022,Mt1,0.04499687790470984
3023,Mt2A,0.030897656434441992
3024,Mtap,0.07351044057281081
3025,Mtcl1,-0.048194820274504314
3026,Mthfd1l,-0.13933435692976037
3027,Mthfd2,0.12848999425097302
3028,Mtmr11,0.09147959404315967
3029,Mtss1,-3.1701212734766164
3030,Mtus2,-0.14414199141688389
3031,Mucl3,-0.01833838477837558
3032,Mug1,0.041712529884572844
3033,Mus81,-0.0819711924940771
3034,Musk,-0.02796526216228197
3035,Mvb12b,-0.5887428494894483
3036,Mx1,-0.27929354831990794
3037,Mx2,-0.11897634212989396
3038,Mxd1,-0.019059059260615657
3039,Mxd3,-0.01686328146627871
3040,Mxi1,-0.967330070615534
3041,Mxra8,0.13616198424658574
3042,Myadm,-0.4747499473031207
3043,Myb,-0.001404129287020653
3044,Mybpc1,0.21463626602809444
3045,Mybpc3,-0.023259445630912454
3046,Mybph,-0.0029634726387638456
3047,Myc,0.12323531381769573
3048,Mycl,0.04603284399250862
3049,Myct1,-0.5805197891554069
3050,Myh10,0.5668308501559698
3051,Myh11,0.7562079454005277
3052,Myh15,0.012210041543417722
3053,Myh9,0.25672037639602496
3054,Myl12b,0.4362384826613602
3055,Myl9,0.11936774651452224
3056,Mylip,-0.22570512473496035
3057,Mylk3,0.14323858134422257
3058,Mylk4,0.02076276222905489
3059,Myo10,2.422939319199532
3060,Myo1b,-2.2521616113980065
3061,Myo1d,-1.2996932948071032
3062,Myo1e,-1.123810620818741
3063,Myo1f,-1.2889893444575056
3064,Myo1g,-0.24305188049302578
3065,Myo3b,-0.03785578826346157
3066,Myo5a,-1.1361241559127184
3067,Myo5b,-0.07969296072023879
3068,Myo7a,-0.006276478235474297
3069,Myoc,-0.05189914142049283
3070,Myocd,0.18463565802474202
3071,Myof,-0.8724373345702646
3072,Myom2,0.018736176714943768
3073,Myoz1,-0.012461777963950815
3074,Myoz2,0.0077522496186179625
3075,Mypn,0.0008547160806967064
3076,Myrf,0.08440746791131333
3077,Myrip,-1.377104199518083
3078,Myt1l,0.008334247812783482
3079,Mzb1,-0.0021240534994817696
3080,Naaa,-0.14299167934027154
3081,Naalad2,-0.04757871536969627
3082,Naaladl2,0.17261372188833393
3083,Nab2,0.1181912481476392
3084,Naip5,-0.2997335265505721
3085,Nalcn,0.010872832189795508
3086,Nalf1,0.0514791692966
3087,Nalf2,-0.10225057606143526
3088,Napsa,-0.10130270564888366
3089,Nat8,-0.0017470370389724944
3090,Nat8f3,-0.05429576371429365
3091,Nat9,0.016872292897362057
3092,Nav1,-3.034172358219873
3093,Nav2,-0.8016583352345493
3094,Nav3,-1.2393374353468782
3095,Nbeal2,-0.2261164210798401
3096,Ncald,-1.2381283692243068
3097,Ncam1,0.13129205515529477
3098,Ncam2,-0.017399718135484372
3099,Ncf1,-0.01941437546988282
3100,Ncf2,-0.25690851581273516
3101,Ncf4,0.019406326667919208
3102,Nckap1l,-0.49764803862960477
3103,Nckap5,-0.07921733714990978
3104,Ncoa3,-2.0874048202806312
3105,Ncr1,-0.09894906503387273
3106,Ncr3,-0.03949981782723157
3107,Ndc80,-0.09126480130709907
3108,Ndnf,-0.03650296040924015
3109,Ndrg1,0.1375395887986225
3110,Ndrg4,0.044623238872938106
3111,Ndst4,-0.023166276026201874
3112,Ndufa4l2,-0.0010322234863587697
3113,Neb,-0.11564485683511627
3114,Nebl,-0.5991501773196957
3115,Necab1-1,0.10055511291000574
3116,Nectin3,-0.07281392411837376
3117,Nectin4,-0.022594557327046804
3118,Nedd9,-1.1205635070195927
3119,Negr1,-0.8955587599118726
3120,Neil3,-0.06607405608022676
3121,Nek6,0.1935106270590567
3122,Nell1,-0.20653478270167538
3123,Nepn,0.020493326660286748
3124,Nes,0.19683738285905716
3125,Net1,0.8023659958004652
3126,Neto1,0.010407225983727193
3127,Neto2,0.05171037383089425
3128,Neu1,-0.03297152921027712
3129,Neurl1,-0.04417119594254276
3130,Neurl1b,-0.14342199464700173
3131,Neurl3,-0.06582220011002485
3132,Nexmif,0.029404236778086824
3133,Nexn,0.44785211418155746
3134,Nfam1,-0.23133554252483982
3135,Nfasc,0.015106384632731099
3136,Nfatc2,-0.7912894592389665
3137,Nfe2,-0.03115064612376631
3138,Nfkbia,-0.10793687816726072
3139,Nfkbid,-0.05463556572373596
3140,Nfkbiz,-0.07655959805431309
3141,Ngf,0.10496481569392006
3142,Ngfr,0.02305937872027214
3143,Nherf1,0.10663265346876434
3144,Nherf2,-0.810052004608024
3145,Nhs,0.9110962843557106
3146,Nhsl1,-0.5810753685695643
3147,Niban1,-1.177699764626694
3148,Niban2,-0.018641871541514435
3149,Nid1,-0.04056749635028234
3150,Ninj1,-0.14673979537640452
3151,Ninj2,0.08643063918219887
3152,Ninl,0.14628590650153256
3153,Nipal1,-0.20329980936371456
3154,Nipal2,-0.20585051298553916
3155,Nipal3,-0.1575346187974977
3156,Nkain2,-0.09078282506478975
3157,Nkain4,-0.05210491990428043
3158,Nkd1,0.04386242886644618
3159,Nkd2,-0.04302585528679669
3160,Nkg7,-0.057743621590557584
3161,Nkx6-3,0.015462396089944465
3162,Nlgn1,-0.019329353143433467
3163,Nlgn2,0.08567670272613104
3164,Nlrc3,-0.15728905658578324
3165,Nlrc4,-0.12445014618302255
3166,Nlrc5,-0.7628947717575503
3167,Nlrp12,0.00994051156503898
3168,Nlrp1a,-0.5463079907655313
3169,Nlrp3,-0.11511029126843332
3170,Nlrp4,0.0005743619216743013
3171,Nme8,0.09971713712124056
3172,Nmi,-0.1606111265368363
3173,Nmnat2,0.03113107910173193
3174,Nnat,0.44313087673002083
3175,Nnt,-0.2537958769841713
3176,Nod1,-0.726360250574192
3177,Nod2,-0.06937317922782947
3178,Nodal,-0.01075653010321963
3179,Nog,0.0018827102198116646
3180,Nos1,-0.17683895554890638
3181,Nos1ap,-0.3984306622197425
3182,Nos2,0.009196155478900708
3183,Nos3,-0.8917649479140564
3184,Nostrin,-0.34264284552985946
3185,Notch1,0.6269266991950365
3186,Notch3,0.17924512143850965
3187,Notch4,-0.35920932409990514
3188,Nova1,0.2982237665404113
3189,Nova2,-0.4962634031834995
3190,Nox4,0.15844971754682607
3191,Noxo1,0.004681086283418447
3192,Np4,-0.016897391577549478
3193,Npdc1,0.24991089604946803
3194,Npffr1,-0.0096305727984409
3195,Npl,0.07723181099599186
3196,Npr1,-1.497824129423165
3197,Npr2,0.4035387361192517
3198,Npr3,0.6710153148483391
3199,Nqo1,0.10878475785984393
3200,Nr2f2,-0.3899678421237622
3201,Nr4a1,0.9167953178056616
3202,Nr4a3,0.4027251029042709
3203,Nr5a2,-0.09200719079254621
3204,Nrarp,0.05425728298520599
3205,Nrep,-0.5965158187780762
3206,Nrg1,0.25810854164064206
3207,Nrg2,-0.18458589242693005
3208,Nrg3,-0.03158482125664992
3209,Nrk,0.06516612098555159
3210,Nrn1,0.00035974370633018015
3211,Nrros,-1.7839059941060298
3212,Nrxn1,2.1743501724891443
3213,Nrxn2,-0.19901264318644968
3214,Nrxn3,-0.09349265260009787
3215,Nsg1,0.22226507478856816
3216,Nsmf,0.31442228867855604
3217,Nt5c,-0.06522039517640935
3218,Nt5c1a,0.007046235580210582
3219,Nt5c1b,0.022621481385199996
3220,Nt5e,-0.16863931330833615
3221,Ntf3,-0.43254982096008543
3222,Ntm,-0.16923569918679054
3223,Ntmt2,0.011609106879251057
3224,Ntn1,-1.2335201150809603
3225,Ntn4,0.2041947298668889
3226,Ntn5,0.037617518016290284
3227,Ntng1,-0.014227678520791173
3228,Ntrk1,-0.00982680860661839
3229,Ntrk2,0.762792488572639
3230,Ntsr1,-0.13077726631241993
3231,Nuak1,-1.7344054475139081
3232,Nuak2,-0.048818480167611394
3233,Nucb2,-0.03837345010861329
3234,Nudt16,0.01801187764025362
3235,Nudt4,-0.08675123579188289
3236,Nuf2,-0.12347294051348513
3237,Nuggc,0.028858295515583148
3238,Numbl,0.1850132227418575
3239,Nup210,-0.19646914020353357
3240,Nup210l,0.01926322758563123
3241,Nusap1,-0.018866089883120996
3242,Nwd1,-0.029184997999236625
3243,Nwd2,0.21385459586213512
3244,Nxn,-1.2813899581905077
3245,Nxpe1,-0.9513233112443761
3246,Nxpe3,-0.16296299179285878
3247,Nxpe4,-0.02769594725159024
3248,Nxpe5,-0.17395169615954797
3249,Nxpe5l1,-0.26648865332936394
3250,Nxph1,1.359932375946387
3251,Nxph3,0.07750376609796553
3252,Nynrin,-0.14072896817646394
3253,Oas1f-1,-0.12173611229067036
3254,Oas1k,-0.017618300140420953
3255,Oas2,-0.3198246129453841
3256,Oas3,0.0041891494114538914
3257,Oasl,-0.1622014528936822
3258,Oasl2,-0.6433823913589451
3259,Oat,-0.011536633881104461
3260,Obp3,0.051302024482985174
3261,Ocln,-0.33345217729459614
3262,Ofcc1,-0.027615219106169632
3263,Ogfrl1,0.11057458007831783
3264,Ogn,0.02921853273165747
3265,Olah,-0.03461121793473799
3266,Olfm1,0.04697737841921638
3267,Olfm2,-0.013761827907051521
3268,Olfml2a,0.03195862686062219
3269,Olfml2b,-0.007005435513266174
3270,Olr1,-0.07918382298947256
3271,Olr1585,-0.4699683784127091
3272,Olr59,0.24935060122780653
3273,Onecut1,-0.02676094224773728
3274,Opcml,0.01787575151015203
3275,Oprd1,-0.042154045775106834
3276,Oprm1,-0.49956686930953614
3277,Or12j4,0.047916894928028225
3278,Or13a25,0.03675070502013221
3279,Or13a26b,-0.01933222739928979
3280,Or14j15,0.011491376421116192
3281,Or1f20,0.01991964359850609
3282,Or2ag13,0.008818805990608525
3283,Or2ag2b,0.0036640947275451614
3284,Or2v2b,0.03284954346838385
3285,Or2w1,0.020223264981871172
3286,Or4b13b,-0.005386419060115576
3287,Or4c102,-0.05137463251411463
3288,Or4c3,0.011615242759666761
3289,Or5a3,0.016714363638342528
3290,Or6c69,-0.049191099432765756
3291,Or6n1,-0.0041967196756049
3292,Or7e176,-0.04064398850825462
3293,Orai2,-0.19855518158924593
3294,Osbp2,-0.07650811949874924
3295,Osbpl10,-0.9564834371065736
3296,Osbpl3,-1.072516942304273
3297,Osbpl5,0.13310367513254137
3298,Osm,-0.011937163997244375
3299,Osmr,0.03986883425175451
3300,Osr1,0.3033403538768953
3301,Otogl,0.07148867306578732
3302,Otud7a,-0.15346451415297271
3303,Otulinl,-0.14199878006642452
3304,Ovch2,0.009515009400550112
3305,Oxtr,0.015307308684069178
3306,P2rx1,0.1857565220151612
3307,P2rx2,0.053249476512657795
3308,P2rx6,0.008029102143230622
3309,P2rx7,0.12713645086091596
3310,P2ry10,-0.35952568869864265
3311,P2ry10b,0.00047083806827030554
3312,P2ry12,-0.2882990923465808
3313,P2ry13,0.025605609801005062
3314,P2ry14,-0.47812123293432307
3315,P2ry6,-0.3706462428243568
3316,P3h2,0.3094322272404948
3317,P3h3,0.18898458885725547
3318,P4ha2,-0.0742877838028369
3319,P4ha3,0.09445756838937783
3320,P4htm,-0.0780280860051512
3321,PCOLCE2,0.05947739643447973
3322,Pabpc1l,-0.04378807019813299
3323,Pabpc4l,0.016530791763530575
3324,Pabpc5,-0.019680474684938113
3325,Pacsin1,0.02855371620112209
3326,Pak1,-0.2156128193431732
3327,Pak5,-0.019145095169591973
3328,Palldl1,-1.968817584264438
3329,Palm,-0.2287406009599409
3330,Pals2,-0.03422026165230574
3331,Pam,-0.4912421342821782
3332,Pamr1,-0.04816719799293463
3333,Panx1,-0.13065131832011861
3334,Panx2,-0.01790217942504218
3335,Paox,-0.1343392317172743
3336,Pappa,0.6243987886314588
3337,Pappa2,-0.03053497480140766
3338,Paqr4,0.08857833307691179
3339,Paqr5,0.005024245842991142
3340,Paqr6,0.3272726785482628
3341,Paqr8,-0.16903490631068105
3342,Pard3b,-1.3911935757269704
3343,Pard6g,-0.021898400680090066
3344,Parp14,-0.9599533454446105
3345,Parp8,-0.8756158430456604
3346,Parva,-1.3793428677961068
3347,Parvg,-0.08815620637799201
3348,Pasd1,-0.04434877151398429
3349,Patj,0.2735806564071649
3350,Patz1,0.11127401741231946
3351,Pawr,0.16744960390028868
3352,Pax4,-0.004444760304640412
3353,Pax5,0.0026248905363425307
3354,Pax7,0.003621159935904577
3355,Pax8,-0.09562542413572765
3356,Pbld2,0.02260969427898681
3357,Pbx1,3.306160721211575
3358,Pbx4,-0.018493815375851395
3359,Pcdh11x,0.18923358497251805
3360,Pcdh12,-0.3497463170428232
3361,Pcdh17,-1.0682718293454576
3362,Pcdh18,0.005714977678451062
3363,Pcdh19,-0.9591882691118603
3364,Pcdh7,0.4380659237115104
3365,Pcdh9,0.3696464145776518
3366,Pcdha5,0.2774216014221182
3367,Pcdhb10,0.0035300735153821795
3368,Pcdhb12,0.04420639944528071
3369,Pcdhb16,0.03533422710320501
3370,Pcdhb2,-0.002613004370701057
3371,Pcdhb21,-0.019193097534534024
3372,Pcdhb5,-0.007313067853567843
3373,Pcdhga5,-0.034242040214481614
3374,Pced1b,-1.156263190570216
3375,Pcgf6,0.010292678214034692
3376,Pck1,2.420596466552394
3377,Pck2,0.03864390359415544
3378,Pclo,-0.03955280658384032
3379,Pcnx2,-0.054000698777038864
3380,Pcolce,0.1439161583928033
3381,Pcp4l1,0.016583811473789206
3382,Pcsk1,-0.05635672192920343
3383,Pctp,-0.09449015799379207
3384,Pdcd1lg2,-0.658787569753262
3385,Pde10a,-0.024307712158500097
3386,Pde1a,0.24084248447959203
3387,Pde1b,0.014357828419256981
3388,Pde1c,-3.1492118716293818
3389,Pde2a,-0.6021987712530802
3390,Pde3a,2.307594786677217
3391,Pde4b,-0.1423530038142649
3392,Pde4c,0.03404376219869237
3393,Pde4d,0.02959922308894214
3394,Pde5a,0.2350540405214495
3395,Pde6h,-0.09895061716955493
3396,Pde8b,-0.18422539140657773
3397,Pde9a,-0.9080954245997788
3398,Pdgfa,0.24832083141454905
3399,Pdgfb,-0.04456544722191333
3400,Pdgfd,0.9040072431900548
3401,Pdgfra,0.2508617211698012
3402,Pdgfrb,0.06814412114650711
3403,Pdia4,0.054807516247400774
3404,Pdk3,-0.041141088455385194
3405,Pdlim1,-1.033369664622199
3406,Pdlim2,-0.13401757261138736
3407,Pdlim3,0.22815803264794812
3408,Pdlim4,-0.018932703519992707
3409,Pdlim5,0.4208373445084249
3410,Pdlim7,0.1777502831172972
3411,Pdpn,-0.14814453671980726
3412,Pdzd2,-0.8330707523131882
3413,Pdzph1,0.007908275381346676
3414,Pdzrn3,2.5684738206835966
3415,Pdzrn4,-0.022621633180075422
3416,Peak1,-1.7501574851417674
3417,Pear1,0.2113181516562478
3418,Pecam1,-2.597375025674073
3419,Peg3,1.268725523017486
3420,Peli2,-0.356652765018243
3421,Peli3,-0.04881369296806315
3422,Penk,-0.028547407697572153
3423,Pex5l,-0.019502721512397528
3424,Pf4,0.043695944428111456
3425,Pfkfb3,0.9577540414792258
3426,Pgf,0.0313446387071238
3427,Pgghg,-0.03212420798904156
3428,Pglyrp1,-0.01280069689390247
3429,Pglyrp2,-0.0280900887587907
3430,Pgm5,-2.1119868701054005
3431,Pgpep1l,0.017547163666245598
3432,Phactr1,-1.492034977890345
3433,Phactr2,-3.808907421718654
3434,Phactr3,-0.018215226108184567
3435,Pheta2,-0.028724194335492576
3436,Phex,0.016409602884796103
3437,Phf11,-0.12986452407748422
3438,Phf11b,-0.13779254802030821
3439,Phf24,-0.024408073118045992
3440,Phlda1,0.010332132028819083
3441,Phldb1,0.08743017215266824
3442,Phldb2,-0.19437986414547692
3443,Phldb3,-0.015171612841373522
3444,Pi15,0.04863775409104433
3445,Pi16,0.281356217512824
3446,Pianp,0.0005591368341070924
3447,Pias3,-0.009591942560524189
3448,Pid1,-1.0500246137622546
3449,Pierce1,0.001881781608685947
3450,Piezo2,-0.408959287050941
3451,Pif1,-0.02689242170217411
3452,Pigc,0.0018668524607317613
3453,Pigy,0.010685891565691196
3454,Pik3ap1,-0.9273253798734232
3455,Pik3c2b,-1.5728116025627923
3456,Pik3c2g,-0.056852383627294834
3457,Pik3cd,-0.29751440432499876
3458,Pik3cg,-0.23370181432782466
3459,Pik3ip1,-0.07128217221324454
3460,Pik3r3,0.3233815725965953
3461,Pik3r5,-0.9040582978950009
3462,Pik3r6,-0.9799230997493875
3463,Pilra,-0.04468435282412483
3464,Pilrb,-0.11783865352108007
3465,Pilrb-ps6,0.02651502065802682
3466,Pim2,-0.0026064315832459756
3467,Pim3,0.16335885450849377
3468,Pimreg,-0.05066575302835848
3469,Pip4k2a,-2.1195271077063977
3470,Pip5k1b,0.06215169472920584
3471,Pip5k1c,-0.5406267363133735
3472,Pirb,-0.26762969643078416
3473,Pirt,0.0039364151770858655
3474,Pitpnc1,-6.633677365234018
3475,Pitpnm1,-0.26596513219787377
3476,Pkd2l1,-0.06780107148717938
3477,Pkhd1,-0.018525156703094278
3478,Pkhd1l1,0.4759411382916125
3479,Pkia,0.059322556914712526
3480,Pkib,-0.07355100882892061
3481,Pkig,0.45981688964270456
3482,Pkmyt1,-0.25850619316986273
3483,Pknox2,0.28916219453889047
3484,Pkp1,-0.00120771752732713
3485,Pkp4,-2.1479505714086335
3486,Pla2g2a,-0.03834690162920627
3487,Pla2g2c,-0.0018542642321120418
3488,Pla2g3,-0.019368961399769385
3489,Pla2g4a,-0.36184676680000794
3490,Pla2g5,-0.06282685355468436
3491,Pla2g7,0.06002648445515245
3492,Pla2r1,0.1441450490472995
3493,Plac8,-0.4838471593656971
3494,Plac9,0.25561011754438406
3495,Plagl1,-0.062418960492795564
3496,Plat,0.31245957534198715
3497,Plau,-0.0136487983520839
3498,Plaur,-0.09696077087560141
3499,Plb1,-0.006814441387541762
3500,Plcb2,-0.2016192857228146
3501,Plcb4,-2.4500631584148067
3502,Plcd3,0.6499256067222912
3503,Plce1,0.9022262773865449
3504,Plcg1,-0.0865801968989324
3505,Plcg2,-0.9325563173876267
3506,Plcl1,0.5696621007206519
3507,Plcl2,-1.3572514793133816
3508,Plcxd2,-0.03816487975256741
3509,Plcxd3,-0.07877116319215419
3510,Pld2,-0.516079900007151
3511,Pld4,-0.22808324064682955
3512,Pld5,0.04142470234399898
3513,Plek,-0.45124200403097714
3514,Plekha2,-0.47051803724471886
3515,Plekha4,0.11304400890865285
3516,Plekha5,-0.5959552425900676
3517,Plekha6,0.392010153706865
3518,Plekhg1,-1.3820890975324716
3519,Plekhg2,0.6589823181224325
3520,Plekhg4,0.013422033622921744
3521,Plekhg5,0.06606336747874782
3522,Plekhh2,0.3647287178133196
3523,Plekho1,-0.5335917273208628
3524,Plekho2,-0.41147888134779964
3525,Plet1,-0.018332698238322093
3526,Plk2,-0.16143307290770073
3527,Plod2,0.17103439462817233
3528,Plpp1,-1.1964742872267502
3529,Plpp3,-0.3329211129657023
3530,Plpp4,-0.027210298559346882
3531,Plppr1,0.2834829723267579
3532,Pls3,1.0631889762127533
3533,Plscr1,-0.29949820760282064
3534,Plscr2,-0.4122854028776748
3535,Plscr4,-0.13302070873792857
3536,Pltp,-0.5996872583949682
3537,Plxdc1,0.026336388480097447
3538,Plxdc2,-0.39632773990130554
3539,Plxna1,-0.15504329843982467
3540,Plxna2,0.2085501238869659
3541,Plxna4,-0.4201460263686792
3542,Plxnb1,0.15343510331560897
3543,Plxnb2,-0.0022906632570731528
3544,Plxnd1,-1.4781276316917151
3545,Pmaip1,-0.03436372911077232
3546,Pmepa1,0.9538994939638553
3547,Pmfbp1,-0.01915265153888806
3548,Pml,-0.32681798084008873
3549,Pmp22,-0.26863309132189733
3550,Pnma8c,-0.01925591657526029
3551,Pnpla2,1.4339122807282156
3552,Pnpla3,0.2395481431312527
3553,Podnl1,0.005137841589864508
3554,Podxl,-1.4258683251631084
3555,Podxl2,0.028636913275336892
3556,Pola2,0.018648534481310597
3557,Polr2m,-0.042389139074914844
3558,Pomc,-0.004052495005222218
3559,Postn,-0.3300850865458714
3560,Poted,0.02193132882841524
3561,Pou2af1,-0.05422988543329089
3562,Pou2f2,-0.27454264267495165
3563,Pou2f3,0.02633274927050061
3564,Pou6f2,0.012161177259131637
3565,Ppargc1a,4.115460003324328
3566,Ppef1,-0.006039389506747686
3567,Ppef2,-0.1455460601723343
3568,Ppfia2,-0.0470173660112371
3569,Ppfibp1,-0.3638535536831328
3570,Ppil6,-0.16007756624363245
3571,Ppl,0.03854668523427411
3572,Ppm1e,-0.08386784381137699
3573,Ppm1f,-0.28305598651463865
3574,Ppm1h,-2.754771103448301
3575,Ppm1n,-0.14621321980345645
3576,Ppp1r12c,-0.6415184743976396
3577,Ppp1r13l,0.4346195599325307
3578,Ppp1r14a,0.078183528574166
3579,Ppp1r14b-ps2,0.027200580902722593
3580,Ppp1r14c,-0.003666595154224607
3581,Ppp1r16b,-1.6478332288167372
3582,Ppp1r18,-0.09536012452871111
3583,Ppp1r1c,-0.022902994546053823
3584,Ppp1r26,0.04072776756249257
3585,Ppp2r2b,-0.7560318029318078
3586,Ppt1,-0.21060966663638706
3587,Prag1,-1.0218578801498328
3588,Prdm5,-0.06566645442845147
3589,Prdm6,0.3132661322443595
3590,Prdm8,0.03737122121168976
3591,Prex1,-1.4317007850206152
3592,Prf1,-0.16706560311274626
3593,Prg2,0.072596333134932
3594,Prg4,0.1221753652088837
3595,Prickle2,0.47287265130362544
3596,Prim1,-0.1679632199576619
3597,Prima1,0.18270756025327226
3598,Primpol,-0.1294874997390542
3599,Prkag3,-0.024333608850961516
3600,Prkar1b,0.07338712548703658
3601,Prkca,-0.34318116232565077
3602,Prkcb,-2.6259749040106293
3603,Prkcd,-0.4118395308119699
3604,Prkcg,-0.21200807649913578
3605,Prkch,-3.073508975024981
3606,Prkcq,-0.43764650661150273
3607,Prkcz,-0.11622196133541018
3608,Prkd2,-0.6489043262846893
3609,Prkg1,1.7192963424252878
3610,Prkx,-0.25098509560312904
3611,Prlr,0.30792013804197904
3612,Procr,-0.08322502969028947
3613,Prodh2,0.07698542094894281
3614,Prok2,-0.0016448818536573817
3615,Prom1,-0.2886285764545414
3616,Prox1,0.07807857345807806
3617,Prph,0.017739179167972016
3618,Prps2,-0.05640975338181241
3619,Prr13,-0.26269688385792556
3620,Prr15,0.0015477115800795697
3621,Prr15l,-0.02239016904136528
3622,Prr18,0.003988871117683742
3623,Prr36,-0.019408781067792924
3624,Prr5,-0.06665325629698235
3625,Prr5l,-0.05583680495923655
3626,Prr7,-0.0522117864763212
3627,Prrt1,0.0905765059043393
3628,Prrt2,0.15627235754416324
3629,Prrt3,0.015239064061447361
3630,Prrx1,0.49993842352064244
3631,Prss12,-0.256809447749914
3632,Prss23,-0.08474454580881086
3633,Prss27,-0.009534072890349202
3634,Prss39,-0.020707848588081633
3635,Prss41,0.03088930352470736
3636,Prtfdc1,-0.9644633108031478
3637,Prtg,0.06756415585598932
3638,Prune2,-0.34853556936207597
3639,Prx,0.024002554005669044
3640,Psca,0.025208465075968946
3641,Psd4,-0.048605635188046045
3642,Psmb4,-0.018619172332714894
3643,Psmb8,-0.0433125410452909
3644,Psmb9,0.03294969329376356
3645,Psrc1,0.040422067409820114
3646,Pstpip1,-0.7232489705493292
3647,Pstpip2,-0.43231151181219674
3648,Ptafr,-0.33825146176443316
3649,Ptbp3,-1.7868257484323917
3650,Ptch2,0.10171008715786964
3651,Ptcra,0.030494739559091228
3652,Ptger2,-0.03864759257903912
3653,Ptger4,-0.05865332796914805
3654,Ptges3l,-0.053462252848606034
3655,Ptgs1,-0.06345107061967109
3656,Ptgs2,-0.0243770298485588
3657,Pth2r,-0.015380785568685275
3658,Pthlh,-0.28343286366672477
3659,Ptk2b,-1.474123926093764
3660,Ptk7,0.06170523295341232
3661,Ptn,-0.09254060993871142
3662,Ptpn13,0.15428354961005397
3663,Ptpn18,-0.40661865297772
3664,Ptpn22,-0.0787633783940164
3665,Ptpn3,-0.029034302678309636
3666,Ptpn5,-0.01400608899054683
3667,Ptpn6,-0.15826252280362774
3668,Ptpn7,-0.27307643643052476
3669,Ptprb,-2.472098641003982
3670,Ptprc,-2.489266959699767
3671,Ptprcap,-0.02221387472588851
3672,Ptpre,-1.377953951384102
3673,Ptprg,-0.6525119404121946
3674,Ptprj,-2.214594987011126
3675,Ptpro,-0.7115786528524196
3676,Ptprq,0.11309018870756941
3677,Ptprr,-0.17246307209623646
3678,Ptprv,-0.014398210528652406
3679,Ptprz1,0.03489112861141584
3680,Pus7l,0.0200347308598505
3681,Pvr,-0.2143391179200764
3682,Pwwp3a,-0.05012059557699551
3683,Pwwp3b,0.021617136784638467
3684,Pxdc1,-0.09496067662447188
3685,Pxdn,-0.3889647057335722
3686,Pxn,-0.4409203452994684
3687,Pxt1,-0.013528620467475976
3688,Pycard,-0.06211894244835646
3689,Pycr1,0.012654548337784888
3690,Pycr2,-0.0609396347045513
3691,Pygm,-0.0005254569362171876
3692,Qpct,-0.08798904573607905
3693,Qprt,0.002905021736241917
3694,Qrfpr,0.053308340404378526
3695,Qrfprl,0.09345954539325677
3696,RGD1304622,-0.1173746213870018
3697,RGD1304694,-0.16928160717717777
3698,RGD1305184,-0.011388947984954843
3699,RGD1306556,-0.734472463806582
3700,RGD1308065,-0.0381625474546507
3701,RGD1309104,-2.19100848168247
3702,RGD1309808,-0.07306305552704928
3703,RGD1310587,-0.16560473528257452
3704,RGD1559441,0.03821780881956996
3705,RGD1559459,0.031465491774905485
3706,RGD1559482,-0.07810052408736472
3707,RGD1559575,-0.2759134965124198
3708,RGD1559747,0.055273908392795085
3709,RGD1560034,-0.026237421472982587
3710,RGD1560281,0.04670846042343188
3711,RGD1560723,-0.15815376245564905
3712,RGD1561327,0.005499792015100882
3713,RGD1561333,0.02028962151748165
3714,RGD1561517,0.040594576695987185
3715,RGD1561730,0.0143024414078807
3716,RGD1562029,-0.00011032509985686376
3717,RGD1562402-1,-0.010030374319797447
3718,RGD1562462,0.004577001840865257
3719,RGD1562667,-0.03102124795112337
3720,RGD1563159,-0.0008510065276298266
3721,RGD1563222,-0.03245639509199149
3722,RGD1563400,-0.21131412018924456
3723,RGD1563400-1,0.0026189176176524016
3724,RGD1563917,-0.030317668158743205
3725,RGD1564053,0.018310855298861388
3726,RGD1564409,0.005203037336344271
3727,RGD1564534,-0.02227844858738248
3728,RGD1564664,0.02462915497465258
3729,RGD1564696,0.03066939831511919
3730,RGD1564744,0.026901759007928478
3731,RGD1564854,0.020265105819121755
3732,RGD1565158,-0.05293893407063632
3733,RGD1565367,-0.02672485156247756
3734,RGD1565410,-0.021172829591821846
3735,RGD1565622-1,-0.01926772760100808
3736,RGD1565693,-0.01501873805671895
3737,RGD1565753,0.0047606807025465875
3738,RGD1566387,0.044066864935195876
3739,RT1-A1,0.06721470331346913
3740,RT1-A2,0.0028198499752025534
3741,RT1-Ba,-0.3464570543333213
3742,RT1-Bb,-0.26006648242229347
3743,RT1-CE15,-0.15441230883908263
3744,RT1-CE16,-0.6144569219360092
3745,RT1-CE3,-0.06214990604453779
3746,RT1-DOa,-0.07298066729891109
3747,RT1-DOb,-0.10636024816566053
3748,RT1-Da,-0.2282151977453541
3749,RT1-Db1,-0.7469445183190813
3750,RT1-Db2,-0.10312963538701803
3751,RT1-Ha,-0.07849956996408773
3752,RT1-N3,0.01151909758690273
3753,RT1-S3,-0.1131117489261578
3754,RT1-T24-3,-0.8306592112783823
3755,RT1-T24-4,-0.10950656971190206
3756,Rab11fip1,-0.09022582152351402
3757,Rab11fip4,-0.07477255897108678
3758,Rab13,0.09638366062172288
3759,Rab17,0.011517404628478348
3760,Rab19,0.03470737941570001
3761,Rab26,-0.057290234157527084
3762,Rab27a,-0.8860901474308525
3763,Rab27b,-0.3704750599585394
3764,Rab31,-1.4440359753803897
3765,Rab32,-0.09306203686575054
3766,Rab37,-0.1073008401823407
3767,Rab3b,0.04071614190817906
3768,Rab3il1,-0.032275035932601726
3769,Rab3ip,0.03589397564407924
3770,Rab44,-0.007859808247083672
3771,Rab6b,0.015417361862206337
3772,Rab7b,-0.15450164674559314
3773,Rab8a,0.03146367572018589
3774,Rac2,-0.14872045162023292
3775,Rack1,0.1096373968097024
3776,Rad51,-0.019588400554868317
3777,Rad51b,-0.795434358149931
3778,Rad9a,0.010094901473492495
3779,Radil,0.0008126050401527432
3780,Rai14,-1.0165839741010625
3781,Rai2,0.34879575964874615
3782,Ralgapa2,-1.7522947763837096
3783,Ralgds,-0.06022573680753815
3784,Ralgps2,-0.17663311160128922
3785,Ramp1,0.0022058240677324883
3786,Ramp3,-0.08198240957349075
3787,Rap1gap2,-1.1376998338829107
3788,Rap2b,-0.18876212329450764
3789,Rapgef1,-2.068340576471618
3790,Rapgef3,-1.0200416700642378
3791,Rapgef4,0.2565084941601629
3792,Rapgef5,-2.5128269997949784
3793,Rapgef6,-0.9683083708666339
3794,Raph1,-1.1239783109805015
3795,Rarg,-0.3235470093850381
3796,Rarres1,-0.010124804186540184
3797,Rasa3,-1.0656081780658202
3798,Rasa4,-1.0040530818297668
3799,Rasal1,0.08275098997189234
3800,Rasal2,-3.921280719230561
3801,Rasal3,-0.15821341262721605
3802,Rasd1,0.16479295222371446
3803,Rasgef1a,-0.07997479096881084
3804,Rasgef1b,-0.4624523239664515
3805,Rasgef1c,0.016833928416702542
3806,Rasgrf1,-0.0037624645427182316
3807,Rasgrf2,-1.7993175343595447
3808,Rasgrp1,-0.41257975370508687
3809,Rasgrp2,-0.11748869520108186
3810,Rasgrp3,-0.7853986982637622
3811,Rasgrp4,-0.14134256407363133
3812,Rasip1,0.18353506590489116
3813,Rasl10b,0.06260352232477369
3814,Rasl11a,0.14197210232104288
3815,Rasl11b,0.012558774896520169
3816,Rassf10,0.07356331792011317
3817,Rassf2,-0.30211610473498685
3818,Rassf3,-1.1317789160793639
3819,Rassf5,-0.2988361900619718
3820,Rassf9,-0.18785252227500676
3821,Rbbp8nl,0.031905094203107026
3822,Rbfox1,0.6856329058401359
3823,Rbfox3,0.041074253861336216
3824,Rbl1,-0.1824916757474855
3825,Rbl2,-0.4803305838783508
3826,Rbm11,-0.0010126962769076491
3827,Rbm20,-0.03958811410507404
3828,Rbm44,-0.057107987528846035
3829,Rbms3,3.1142479688135642
3830,Rbmx2,0.013084344611019236
3831,Rbp2,0.09455182800705231
3832,Rbp7,0.31572170782241205
3833,Rbpj,-1.4202097479874334
3834,Rbpjl,-0.018478974960952466
3835,Rcan2,1.499355580924534
3836,Rcan3,-0.04295096541256069
3837,Rcn3,-0.020477997773603266
3838,Rcsd1,-1.6801865298693317
3839,Rcvrn,0.004704695317385706
3840,Reck,0.051701994148040054
3841,Reep4,0.13795520751659174
3842,Reg3g,-0.012746875684515484
3843,Rel,-0.2591065895312753
3844,Rela,0.21028187457737263
3845,Reln,-0.2431550407676976
3846,Relt,-0.1820215261066812
3847,Rem1,-0.11060244166274524
3848,Rep15,-0.021113861703425985
3849,Reps2,-0.13250315293942178
3850,Rerg,0.11430384977945059
3851,Rergl,0.09218013102286705
3852,Resp18,-0.006347069726635681
3853,Ret,0.01934262913206948
3854,Rex2,-0.1316456641556295
3855,Rexo1l1-ps1,0.023658010303947347
3856,Rexo5,-0.22516789067267423
3857,Rfc5,-0.223369112313108
3858,Rflna,-0.0488985012373776
3859,Rflnb,-0.10323295143947733
3860,Rfpl4a,-0.053761573216676004
3861,Rftn1,-2.5913443767173936
3862,Rfx2,-0.13272635819535142
3863,Rfx5,0.202935119948361
3864,Rgcc,0.3344923952202039
3865,Rgs1,-0.08874654889585895
3866,Rgs10,-0.411357075024407
3867,Rgs12,-0.04744705197385491
3868,Rgs14,-0.16832020964288721
3869,Rgs16,0.04456240422901267
3870,Rgs18,-0.09175060889067625
3871,Rgs2,0.40683610354543964
3872,Rgs20,-0.0809106582844053
3873,Rgs22,-0.03561526231407351
3874,Rgs3,0.20527628453109292
3875,Rgs4,0.11632298904476959
3876,Rgs5,-0.19553069900904102
3877,Rgs6,1.0133463689842892
3878,Rgs7,0.8606764868212675
3879,Rgs9,-0.03283684546179373
3880,Rgsl1,0.010198948072840663
3881,Rhbdf1,0.19098322636455564
3882,Rhebl1,0.0465492909976991
3883,Rhoc,0.1724592192919486
3884,Rhoh,-0.17154779095812417
3885,Rhoj,-0.6815970210654568
3886,Rhou,0.002052236561563295
3887,Rhov,-0.037320639916940984
3888,Rhpn1,0.06125621195937287
3889,Rhpn2,-0.1280133673923673
3890,Rig1,-0.25768258209426564
3891,Rimbp2,-0.4059418094898214
3892,Rimklb,-0.030804860585797286
3893,Rims1,0.04266947413879296
3894,Rin3,-0.8762941882244423
3895,Rinl,0.03782267190399226
3896,Ripor2,-0.9409725842183814
3897,Ripor3,0.195782758359145
3898,Ripply1,0.017140980068920918
3899,Rit2,-0.004703934408186211
3900,Rmi2,-0.028372789521794065
3901,Rnase6,-0.024225878047444742
3902,Rnasel,-0.014801553496136084
3903,Rnf112,0.06401091100175965
3904,Rnf144b,-0.06939537203773025
3905,Rnf145,-0.13828279124219078
3906,Rnf151,0.008395035113475172
3907,Rnf157,-0.5927175855059894
3908,Rnf17,0.002879496751233627
3909,Rnf181,-0.06964396656739727
3910,Rnf213,-0.8927509492230012
3911,Rnf220,-0.24715059533680772
3912,Rnf227,0.0013978722328533758
3913,Rnf39,-0.09445465561953144
3914,Rnf43,-0.24113900268555954
3915,Robo1,0.0018599548366397874
3916,Robo2,0.09580469743078822
3917,Robo3,-0.00188698145914606
3918,Robo4,-0.3471266444589357
3919,Ror1,0.41261472834698
3920,Ror2,0.10246671744690265
3921,Rora,1.7251362834628532
3922,Rorb,0.13859097362396566
3923,Rp1l1,0.038931027252368605
3924,Rpe65,0.010279106303480258
3925,Rpgr,-0.30911662660578143
3926,Rpgrip1,0.036044478705309434
3927,Rph3al,-0.5270714124269771
3928,Rpl11,0.006925973863525281
3929,Rpl12,0.007098972975254601
3930,Rpl13,0.058655775754868605
3931,Rpl13a,0.31889678436151303
3932,Rpl14,0.05826931942083946
3933,Rpl15,-0.08906326806700733
3934,Rpl17,0.04048351426295524
3935,Rpl18,0.17910275542495632
3936,Rpl18a,0.05271621547684467
3937,Rpl19,-0.11975190828401974
3938,Rpl23,-0.056054127207437465
3939,Rpl23a,-0.16173619643391643
3940,Rpl24,0.061449636352960406
3941,Rpl26,-0.09370322931795888
3942,Rpl28,0.08626782826930143
3943,Rpl29,0.22660637292375815
3944,Rpl32,0.10987931330939983
3945,Rpl34,-0.06045876676031344
3946,Rpl35,0.10828072909021805
3947,Rpl35a-ps6,0.05416243290696378
3948,Rpl36-ps3,0.028805196489311145
3949,Rpl36a,-0.0247465268805887
3950,Rpl37,-0.009503571154587803
3951,Rpl37a-ps1,0.05724024208140646
3952,Rpl37l1,-0.007448966991669894
3953,Rpl38-ps9,0.029348947355319507
3954,Rpl38-ps9-1,-0.00588902724174796
3955,Rpl39,0.07466437644915394
3956,Rpl4,0.12421004980414907
3957,Rpl4-ps1,0.004871941589686795
3958,Rpl5,0.33969898264350273
3959,Rpl6-ps6,0.001402608412855182
3960,Rpl8-ps7,0.0071058484569357094
3961,Rpl9-ps30,0.08385134189968176
3962,Rplp0,-0.06139786106353579
3963,Rplp1,0.19282648055429613
3964,Rps10,-0.05647028946819707
3965,Rps10l1,0.10792155806355659
3966,Rps11,0.031218345400506803
3967,Rps12,0.0740552416149799
3968,Rps13,0.13492092721345234
3969,Rps14,0.0072137315071342314
3970,Rps15,-0.07398855643823278
3971,Rps15a,0.25609142453488065
3972,Rps15al4,0.056735913800988816
3973,Rps16,0.13125031679449656
3974,Rps19,0.21924733943971209
3975,Rps20-ps10,-0.022227058068064263
3976,Rps21,-0.026401314217306196
3977,Rps23,0.10363371873675808
3978,Rps24,0.04734691896602094
3979,Rps25,0.06895184867223007
3980,Rps27,0.12862213049944995
3981,Rps27a,-0.1568363227345484
3982,Rps27a-ps1,-0.02118301070306074
3983,Rps28,0.05433237884543245
3984,Rps29,0.16972844767543632
3985,Rps3,-0.18325810295521075
3986,Rps3a,-0.14516646484302162
3987,Rps4x,-0.04569221400061291
3988,Rps4x-ps9,-0.006857630071233503
3989,Rps4y2,0.02624036992875212
3990,Rps5,0.1334670302870412
3991,Rps6,-0.027625157805978545
3992,Rps6-1,0.05836041795869393
3993,Rps6ka1,-0.46774091057093226
3994,Rps6ka2,-0.753949144310841
3995,Rps6ka4,0.0033523921851297067
3996,Rps6kl1,-1.098684347689506
3997,Rps7,-0.07413974327589218
3998,Rps7-ps23,-0.010343110032225794
3999,Rps8,0.0012057274287026604
4000,Rps9,0.042357293458902774
4001,Rpsa,0.15042139494751972
4002,Rras,-0.06067307354274497
4003,Rrbp1,0.0466450862271815
4004,Rsad2,-0.1976370073844106
4005,Rsph9,-0.021897117675228304
4006,Rspo1,0.06379821996939994
4007,Rspo2,0.007210702751106341
4008,Rspo3,-0.0003739415592310287
4009,Rtl4,-0.02293980403571093
4010,Rtl5,0.02677773933697093
4011,Rtl6,-0.016387774736012106
4012,Rtn1,-0.6310347842127967
4013,Rtn4r,0.04808533546774513
4014,Rtn4rl1,-0.2206336197948039
4015,Rtn4rl2,-0.03484447225507116
4016,Rtp3,0.04415904781800978
4017,Rubcnl,-0.2964144539617155
4018,Rundc3a,0.018842413207056638
4019,Runx1,-1.876645509582444
4020,Runx1t1,-0.42908583817426227
4021,Runx2,-0.7554787889485755
4022,Runx3,-0.35104731551386087
4023,Rxfp1,-0.0849190685152671
4024,Ryr1,-0.08069438982796165
4025,Ryr2,0.1819938839911342
4026,S100a10,-0.246592647692995
4027,S100a14,-0.039867941334035234
4028,S100a4,-0.011652067998255999
4029,S100a6,-0.1043284739846861
4030,S100a7a,-0.02142134890203997
4031,S100a8,0.019792442037143018
4032,S100a9,0.10018255775248126
4033,S100z,-0.07724790000752453
4034,S1pr1,-0.32839405087960843
4035,S1pr2,-0.09123970183268605
4036,S1pr3,0.008186563495115224
4037,S1pr4,0.02053222011439489
4038,S1pr5,-0.08101122450778238
4039,Saal1,-0.0642784981671009
4040,Samd10,-0.0010460288399584492
4041,Samd12,-0.5732083209687331
4042,Samd13,-0.06165973754124407
4043,Samd15,-0.05944612029238168
4044,Samd3,-0.13360182519734626
4045,Samd4a,-0.14639779590573312
4046,Samd5,-6.1964460606969975
4047,Samd9,-0.3714104263860306
4048,Samd9l,-0.09800070925006962
4049,Samhd1,-0.420035218844527
4050,Samsn1,-0.4818161326661805
4051,Sap18,-0.015675612885889437
4052,Sarm1,-0.056220301030876316
4053,Sash1,-3.8915917347317848
4054,Sash3,-0.03168015555376121
4055,Sat1,0.5756071908908008
4056,Satb1,0.0809424217448917
4057,Sbp,-0.00908322025028861
4058,Sbspon,0.052194292602515034
4059,Scara3,-0.07255995714258712
4060,Scara5,0.365876369468194
4061,Scarb1,-0.41500201447085666
4062,Scarf2,0.3229786859737318
4063,Scd,-1.473812401230303
4064,Scel,-0.28960334520842274
4065,Schip1,-0.19547778519665127
4066,Scimp,0.025123023420094877
4067,Scin,-0.1272098680848025
4068,Scml2,0.007513837481081007
4069,Scml4,-0.16704358218430632
4070,Scn1a,0.024012220859428755
4071,Scn2b,-0.00964110947416825
4072,Scn3a,-0.1282968013256811
4073,Scn5a,-0.16914902132548615
4074,Scn7a,-0.017344700312787766
4075,Scnn1g,0.0028926632100900905
4076,Scp2d1,-0.00979179618368448
4077,Scrn1,0.2161569134011805
4078,Scube2,-0.03860665378051161
4079,Sdc1,-0.017777360839944033
4080,Sdc2,0.22700733746219154
4081,Sdc3,0.11903645488170125
4082,Sdc4,0.38910453645122495
4083,Sdf2l1,-0.002255280460619712
4084,Sdk1,0.575975819595608
4085,Sdk2,0.1945909646742498
4086,Sdsl,-0.009354401832027785
4087,Sebox,-0.019405106004197252
4088,Sec14l1,0.2243698052537143
4089,Sec24d,0.2694457191128736
4090,Sectm1a,-0.018849708979461054
4091,Sel1l2,-0.014579314587938751
4092,Selenbp1,0.2235092518502909
4093,Selenoh,0.023178172420957995
4094,Selenom,-0.05326708124400052
4095,Selenop,-0.5299179479513078
4096,Selenow,0.029359917145664327
4097,Selenow-1,-0.025174745716130563
4098,Sell,0.10803732488648309
4099,Selp,0.021780921530249957
4100,Selplg,-0.30069308630666597
4101,Sema3a,-0.042261975623392886
4102,Sema3c,0.48865512751047624
4103,Sema3d,-0.12670594005195734
4104,Sema3e,-0.20347588950547008
4105,Sema3f,0.01814503742056748
4106,Sema3g,0.09748189859592848
4107,Sema4a,-0.33149368928449324
4108,Sema4c,0.01349283745865467
4109,Sema4d,-0.33343295384777993
4110,Sema5a,0.44669869028024756
4111,Sema5b,-0.1301784563868434
4112,Sema6a,-2.3786043578784013
4113,Sema6b,0.250106191556004
4114,Sema6c,0.0018524196689084027
4115,Sema6d,-0.19926188426416425
4116,Sema7a,0.2810974369741236
4117,Septin1,-0.09325601126472527
4118,Septin11,-0.9880903626841331
4119,Septin3,0.03445152141749237
4120,Septin4,-0.18224682178818857
4121,Septin6,-0.3245139710036272
4122,Septin8,-0.23437435381136992
4123,Septin9,-1.235219445559218
4124,Sergef,-0.4135366229797744
4125,Serinc5,-0.7407178347845897
4126,Serp1,-0.020849369343959447
4127,Serpinb6b,-0.17187072705175505
4128,Serpinb9,-0.13002418432580817
4129,Serpine1,0.09210600825226739
4130,Serpine2,0.1813249124154674
4131,Serpinf1,0.06232904365265575
4132,Serping1,-0.02274065000029237
4133,Serpini1,-0.031445797899424664
4134,Setdb2,-0.5516657802212389
4135,Sez6,-0.2338576327447683
4136,Sez6l,0.077378252879865
4137,Sez6l2,-0.13497988148129078
4138,Sfrp1,0.2515349675352372
4139,Sfrp2,0.015205381892750931
4140,Sfrp4,0.049893282424093834
4141,Sgip1,0.017256389306671324
4142,Sgk1,-0.03676862742986313
4143,Sgms2,-0.19167996518402958
4144,Sgo2,-0.04130448067938826
4145,Sgpp1,-0.10518534148825344
4146,Sgpp2,0.06750495143417558
4147,Sgsh,-0.09216627222106519
4148,Sgsm1,-0.17459439508510266
4149,Sh2d1b2,-0.017311236276219243
4150,Sh2d2a,0.010712190924160706
4151,Sh2d3c,-0.6872739803762042
4152,Sh3bgrl3,-0.013781741636768988
4153,Sh3bp2,-0.508919866516627
4154,Sh3bp4,-0.6070456863713347
4155,Sh3d19,-0.7730928144491271
4156,Sh3gl2,-0.07667551066011657
4157,Sh3gl3,-0.05203993253813237
4158,Sh3pxd2b,-0.38881908462021963
4159,Sh3rf1,-1.178728914362595
4160,Sh3rf2,0.02954310901296912
4161,Sh3rf3,0.08243096912875364
4162,Sh3tc1,-0.4045794383581732
4163,Sh3tc2,-0.24170787518329423
4164,Shank1,0.04082357643381711
4165,Shank2,0.11707672377919065
4166,Shank3,-2.023844747491307
4167,Shc2,-0.020601208605247764
4168,Shc3,0.09797130072531832
4169,Shc4,-0.016939245148348873
4170,Shcbp1,-0.05272821772751607
4171,She,-0.9146610311801857
4172,Shfl,-0.0461799046879034
4173,Shisa3,-0.01889907708243201
4174,Shisa5,-0.24235445885741183
4175,Shisa9,-0.027069991918257347
4176,Shroom3,0.09190009878228336
4177,Shroom4,-1.0522914898748534
4178,Shtn1,-0.3953461781069111
4179,Sidt1,-0.017696880394895996
4180,Siglec1,-0.14574432193814835
4181,Siglec10,0.06284900115725864
4182,Siglec5,-0.014690818147381334
4183,Siglec8,-0.010345838884590081
4184,Sigmar1,-0.033743420168069235
4185,Sipa1,-0.30362549520982485
4186,Sirpal1,-0.013393081611736003
4187,Sirpb2,-0.032804573346267824
4188,Sit1,0.025848251836525588
4189,Siva1,0.032523564701140845
4190,Ska3,-0.021287943741019492
4191,Skap1,-0.07882006595813303
4192,Skint10,0.005396946203958525
4193,Sla,-0.256184534952019
4194,Sla2,-0.21004726053742268
4195,Slamf1,-0.028217523150001107
4196,Slamf6,0.01236868466577465
4197,Slamf7,-0.005943094309066127
4198,Slamf9,0.03176728613639547
4199,Slc10a2,0.02616014562223785
4200,Slc10a6,-0.14669704725873461
4201,Slc11a1,-0.14207181839721675
4202,Slc12a6,-0.6702898691682142
4203,Slc14a1,-0.0012647908264807831
4204,Slc15a1,0.01255894734362975
4205,Slc15a3,-0.16550346108041897
4206,Slc15a5,-0.02320386386826409
4207,Slc16a10,-0.05077011416546361
4208,Slc16a12,-0.09100408206751308
4209,Slc16a13,-0.19245162084388182
4210,Slc16a14,-0.00700359039096026
4211,Slc16a3,-0.08725335544667392
4212,Slc16a5,0.044584243635022155
4213,Slc16a6,-0.11172550181859892
4214,Slc17a9,-0.17539534718825112
4215,Slc1a2,-0.01745034508666717
4216,Slc1a7,0.03216364305860396
4217,Slc22a15,-0.44188416236663675
4218,Slc22a18,-0.02184421143352944
4219,Slc22a20,-0.0068184199152078245
4220,Slc24a1,-0.031569190174225506
4221,Slc24a2,0.03657232520768922
4222,Slc25a12,-0.31967573961547985
4223,Slc25a13,-0.16855845273631007
4224,Slc25a21,0.10973095123727229
4225,Slc25a27,-0.0903635949459694
4226,Slc25a29,0.061894254506473984
4227,Slc25a43,-0.07676490367516145
4228,Slc25a53,-0.033910884853485396
4229,Slc26a10,-1.6120346162254453
4230,Slc26a3,-0.30783098707699996
4231,Slc26a7,0.04283157384004385
4232,Slc27a6,0.036926960952335885
4233,Slc28a2,-1.4038195888635108
4234,Slc29a2,-0.02117887059079815
4235,Slc29a3,-0.3050254185007118
4236,Slc2a10,0.005791227044781633
4237,Slc2a3,0.11602422587092844
4238,Slc32a1,-0.016306755619013836
4239,Slc34a3,-0.00016672632344088547
4240,Slc35d2,-0.329162451190259
4241,Slc35f1,-1.666181098870564
4242,Slc35f2,0.03584151054214031
4243,Slc36a4,-0.21628658155683805
4244,Slc37a2,-0.08635646044349948
4245,Slc38a4,0.011536085421460267
4246,Slc39a10,-0.31015185679353235
4247,Slc39a2,-0.0031437668867013383
4248,Slc39a8,0.1999829137877362
4249,Slc40a1,-0.055059169850839224
4250,Slc43a2,-0.10805113511747115
4251,Slc44a1,-0.6699118584450078
4252,Slc44a2,-0.6593385037334195
4253,Slc45a1,-0.019742747741189157
4254,Slc45a3,0.06558336210393112
4255,Slc45a4,-0.03542546352071367
4256,Slc46a1,-0.04454340877812896
4257,Slc47a1,-0.04491604375294593
4258,Slc47a2,0.015043254508998254
4259,Slc4a10,0.31911681098371975
4260,Slc4a11,0.15572457766390213
4261,Slc4a4,0.9329631747663623
4262,Slc5a4,0.013852855908905925
4263,Slc5a9,-0.007620048524277981
4264,Slc66a2,-0.1332352589598947
4265,Slc6a12,-0.017162004534670552
4266,Slc6a16,-0.05759963056145358
4267,Slc6a17,0.00881118999069902
4268,Slc6a21,0.008353521046615138
4269,Slc6a6,-1.7911477309217019
4270,Slc6a7,-0.008579143768184298
4271,Slc7a1,-0.866550226100314
4272,Slc7a10,-0.027698862484625372
4273,Slc7a11,0.0648947002402045
4274,Slc7a7,-0.07093940704634867
4275,Slc7a8,0.043839223558610724
4276,Slc7a9,0.08162779977363471
4277,Slc8a1,-1.1341784206351289
4278,Slc8a3,-0.05845853331346952
4279,Slc9a5,-0.0017266371714423764
4280,Slc9a7,-0.336636518203555
4281,Slc9a9,-2.344644053082858
4282,Slc9c2-1,0.017517880425141026
4283,Slco1a4,-0.10635607523675
4284,Slco2a1,-0.13776789660539504
4285,Slco2b1,-0.7672036472227288
4286,Slco3a1,-1.0699373787659567
4287,Slco5a1,-0.09000467023791484
4288,Slfn1,-0.035378403443074594
4289,Slfn13,-0.4845004481813403
4290,Slfn2,-0.8334561999700435
4291,Slfn4,-0.6519064382604325
4292,Slfn5,-1.1718104227646302
4293,Slit2,0.3007160956675259
4294,Slit3,2.7120305664821043
4295,Smad3,-0.24271727717115696
4296,Smad6,1.1067519870025537
4297,Smad7,0.980932640431797
4298,Smad9,0.009430880497646003
4299,Smap2,-0.7094559525690904
4300,Smarca1,0.13664791745341726
4301,Smc4,-0.12632392685485347
4302,Smco2,0.007476942072248602
4303,Smco4,-0.3430956348759402
4304,Smdt1,-0.008725459183261413
4305,Smim10l1,-0.00829093905076075
4306,Smim31,0.015603945438698988
4307,Smoc2,0.1667298800627272
4308,Smox,-0.03316681841659585
4309,Smpd2,-0.1198841145410399
4310,Smpd3,1.5468198681250307
4311,Smpd5,0.10067408100532782
4312,Smpdl3b,-0.010626610773983913
4313,Smtn,0.209454631116459
4314,Smtnl2,-0.004537975002509544
4315,Snai1,0.18522569874086361
4316,Snap25,0.11634615322900002
4317,Snapc5,0.024569824486481477
4318,Snca,0.05546386296328615
4319,Sncaip,-0.30131522750631656
4320,Sncg,0.10924376538143798
4321,Sned1,-0.10758545967295796
4322,Snph,-0.08943199287014271
4323,Sntb1,0.1438690355135075
4324,Sntb2,-1.8067840123639454
4325,Sntg1,0.019823462382694227
4326,Snx12,-0.46043113001920677
4327,Snx20,-0.19988050314267397
4328,Snx24,-0.16882671416025521
4329,Snx5,0.09691025038378512
4330,Snx8,-0.18215568158583562
4331,Soat1,-0.1250675956720091
4332,Soat2,-0.058597213952675684
4333,Socs2,0.20278361562372316
4334,Socs3,0.11040432634882369
4335,Sorbs2,-0.14887907936473832
4336,Sorcs1,0.03238373512857583
4337,Sorcs3,-0.045184150620900684
4338,Sorl1,0.3091246008149735
4339,Sox10,0.05195050252401195
4340,Sox13,-0.02729310884623659
4341,Sox17,-0.18348700337005402
4342,Sox18,-0.05606292829922499
4343,Sox4,0.13503389600213844
4344,Sox7,-0.11881915224277143
4345,Sp7,-0.014389056931624487
4346,Spag1,0.07993331332237043
4347,Spag6l,0.002508883144916179
4348,Sparc,-0.38100110233708956
4349,Sparcl1,0.02186475502360006
4350,Spata13,-0.4980591565474709
4351,Spata25,-0.029373834546677163
4352,Spata6,-0.11547185711876104
4353,Spatc1l,0.004103630995005501
4354,Spats2l,-0.6309446209084024
4355,Spcs1,-0.01528702207475659
4356,Specc1,-0.5369085251048229
4357,Spef2,-0.016611663570275305
4358,Speg,0.1920375187718268
4359,Spem1,0.0018939333435815612
4360,Sphk1,-0.036087432843092807
4361,Sphkap,-0.18379850193179376
4362,Spi1,-0.3320075676553918
4363,Spib,0.013945508447043503
4364,Spic,0.01853052539960844
4365,Spink1,-0.00045952754337896806
4366,Spink13,0.005936032196574182
4367,Spint1,-0.1316126949024336
4368,Spint3,0.06955070859116433
4369,Spn,-0.2092190461018919
4370,Spns2,-0.03224949982671488
4371,Spns3,-0.2320165968875353
4372,Spock1,0.03396302943698021
4373,Spock2,0.07217236938395127
4374,Spock3,0.01755076840757747
4375,Spon1,0.030237610619185007
4376,Spon2,0.006362443350135392
4377,Spred2,-0.37190654057387323
4378,Sprn,-0.035020720142140194
4379,Spry1,0.15384601539274662
4380,Spry2,0.3455395194698729
4381,Sptb,0.009914254840329319
4382,Sptbn1,-2.2141260950922432
4383,Sqor,-0.11390725520207692
4384,Src,-0.1510116468063256
4385,Srcin1,-0.40372631966150874
4386,Srd5a3,0.05833164336143593
4387,Srgap1,-0.07199434143718644
4388,Srgap2,-2.2172726301775167
4389,Srgap3,-0.5282799794446947
4390,Srgn,-0.22095430100009084
4391,Srms,-0.04357252755899564
4392,Srpx2,0.1069522626729197
4393,Srrm3,-0.04217619289709471
4394,Srsf12,-0.04091784515457951
4395,Srsf7,0.23631728471775135
4396,Srsf8,0.013951826294373982
4397,Ssbp4,-0.171447727625066
4398,Ssc5d,-0.023544543169006373
4399,Ssh2,-1.4326498949180624
4400,Sspn,0.12230388340315723
4401,Sstr3,0.005680287799863233
4402,Ssx2,0.04456009361053148
4403,Ssx2ip,0.03150608082768308
4404,St14,0.027083407770552643
4405,St18,-0.07186124097768101
4406,St3gal1,-0.7802513598277223
4407,St3gal6,-0.05934272712725371
4408,St6gal1,-0.9353877250833721
4409,St6galnac2,0.021627672097411073
4410,St6galnac3,0.3227675646003191
4411,St6galnac5,-0.019996788100804016
4412,St8sia1,0.003243942654777631
4413,St8sia4,-1.2723684246403755
4414,St8sia6,-0.19167717277699242
4415,Stab1,-0.3118641018336169
4416,Stab2,0.11450827651982498
4417,Stac,0.38449682058332707
4418,Stag3,-0.03529191649195733
4419,Stambpl1,-0.04994358157461
4420,Stap1,-0.12456869286243918
4421,Stard10,-0.12535161374883141
4422,Stard13,-0.39013918313404905
4423,Stard3,-0.582429513892909
4424,Stard8,-0.6250017362804279
4425,Stard9,-1.1041629052497342
4426,Stat2,-0.18970026665771547
4427,Stat4,-1.106246315649544
4428,Stc1,-0.06917297671256743
4429,Steap2,0.035046744833553155
4430,Steap4,0.06003249441358797
4431,Stfa2l1,0.0011695654760032793
4432,Sting1,-0.07602775667893102
4433,Stk10,-1.4215200369001706
4434,Stk17b,-0.3324826690233018
4435,Stk26,-0.10492249689593093
4436,Stk32b,0.04185086806083069
4437,Stk39,-0.142460142095463
4438,Stmn2,-0.1157243701188623
4439,Stmn4,-0.022974958775768575
4440,Stoml1,-0.04559046564882638
4441,Ston1,0.12784285494114067
4442,Ston2,-0.35898470742132127
4443,Stox2,-3.0819070108170017
4444,Stpg3,-0.08125696602572237
4445,Stra6,-0.029390224185407134
4446,Stra6l,0.0439094767864846
4447,Stra8,-0.019352067380456493
4448,Stum,0.10495136564595559
4449,Stx11,-0.07084389286488584
4450,Stx1a,-0.058588121271877666
4451,Stx3,-0.40451320569086074
4452,Stxbp1,-0.5542054999979837
4453,Stxbp5,-1.1862664107631418
4454,Stxbp6,-1.8279183587655186
4455,Styk1,-0.0727706246992181
4456,Sulf1,-0.5361202669058589
4457,Sulf2,-0.326899137268866
4458,Sult1a1,0.17520309673787504
4459,Sult1c2a,0.008454662234394034
4460,Sult1e1,0.026420688155938944
4461,Sult2a2,-0.0280774399621041
4462,Susd1,-0.097616979922207
4463,Susd2,-0.02524479637875965
4464,Susd3,-0.027912911533960062
4465,Susd4,0.2656693633169238
4466,Sv2a,-0.044677052885112756
4467,Sv2b,-0.0008970741446549819
4468,Sv2c,-0.06040601792913821
4469,Svep1,1.9154407873966122
4470,Svil,0.43954133570582066
4471,Svop,0.03666115710866116
4472,Sybu,-0.6864793919978898
4473,Syce3,-0.01540624638623164
4474,Sycp2,0.11977156584886903
4475,Syk,-0.8653916473785075
4476,Syn3,-0.027147164441847546
4477,Syndig1,-0.0530829967620875
4478,Syne1,-2.6541060189215635
4479,Synj2,-0.15145905458465161
4480,Synpo2,0.6282232021518082
4481,Synpr,-0.032251995475284914
4482,Syt11,-0.08109879238189954
4483,Syt2,-0.04162609763753023
4484,Syt6,0.03132186173717829
4485,Sytl1,-0.11629649707353373
4486,Sytl2,-0.19280333621694112
4487,Sytl3,-0.16955139302012198
4488,Sytl5,0.9624845646212861
4489,T2,-0.0016791874121957788
4490,Taar1,0.04153623567932266
4491,Tacc1,-1.8318635445039526
4492,Tacc3,-0.07223341009881694
4493,Tacr1,0.09128039592146556
4494,Tacr3,0.005439880988480733
4495,Tafa2,0.1334189812822164
4496,Tafa5,0.018057450904700928
4497,Tagap,0.06498937232076812
4498,Tagln2,-0.32422758220146575
4499,Tal1,-0.23962905936731585
4500,Tamalin,0.03254390836888247
4501,Tanc1,-0.4618106154756284
4502,Tanc2,-1.9013639803399347
4503,Tango2,-0.07069986752015324
4504,Taok3,-1.1484687137309044
4505,Tap1,-0.2728594337270973
4506,Tap2,-0.10465203187716587
4507,Tarm1,0.04141828014329213
4508,Tasl,-0.0929353182415306
4509,Tbc1d1,-0.5672264344259416
4510,Tbc1d10a,0.22035213395997671
4511,Tbc1d10c,-0.24997073313043822
4512,Tbc1d16,-0.5219420193172521
4513,Tbc1d2b,-0.24983719015657752
4514,Tbc1d30,-0.3080439711680282
4515,Tbc1d9,0.051684718614043744
4516,Tbcb,-0.06848435967809133
4517,Tbl3,0.013285012348691175
4518,Tbx1,0.20409691259645696
4519,Tbx18,-0.02709709785824267
4520,Tbx2,0.022716971825112883
4521,Tbx21,-0.7215169344995472
4522,Tbx3,0.06777872395776571
4523,Tbx4,-0.031063865746543105
4524,Tbx5,-0.05710118188574157
4525,Tbxas1,-0.7221258284997887
4526,Tc2n,0.19719052265850345
4527,Tcaf2c,-0.08014704955954471
4528,Tcea2,-0.05964619791241477
4529,Tceal1,0.06796799359448875
4530,Tcf15,0.025579273746091737
4531,Tcf19,-0.027632064116498954
4532,Tcf23,0.00298415354675752
4533,Tcf4,-3.055056299358566
4534,Tcf7,-0.09316722080804955
4535,Tcf7l1,0.21273332802217365
4536,Tcim,-0.20431227240644073
4537,Tdh,0.023515402539470934
4538,Tdo2,0.014952088858934804
4539,Tdrd7,-0.43007193109911046
4540,Tead2,0.06208676468568837
4541,Tead4,-0.9015521754078049
4542,Tec,-1.2208285240885648
4543,Tedc1,-0.01809144123973616
4544,Tedc2,0.061577857784095844
4545,Tek,-2.8978024687772903
4546,Tekt3,0.03959640338593962
4547,Tektip1,-0.10229766442498503
4548,Ten1,0.013826961362808374
4549,Tenm1,-0.07700275446445316
4550,Tenm2,-0.1074518851530103
4551,Tenm3,0.1920053424696751
4552,Tent5c,-0.03465878972924162
4553,Tes,-0.18640510746379224
4554,Tesc,-0.06411128408982801
4555,Tesmin,0.008462243653105809
4556,Testin,-0.011989809088568506
4557,Tet1,-0.012307942422064289
4558,Tex11,0.04573242947088297
4559,Tex12,-0.023837082528563404
4560,Tex22,-9.90888976124156e-05
4561,Tex33,-0.02032683374046463
4562,Tex51,0.031000344756326827
4563,Tf,-0.15135647885240458
4564,Tfap2d,-0.031477407740183524
4565,Tfap2e,0.040520607352697226
4566,Tfec,-0.13873313709799998
4567,Tfr2,-0.009823080119263104
4568,Tgfa,0.5143352667238983
4569,Tgfb1,-0.8554541676984411
4570,Tgfb2,-0.2752440831085083
4571,Tgfb3,0.14878921196762854
4572,Tgfbi,-0.3145740029785792
4573,Tgif2,-0.04792141875100524
4574,Tgm1,-0.1144714675575566
4575,Tgm2,-0.27677049258955705
4576,Th,-0.0030068233197521562
4577,Thbd,-0.29267123899632375
4578,Thbs1,0.26754268203629405
4579,Thbs2,0.1311667406808542
4580,Thbs3,0.09996464252172832
4581,Thegl,-0.016848581255387803
4582,Themis,0.07932300852726941
4583,Themis2,-0.12588495023782384
4584,Thsd4,0.929361829499175
4585,Thsd7a,-1.1964009356483971
4586,Thsd7b,0.0076804425775275215
4587,Thy1,0.012637636269294433
4588,Tie1,-0.8413823887312941
4589,Tifab,-0.13154042845476327
4590,Tigit,0.013462904748472834
4591,Timd4,-0.1680651593167295
4592,Timeless,-0.1269570495725478
4593,Timp2,-0.0511246394466309
4594,Timp3,0.23911514697859532
4595,Timp4,-0.8504638567620639
4596,Tinagl1,1.119641891246953
4597,Tinf2,0.21491781264724452
4598,Tk1,-0.0216402499324242
4599,Tkt,0.3467571998878284
4600,Tktl1,-0.022704763476050306
4601,Tle2,0.08149343427244796
4602,Tll1,-0.45373781973247757
4603,Tlr10,-0.034128750614160284
4604,Tlr12,-0.02513082126717266
4605,Tlr13,-0.09010853733451453
4606,Tlr2,-0.027408735870254858
4607,Tlr4,-0.07461740759281893
4608,Tlr5,-0.08248554942204137
4609,Tlr6,-0.05380324972634644
4610,Tlr7,-0.2224088706718011
4611,Tlr8,-0.028476636791015725
4612,Tm4sf1,0.09892350485052585
4613,Tm6sf1,-0.27692180898140856
4614,Tmc1,-0.02041087325792598
4615,Tmc2,0.06345211169236759
4616,Tmc6,-0.6304438789991859
4617,Tmc8,-0.379353262204163
4618,Tmcc2,-0.4115799412658321
4619,Tmcc3,-0.9004435226003484
4620,Tmed3,-0.0475897281649703
4621,Tmeff2,0.2297530660683504
4622,Tmem100,-0.08875289672312661
4623,Tmem106a,-0.12110520613789914
4624,Tmem108,-0.47090429948661705
4625,Tmem123,-0.26586623165757167
4626,Tmem131l,-0.6259572868524429
4627,Tmem132e,-0.007906974827432873
4628,Tmem144,-0.04152059860085493
4629,Tmem14a-1,-0.019123426578918468
4630,Tmem150b,-0.024290584889002185
4631,Tmem154,-0.21962165712301512
4632,Tmem156,-0.2817361090362738
4633,Tmem160,0.004214054424050408
4634,Tmem163,-0.02452731052821721
4635,Tmem176a,-0.12849984591122574
4636,Tmem176b,-0.01601452687976254
4637,Tmem178a,-0.014574396783261542
4638,Tmem200a,0.13695979726740967
4639,Tmem202,0.055658659388557435
4640,Tmem203,0.012836091295575325
4641,Tmem204,-0.522821010803053
4642,Tmem207,-0.0521931280650626
4643,Tmem212,0.04793481345994159
4644,Tmem229b,-0.051759905841219464
4645,Tmem233,0.04407558795513444
4646,Tmem236,-0.11065378508807641
4647,Tmem240,0.0758706422554165
4648,Tmem255b,-0.18423076165933708
4649,Tmem26,0.010398426396599405
4650,Tmem269,0.02603194090458926
4651,Tmem273,-0.03693705719082875
4652,Tmem44,0.0679806812907536
4653,Tmem45a,-0.007280786185206285
4654,Tmem45b,0.03519082941008134
4655,Tmem51,-0.02821067487070892
4656,Tmem63c,-0.05322322556249003
4657,Tmem71,-0.4338870443779933
4658,Tmem74,0.046599407160657566
4659,Tmem98,-0.0016807237913769434
4660,Tmie,-0.03729665880550567
4661,Tmigd3,-0.035101971024501515
4662,Tmod2,-0.13008266474610647
4663,Tmod3,-1.767765626060811
4664,Tmod4,0.021605969089702123
4665,Tmprss11c,0.008136506323920729
4666,Tmprss13,0.004178625239142706
4667,Tmprss3,0.0031415993347401333
4668,Tmprss7,-0.02265095794949395
4669,Tmsb10,0.26708393028074406
4670,Tmsb10-ps6,0.02101537786596821
4671,Tmsb4x,-0.49946796072423083
4672,Tmtc1,-1.7522131333885622
4673,Tnc,-0.11409969422287398
4674,Tnf,-0.018250184343353567
4675,Tnfaip2,-0.03373510100714125
4676,Tnfaip3,-0.13547807511069893
4677,Tnfaip6,0.09496671997461767
4678,Tnfaip8,-1.1822547048805212
4679,Tnfaip8l1,-0.06203720978041486
4680,Tnfaip8l2,0.004854042641953891
4681,Tnfaip8l3,-0.42651411216540225
4682,Tnfrsf11a,-0.04869622035413907
4683,Tnfrsf11b,0.04564770514902775
4684,Tnfrsf13b,-0.004679192884162585
4685,Tnfrsf13c,0.009875968721635167
4686,Tnfrsf14,-0.010329486766455287
4687,Tnfrsf18,-0.06743261954708957
4688,Tnfrsf1b,-0.9975375097742069
4689,Tnfrsf21,-0.1829166981363766
4690,Tnfrsf22,0.11241933878437435
4691,Tnfrsf25,-0.13364522645285437
4692,Tnfrsf26,-0.3798824068754538
4693,Tnfrsf8,0.04115948104041347
4694,Tnfsf10,-0.30606568701625975
4695,Tnfsf11,0.0319746353424836
4696,Tnfsf12,-0.054612348107945866
4697,Tnfsf13,0.1260142764927144
4698,Tnfsf13b,0.01880587224035466
4699,Tnfsf8,0.0017256914240529834
4700,Tnik,-0.08377489298593324
4701,Tnip3,-0.0005254618599410006
4702,Tnk1,-0.12551706505530416
4703,Tnn,-0.015783499384266854
4704,Tnni3,-0.08707183092420118
4705,Tnni3k,-0.047621770843838174
4706,Tnnt3,0.08301305857992547
4707,Tns3,0.15739990336766846
4708,Tomm34,0.028489614670081445
4709,Tomm7,-0.08898391848818006
4710,Top2a,-0.14679308195225638
4711,Tor3a,-0.07082005260081381
4712,Tor4a,0.008097626378109665
4713,Tox,-0.03423982391098107
4714,Tox2,-0.09659258549149918
4715,Tox3,0.020200415274297133
4716,Tp53i11,-0.07687648164854727
4717,Tp63,-0.044936371869862136
4718,Tp73,0.04172047009874532
4719,Tpd52,-0.23672007281499974
4720,Tpd52l1,0.047717346550578084
4721,Tph1,-0.04238891568785988
4722,Tpm1,0.03969791292987207
4723,Tpm2,0.0633251039945568
4724,Tpm4,0.210943994195899
4725,Tppp3,0.01580184287052743
4726,Tprg1,-0.03214584113508265
4727,Tpsb2,0.02955670967114131
4728,Tpst1,-0.09083019617160061
4729,Tpt1,0.25531436875268176
4730,Tpte2,0.015966891147465204
4731,Tpx2,-0.153356420949148
4732,Trabd2b,-0.03450682974737883
4733,Tradd,-0.06624988372794255
4734,Traf1,-0.0926327573681214
4735,Traf3ip3,-0.3755874509583367
4736,Traf5,-0.40107946951728035
4737,Traip,-0.005636728077922374
4738,Tram2,-0.11175861221326883
4739,Trank1,0.007547024091460141
4740,Trappc6a,-0.09967668339845215
4741,Trat1,0.012810794296325874
4742,Travl-ps1,-0.013503718479790133
4743,Trdn,0.023333775309916246
4744,Treh,-0.0014089771357777298
4745,Trem1,-0.010882102086836978
4746,Trem2,-0.0067598401119471595
4747,Treml1,-0.006623498027553435
4748,Treml2,-0.0810894072955442
4749,Treml4,-0.40009396713639067
4750,Trerf1,-0.8927323498331359
4751,Trh,0.016758319208928847
4752,Trhde,1.5013543804845644
4753,Triap1,-0.10998831595501893
4754,Trib2,-0.479874950706519
4755,Trim30c,-0.10458497151908079
4756,Trim34,-0.12451682057812413
4757,Trim37,-0.2635206094036871
4758,Trim46,-0.018889150618730654
4759,Trim47,-0.07116256636572378
4760,Trim55,0.07519340820699448
4761,Trim59,-0.03428589789103149
4762,Trip13,0.019768323470843868
4763,Trip6,0.07273395999624399
4764,Trmt10c,0.03769753460498344
4765,Troap,-0.019295882284195594
4766,Trp53rkb,0.029327729391265593
4767,Trpc3,-0.1683839700169068
4768,Trpc4,0.01721137217696848
4769,Trpc5,0.009045513149569216
4770,Trpc6,-0.20111498494559307
4771,Trpm2,-0.3089085851347557
4772,Trpm3,0.30613280539125853
4773,Trpm5,-0.02696558354579427
4774,Trpm6,0.08059120624242433
4775,Trpv2,-0.07836198109859621
4776,Try10,0.012350252015288858
4777,Tshb,0.04340312982272883
4778,Tshr,0.46311663840268025
4779,Tshz2,-1.4015566647622975
4780,Tshz3,-0.017370164592212647
4781,Tspan11,-0.05613943240790937
4782,Tspan13,-1.019777925071932
4783,Tspan15,-0.3526618315987493
4784,Tspan18,0.16128465037672862
4785,Tspan2,0.07221093380786031
4786,Tspan32,-0.264480017767324
4787,Tspan33,-0.04702092991825568
4788,Tspan4,-0.13339855015175198
4789,Tspan5,0.47750745621464374
4790,Tspan6,-0.09658335944506333
4791,Tspan7,-0.8235987153438289
4792,Tspan8,-0.1521949091572966
4793,Tspan9,-1.2428132347309948
4794,Tspear,-0.1199922440057841
4795,Tspy26,0.0016689175087670673
4796,Tssc4,0.010560216838041037
4797,Tssk1b,-0.03423563754344998
4798,Tssk3,0.00039688419421165036
4799,Tssk6,-0.08761923186902576
4800,Tstd1,-0.252391071196937
4801,Tsx,-0.11573696503196251
4802,Ttc12,0.043957526739353374
4803,Ttc21b,-0.08780180154699468
4804,Ttc22,0.02117240387094064
4805,Ttc23l,0.008323490169773025
4806,Ttc3,-1.2794936035184925
4807,Ttc7a,-0.5882652170899387
4808,Ttll2,-0.010515545509653673
4809,Ttll6,0.011784642606553097
4810,Ttll7,0.08494313415553273
4811,Ttn,0.03884457088811083
4812,Ttpal,-0.004044369426136863
4813,Ttyh1,0.05301694655885497
4814,Ttyh2,-0.01019875021423898
4815,Ttyh3,-0.3627190084410693
4816,Tuba1a,-0.19115441485821383
4817,Tubal3,-0.015832497391103408
4818,Tubb2a,-0.27010700441790686
4819,Tubb6,-0.0355312111388881
4820,Tuft1,-0.017763716670000387
4821,Twist1,0.05861842903839225
4822,Txk,-0.4896595108253489
4823,Txndc16,-0.1160632623920842
4824,Txndc2,0.06060966535069504
4825,Txndc8,0.0015640603188759638
4826,Txnip,2.8255549685159753
4827,Tyrobp,-0.20016898161911625
4828,UST4r,-0.012769841724825717
4829,Uap1,-0.5908375106172221
4830,Uap1l1,-0.10243306246765094
4831,Uba7,-0.16366847414429353
4832,Ubash3a,0.02819500510773952
4833,Ubash3b,-1.0940745975553428
4834,Ubb,-0.09590800682721966
4835,Ubd,0.04413145161134602
4836,Ubtd2,0.07304703859766953
4837,Ubxn11,0.08525991628918445
4838,Uchl3,-0.057870816800007774
4839,Ucp2,-0.1715898503416498
4840,Ugcg,-0.25068967351989807
4841,Ugdh,-0.026571315958006905
4842,Ugt1a8,-0.5154547993479612
4843,Ugt2a1,-0.010809003452117459
4844,Ugt2b,-5.4794221352664e-05
4845,Ugt2b35-1,-0.019086759633661417
4846,Ugt8,0.015651197203234657
4847,Uhrf1,-0.05751449420688956
4848,Unc13b,-0.12441663641200945
4849,Unc13d,-0.09187750479141847
4850,Unc45b,-0.021618040621965793
4851,Unc5b,0.8119545011604783
4852,Unc5c,-0.9485034721706083
4853,Unc5d,0.014599768168533278
4854,Unc79,0.011994957086308947
4855,Unc93b1,-0.07135595885154421
4856,Upk1b,-0.11020671481547523
4857,Ushbp1,0.20199866853559703
4858,Usp26,-0.020027740299341415
4859,Usp43,-0.24652985576395847
4860,Usp44,-0.02524871125929338
4861,Ust,-1.3293283964591063
4862,Vamp5,0.04189052545806042
4863,Vamp8,-0.052922058193769675
4864,Vash1,0.10410177413222123
4865,Vash2,0.044919337570576305
4866,Vasn,0.03433739298833181
4867,Vat1,-0.1393778393583614
4868,Vav1,-0.2515084310916461
4869,Vav2,-0.4869440841689834
4870,Vav3,-1.1460639955848788
4871,Vcam1,0.07144958010050963
4872,Vcan,-0.06675817475512691
4873,Vcl,1.5756121466940929
4874,Vdr,-0.06901949359212094
4875,Vegfc,0.10401612476478722
4876,Vegfd,0.6151565883414449
4877,Veph1,0.3946789482945457
4878,Vgll3,0.46024572146688725
4879,Vip,0.04082424044650674
4880,Vipr1,-0.02146875875832775
4881,Vipr2,0.0002958385767947852
4882,Vmac,-0.05535665398217433
4883,Vnn1,-0.010164315345485389
4884,Vom1r89,-0.004023894608809842
4885,Vom2r1,0.023600770648437637
4886,Vom2r13,0.004072597980316326
4887,Vom2r25,-0.01112966310471596
4888,Vom2r29-1,-0.0012238388218157922
4889,Vom2r30,0.0333410472965711
4890,Vom2r4,-0.0036758647056904384
4891,Vom2r40,-0.012380787175132026
4892,Vom2r53,0.008495808508039417
4893,Vom2r63,0.03257342370709582
4894,Vom2r66,0.03611303070570983
4895,Vom2r8-1,0.014864328618726946
4896,Vopp1,-0.04473127331077015
4897,Vps37b,0.057878826295372346
4898,Vps37d,-0.01739741751977714
4899,Vsig10,-0.0007931846926828925
4900,Vsig2,-0.054482683778961816
4901,Vsig4,-0.004077336513040445
4902,Vsir,-0.5398490766460784
4903,Vstm1,-0.02084019631991542
4904,Vstm4,0.0407559952365464
4905,Vtn,-0.0017284050699193625
4906,Vwa1,0.14742394065290135
4907,Vwa5b2,-0.0014418695597834298
4908,Vwde,0.01143526502821544
4909,Vwf,-1.174038329184271
4910,Vxn,-0.016281988785006092
4911,Was,-0.08785132407514096
4912,Wasf3,0.01753216727577919
4913,Wbp2nl,-0.05665102663399933
4914,Wdfy4,-0.8882331072684971
4915,Wdr17,0.2571878281036783
4916,Wdr72,0.02139838858212118
4917,Wdr88,-0.01755146353016023
4918,Wee1,0.031666929855762256
4919,Wfdc21,-0.28857315202384926
4920,Wif1,0.21069428560196873
4921,Wipf1,-1.4278951532684947
4922,Wnk3,-0.004617153537910582
4923,Wnt10b,-0.009389840960883203
4924,Wnt2,-0.047004681830096914
4925,Wnt2b,0.09390080253846206
4926,Wnt3,-0.02143852457791307
4927,Wnt7b,0.013233330118140214
4928,Wnt9b,-0.16963031946364795
4929,Wrnip1,0.012175417232841634
4930,Wsb1,0.17347746339613818
4931,Wscd1,-0.07994400601627169
4932,Wt1,0.5596718542244263
4933,Wtip,0.3649955147748709
4934,Wwc1,-0.20719502286618463
4935,Wwc2,-0.18560797001919893
4936,Wwox,-0.4672024344514307
4937,Wwtr1,-1.1367528428879905
4938,Xcl1,-0.08668330092873003
4939,Xkr4,0.3937144195779149
4940,Xkrx,-0.04957521225664036
4941,Xylt1,-0.57355497782935
4942,Ypel3,0.28092143058066943
4943,Zap70,-0.2043499675520041
4944,Zbbx,0.050276839660994554
4945,Zbp1,-0.0006631196652093002
4946,Zbtb16,3.6933749833093077
4947,Zbtb32,-0.01493960468142544
4948,Zbtb46,-1.4158864304504117
4949,Zbtb8a,-0.13965199091982078
4950,Zc3h10,0.13173619995208732
4951,Zc3h12b,0.010689445499345394
4952,Zc3h12d,-0.24497099733192143
4953,Zc3hav1l,-0.05595154309063153
4954,Zcchc24,0.5711949725832993
4955,Zdbf2,0.014423688345077219
4956,Zdhhc12,-0.03493805051647276
4957,Zdhhc14,-1.4436833229996844
4958,Zdhhc18,-0.5387180510707885
4959,Zdhhc8,-0.2374665109961359
4960,Zeb2,-0.6721937579762897
4961,Zfp13,-0.021351541029465123
4962,Zfp286a,0.007329212770390455
4963,Zfp354c,-0.024294934714105182
4964,Zfp36,0.7453328943836369
4965,Zfp365,-0.037620705136092336
4966,Zfp366,-0.5456427037443239
4967,Zfp36l1,-0.20003759766002158
4968,Zfp36l2,0.5583118885552516
4969,Zfp382,0.006959094900548628
4970,Zfp385a,-0.010697993518332345
4971,Zfp385b,0.09543585034000665
4972,Zfp385d,-0.3355795033421922
4973,Zfp39,0.009834780041595416
4974,Zfp46,0.05802727180616601
4975,Zfp462,-0.20866449104372847
4976,Zfp521,-0.299679498251283
4977,Zfp536,0.03281078926203297
4978,Zfp54,0.031595840408194756
4979,Zfp59,-0.02472364981336417
4980,Zfp622,-0.687058672675781
4981,Zfp658,-0.00505142566592591
4982,Zfp683,-0.11256859986247637
4983,Zfp710,-0.20020572325469638
4984,Zfp804a,0.03650933496487771
4985,Zfp804b,-0.022251102567267665
4986,Zfp82,0.03319317675041149
4987,Zfp862,0.01787104825531763
4988,Zfp956,0.0528903314835204
4989,Zfpm1,-0.6768660117113404
4990,Zfpm2,1.3619383915850236
4991,Zmat4,-0.02683783278331628
4992,Zmynd15,0.04378705319937215
4993,Znf660,0.025557791453412065
4994,Znrf1,-1.6316607497812392
4995,Zp2,-0.030810066722473155
4996,Zpbp,-0.0055979174449953435
4997,Zscan18,0.025793419619281638
4998,Zswim6,-1.9199145537056785
4999,Zyx,0.18120463044011312
