,Gene,Score
0,1700066B19Rik,0.0027663184437140397
1,6330411D24Rik,-0.0029878820385032855
2,A3galt2,0.004607169362429046
3,AABR07001512.1,-0.0011688280823025626
4,AABR07002467.1,-0.0024939633438370813
5,AABR07002969.1,-0.06631723333638971
6,AABR07006025.2,-0.00152014974665123
7,AABR07006111.1,-0.007154042819568774
8,AABR07006688.2,-0.006002961531174318
9,AABR07008309.1,0.002643014581642864
10,AABR07008319.1,-0.0008398516218993475
11,AABR07010672.1,-0.0048270669889767534
12,AABR07012054.1,0.01773582936501205
13,AABR07014306.2,-0.0011924468346450115
14,AABR07015007.1,-0.0061876757563651425
15,AABR07017902.1,0.03023139800374461
16,AABR07019403.1,-0.0901328542928807
17,AABR07020999.1,0.00578213677374546
18,AABR07021591.1,0.00037976884890042885
19,AABR07024439.1,-0.0031085185204489897
20,AABR07025089.1,0.00793814779299849
21,AABR07025986.2,0.020613357174813506
22,AABR07026596.2,0.0036629819219970577
23,AABR07027872.1,-0.015040109080877075
24,AABR07028615.1,-0.591615692301738
25,AABR07030162.1,-0.006230107096273312
26,AABR07031491.2,0.04118817972987918
27,AABR07032097.1,0.09471972426163218
28,AABR07032392.1,-0.009917751256376641
29,AABR07035501.1,-0.011075914436352873
30,AABR07037203.1,0.0015316576222131721
31,AABR07038477.1,0.003802950597086486
32,AABR07038849.1,-0.0009011302243978035
33,AABR07039229.2,0.004705716166973914
34,AABR07039446.1,-0.0029691632384724856
35,AABR07040864.1,0.5550930587273273
36,AABR07041140.1,-0.005481377636218826
37,AABR07043389.1,-0.0003923167766093608
38,AABR07044388.2,-0.17032666376437536
39,AABR07044631.2,0.007622010680076535
40,AABR07045621.1,0.004292125273862741
41,AABR07047593.1,0.006332218927632901
42,AABR07051678.1,0.01314161125321286
43,AABR07052327.1,-0.009480522920059978
44,AABR07054368.1,0.008051621833506151
45,AABR07054614.1,0.021630436487490832
46,AABR07056390.1,0.002138816097370616
47,AABR07058017.2,-0.008547335520168389
48,AABR07058479.1,-0.019612137807170638
49,AABR07060591.1,-0.012186005148205266
50,AABR07060778.1,0.041840979046518664
51,AABR07060872.1,0.027074604689000897
52,AABR07060996.1,-0.0014918434181108568
53,AABR07063703.1,0.0028446757560409877
54,AABR07064804.1,0.0073051188734926595
55,AABR07064980.1,0.008219538323871747
56,AABR07065590.1,0.0018336295584480578
57,AABR07068694.1,0.00193986384832993
58,AABR07068799.1,-0.0227084541418604
59,AABR07069587.2,0.002251492207524027
60,AABR07069611.1,0.0011392758897594674
61,AABR07069821.1,-0.005482184565222008
62,AABR07071383.1,0.003040554433204038
63,AABR07072761.1,-5.8646143555598704e-05
64,AABR07072807.1,0.006284130245597501
65,AC096792.1,-0.0019480288354567664
66,AC097575.2,-0.00217740831504187
67,AC105604.1,-0.007536667307020496
68,AC113910.1,-0.009014504192256677
69,AC114093.1,0.0019889606729505465
70,AC118490.1,0.0030411394439676153
71,AC118772.2,0.002175780561963538
72,AC118963.1,-0.0003894549023006949
73,AC125757.1,-0.025420592333002673
74,AC131360.1,0.02835219529405762
75,AC131360.2,0.0008258695230225813
76,AC131806.3,0.0005521362457353683
77,AC136661.1,0.005485758322641752
78,Aadacl2fm3,-0.002536892394954774
79,Aadacl4,-0.007168387642632528
80,Aass,-0.020990734073794724
81,Abca13,-0.0022928800368595455
82,Abca17,-0.005639970428244982
83,Abca6,0.003741415214806785
84,Abca8,-0.018295051262537568
85,Abca8a,-0.10908730061625398
86,Abca9,-0.04621787642126781
87,Abcb1a,-0.014229680657651018
88,Abcb1b,-0.00664910161019105
89,Abcb4,0.002006548571503824
90,Abcc12,-0.002157476898430258
91,Abcc2,0.006148201470434992
92,Abcc5,-0.1426379382401074
93,Abcc9,-0.21016511363299079
94,Abcg1,-0.04192395391555529
95,Abcg2,-0.021710218270846456
96,Abcg3l1,-0.007754778542900293
97,Abcg3l2,0.24774152187612913
98,Abcg3l3,0.09698562188892501
99,Abcg3l4,0.2563120691880293
100,Abcg5,0.006643187055955801
101,Abi3,-0.04261783900423506
102,Abi3bp,-0.16710998475085928
103,Ablim3,1.3532695300492215
104,Abr,-0.24123275006198225
105,Abracl,0.02591491955016991
106,Abt1,-0.007719325284030027
107,Abtb2,-0.05095224150326427
108,Abtb3,0.11053539794124412
109,Acaca,-1.4810218988851842
110,Acap1,-0.00614274217382562
111,Accsl,0.003220737111870817
112,Ace,-0.02316065814923788
113,Ace3,-0.0009325194483099327
114,Acer2,-0.057844960514885774
115,Ackr1,0.019517575681797277
116,Ackr2,0.02217006215418858
117,Ackr3,-0.19467016915386243
118,Ackr4,0.001796578065250667
119,Acly,-1.3013370123873
120,Acod1,0.002726614827049694
121,Acp3,-0.013009146688112285
122,Acsbg1,-0.004886093758543802
123,Acsl1,-0.06604661204987446
124,Acsl5,-0.8712212008999451
125,Acss1,0.05277806065816851
126,Acta1,-0.004572988607186239
127,Acta2,-0.09312017691120794
128,Actb,-0.15585529268962972
129,Actg2,-0.008910359132956404
130,Actn1,-0.05461992886061616
131,Actn4,-0.17046862433540622
132,Acvr2a,0.2595796651710273
133,Acvrl1,0.01996368068594645
134,Ada,0.05397669950088324
135,Adam12,-0.12116096603858408
136,Adam15,-0.005291648717103539
137,Adam18,0.0015924942332155875
138,Adam19,0.07026577302155332
139,Adam21,-7.93047763016667e-05
140,Adam22,-0.11989598374740212
141,Adam23,-0.02921655952871664
142,Adam28,-0.0018779972529561907
143,Adam33,-0.09902044460912268
144,Adam5,-0.007625085197090821
145,Adamts1,0.07086868571200125
146,Adamts13,-0.005160083748985044
147,Adamts14,-0.011391499369244155
148,Adamts15,0.008126548912263748
149,Adamts16,-0.038549464655568605
150,Adamts17,-0.019535473910840668
151,Adamts19,0.0042060335240803
152,Adamts2,-0.11212211108978751
153,Adamts20,-0.0013835350581845821
154,Adamts5,0.13025796014599866
155,Adamts7,0.006365742729792219
156,Adamts9,1.5052490943684012
157,Adamtsl1,0.13163994971247314
158,Adamtsl2,0.013467208284213156
159,Adamtsl3,0.15087034695166937
160,Adamtsl4,-0.1220723595336001
161,Adamtsl5,0.01211099768685157
162,Adap2,-0.05545740521082537
163,Adarb1,0.19488770522307997
164,Adarb2,0.006373652651771181
165,Adcy2,-0.10976029971784584
166,Adcy4,0.011154353567613028
167,Adcy5,-0.1442444089030534
168,Adcy7,-0.010500173113629638
169,Adcyap1r1,-0.0037354931756976603
170,Adgb,0.004930136203872479
171,Adgrb3,-0.00845157911649872
172,Adgrd1,-0.11153754634573312
173,Adgre1,-0.04406306759738982
174,Adgre4,-0.03498935476641072
175,Adgrf1,0.0022452164446155557
176,Adgrf2,-0.0035283476962864055
177,Adgrf5,0.8203921823775088
178,Adgrg1,0.37961606312516716
179,Adgrg2,-0.02295991681242966
180,Adgrg3,-0.038051744653264045
181,Adgrg5,-0.012770976031742688
182,Adgrg6,0.033791114062491794
183,Adgrg7,-0.01048014581240081
184,Adgrl3,-0.34382243819180264
185,Adgrl4,1.1590499998767667
186,Adh6,-0.0003256106517300978
187,Adm,-0.013680431905933297
188,Ado,0.035358801088484285
189,Adora2a,0.1653677698055928
190,Adora3,0.002540704812066433
191,Adra1b,-0.021654703053094408
192,Adrb2,0.022707607243789143
193,Aebp1,-0.048432230774857685
194,Afap1l1,0.3215618792328002
195,Afap1l2,-0.2694837769945674
196,Aff2,-0.030283366656082847
197,Aff3,-0.13779967070409882
198,Agap2,0.0006236109904294357
199,Agbl1,-0.009010735446082298
200,Ager,-0.0029580279889243315
201,Agpat4,0.051123154250068
202,Agr2,0.018719288398476194
203,Agt,-0.02243248020703637
204,Agtr1a,-0.044231178517937605
205,Agxt2,-0.004763422172289564
206,Ahnak,-0.1616998818742253
207,Ahr,0.17527924986582494
208,Aif1,-0.006902557134887189
209,Aim2,-0.018141322869843362
210,Ajap1,-0.0005129546980600736
211,Ajuba,-0.10875395972981405
212,Ak5,-0.019248817522358377
213,Akap12,-0.06463382754205285
214,Akap17b,-0.011616297944098797
215,Akap6,-0.1120437649294054
216,Akna,-0.012155482851668717
217,Akr1b1-ps2,0.0007888127193278698
218,Akr1b10,-0.012838695016646376
219,Akr1c12,-0.003228347577509941
220,Akr1c12l1,0.0055289402886228136
221,Akr1c14,-0.012775891834488958
222,Akr1c3,0.021399982180347624
223,Akt3,0.26096597710929703
224,Albfm1,-0.017351108569975512
225,Alcam,-0.12516708758182923
226,Aldh1a2,-0.08304418946486516
227,Aldh1a3,0.0035416215523934287
228,Aldh1l2,0.0050689865100021405
229,Aldh3a1,-0.0002229637946459845
230,Aldh3b1,0.002074922353896994
231,Alg5,-0.025453595030381363
232,Alk,-0.016537253589531314
233,Alkbh2,-0.010345849983325118
234,Alox15,0.0036191857394031078
235,Alox5,-0.026861099406230958
236,Alox5ap,-0.01360198373510733
237,Alpg,0.017372897332631657
238,Als2cl,-0.022836064641565686
239,Alyref,-0.014052369095526995
240,Amigo2,0.03994579725208816
241,Amot,-0.007997694947761834
242,Amz1,-0.020031441435651203
243,Angpt1,-0.009393792628809836
244,Angpt2,-0.016851540138384954
245,Angpt4,-0.002323043646809844
246,Angptl1,-0.014532785279417818
247,Ank1,-0.0005141520589078971
248,Ank3,1.088470410446475
249,Ankle1,0.00038364444826390087
250,Ankrd1,0.07422971740645881
251,Ankrd13d,-0.015659693398687294
252,Ankrd29,-0.006858647714659789
253,Ankrd33b,-0.05935313343544407
254,Ankrd35,-0.002569115404876397
255,Ankrd44,0.44579516478320913
256,Ankrd53,0.01622110436968591
257,Ankrd55,-0.020216118077452216
258,Ano1,-0.19766122936167574
259,Ano2,0.40565693078779574
260,Ano4,-0.07733156313191171
261,Anpep,-0.010123419883419554
262,Antxr1,-0.1867176610406062
263,Antxr2,-0.15069619450352628
264,Antxrl,-0.0012670118807767247
265,Anxa1,-0.14297571662198555
266,Anxa2,0.06011957129273836
267,Anxa3,0.20664526252514748
268,Anxa4,0.02857399938202443
269,Aoah,-0.09022038728230045
270,Aox3,-0.1960893045100856
271,Ap1s2,-0.048354096752781
272,Ap5b1,0.011076476696724718
273,Apaf1,0.017896762918682554
274,Apba1,-0.11768482712429203
275,Apba2,0.014974509247679194
276,Apbb1,0.022536488743582224
277,Apbb1ip,-0.08238026469507105
278,Apbb2,0.5693958873674442
279,Apcdd1,-0.014216517211967686
280,Apcdd1l,0.023555630676012754
281,Apela,0.0057670929213546
282,Aph1b,-0.02190322939599616
283,Apob,0.00694585101815327
284,Apobec1,-0.053905097422482076
285,Apobec3,-0.007223376995295962
286,Apobr,0.02486798983573496
287,Apod,-0.004598605622940189
288,Apoe,-0.049880909679453786
289,Apol11a,0.04795889949776344
290,Apol3,0.0942829460667452
291,Apold1,-0.03721895969842916
292,Apoo,-0.1232453031539534
293,Aprt,0.018369818193294942
294,Aqp1,0.7685014857648004
295,Aqp9,-0.003437533001057885
296,Ar,-0.10353552306388779
297,Arap2,0.26803429617410807
298,Arap3,0.2694425182113734
299,Arc,0.026658452479402794
300,Areg,-0.0025794387381014227
301,Arfgap3,-0.028416568051683633
302,Arg1,0.00014727061392888745
303,Arhgap11a,-0.020074579362821705
304,Arhgap15,-0.19656052570919247
305,Arhgap18,1.2025984828865743
306,Arhgap22,-0.05921526663748668
307,Arhgap25,0.005587161727445231
308,Arhgap26,0.4203838615848946
309,Arhgap27,0.18681354406290104
310,Arhgap31,1.2932513499917393
311,Arhgap4,-0.018806406226212206
312,Arhgap42,-0.1629458263590401
313,Arhgap44,-0.05324756929421214
314,Arhgap45,-0.06922853893933145
315,Arhgap6,-0.04251250521016144
316,Arhgap8,-0.007102573617164893
317,Arhgap9,-0.009860470991875099
318,Arhgdib,-0.049925116847741764
319,Arhgef10,0.07097838046575526
320,Arhgef15,0.3646856702746621
321,Arhgef16,-0.020539946931886405
322,Arhgef17,-0.0757032372692122
323,Arhgef2,-0.1076186746820392
324,Arhgef25,-0.023119617523558126
325,Arhgef26,0.021514009184294525
326,Arhgef3,1.1106396992293859
327,Arhgef39,-0.00628864763664328
328,Arhgef4,0.0023737466313800254
329,Arhgef5,0.026353188195334155
330,Arid5a,-0.06264405499019417
331,Arl11,0.0036743345049364768
332,Arl15,-0.7249269669423521
333,Arl4d,-0.033751367657964326
334,Armc12,-0.00792710913601627
335,Armc3,0.0024558208861846036
336,Armc7,-0.04072542211040613
337,Armcx3,0.03140428896524099
338,Armcx4,0.0038618612116609174
339,Arpc5,-0.01753093767060074
340,Arpp21,-0.012337231350434418
341,Arrb1,-0.08462856516732771
342,Arrb2,-0.024309125762611444
343,Arrdc1,0.05523323216192288
344,Arrdc2,-0.013725078013051357
345,Arrdc4,0.06687987014017337
346,Arsb,0.33639120123354577
347,Arsi,-0.006840859474876765
348,Arsj,-0.01233667513967169
349,Art1,-0.0003411363435366357
350,Art2b,0.00028626892881888357
351,Art3,-0.11971998177317372
352,Art4,-0.012485226162430411
353,Asap2,-0.08611194849103841
354,Asb12,-0.001890107717774167
355,Asb2,-0.028486833965884098
356,Asgr2,-0.03071762464444127
357,Asic2,-0.09282623936485845
358,Aspg,-0.5429473407632741
359,Asph,-0.01546549371913528
360,Aspn,-0.03777973147748925
361,Astl,-0.003882914320928352
362,Astn1,-0.039668811761176044
363,Astn2,-0.05513414550397863
364,Asxl3,0.10769752963224295
365,Asz1,0.012960677922755386
366,Atad2,-0.0016495805705183117
367,Atad5,0.00046033612740590526
368,Atcay,-0.00737010601407469
369,Atf3,-0.03637350908651051
370,Atg16l2,0.017733283976109734
371,Atoh8,-0.003445110667672833
372,Atp10a,-0.055913621842501024
373,Atp11a,0.09165539444052981
374,Atp1a3,-0.005984968193227216
375,Atp2a1,-0.012147269176434864
376,Atp2a3,-0.0909924320086504
377,Atp2b3,0.0035275705014615874
378,Atp2b4,-0.16057703651413807
379,Atp5if1,0.021166059352151205
380,Atp5mc1,-0.0028527923030612604
381,Atp6ap1l,0.0022769269214688486
382,Atp6v1g3,-0.0016349114748246418
383,Atp8a1,1.0619920147589281
384,Atp8a2,-0.016685867290470252
385,Atp8b1,0.49299667813654885
386,Atp8b2,-0.019061038240993537
387,Atp8b4,-0.06675199562975483
388,Atp9a,0.09590337989031414
389,Aurka,0.01810231477263512
390,Auts2,-0.611835251779908
391,Avp,0.00013180548730779788
392,Axl,-0.09875924909857495
393,Azgp1,-0.0011318750034573749
394,Azin1,-0.30305225080447695
395,B2m,0.029571052927594915
396,B3galnt1,-0.015058299490371956
397,B3galt1,-0.06550176149663584
398,B3galt5,-0.006722103280337919
399,B3gat2,-0.004121220413809718
400,B3gnt2,0.27830154120347217
401,B4galnt3,-0.010878472792044538
402,B4galt6,-0.049804233727908945
403,Bace2,0.05173876385755676
404,Bach2,0.5017114354033276
405,Baiap2l1,-0.032477951903368954
406,Baiap3,0.007577744342510773
407,Bank1,-0.01027766950603751
408,Bard1,-0.015155648592040032
409,Basp1,-0.023918919543267574
410,Batf,-0.01509465741412036
411,Batf3,0.008238317056041937
412,Bbox1,0.0066662939946906495
413,Bcam,-0.0829382584732893
414,Bcar3,0.4237383670739937
415,Bcat1,-0.04072412603019297
416,Bcl11a,-0.013890037627242977
417,Bcl11b,-0.0033755567048576055
418,Bcl2,0.21202047371256644
419,Bcl2a1,-0.006263339432795516
420,Bcl2l1,0.4534568066296921
421,Bcl2l11,-0.010201232170946989
422,Bcl6b,0.5190349569254977
423,Bdkrb2,-0.05737075467714182
424,Bean1,-0.05958246863905067
425,Begain,-0.010746840517585732
426,Bend4,0.0020847665907188836
427,Bend5,-0.0034485315402289834
428,Bex2,0.011112514592617221
429,Bglap,-0.004871629526746484
430,Bgn,-0.015742988424926878
431,Bhlha15,0.01678505054001975
432,Bhlhe41,-0.0022905780534195797
433,Bicc1,0.0632925353733369
434,Bicd1,0.0181130731806722
435,Bicdl1,-0.03986598623309756
436,Bicdl2,-0.0014936347135190127
437,Bid,0.001437427207584668
438,Bin1,-0.024399639409773802
439,Bin2a,-0.00826978567247702
440,Birc3,-0.005063020685374469
441,Birc5,-0.011752789023031158
442,Blk,0.006666067273828862
443,Blnk,-0.040262221896816316
444,Bmal2,-0.010737343785450972
445,Bmerb1,0.003490874351730299
446,Bmf,-0.03524574249121801
447,Bmp1,0.0050204963035482995
448,Bmp2k,-0.010974175940573903
449,Bmp3,-0.006200570605003062
450,Bmp4,-0.020171073006782867
451,Bmp5,-0.028146455997116154
452,Bmp6,0.2706482950570878
453,Bmp7,0.00870700628297723
454,Bmp8b,-0.0010027781511963596
455,Bmper,0.030673414146957366
456,Bmpr1b,-0.019904707788701587
457,Bmx,-0.05789081818906765
458,Bnc1,-0.010040268657353586
459,Bnc2,-0.16881667280681212
460,Boc,0.07343483389352937
461,Bok,-0.0007692702358256674
462,Bpifa6,-0.006637855425224007
463,Bpifb1,-0.0067104584154143564
464,Brca1,0.006384422318493767
465,Bricd5,0.0037472551424833685
466,Brinp2,-0.0023447669523983194
467,Brinp3,0.0028763479482120376
468,Brsk1,0.0016212347593557415
469,Bst1,0.005447437483200397
470,Bst2,0.11928656664466813
471,Btg2,0.01456111539374365
472,Btg4,-0.0007919919461318009
473,Btk,-0.011693493168556734
474,Btla,-0.011982209365545955
475,Btnl7,0.004245623663308028
476,Btnl9,0.3024876375462374
477,Bud31,-0.0007565570688283633
478,Bysl,0.016373680119171785
479,C10h17orf58,-0.0044629973806909334
480,C10h17orf67,0.008812872440374198
481,C11h3orf70,-0.025964370021659338
482,C1h16orf54,-0.003851980450702039
483,C1h19orf18,-0.0003980347185084923
484,C1h19orf81,-0.012329970945737307
485,C1qa,0.009047643087163887
486,C1qb,-0.00824792813339071
487,C1qc,-0.02434139521502288
488,C1qtnf1,-0.044474674846852996
489,C1qtnf2,-0.059753554110257845
490,C1qtnf5,-0.015938831252074508
491,C1qtnf6,0.013988890873731997
492,C1qtnf7,-0.15359086349862533
493,C1qtnf9,0.2571225171718784
494,C1r,-0.045700400968482754
495,C1s,-0.05439832094803731
496,C2H1orf54,0.09393145276585546
497,C2h4orf3,0.008260604879641201
498,C3ar1,-0.006235683992958532
499,C3h9orf50,0.002513549324211861
500,C4a,-0.11359378910336665
501,C4b,-0.14632920366397326
502,C4bpa,0.006695653461161622
503,C5ar2,-0.026920608930285868
504,C5h1orf141,0.00824534165934797
505,C6,0.00035932086900735067
506,C6h2orf50,0.0006062248324926284
507,C7h12orf56,0.06704465039637317
508,C8h11orf65,0.0004565068132434695
509,Cabp1,0.23152622181076649
510,Cabp4,-0.0061806528382305145
511,Cabp7,0.001010267110978999
512,Cacna1c,-0.3332936627516016
513,Cacna1d,-0.02116087013764917
514,Cacna1g,-0.04402554953166142
515,Cacna1h,-0.007221731698864673
516,Cacna2d1,-0.14807131391925926
517,Cacna2d3,-0.05898629275464491
518,Cacnb1,-0.008160798992220993
519,Cacnb2,0.16116634155299
520,Cacnb3,0.02445581323583516
521,Cacnb4,-0.14321199932450618
522,Cacng1,0.014068984165150535
523,Cacng2,0.007636834595917314
524,Cacng4,-0.0032172159487761833
525,Cacng5,-0.0018327685810582061
526,Cacng7,0.004210686307976512
527,Cactin,0.004617640770022795
528,Cadm1,-0.05867250182928549
529,Cadm2,-0.012524366934556535
530,Cadm3,0.007675826748765737
531,Cadm4,0.0020691198667590893
532,Cadps,-0.0033900315251122583
533,Cadps2,0.5007755319233451
534,Calb2,-0.005483272524243055
535,Calca,-0.021222471488530164
536,Calcr,0.005792646171249562
537,Calcrl,0.19382772816250018
538,Cald1,0.3969981161687943
539,Calhm2,-0.01623041869295754
540,Calhm5,-0.04975896041386877
541,Calhm6,0.008317593138389406
542,Calr3,-0.004327547834121943
543,Camk1d,-0.1274425683037238
544,Camk2a,-0.0031608223569179767
545,Camk2n1,0.011293439877364982
546,Camk4,-0.01576334217015299
547,Camkk1,0.018317759574338045
548,Camkmt,-0.07673156210609722
549,Camkv,-0.0023622311350503956
550,Cand2,-0.003182487871295247
551,Cant1,-0.003797620760575688
552,Cap2,-0.004160675068520017
553,Capg,-0.012024481428507802
554,Capn1,5.833678797002254e-05
555,Capn12,-0.025625277763451308
556,Capn13,-0.0012092925683059267
557,Capn2,-0.020476237166607035
558,Car11,-0.04661634334655319
559,Car2,0.07620453863216296
560,Car3,-0.060331518486308744
561,Car9,-0.003826601560546227
562,Card10,0.04537875121468282
563,Card11,-0.0413486135054874
564,Carmil1,-0.1366821211797728
565,Carmil2,-0.02475363354941905
566,Cartpt,0.008353019619919614
567,Casd1,0.1888007604873876
568,Casp1,0.002502037608726589
569,Casp12,-0.024323686963962175
570,Casp4,0.037954823640334756
571,Casq2,-0.04771092430756979
572,Cass4,-0.02859220946957026
573,Castor1,0.01794889317630806
574,Casz1,0.17172474240859087
575,Catip,0.012488945062026694
576,Catsper4,0.0013174829091262314
577,Catsperd,-0.014803930245658325
578,Catsperg,-0.03398878093581784
579,Cav1,0.2721471832775205
580,Cblif,0.003466911880619023
581,Cbr3,-0.029444555158883442
582,Cbx6,-0.00011311433762227268
583,Ccbe1,-0.09451370272974235
584,Ccdc102a,0.04046685585672854
585,Ccdc107,-0.014928913159885917
586,Ccdc120,-0.003214680162409636
587,Ccdc125,0.05995528045693234
588,Ccdc136,0.027098884720969753
589,Ccdc141,-0.10298288565731586
590,Ccdc148,-0.005425107406583168
591,Ccdc150,0.006172774833420799
592,Ccdc152,-0.011128071665055722
593,Ccdc153,-0.007418715062698592
594,Ccdc169,-0.01226091859053862
595,Ccdc172,0.0009593578438164283
596,Ccdc178,0.0003191154186989604
597,Ccdc180,0.0005500738390281021
598,Ccdc200,-0.013204097868675647
599,Ccdc38,-0.003537182498547067
600,Ccdc40,-0.0011502789327754261
601,Ccdc8,0.009005335496538713
602,Ccdc80,-0.17809562404409937
603,Ccdc85a,1.7077967316407343
604,Ccdc85b,0.04583478130343571
605,Ccdc88a,0.014882740068696635
606,Ccdc88b,-0.015150969944893986
607,Ccdc88c,0.08119729719811761
608,Ccdc92b,-0.008943670024920393
609,Ccdc96,0.005225009133523734
610,Cchcr1,-0.0395277472768186
611,Ccl11,-0.023366413665126273
612,Ccl12,-0.004945564001802082
613,Ccl2,-0.01067687148820581
614,Ccl21,0.04612253250691668
615,Ccl24,-0.004167745692136891
616,Ccl3,-0.008963332092547228
617,Ccl4,-0.000966793545471351
618,Ccl5,0.003491409622792069
619,Ccl6,-0.011562555790272586
620,Ccl7,-0.0022869267316316757
621,Ccm2l,0.07796306402076775
622,Ccn1,-0.17660602914574414
623,Ccn2,-0.054820799192146566
624,Ccn3,0.019368540270894647
625,Ccn5,-0.006018061933456682
626,Ccnb1ip1,-0.005419639417284462
627,Ccnd1,0.038896066807517074
628,Ccnd3,-0.15781996987340102
629,Ccnf,-0.013367213095391135
630,Ccny,0.6172332773992474
631,Ccr1l1,-0.005600008701368329
632,Ccr2,0.0044003937216558885
633,Ccr5,-0.014733647659494042
634,Ccr6,-0.0018765929119531116
635,Ccr7,-0.004601470347043275
636,Ccr9,-0.005213507732060994
637,Ccser1,0.10041581837457825
638,Cd101,-0.008692139289283706
639,Cd109,-0.002114599147808956
640,Cd163,-0.04141328621356106
641,Cd164l2,-0.0018493406238509974
642,Cd180,0.007971410739999931
643,Cd19,-0.009903798310526887
644,Cd1d1,-0.013176870897834687
645,Cd2,0.0016637435333501922
646,Cd200,-0.05377521681758002
647,Cd200r1,-0.02656060809712902
648,Cd209f,-0.001389746562262894
649,Cd22,-0.00954203523752965
650,Cd226,0.0029031931605105576
651,Cd244,0.009169897493083534
652,Cd244-1,-0.00735249890899453
653,Cd247,-0.016925667111022863
654,Cd27,0.014145674807349625
655,Cd274,0.0682120651121581
656,Cd28,0.004271682874652528
657,Cd300a,-0.030942718441763134
658,Cd300c2,-0.01113410528509258
659,Cd300e,-0.01821659424117908
660,Cd300lb,-0.010589667776128292
661,Cd300ld,-0.00958097728967232
662,Cd300le,0.0019139588536096085
663,Cd300lf,-0.018041207720120196
664,Cd300lg,0.2920062991770689
665,Cd33,0.0003334790113325996
666,Cd34,0.007966534343548465
667,Cd37,-0.013559001375363713
668,Cd38,0.18886757301648427
669,Cd3d,-0.012244507674193193
670,Cd3e,-0.008767947934573814
671,Cd3g,0.010126464245773981
672,Cd40lg,0.0019730570002383058
673,Cd44,-0.04022095636023365
674,Cd46,0.0029702398132226138
675,Cd5,-0.0008082529856382936
676,Cd53,-0.014629982778574612
677,Cd55,-0.032795212935424325
678,Cd63,-0.12369835575898556
679,Cd69,-0.0007133052528038437
680,Cd72,-0.005864154292689527
681,Cd74,-0.05684205078460323
682,Cd79a,0.010816188047439654
683,Cd79b,0.0018670300399954629
684,Cd80,-0.0029278819926215126
685,Cd83,-0.026623722816527376
686,Cd84,-0.011116095736400173
687,Cd86,-0.006915115726905355
688,Cd8a,-0.000695874831740162
689,Cd8b,-0.00961023722183079
690,Cd9,-0.052104944844742776
691,Cd93,0.031522968063686686
692,Cd96,0.00402195288018193
693,Cda,0.006681640565605269
694,Cdc14a,0.5089392208912625
695,Cdc42ep1,0.13672053878491755
696,Cdc42ep2,0.029841135733471115
697,Cdc42ep3,0.03816886808296544
698,Cdc42se2-ps1,0.3063187883619961
699,Cdc45-1,0.06506628438684053
700,Cdc7,-0.0024367813783590787
701,Cdca8,-0.0018342280606301019
702,Cdh10,-0.0033541679079905034
703,Cdh11,-0.10202146494104675
704,Cdh13,1.5707111325753491
705,Cdh15,-0.01857586170889214
706,Cdh18,-0.0024303844360602875
707,Cdh19,-0.005941313179783773
708,Cdh2,0.012970887185003756
709,Cdh22,-0.012549590133215308
710,Cdh23,0.7555845481287093
711,Cdh3,-0.010678046479111612
712,Cdh4,-0.0688601258792645
713,Cdh5,0.2653638052757236
714,Cdh6,-0.06254949527381269
715,Cdh7,-0.008426508695758367
716,Cdh8,-0.015876669832763583
717,Cdh9,0.001285916713154555
718,Cdhr2,-0.004906900216720254
719,Cdhr3,-0.008643959122003414
720,Cdk1,0.0008418196233446448
721,Cdk14,-0.8960573657850807
722,Cdk15,-0.0014448866444985433
723,Cdk17,0.716748511167493
724,Cdk19,-0.15907588656014401
725,Cdk6,0.21665461027209387
726,Cdkl1,0.14625277241776957
727,Cdkn1a,0.08780809492213773
728,Cdkn1c,0.01134266285540328
729,Cdkn2d,-0.0067719203448971844
730,Cdo1,-0.00946378592302377
731,Cdr2,-0.03900986569523911
732,Ceacam1,0.016559558365281203
733,Ceacam4,0.004631548037449267
734,Cebpd,-0.015399293356908175
735,Cela1,-0.05838853142744373
736,Cela3b,-0.003333054720961298
737,Celf4,-0.005146233311130286
738,Celsr1,0.0007617885692218695
739,Cemip,0.008354598898368289
740,Cemip2,-0.07714209996887153
741,Cenpf,-0.0062547983233627
742,Cenpi,-0.0085137378093114
743,Cenpm,0.01233340073248159
744,Cenpp,-0.036678764721742446
745,Cep112,0.0904658744568479
746,Cep128,0.2263670922100793
747,Cep290,0.06509115111568611
748,Cep55,-0.0010956460643276036
749,Cep85l,0.1975084579210028
750,Cer1,0.00026652954300731245
751,Cerkl,-0.024420760607627802
752,Cers3,0.00613657999288471
753,Cers4,0.09374532950052963
754,Cers6,-0.1405834085483618
755,Ces1d,-0.05515163653686561
756,Ces5a,0.014785456018097304
757,Cfap107,-0.00469092093932111
758,Cfap20,-0.048724546654350415
759,Cfap299,-0.008936463143509512
760,Cfap418,-0.02172480996137206
761,Cfap43,-0.010840033743961922
762,Cfap45,0.06267598720006112
763,Cfap47,0.012684604244477635
764,Cfap52,-0.006785971528536608
765,Cfap68,-0.008028994542574948
766,Cfap69,-0.0010673543562567467
767,Cfap74,0.0011995999100722638
768,Cfap77,0.007450633544658503
769,Cfap99,-0.029641451439075643
770,Cfd,-0.11366045021869144
771,Cfh,-0.0617012541317002
772,Cfhr1,0.01298061167568692
773,Cfhr2,0.012014886538051573
774,Cfhr4,-0.0034949063838489378
775,Cfi,0.005057601876978273
776,Cftr,-0.0003030676493923723
777,Cgn,-0.002565510665707252
778,Ch25h,-0.004116333977817148
779,Chaf1a,0.031838120057284085
780,Chchd6,-0.006389709022713928
781,Chga,-0.0020585809254246674
782,Chi3l1,-0.018327755371466952
783,Chia,-0.006129672883023409
784,Chka,0.0036289709512545287
785,Chl1,0.004186165928550199
786,Chml,0.003232645544244534
787,Chn1,-0.01046562659575237
788,Chn2,-0.37064111881624795
789,Chodl,0.0005744869016308012
790,Chp2,-0.03764030951455256
791,Chpf,-0.0017896870027202028
792,Chrdl1,0.04271330078370621
793,Chrm2,-0.009743742660135486
794,Chrm3,-0.06712564313861531
795,Chrna10,-0.004418881654603355
796,Chrna5,0.003041665467418951
797,Chrna6,0.003417953030391238
798,Chst1,0.020567886219466706
799,Chst10,-0.03695171122903193
800,Chst11,0.46188245348431806
801,Chst15,0.38900407839109385
802,Chst2,0.008163578848582759
803,Chst3,0.006133851237832092
804,Chst4,0.007486559271456124
805,Chsy1,-0.020706575126845306
806,Chsy3,0.0101715033334795
807,Ciita,-0.028995016064485332
808,Cilp,-0.013683203436102114
809,Cit,-0.02949835923706937
810,Cited1,0.004267563522859376
811,Cited4,0.0013175998780985835
812,Ckap2,-0.0017647179645076498
813,Cklf,-0.0011939234369489158
814,Ckm,0.0083803832497345
815,Cldn1,-0.004734352783288912
816,Cldn10,-0.006118321973400134
817,Cldn14,-0.011129770716742112
818,Cldn15,-0.025607777970972904
819,Cldn18,-0.003582445618641173
820,Cldn20,-7.906254824042937e-05
821,Cldn22,0.00861101687136977
822,Clec10a,-0.04579501406354611
823,Clec12a,-0.013092314396498442
824,Clec14a,0.02737760683465538
825,Clec1a,0.3508314019140113
826,Clec2d,-0.007112170861896129
827,Clec2d2,8.460071790199767e-05
828,Clec2e,0.0018012649157316647
829,Clec4a,-0.028149868850426536
830,Clec4a1,-0.01696736701583773
831,Clec4a2,-0.013021120466810254
832,Clec4a3,-0.024845664131144255
833,Clec4b2,0.007534574970398026
834,Clec4d,-0.0017153037964825063
835,Clec4e,-0.0029209698606921563
836,Clec4m,-0.0017281035392281386
837,Clec5a,-0.003066316964892115
838,Clec7a,-0.018889448410317988
839,Clic1,-0.0002717913127404173
840,Clic2,-0.001594654804752453
841,Clic3,-0.003538982083030831
842,Clic4,0.673419961942898
843,Clip3,-0.01567287414204215
844,Clmp,-0.07710897653742706
845,Cln3,0.03779462808267321
846,Cln6,-0.021698659784492112
847,Clnk,-0.01797927623412593
848,Clspn,-0.007501946000548669
849,Clstn2,-0.11684482297970072
850,Clu,0.013710177591477997
851,Clvs1,0.03172874151593393
852,Clxn,-0.006584321887326324
853,Cmahp,-0.0721880121346947
854,Cmip,0.20255600159761478
855,Cmklr1,-0.07753940490437052
856,Cmpk2,0.02075479294409602
857,Cmtm2a,0.0016001004850107936
858,Cmtm5,-0.0034928879442339147
859,Cmtm8,0.7992830304909023
860,Cmya5,-0.1985580952047352
861,Cnbd1,0.007912783064514827
862,Cndp1,-0.0032129476602056266
863,Cnfn,-0.010376449700131688
864,Cnga3,0.003430964699669108
865,Cngb1,-0.03516459785349927
866,Cnksr2,-0.02659581335224815
867,Cnksr3,-0.0029248778056467917
868,Cnn1,-0.010802905879461963
869,Cnn2,0.0030657369493708292
870,Cnn3,-0.06970369548679484
871,Cnr2,-0.0005025312964933523
872,Cntn1,-0.003567654799499893
873,Cntn2,-0.00500451266675064
874,Cntn3,-0.03774119653179045
875,Cntn5,-0.005793257318581183
876,Cntnap2,-0.01251227739790275
877,Cntnap4,0.00642109952190455
878,Coa3,0.02017718147180457
879,Cobl,-0.016586943044720096
880,Col11a1,-0.021675329135113927
881,Col13a1,0.005856953418443421
882,Col14a1,-0.08806429499661281
883,Col15a1,0.3544292856654808
884,Col16a1,-0.016737019497882633
885,Col17a1,-0.0018283041106553397
886,Col18a1,-0.044201559716813055
887,Col19a1,-0.06811416519505176
888,Col1a1,-0.05039087758659437
889,Col1a2,-0.10744568213052665
890,Col24a1,0.07194145871238655
891,Col25a1,0.051625992575028146
892,Col27a1,-0.05528473007829581
893,Col28a1,-0.0014318611567686644
894,Col3a1,-0.1626397978969529
895,Col4a1,1.120537251334359
896,Col4a2,1.1175422852740708
897,Col4a3,-0.12734766532846292
898,Col4a4,-0.1547985519781201
899,Col4a5,-0.08376246187219359
900,Col4a6,-0.061567937766920044
901,Col5a1,-0.1509054644224525
902,Col5a2,-0.17919339213499852
903,Col5a3,-0.049538837758284895
904,Col6a1,-0.1011851544592309
905,Col6a2,-0.1740382259166903
906,Col6a3,-0.11879281565200564
907,Col6a4,0.00408529172064351
908,Col6a5,0.08126720042737325
909,Col6a6,-0.16467002576725912
910,Col7a1,0.05343916322999431
911,Col8a1,-0.28655569029396705
912,Col8a2,0.005109508238594544
913,Colec12,-0.19984527024579574
914,Colgalt2,0.24466366841575604
915,Comp,-0.019872972109197917
916,Coro1a,-0.014697096891808082
917,Coro1c,0.13249500307164094
918,Coro2b,0.186007507970595
919,Cotl1,-0.017515817517843577
920,Cox4i2,0.0033921800754302092
921,Cp,-0.04326231371599684
922,Cpa1,0.002931757404079642
923,Cpa3,-0.001164491039186937
924,Cpa6,-0.06729086651320661
925,Cpe,-0.06507167374123068
926,Cplane1,0.007975015352472362
927,Cplx2,0.013326795440148817
928,Cpm,-0.05403800377172663
929,Cpne4,-0.012185996054533738
930,Cpne7,-0.011336444766075815
931,Cpq,-0.09754264177262985
932,Cpt1a,-0.010367095494867844
933,Cpt1b,-0.01943725368567411
934,Cpxm1,-0.0015921382695859667
935,Cpxm2,0.0007011703901624667
936,Cpz,-0.014725016580512828
937,Cr2,0.006338201580600045
938,Crabp2,-0.014115932228586096
939,Creb3,0.05582725694766552
940,Creb3l1,-0.03923671294547227
941,Creb3l4,0.017940483477466764
942,Creb5,-0.26432520936988446
943,Crim1,0.44032407820778985
944,Crip1,-0.04344763647673863
945,Crispld1,0.005558551935427697
946,Crispld2,-0.02531858811947517
947,Crlf1,-0.01522483150240506
948,Crlf3,-0.029035251803962346
949,Crmp1,-0.0022406201874493343
950,Crp,-8.653118083994105e-05
951,Crtam,-0.0026530803542385763
952,Crybg2,-0.007473100117010296
953,Crybg3,0.1771771392727092
954,Csf1,-0.008354089202205532
955,Csf1r,-0.06327658681496712
956,Csf2rb,0.08449104977388541
957,Csf3r,-0.012797803191478475
958,Csgalnact1,-0.09104273793058568
959,Csmd1,0.06541892072662486
960,Csmd2,-0.0011821944957066885
961,Csmd3,-0.012453381562698424
962,Csnk1e,0.03668405169090464
963,Cspg4b,-0.06367475151787388
964,Csrnp3,0.007228617451536904
965,Csrp1,0.26284825610779405
966,Cst3,-0.024607992321127294
967,Cstpp1,-0.006308869029841759
968,Ct55,-0.006443185456738848
969,Ctla2a,0.10326416710104781
970,Ctnna2,-0.015358805205626318
971,Ctnna3,-0.21898775449778202
972,Ctnnbip1,0.24299843248507003
973,Ctnnd2,-0.024532717385858847
974,Ctrc,0.004347012528300702
975,Ctsa,-0.019897408833584204
976,Ctsb,0.10227505246198679
977,Ctse,-0.008100152826355806
978,Ctsh,-0.0007085011287397613
979,Ctsl,0.01326496112904116
980,Ctss,-0.04082285840776263
981,Ctsw,0.012269728923201093
982,Ctsz,0.015870181000643573
983,Cttnbp2nl,0.12248961159268751
984,Ctxnd1,-0.002396383124391086
985,Cul7,-0.036032846703321006
986,Cux1-ps1,0.0042143923855618255
987,Cux2,-0.03182970847644595
988,Cwc15-ps3,-0.003456615567784412
989,Cwh43,-0.0009651583279379366
990,Cx3cl1,-0.005840329665059432
991,Cx3cr1,-0.015002319953918777
992,Cxcl1,0.01034832516814304
993,Cxcl12,-0.26709543620653936
994,Cxcl13,-0.001243073948195375
995,Cxcl14,-0.07858741194714607
996,Cxcl16,-0.010269532016646018
997,Cxcl2,-0.0030955831020343548
998,Cxcl6,-0.0049948447033412256
999,Cxcl9,-0.015963479082117822
1000,Cxcr1,0.007574812814839625
1001,Cxcr2,-0.0034089629688394737
1002,Cxcr3,0.007975056563531563
1003,Cxcr4,-0.012204367785363112
1004,Cxxc4,0.1020495919203192
1005,Cyb5r2,0.010873667961747257
1006,Cyb5r3,-0.004745577687112782
1007,Cyba,0.006326259791192187
1008,Cybb,-0.025572218440455055
1009,Cybrd1,-0.0169856386395125
1010,Cyfip2,-0.03814794874619468
1011,Cygb,-0.04252693793657201
1012,Cyp19a1,-0.004508208105092824
1013,Cyp1b1,-0.002724150713042917
1014,Cyp26b1,-0.020904860445503166
1015,Cyp27a1,0.0007616063190550616
1016,Cyp2c11,-0.0026986625999877
1017,Cyp2c12,-0.005973885442406234
1018,Cyp2c6_v1-ps2,-0.00935963644602002
1019,Cyp2e1,-0.019948841177574922
1020,Cyp2j16,0.000617975662587845
1021,Cyp2s1,0.003337787872241123
1022,Cyp39a1,-0.014178066398335902
1023,Cyp3a73-1,0.0014299033421032858
1024,Cyp3a9,0.002449815607787847
1025,Cyp4f18,-0.018392274638363786
1026,Cyp7b1,-0.009945220932347624
1027,Cyp8b1,-0.005860600385842314
1028,Cys1,-0.023443880504920515
1029,Cysltr2,-0.002294961129009736
1030,Cyth3,-0.339084530663903
1031,Cyth4,-0.06818041302195368
1032,Cytip,-0.018353116778051876
1033,Cyyr1,1.1900532186246837
1034,Daam2,-0.14116380554199354
1035,Dab1,0.008781194623612303
1036,Dab2,-0.012190725972033356
1037,Dab2ip,0.5656786331118997
1038,Dach1,2.15054179945859
1039,Dach2,-0.01935950653006736
1040,Dact1,-0.021752309160382104
1041,Dact2,-0.0043162426297341325
1042,Dact3,-0.0016904944303215179
1043,Daglb,-0.016523013413342325
1044,Dao,-0.0011883099027899008
1045,Dap,-0.18477062460354418
1046,Dapk2,0.2366585889151702
1047,Dapp1,-0.03527987541080952
1048,Daw1,0.003113131454089143
1049,Dazl,0.0049423171089664104
1050,Dbn1,0.010655300939791836
1051,Dbx1,-0.0007533798266537821
1052,Dcakd,0.010405656005523482
1053,Dcbld1,0.13664829927088218
1054,Dcc,-0.045614121535009225
1055,Dcdc2c,0.0035261540831026937
1056,Dchs1,0.012430690174611991
1057,Dclk1,-0.12552904354727845
1058,Dclk3,-0.07029151044242905
1059,Dclre1c,-0.011217785193459326
1060,Dcn,-0.1118517632055544
1061,Dcps,0.14900536306222587
1062,Dctd,-0.006031202158340799
1063,Dctpp1,0.001639150144025315
1064,Dcx,-0.0020964178697913914
1065,Ddah1,-0.0647901668827441
1066,Ddhd1,0.3249950698550172
1067,Ddit4,0.10349832117806163
1068,Ddit4l,-0.0025546690494871126
1069,Ddr2,-0.159446174407899
1070,Ddx25,-0.0017316678262225996
1071,Ddx4,0.0019178197643690861
1072,Ddx60,0.1627871621177226
1073,Def6,0.009435707885073842
1074,Defb14,-0.002932888875489368
1075,Defb24,-0.0020999518182234444
1076,Defb25,-0.003972156394264351
1077,Dennd1c,-0.02837218847925882
1078,Dennd2a,-0.15802057397370745
1079,Dennd2b,0.24011067623925528
1080,Dennd2c,0.16943847826412656
1081,Dennd2d,-0.004813088620705165
1082,Dennd3,0.2429679137950906
1083,Dennd4a,-0.11682397886687615
1084,Dennd4b,-0.039479405804253284
1085,Depdc1,-0.0036394857511186443
1086,Depdc1b,-0.013915150317836897
1087,Depp1,-0.10171646260077813
1088,Des,-0.0194141611272192
1089,Dexi,-0.0016780892712627631
1090,Dgat2,-0.30641542891814166
1091,Dgka,0.07862938739767018
1092,Dgkb,-0.2342841796612739
1093,Dgke,0.2536153766758194
1094,Dgkg,-0.015453574629197022
1095,Dgkh,0.4728877073826304
1096,Dgki,0.004942956034866001
1097,Dgkz,0.1550087226846114
1098,Dhx58,0.05436270650544903
1099,Diaph3,-0.03968448925899666
1100,Dio2,0.023793538296228354
1101,Dipk1c,0.0005906334125738238
1102,Dipk2b,0.40223368970424195
1103,Disc1,0.27911141281192314
1104,Disp1,0.021373719252164934
1105,Disp2,0.002303550888506466
1106,Dkk2,-0.08619356762029515
1107,Dkk3,-0.027211176319178305
1108,Dlc1,0.7323279414059847
1109,Dlg2,-0.24793515402455876
1110,Dlgap1,-0.027434510049007176
1111,Dlgap2,-0.008310438479608995
1112,Dll1,0.06397531795011886
1113,Dll3,0.005174638206624597
1114,Dll4,0.013352125233632758
1115,Dlx1,0.0017604760969543872
1116,Dlx3,-0.01181917746417158
1117,Dlx6,0.0016524693453523298
1118,Dmd,-0.21379432374060586
1119,Dmp1,-0.04938191988278745
1120,Dmrt2,-0.023075773229231926
1121,Dmrta1,0.003891813431606484
1122,Dmrtc1b,0.0025035735532427253
1123,Dmrtc2,-0.004442187481658819
1124,Dmtn,-0.04846749791421677
1125,Dnaaf1,-0.021168696216151014
1126,Dnaaf3,0.00033313945088837664
1127,Dnah11,-0.015049668031440647
1128,Dnah14,-0.004382870451005339
1129,Dnah5,0.006009911957379285
1130,Dnah7,0.014181475822035189
1131,Dnah8,-0.009917798831254026
1132,Dnai2,0.007989560987866226
1133,Dnai7,-0.04183174313472755
1134,Dnajb3,-0.005055998441931733
1135,Dnajc18,-0.038038825983481
1136,Dnase1l3,-0.025846877866669532
1137,Dnase2,0.010394245503828378
1138,Dnm1,-0.09087104976589414
1139,Dnm3,0.5863285309105128
1140,Dntt,-0.0027438274705592664
1141,Dock10,-0.21770077074970504
1142,Dock11,-0.09313257460746786
1143,Dock2,-0.11423067288065013
1144,Dock4,1.0907419006258603
1145,Dock8,-0.1571186453284936
1146,Dock9,1.4179397069079225
1147,Dok1,-0.013135317831538717
1148,Dok2,-0.022526280912715392
1149,Dok3,-0.04372417965609128
1150,Dok5,0.012694072964543553
1151,Dok6,-0.012428898021932944
1152,Dolk,0.01328078165051123
1153,Dop1b,-0.09959584606768224
1154,Dpep2,-0.00015341324721286284
1155,Dpf1,0.013989251961702236
1156,Dph2,-0.00036432689591759846
1157,Dph3,0.017129063598686694
1158,Dpp4,0.20493699127871953
1159,Dpp6,-0.0072018105019198255
1160,Dppa3,-0.014432582600284918
1161,Dpt,-0.06857912178756932
1162,Dpysl2,0.12484492205868433
1163,Dpysl3,-0.044821684940163996
1164,Dram1,-0.06055911273010783
1165,Draxin,-0.00694407902913597
1166,Drd1,-0.0023585966434949562
1167,Drp2,-0.0008877019263651776
1168,Dsc2,-0.004513363466392385
1169,Dscam,-0.03532937464702284
1170,Dscaml1,0.007521113029712942
1171,Dse,-0.08971703961709698
1172,Dsel,-0.006835016312182374
1173,Dsg2,-0.009869759372892507
1174,Dsg3,0.006247754768564826
1175,Dsp,0.00197939293128108
1176,Dst,1.160481998037834
1177,Dstn,-0.0409546254065164
1178,Dtx1,0.011764205444545352
1179,Dtx3,-0.05812092420031493
1180,Dtx4,-0.03658699864357693
1181,Duox1,-0.012787431360514748
1182,Duoxa1,-0.006362519712146094
1183,Dusp2,0.008676244699072515
1184,Dusp6,-0.01579499606757829
1185,Dux4,0.003319251413866539
1186,Dync1i1,-0.01653056437648004
1187,Dync2li1,-0.017222870141967404
1188,Dynll1,-0.005075982552218776
1189,Dynlrb2,-0.0049138655621013775
1190,Dynlt1,0.006227564348595253
1191,Dynlt5,0.002507874754553291
1192,Dyrk4,-0.01757900553013345
1193,Dysf,1.0551302609957527
1194,Dzip1,-0.04405418239221626
1195,Dzip1l,-0.04214162031120111
1196,E2f7,-0.043395214203509204
1197,ENSRNOG00000014455,0.0014366005195067845
1198,ENSRNOG00000029253,0.005140238853522857
1199,ENSRNOG00000062327,-0.005684515308753437
1200,ENSRNOG00000062350,0.09734849795580364
1201,ENSRNOG00000062369,0.0056951803821583425
1202,ENSRNOG00000062386,0.01433328471997926
1203,ENSRNOG00000062397,-0.004996384028271647
1204,ENSRNOG00000062456,0.009017599754779193
1205,ENSRNOG00000062480,-0.013273133572061876
1206,ENSRNOG00000062484,0.0018073991052778057
1207,ENSRNOG00000062503,0.004871138853321741
1208,ENSRNOG00000062528,-0.003017561292943864
1209,ENSRNOG00000062535,0.0012792048100283963
1210,ENSRNOG00000062568,4.9355312507001455e-05
1211,ENSRNOG00000062599,-0.0015311835488998034
1212,ENSRNOG00000062622,0.0023381750055045942
1213,ENSRNOG00000062674,0.00442842382660937
1214,ENSRNOG00000062716,-0.0006691325234563373
1215,ENSRNOG00000062718,-0.004706569650311092
1216,ENSRNOG00000062742,-0.0008748236171057255
1217,ENSRNOG00000062762,-0.005376512523538834
1218,ENSRNOG00000062812,0.010748999216466396
1219,ENSRNOG00000062818,-0.005258073111965295
1220,ENSRNOG00000062836,0.0026650997242604326
1221,ENSRNOG00000062837,-0.0075118920886921604
1222,ENSRNOG00000062851,-0.01298414020737596
1223,ENSRNOG00000062856,-0.001276993469435491
1224,ENSRNOG00000062863,0.011560755600029822
1225,ENSRNOG00000062866,-0.005339608335045256
1226,ENSRNOG00000062871,0.00756600482470871
1227,ENSRNOG00000062906,-0.004897969101632026
1228,ENSRNOG00000062907,-0.013394678149899596
1229,ENSRNOG00000062930,0.5966268971059724
1230,ENSRNOG00000062934,-0.001454908002252839
1231,ENSRNOG00000062975,-0.003293808352148624
1232,ENSRNOG00000062997,-0.014762807323546004
1233,ENSRNOG00000063007,-0.00111392904412051
1234,ENSRNOG00000063011,-0.002130570099478392
1235,ENSRNOG00000063019,-0.0010027717225272
1236,ENSRNOG00000063045,0.00011100838649224978
1237,ENSRNOG00000063061,0.006091922809259447
1238,ENSRNOG00000063066,0.0005435362916707234
1239,ENSRNOG00000063076,-0.00030032510773795196
1240,ENSRNOG00000063087,0.005216787465419534
1241,ENSRNOG00000063101,-0.002285356246357135
1242,ENSRNOG00000063122,-0.011693772173904465
1243,ENSRNOG00000063168,-0.010322537891049196
1244,ENSRNOG00000063173,-0.002393803056900251
1245,ENSRNOG00000063209,0.007791063951104548
1246,ENSRNOG00000063218,0.004379785359718876
1247,ENSRNOG00000063230,-0.0023816026384490645
1248,ENSRNOG00000063273,0.002813049250197645
1249,ENSRNOG00000063289,-0.007574463283711856
1250,ENSRNOG00000063301,0.00026682399560799016
1251,ENSRNOG00000063332,0.0003647024498182479
1252,ENSRNOG00000063342,0.0033114566732581115
1253,ENSRNOG00000063348,0.009355433181702023
1254,ENSRNOG00000063354,-0.0011728636745834756
1255,ENSRNOG00000063386,-0.003285213339187739
1256,ENSRNOG00000063392,0.002595259210495779
1257,ENSRNOG00000063393,-0.009723420544258721
1258,ENSRNOG00000063395,-0.006193234363500699
1259,ENSRNOG00000063415,0.0026340536907297355
1260,ENSRNOG00000063460,-0.0013449772564014242
1261,ENSRNOG00000063471,-0.0162853541142988
1262,ENSRNOG00000063499,0.006454250050549849
1263,ENSRNOG00000063506,-0.005095662886495267
1264,ENSRNOG00000063508,0.0007078134289229181
1265,ENSRNOG00000063519,-0.007955586813313754
1266,ENSRNOG00000063531,-0.011849811393390851
1267,ENSRNOG00000063556,0.0028052917717246093
1268,ENSRNOG00000063571,0.10639014871790634
1269,ENSRNOG00000063593,0.0005049910395876725
1270,ENSRNOG00000063594,-0.00515860913271474
1271,ENSRNOG00000063604,0.009286527180021474
1272,ENSRNOG00000063662,-0.023676104710162706
1273,ENSRNOG00000063668,0.01278940516414
1274,ENSRNOG00000063706,-0.014527174007476076
1275,ENSRNOG00000063719,-0.01630671339992204
1276,ENSRNOG00000063731,0.0030309477374368815
1277,ENSRNOG00000063760,0.01616228925090817
1278,ENSRNOG00000063803,0.004123179251533259
1279,ENSRNOG00000063806,0.02642124685499153
1280,ENSRNOG00000063807,0.005611930123859894
1281,ENSRNOG00000063812,0.029778699213816553
1282,ENSRNOG00000063814,-0.012628734010401571
1283,ENSRNOG00000063817,0.008141169893810106
1284,ENSRNOG00000063822,-0.0034073831205794778
1285,ENSRNOG00000063824,-0.020053632016103554
1286,ENSRNOG00000063827,-0.004184126328299919
1287,ENSRNOG00000063843,0.015100153703037843
1288,ENSRNOG00000063847,-0.004993231788438359
1289,ENSRNOG00000063888,0.005509125547322918
1290,ENSRNOG00000063994,-0.002440271881035203
1291,ENSRNOG00000064007,-0.0006804771003744675
1292,ENSRNOG00000064014,-0.002613888719889687
1293,ENSRNOG00000064017,0.008608955443826217
1294,ENSRNOG00000064058,-0.0026877193082162974
1295,ENSRNOG00000064113,-0.09907396178043446
1296,ENSRNOG00000064118,0.0004619515809502939
1297,ENSRNOG00000064120,-0.012930861501666318
1298,ENSRNOG00000064136,-0.01252958346146478
1299,ENSRNOG00000064168,0.004048857136944881
1300,ENSRNOG00000064188,-0.012703531912072278
1301,ENSRNOG00000064198,0.007422795299238966
1302,ENSRNOG00000064239,-0.019164474072715383
1303,ENSRNOG00000064267,0.0022588133534443017
1304,ENSRNOG00000064277,0.024192791449067837
1305,ENSRNOG00000064330,-0.002100179320994851
1306,ENSRNOG00000064359,0.003064569950487813
1307,ENSRNOG00000064382,0.007521474637747787
1308,ENSRNOG00000064414,0.0005425005078649257
1309,ENSRNOG00000064431,-0.0022287991436274945
1310,ENSRNOG00000064438,-0.006662563411356063
1311,ENSRNOG00000064524,-0.008414845660636633
1312,ENSRNOG00000064529,-0.00039884785519423826
1313,ENSRNOG00000064547,0.00037820585461234357
1314,ENSRNOG00000064562,-0.0064282973004893594
1315,ENSRNOG00000064563,-0.0005047281039271351
1316,ENSRNOG00000064568,-0.10180540098734744
1317,ENSRNOG00000064639,-0.0013038684748682336
1318,ENSRNOG00000064640,-0.009428938196749283
1319,ENSRNOG00000064648,0.013473404401244558
1320,ENSRNOG00000064673,-0.0023763977915059386
1321,ENSRNOG00000064682,-0.01192419238496064
1322,ENSRNOG00000064687,-0.0031524539807383928
1323,ENSRNOG00000064691,0.00928372342335866
1324,ENSRNOG00000064745,0.011251718599358355
1325,ENSRNOG00000064771,0.0013481407258832102
1326,ENSRNOG00000064793,0.002432185890548292
1327,ENSRNOG00000064808,-0.006112554999245858
1328,ENSRNOG00000064809,0.0034503176865098456
1329,ENSRNOG00000064818,-0.008540162653631696
1330,ENSRNOG00000064824,0.19806785323981074
1331,ENSRNOG00000064836,0.01542916908219179
1332,ENSRNOG00000064843,-0.0010974514375929527
1333,ENSRNOG00000064879,-0.007956563028202641
1334,ENSRNOG00000064885,-0.010523690624307207
1335,ENSRNOG00000064887,0.0014717135806139674
1336,ENSRNOG00000064897,-0.005953567135005339
1337,ENSRNOG00000064915,0.004295962868865627
1338,ENSRNOG00000064963,0.0005050359033699522
1339,ENSRNOG00000064981,0.06010984926366073
1340,ENSRNOG00000064991,0.01063602004801196
1341,ENSRNOG00000065014,0.0028659508245693077
1342,ENSRNOG00000065100,0.0033294577675629707
1343,ENSRNOG00000065107,0.009354745287340843
1344,ENSRNOG00000065110,-0.0047100121461949975
1345,ENSRNOG00000065195,-0.0020717824065441173
1346,ENSRNOG00000065197,0.0022649589889507157
1347,ENSRNOG00000065287,0.007192148263648833
1348,ENSRNOG00000065292,0.010959077451182579
1349,ENSRNOG00000065306,-0.01044525372251675
1350,ENSRNOG00000065335,-0.004375914979886552
1351,ENSRNOG00000065340,-0.0017846297516915738
1352,ENSRNOG00000065395,-0.010198045646033289
1353,ENSRNOG00000065402,-0.005282228683371572
1354,ENSRNOG00000065414,-0.009968731606940485
1355,ENSRNOG00000065434,-0.0034481810130571346
1356,ENSRNOG00000065469,0.008760576248269206
1357,ENSRNOG00000065512,0.004108061706311943
1358,ENSRNOG00000065521,-0.00872479219244996
1359,ENSRNOG00000065560,0.00149004985114419
1360,ENSRNOG00000065633,0.004640457379033668
1361,ENSRNOG00000065652,0.013456431297115466
1362,ENSRNOG00000065669,-0.005120635602642656
1363,ENSRNOG00000065670,-0.00622196262426768
1364,ENSRNOG00000065681,-0.009140673108779217
1365,ENSRNOG00000065747,0.0029845610562847366
1366,ENSRNOG00000065782,-0.0035210887445558227
1367,ENSRNOG00000065800,-0.011828590433700758
1368,ENSRNOG00000065835,-0.001158661626342167
1369,ENSRNOG00000065856,0.0014373068532839825
1370,ENSRNOG00000065876,-0.0722083156148178
1371,ENSRNOG00000065882,0.00011775413656429321
1372,ENSRNOG00000065897,-0.019420040724308713
1373,ENSRNOG00000065904,0.006918465885370406
1374,ENSRNOG00000065943,0.0038667346611047987
1375,ENSRNOG00000065948,-0.010667452251185183
1376,ENSRNOG00000065997,-0.0022488568697488034
1377,ENSRNOG00000065998,-0.006745892766502495
1378,ENSRNOG00000066006,-0.0026617613481803226
1379,ENSRNOG00000066012,-0.00020955222187834296
1380,ENSRNOG00000066143,-0.0007529928509627101
1381,ENSRNOG00000066156,-0.0027028122226059235
1382,ENSRNOG00000066238,0.001373970153619166
1383,ENSRNOG00000066263,-0.009661242215011495
1384,ENSRNOG00000066309,-0.032670898115150324
1385,ENSRNOG00000066320,0.00021619377679494862
1386,ENSRNOG00000066359,-0.0008083069014954834
1387,ENSRNOG00000066421,0.008646322652281548
1388,ENSRNOG00000066423,0.016406458182081772
1389,ENSRNOG00000066444,0.0049838345890407375
1390,ENSRNOG00000066445,-0.0007328381768274082
1391,ENSRNOG00000066454,-0.008101924242991151
1392,ENSRNOG00000066467,-0.002560241808412462
1393,ENSRNOG00000066508,-0.02102043433871323
1394,ENSRNOG00000066515,0.004364655267714757
1395,ENSRNOG00000066536,0.01073221970098771
1396,ENSRNOG00000066578,-0.0016091408280936507
1397,ENSRNOG00000066584,0.0028685035942510873
1398,ENSRNOG00000066588,0.00039274746793983807
1399,ENSRNOG00000066598,0.007427623356112124
1400,ENSRNOG00000066615,0.00747990879998032
1401,ENSRNOG00000066647,-0.08635891600719134
1402,ENSRNOG00000066652,0.013954092561931048
1403,ENSRNOG00000066660,-0.006045279065373043
1404,ENSRNOG00000066719,-0.010371147908365866
1405,ENSRNOG00000066734,-0.0008203522373733388
1406,ENSRNOG00000066735,0.00991070702624121
1407,ENSRNOG00000066736,-0.004795884618715316
1408,ENSRNOG00000066753,-0.0006152347793742156
1409,ENSRNOG00000066781,0.001449548204744857
1410,ENSRNOG00000066833,-0.003359438044304302
1411,ENSRNOG00000066862,0.0013124564129818567
1412,ENSRNOG00000066888,-0.014304624722072966
1413,ENSRNOG00000066901,0.008975311585011046
1414,ENSRNOG00000066906,0.019412522885384177
1415,ENSRNOG00000066924,0.016201218968686988
1416,ENSRNOG00000066925,0.013894666584026797
1417,ENSRNOG00000066951,-0.00030685474482733594
1418,ENSRNOG00000066958,-0.003728765472363795
1419,ENSRNOG00000067000,-0.005140596640462498
1420,ENSRNOG00000067004,-0.031813346720829506
1421,ENSRNOG00000067013,-0.003734138877723757
1422,ENSRNOG00000067021,0.00320629049671552
1423,ENSRNOG00000067032,0.05584905354911561
1424,ENSRNOG00000067047,0.010205080283386927
1425,ENSRNOG00000067052,-0.004477320071390552
1426,ENSRNOG00000067054,-0.0182717462499791
1427,ENSRNOG00000067063,0.002999111148625137
1428,ENSRNOG00000067067,0.0018152019426768186
1429,ENSRNOG00000067078,-0.002935225382489139
1430,ENSRNOG00000067131,0.007406752225887973
1431,ENSRNOG00000067200,0.013189105439075841
1432,ENSRNOG00000067219,0.0043739966919269305
1433,ENSRNOG00000067222,0.0056494581782141765
1434,ENSRNOG00000067225,-0.010396755036406954
1435,ENSRNOG00000067237,0.002489309880556214
1436,ENSRNOG00000067242,-0.004857133483055089
1437,ENSRNOG00000067256,-0.0021952429776702052
1438,ENSRNOG00000067328,-0.006608343171736518
1439,ENSRNOG00000067339,-0.0013646308183112425
1440,ENSRNOG00000067350,0.00398068887306842
1441,ENSRNOG00000067410,0.0031405574195518477
1442,ENSRNOG00000067412,0.0042415970684892244
1443,ENSRNOG00000067431,0.0010676710734216946
1444,ENSRNOG00000067466,-0.010654044977888539
1445,ENSRNOG00000067542,0.03423948531120738
1446,ENSRNOG00000067544,0.009172855508299568
1447,ENSRNOG00000067562,-0.0021944992249368117
1448,ENSRNOG00000067570,-0.011111797043149317
1449,ENSRNOG00000067573,-0.009487446517638026
1450,ENSRNOG00000067595,0.011134484100725067
1451,ENSRNOG00000067625,-0.055645160521029975
1452,ENSRNOG00000067645,-0.0006777875385035739
1453,ENSRNOG00000067657,0.0025140499661787715
1454,ENSRNOG00000067708,-0.0004912626843207068
1455,ENSRNOG00000067711,-0.002779328916261918
1456,ENSRNOG00000067734,-0.006632391664143359
1457,ENSRNOG00000067749,-0.0023581160395737925
1458,ENSRNOG00000067856,-0.0028680063936271163
1459,ENSRNOG00000067879,0.009821709006812989
1460,ENSRNOG00000067882,0.007576157560063405
1461,ENSRNOG00000067886,-0.005436271004044203
1462,ENSRNOG00000067907,0.007980672612390785
1463,ENSRNOG00000067913,-0.028298140077415712
1464,ENSRNOG00000067923,-0.0019120743999960148
1465,ENSRNOG00000067926,0.00948564222971086
1466,ENSRNOG00000067963,0.005113391428217804
1467,ENSRNOG00000067970,-0.007739646957012972
1468,ENSRNOG00000067989,-0.003792775197617503
1469,ENSRNOG00000067997,0.004502977438212229
1470,ENSRNOG00000068019,0.0032453550629440615
1471,ENSRNOG00000068021,-0.0014450729339968937
1472,ENSRNOG00000068048,-0.00041250574073246806
1473,ENSRNOG00000068089,-0.0005283281169312301
1474,ENSRNOG00000068121,-0.007893763494105508
1475,ENSRNOG00000068156,-0.009575460179591965
1476,ENSRNOG00000068179,0.10637432330163377
1477,ENSRNOG00000068193,0.011892074584806333
1478,ENSRNOG00000068269,-0.0025318371467544544
1479,ENSRNOG00000068287,0.0002729240465446205
1480,ENSRNOG00000068298,0.011268538371525565
1481,ENSRNOG00000068308,0.0024297797744117244
1482,ENSRNOG00000068336,-0.007286602403318534
1483,ENSRNOG00000068419,-0.01794404001542534
1484,ENSRNOG00000068486,-0.0037302667723878406
1485,ENSRNOG00000068536,-0.01349691296275047
1486,ENSRNOG00000068544,-0.01770799424879799
1487,ENSRNOG00000068560,0.01767874813055178
1488,ENSRNOG00000068567,0.0034700456831727516
1489,ENSRNOG00000068603,0.01707675752236526
1490,ENSRNOG00000068683,0.0006690783194982009
1491,ENSRNOG00000068684,0.013500472916462914
1492,ENSRNOG00000068722,0.0009614755834058831
1493,ENSRNOG00000068731,-0.014310068909790502
1494,ENSRNOG00000068753,-0.0016916163065487243
1495,ENSRNOG00000068755,0.022060936473425614
1496,ENSRNOG00000068762,0.004795028871004147
1497,ENSRNOG00000068800,-0.007748849052924315
1498,ENSRNOG00000068821,0.011954998694256296
1499,ENSRNOG00000068845,0.005963497247073698
1500,ENSRNOG00000068941,0.003265466652955057
1501,ENSRNOG00000069020,-0.015187185978435113
1502,ENSRNOG00000069024,0.0776570880197118
1503,ENSRNOG00000069029,-0.00859575210584909
1504,ENSRNOG00000069044,0.001853368903599437
1505,ENSRNOG00000069100,0.003045193877276097
1506,ENSRNOG00000069138,-0.005852836975992036
1507,ENSRNOG00000069140,-0.006725739974687112
1508,ENSRNOG00000069167,-0.004003887493581746
1509,ENSRNOG00000069178,0.00795739559363062
1510,ENSRNOG00000069186,-0.0075210133406994235
1511,ENSRNOG00000069209,0.013858409333933161
1512,ENSRNOG00000069224,-0.013117769381998698
1513,ENSRNOG00000069247,0.007350041586144475
1514,ENSRNOG00000069290,-0.001290051361800062
1515,ENSRNOG00000069297,-0.0055442877011662
1516,ENSRNOG00000069351,0.004201824455656403
1517,ENSRNOG00000069403,-0.0049516762142290316
1518,ENSRNOG00000069422,0.00887989624680446
1519,ENSRNOG00000069423,0.006089156635561706
1520,ENSRNOG00000069426,0.00570469514908768
1521,ENSRNOG00000069447,0.0069054095897897886
1522,ENSRNOG00000069485,-0.0266034905084609
1523,ENSRNOG00000069488,-0.004815959741675799
1524,ENSRNOG00000069519,0.0021349174502318102
1525,ENSRNOG00000069525,0.007412364348234003
1526,ENSRNOG00000069561,-0.04882367315713443
1527,ENSRNOG00000069588,-0.010611774158263188
1528,ENSRNOG00000069624,0.02021461054704346
1529,ENSRNOG00000069637,0.001216990828770775
1530,ENSRNOG00000069642,-0.0036412558626130968
1531,ENSRNOG00000069652,-0.016270670408698302
1532,ENSRNOG00000069674,0.0009364353908992303
1533,ENSRNOG00000069704,0.005052483397145775
1534,ENSRNOG00000069733,-0.0019294442310777335
1535,ENSRNOG00000069850,-0.0037455431498497694
1536,ENSRNOG00000069878,0.012302740889852152
1537,ENSRNOG00000069880,0.349973946597176
1538,ENSRNOG00000069894,-0.00167864061391888
1539,ENSRNOG00000069897,-0.014844224223970788
1540,ENSRNOG00000069932,0.0005328249201279962
1541,ENSRNOG00000069946,-0.002894479398708996
1542,ENSRNOG00000069962,-0.0019893465769871407
1543,ENSRNOG00000070004,-0.0035070054372402415
1544,ENSRNOG00000070051,0.015251566975881904
1545,ENSRNOG00000070052,-0.009107117714559985
1546,ENSRNOG00000070098,0.005509316767720988
1547,ENSRNOG00000070162,0.0008723309748810472
1548,ENSRNOG00000070250,0.009231010867729879
1549,ENSRNOG00000070296,0.027692520143585232
1550,ENSRNOG00000070316,-0.002969134887994168
1551,ENSRNOG00000070318,0.008749012299485076
1552,ENSRNOG00000070333,-0.013264423412101982
1553,ENSRNOG00000070379,0.004548672846566181
1554,ENSRNOG00000070381,0.010112740163319419
1555,ENSRNOG00000070383,-0.0010344296736024031
1556,ENSRNOG00000070393,0.0033088359897079063
1557,ENSRNOG00000070418,-0.0008114711810821687
1558,ENSRNOG00000070433,-0.00039285531583696867
1559,ENSRNOG00000070437,-0.0004842540105366947
1560,ENSRNOG00000070442,0.15008007831819947
1561,ENSRNOG00000070500,0.00873634829016425
1562,ENSRNOG00000070511,-0.0006746317669923199
1563,ENSRNOG00000070524,-0.001555947290577328
1564,ENSRNOG00000070526,-0.008541048788775613
1565,ENSRNOG00000070540,0.006565063879156496
1566,ENSRNOG00000070566,-0.009955009175390269
1567,ENSRNOG00000070587,-0.011274828143982566
1568,ENSRNOG00000070600,-0.006961240312468249
1569,ENSRNOG00000070606,0.00610298316370257
1570,ENSRNOG00000070640,0.037263286137893384
1571,ENSRNOG00000070651,-0.0037497512432216507
1572,ENSRNOG00000070669,-0.02236333305406238
1573,ENSRNOG00000070725,-0.007182379238414438
1574,ENSRNOG00000070737,-0.008697146997323204
1575,ENSRNOG00000070797,-0.009168198863701604
1576,ENSRNOG00000070853,0.0009679760193722329
1577,ENSRNOG00000070880,-0.007721533746062103
1578,ENSRNOG00000070905,-0.029332364856472892
1579,ENSRNOG00000070909,-0.00417746967106534
1580,ENSRNOG00000070913,0.009438245135413737
1581,ENSRNOG00000070925,-0.008281352506867427
1582,ENSRNOG00000070955,0.0026637156993856675
1583,ENSRNOG00000070963,0.005138215817122458
1584,ENSRNOG00000070965,0.0003814612475456108
1585,ENSRNOG00000070979,0.001255225667855977
1586,ENSRNOG00000071072,0.023215976907862344
1587,ENSRNOG00000071125,0.007670967251247569
1588,ENSRNOG00000071154,-0.01133457401974124
1589,ENSRNOG00000071178,-0.0029316072495377925
1590,ENSRNOG00000071196,0.006113593568792449
1591,ENSRNOG00000071214,0.009902473700502104
1592,ENSRNOG00000071219,-0.10198747452968748
1593,Ebf1,1.3175414499487714
1594,Ebf4,-0.001756437747157281
1595,Ece2,0.0010846875362342074
1596,Ecm1,-0.05500307531291899
1597,Ecm2,-0.00933040926705618
1598,Eda,-0.03905859823170882
1599,Eda2r,0.08614813054300988
1600,Edar,-0.0004692029550641165
1601,Edaradd,0.01683286745225126
1602,Edil3,-0.011089647415802298
1603,Edn1,-0.08033498720418805
1604,Ednra,-0.11740919806431799
1605,Ednrb,-0.02217638513605861
1606,Eef2k,-0.08764055978422874
1607,Eeig2,0.16945190979885372
1608,Eepd1,1.3091771376383061
1609,Efcab5,0.004557893615007622
1610,Efcab8,-0.0077995560196138045
1611,Efcab9,0.00878475395632514
1612,Efcc1,0.03304925250646974
1613,Efemp1,-0.05076479655711462
1614,Efemp2,-0.007002912293089495
1615,Efhc1,0.009734939037900684
1616,Efhd1,-0.12719223997357793
1617,Efna1,0.07108661808574257
1618,Efnb1,0.048427714624497534
1619,Efnb2,-0.13824759527938504
1620,Efr3b,-0.07833060414822933
1621,Egfl7,0.7656296646712455
1622,Egflam,0.297130381616172
1623,Egfr,-0.06950714305241155
1624,Egln3,7.905463511593235e-05
1625,Egr1,-0.25262630130797786
1626,Egr2,-0.005173399430630701
1627,Ehbp1,-0.11210703298009153
1628,Ehd2,0.1494468183209165
1629,Ehd3,-0.04695477921298109
1630,Ehd4,-0.13449397608773783
1631,Ehhadh,-0.006399043127774822
1632,Eid1,-0.03458060860381909
1633,Eif2ak3,-0.021063535796472743
1634,Eif5a2,0.0018550588799250856
1635,Elf1,0.2968740404091619
1636,Elf4,0.0013853761590908314
1637,Elfn2,-0.007231493525049492
1638,Elk3,-0.0218830001438393
1639,Ell3,0.0016914404378676757
1640,Elmo1,0.2919552553503528
1641,Elmo2,0.09135088883242252
1642,Eln,-0.24615922447722527
1643,Elof1,-0.002398807023549993
1644,Elovl6,-0.7432369025873506
1645,Emb,0.0005827587980057622
1646,Emc10,-0.088049429921081
1647,Emcn,0.62950133986866
1648,Eme1,0.01195845411488166
1649,Emid1,0.11739240731339491
1650,Emilin2,-0.035435637070288475
1651,Eml1,0.013718589384698152
1652,Eml5,-0.01993222331611726
1653,Emp1,-0.09625224495189788
1654,Emp2,-0.014364808779121468
1655,Emp3,-0.008839153846486413
1656,Enc1,0.06875901003842518
1657,Eng,0.4798473809146365
1658,Enkur,-0.019527482913722263
1659,Enox1,-0.23396350948656516
1660,Enpep,-0.16577269831801605
1661,Enpp1,-0.0667767824351237
1662,Enpp3,-0.041870600737148385
1663,Entpd1,-0.17799382797056928
1664,Entrep2,-0.01642926418120038
1665,Eomes,0.0025229313308811957
1666,Epas1,0.016434837651716327
1667,Epb41l4a,0.4018316975530785
1668,Epb41l4b,-0.0008154185245978001
1669,Epha10,0.0023251281268733656
1670,Epha2,-0.021569870237807914
1671,Epha3,-0.07354854958907722
1672,Epha4,-0.1960224817492237
1673,Epha5,0.0017213696799427227
1674,Epha7,-0.014864782470136133
1675,Ephb1,-0.010479995110596434
1676,Ephb2,-0.03805699375261286
1677,Ephb3,-0.004526188329388545
1678,Ephb4,0.1526409998845557
1679,Ephx3,0.004518118453945509
1680,Ephx4,-0.0040534887684684755
1681,Epn2,0.15405479965001903
1682,Epn3,-0.0032952132575077633
1683,Eps8l2,-0.032690327090247925
1684,Epsti1,-0.025807516171380156
1685,Erbb2,-0.009441646065767396
1686,Erbb3,0.0023101272586159103
1687,Erbb4,0.008868047396692405
1688,Erc2,0.005782312398738868
1689,Erfe,-0.008002715286356439
1690,Erg,0.47426581279271846
1691,Erich3,-0.00130061015480427
1692,Erich4,0.009056430376779572
1693,Ern2,-0.002281952261425059
1694,Erp27,-0.0013986426249011415
1695,Errfi1,-0.13556601769327314
1696,Esam,0.2186068432137179
1697,Esr1,-0.11026423921044123
1698,Esyt3,-0.013692919182407351
1699,Etl4,1.6834159282069094
1700,Etnk2,-0.002442691689401337
1701,Ets1,0.4799240183630372
1702,Ets2,0.0743436429734096
1703,Etv1,-0.053277253408209685
1704,Etv4,-0.001554633936242781
1705,Etv5,-0.018382528402964782
1706,Eva1a,0.021535038016189813
1707,Eva1b,0.00013776914842306707
1708,Eva1c,-0.09942878800671058
1709,Evc,-0.012693504195389976
1710,Evc2,-0.06026996863335425
1711,Evl,0.2749018393916767
1712,Evpl,-0.00023976197608933502
1713,Exo5,0.0009922523211617499
1714,Exoc3l4,-0.010945711304736124
1715,Exoc6,0.06420666196939516
1716,Exosc5,-0.01012323250454517
1717,Exph5,-0.0023132597289632385
1718,Ext1,0.3701977218659026
1719,Eya2,0.9582105826995911
1720,Eya4,-0.04690493063856746
1721,Ezr,-0.04816401031712043
1722,F13a1,-0.08526635070711568
1723,F2rl1,-0.02375122969597777
1724,F2rl3,0.003725764136534985
1725,F3,-0.09805874445152442
1726,F5,-0.009604261263609255
1727,Faah,0.0026982139863646415
1728,Faap24,0.01069445973041656
1729,Fads1,-0.004686360151309927
1730,Fads2,0.037526017722867164
1731,Fads2b,-0.007963389042241812
1732,Fads3,-0.05093963859990296
1733,Fam107a,-0.011139436834306854
1734,Fam107b,-0.08460199824355376
1735,Fam110a,-0.00989487953390622
1736,Fam110b,-0.13200925299934502
1737,Fam110c,0.010505037505613218
1738,Fam110d,0.018369234660008955
1739,Fam114a1,-0.013354670879163366
1740,Fam117a,-0.057106714170440706
1741,Fam124a,0.03726372574017234
1742,Fam131c,-0.00562417526366359
1743,Fam135a,-0.12182307087781488
1744,Fam135b,-0.004087834407811195
1745,Fam13a,0.006666484812810597
1746,Fam13c,0.011193916823112979
1747,Fam163a,-0.02182289079864388
1748,Fam166a,-0.012830350252968033
1749,Fam169b,-0.010890615141143548
1750,Fam171a1,0.01685193772100592
1751,Fam171b,-0.02432768420321895
1752,Fam174b-1,0.004611272911902111
1753,Fam180a,-0.014856955713920808
1754,Fam184a,-0.07064935100792835
1755,Fam205a,0.012117446135049673
1756,Fam217b,0.00943822380238584
1757,Fam219a,0.018668993869249202
1758,Fam228a,-0.003956253997972552
1759,Fam3d,0.019172049353433557
1760,Fam43a,0.029610795238156344
1761,Fam78a,0.0019353256714457695
1762,Fam78b,-0.02078405473158458
1763,Fam83b,0.031777126776508804
1764,Fam83c,-0.00348624573178148
1765,Fam89a,0.05648534208740577
1766,Fam95c,-2.5811453392209668e-05
1767,Fam98c,0.04443336934126152
1768,Fancc,-0.017396540110805
1769,Fanci,-0.014073910241039132
1770,Fap,0.02063573835391234
1771,Farp1,-0.1413224838014175
1772,Fas,0.0786043297443945
1773,Faslg,-0.0070450007474253794
1774,Fasn,-1.3490353880316235
1775,Fat3,-0.0074990036892501576
1776,Fat4,0.15764838921504218
1777,Fau,-0.0019406408365305505
1778,Faxdc2,0.06684168291885187
1779,Fblim1,0.02020761579519463
1780,Fbln1,-0.024280886776158556
1781,Fbln2,-0.0341042199292459
1782,Fbln5,-0.3856715871390658
1783,Fbn1,-0.24758138728187157
1784,Fbn2,0.010664188469935058
1785,Fbp1,0.006571077800811738
1786,Fbxl5,-0.03880235444143874
1787,Fbxl7,1.238491450212812
1788,Fbxo10,-0.02875033283496199
1789,Fbxo16,0.017767093451824985
1790,Fbxo17,0.0002557084830798874
1791,Fbxo39,0.008382847149663326
1792,Fbxo41,-0.01930267487420184
1793,Fcer2,-0.0015732911790824434
1794,Fcgbp,-0.005386396623872725
1795,Fcgbpl1,-0.0028648408928404175
1796,Fcgr1a,-0.013991818533796458
1797,Fcgr2a-ps1,-0.03029684728191831
1798,Fcgr2b,-0.010582388710414857
1799,Fcho1,0.010096039485442694
1800,Fchsd1,0.0007688791531316121
1801,Fchsd2,-0.2323620610907396
1802,Fcmr,-0.026777527472161704
1803,Fcna,-0.01041140454808991
1804,Fcnb,-0.003585333926579489
1805,Fcrl1,-0.0008741559581680159
1806,Fcrl2,-0.0063323673288272295
1807,Fcrl5,0.0023978844845758307
1808,Fcrla,-0.002997650513406234
1809,Fen1,-0.014092382693638274
1810,Fer1l4,0.005524511043150428
1811,Fermt3,-0.046529763209834554
1812,Fes,-0.07247826479545219
1813,Fgd2,-0.10050396874140324
1814,Fgd3,-0.0374608447722669
1815,Fgd5,0.47688340833482834
1816,Fgd6,0.3721151350142928
1817,Fgf10,-0.01488627770768495
1818,Fgf12,0.018226099640064823
1819,Fgf13,-0.04600904364230611
1820,Fgf14,-0.021584550500905304
1821,Fgf20,0.0020615578549624245
1822,Fgf7,-0.04513711146651729
1823,Fgfbp1,0.0010663709993408428
1824,Fgfr4,-0.01163775839683058
1825,Fgg,-0.005405982530121284
1826,Fgl1,-0.006970022552541827
1827,Fgl2,-0.005134081257694744
1828,Fgr,-0.02826089738666398
1829,Fhad1,-0.022698084131148634
1830,Fhl2,-0.03733834214174331
1831,Fhl5,-0.019794351196845292
1832,Fhod1,0.0845718841008081
1833,Fhod3,0.9837752827430946
1834,Fibin,0.003780370953615158
1835,Filip1,0.07640242961758326
1836,Filip1l,-0.03811788894232988
1837,Fjx1,6.662814118820219e-05
1838,Fkbp10,0.0167125887462635
1839,Fkbp1b,-0.0003928301039141436
1840,Fkbp5,0.09183493413085082
1841,Fkbp6,-0.003691142936032438
1842,Fli1,1.366417134067925
1843,Flna,-0.1553128755030055
1844,Flnb,-0.08467050048751934
1845,Flnc,-0.0051640356379771355
1846,Flrt2,0.12576336137758476
1847,Flrt3,0.008104805311205894
1848,Flt1,0.9624779320577548
1849,Flt3,-0.017311700463732014
1850,Flt4,-0.049222696807820446
1851,Flvcr2,0.17649880455113678
1852,Fmn1,-0.019752674902403837
1853,Fmn2,-0.028709504508736022
1854,Fmnl1,-0.01729519104210228
1855,Fmnl2,-0.19290257115976733
1856,Fmnl3,0.2698441169531741
1857,Fmo2,0.13623003048690957
1858,Fmo3,-0.02572917706498311
1859,Fmr1nb,0.0024297148643301577
1860,Fn1,-0.0964147327951946
1861,Fnbp1,-0.47289146771690643
1862,Fnbp1l,-0.060855037798650674
1863,Fndc1,-0.0938891968032335
1864,Fndc4,-0.016402838248722906
1865,Fndc8,-0.0006942561834788544
1866,Folh1,-0.00396406013167277
1867,Folr2,-0.023800542495572403
1868,Fos,-0.10206322040734955
1869,Fosb,-0.05624957850635066
1870,Fosl1,0.02526007188630307
1871,Foxc2,0.009286046195966537
1872,Foxg1,0.004104718076580383
1873,Foxi1,-0.0038460267692959557
1874,Foxn3,0.5219165827310221
1875,Foxp2,-0.29540586301313754
1876,Foxr1,-0.0011547434774774772
1877,Foxred2,0.0015776894281814653
1878,Foxs1,0.0018166373403709142
1879,Fras1,-0.07779091064663725
1880,Frem2,-0.002349191479771643
1881,Frmd3,-0.05067743524412727
1882,Frmd4b,0.126349838581719
1883,Frmd5,-0.019373307877395697
1884,Frmd6,-0.06513445634887918
1885,Frmd7,0.0011076438957610506
1886,Frmpd2,-0.0021132076646639742
1887,Frmpd3,-0.0186736995243881
1888,Frmpd4,0.012539859693859037
1889,Fry,1.1151784550636412
1890,Fryl,1.063015923377852
1891,Fsd1l,-0.05880687174402949
1892,Fshr,0.0012070879021264086
1893,Fst,-0.06061743120120722
1894,Fstl1,-0.14347608556383692
1895,Fth1,-0.1297792785099257
1896,Fth1-ps5,-0.001139625007286792
1897,Ftl1,0.0030525026262846955
1898,Fut10,-0.023717586770574485
1899,Fut2,-0.006059420916375336
1900,Fut7,0.003536625792546498
1901,Fxyd2,-0.007286418009598516
1902,Fxyd6,0.0016522245453886282
1903,Fyb1,-0.13015987832928577
1904,Fyb2,0.0032732785182014645
1905,Fyn,0.11008948119520034
1906,Fzd2,0.008709104855440214
1907,Fzd6,-0.08864500169345627
1908,Fzd8,0.008080899065701905
1909,Gab1,-0.08575768511370954
1910,Gabbr2,-0.022028520561454715
1911,Gabrb1,-0.008818496625529647
1912,Gabrd,0.00030855088640882296
1913,Gabrg1,-0.037175889695037045
1914,Gad1,-0.011765950424474567
1915,Gadd45a,-0.0024203698315079574
1916,Gadl1,0.0015510456254835168
1917,Gal3st2c,-0.009236990805828509
1918,Gal3st3,0.002721803333578702
1919,Galnt10,-0.008666995956498127
1920,Galnt12,0.007581575430451142
1921,Galnt13,0.0023561744259167072
1922,Galnt14,0.015940859574272777
1923,Galnt15,-0.13907033992814194
1924,Galnt16,-0.0837335244945907
1925,Galnt17,-0.04194113618549233
1926,Galnt18,1.5364042290446924
1927,Galnt3,0.005493617898862513
1928,Galnt6,-0.014638416231319798
1929,Galnt7,0.038061849488585695
1930,Gap43,-0.010820997186477645
1931,Gapdh-ps1,0.006165863477158092
1932,Garin2,0.0002156674803843431
1933,Garin3,0.00818656265771621
1934,Garin4,0.0015144866078293916
1935,Garin5b,0.011993247045297382
1936,Garnl3,-0.04642183598554864
1937,Gas2l3,-0.0071222592515207545
1938,Gas6,-0.13426707866883514
1939,Gas7,-0.11477805443924732
1940,Gask1a,-0.15044399442577205
1941,Gask1b,-0.006256564090090545
1942,Gata2,0.09888663917871235
1943,Gata3,0.04684334685641925
1944,Gata4,-0.022256874511280292
1945,Gata5,-0.0014769327629329653
1946,Gata6,-0.04396585299585846
1947,Gatd1,0.017667575940193168
1948,Gatm,0.004423989388054683
1949,Gba2,0.0849459824890435
1950,Gba3,-6.960109288620348e-05
1951,Gbp1,0.030919578357902558
1952,Gbp2,-0.02745372400285697
1953,Gbp3,0.004381247179454429
1954,Gbp4,0.009567980339629113
1955,Gbp5,0.03997588483262433
1956,Gbp6-1,-0.00219946627765058
1957,Gbp7,0.03798271218312138
1958,Gbx1,0.002246423011491544
1959,Gca,-0.005592446751286897
1960,Gcat,-0.01236872039495372
1961,Gcgr,-0.15323959124464653
1962,Gch1,0.0898177540666545
1963,Gckr,0.0033120253994522036
1964,Gclc,-0.03075459993977892
1965,Gcnt1,-0.10490468325959262
1966,Gcnt2,-0.020398671474136394
1967,Gcsam,-0.00813354427396165
1968,Gda,-0.1322266537850094
1969,Gdf1,-0.00036535517933040885
1970,Gdf10,-0.016237203858582915
1971,Gdf15,-0.006617996433470786
1972,Gdf6,0.0006839176325474933
1973,Gdpd4,0.0021887060269046668
1974,Gfi1,0.0015382886837915165
1975,Gfpt2,-0.050187004711338974
1976,Gfra1,0.11012113828252089
1977,Gfra2,-0.011416981395084085
1978,Gfra3,0.006544083174998422
1979,Gfus,-0.006548224859684169
1980,Gga2,-0.004293987482567745
1981,Ggn,-0.00786752452855599
1982,Ggt1,0.003643502803594445
1983,Ggta1,-0.12509931957708573
1984,Gh1,-0.001081455431104461
1985,Ghdc,-0.02693514180782545
1986,Gimap1,-0.007393005810305987
1987,Gimap5,0.15689318780599795
1988,Gimap7,-0.0075925559653573504
1989,Gimap8,0.050161130336416594
1990,Gins3,-0.0015976932011568363
1991,Gipr,-0.04989780702785713
1992,Gja5,-0.04057950292883247
1993,Gjb3,-0.006762598080041396
1994,Gjc1,-0.11488669542779252
1995,Gk,0.4573615323185123
1996,Gla,-0.01559238682776693
1997,Glb1l2,0.00043127972959445117
1998,Gldn,-0.016956406274221802
1999,Gli1,0.008518111269441546
2000,Gli2,-0.2010544280636083
2001,Gli3,-0.10265546409123168
2002,Glipr1,-0.019692835617150267
2003,Glipr1l1,0.003178701087276293
2004,Glipr2,-0.03515563074757866
2005,Glis3,0.0038297875079437403
2006,Glrx,0.0003120803070545881
2007,Gls,0.005126114047856345
2008,Glt8d2,-0.016080176575769833
2009,Glyat,-0.002173321455364509
2010,Glyatl2,-0.0015178190062369017
2011,Glyatl3,-0.002656521506684617
2012,Gm19426,0.0015625909599896522
2013,Gmfg,0.01052219660293917
2014,Gmpr,-0.22157584668233793
2015,Gna14,-0.005335844561130799
2016,Gna15,-0.014010377293294102
2017,Gnai2,0.1615241878675358
2018,Gnat2,0.016537464699011496
2019,Gnb3,0.0018923440252617276
2020,Gnb4,0.028819572440840414
2021,Gng11,0.11749269041856525
2022,Gng2,-0.09323748463437101
2023,Gng8,9.663615272770525e-05
2024,Gnpda2,-0.033421793292070574
2025,Golm1,-0.033406960681516176
2026,Golm2,0.012180916984495868
2027,Got1l1,-0.010799883215252812
2028,Gpat3,-0.02470745720788077
2029,Gpatch4,-0.003185775178721114
2030,Gpc2,0.0407690855246565
2031,Gpc3,-0.09905903658937773
2032,Gpc5,0.026529352433341466
2033,Gpc6,-0.1916385118483371
2034,Gpd1,-0.7836785291528052
2035,Gpihbp1,0.28842920072679795
2036,Gpm6a,-0.25860733862729074
2037,Gpm6b,-0.04439520368900028
2038,Gpr132,-0.0034768013346712055
2039,Gpr137b,-0.059443068553447775
2040,Gpr141,-0.00536503470398904
2041,Gpr153,-5.526905094133767e-05
2042,Gpr155,-0.004115302418988644
2043,Gpr158,-0.009697094633060819
2044,Gpr15lg,-0.010917966827352691
2045,Gpr160,0.04779017808518702
2046,Gpr161,0.012512823985439113
2047,Gpr162,0.000664078164909297
2048,Gpr165,-0.0016359209472232043
2049,Gpr174,0.0036295090447909036
2050,Gpr176,-0.16816846328354407
2051,Gpr183,0.002864390940986977
2052,Gpr22,-0.009826347523246709
2053,Gpr37l1,0.004042534540158594
2054,Gpr39,-0.08836280983307357
2055,Gpr55,0.022143137454856472
2056,Gpr65,-0.009520389566245572
2057,Gprc5a,-0.006388532165638776
2058,Gprc5c,-0.013114372940120422
2059,Gpsm3,0.021771793833309922
2060,Gpx1,-0.04427649769389181
2061,Gpx3,-0.021895407549638875
2062,Gpx8,-0.008196098682491167
2063,Gramd1a,0.02570806780019281
2064,Gramd1b,-0.035005385547804614
2065,Gramd1c,-0.027550265710966724
2066,Gramd2b,0.023106903427254483
2067,Grap,0.0035272337201484355
2068,Grap2,-0.018068800390362127
2069,Grb10,0.3808283920309289
2070,Greb1l,-0.18202217064899762
2071,Grem2,-0.02844011089846717
2072,Gria1,0.0016566720813257915
2073,Gria2,-0.015435364854676052
2074,Gria3,-0.0282257664652922
2075,Gria4,-0.01542766021441062
2076,Grid2,-0.005177720252343171
2077,Grid2ip,0.003535895418529472
2078,Grik1,-0.01089631106208025
2079,Grik2,0.7003938463759434
2080,Grik3,-0.029033827198998635
2081,Grik4,0.16900780875336086
2082,Grin2a,-0.0028576921713883907
2083,Grin2b,-0.00539741872076841
2084,Grin2c,0.002017603746871665
2085,Grin2d,-0.012052975698711069
2086,Grin3a,0.013905916047311218
2087,Grip1,-0.001364017736523586
2088,Grip2,-0.04020711432095791
2089,Grk3,-0.030570310793718886
2090,Grk6,0.11604237684861131
2091,Grm7,-0.014018650969863832
2092,Gsap,0.0078923183202734
2093,Gsc,-0.004440214578180221
2094,Gsdme,-0.0355130998454178
2095,Gse1,-0.8093672328783449
2096,Gsg1,-0.0009739052071858563
2097,Gsn,0.01861799945282476
2098,Gspt2,-0.005013879735479093
2099,Gsta1,-0.03433618272587963
2100,Gsta6,0.07107701473240702
2101,Gstm5,0.008301692794482844
2102,Gstp1,0.025791974280749717
2103,Gstt4,-0.003878763644772898
2104,Gtsf1,-0.0002077064722943293
2105,Guca1b,0.0008976959466178513
2106,Gucy1a1,-0.1579660138440591
2107,Gucy1a2,-0.3162794864345925
2108,Gucy1b1,-0.04935190296197514
2109,Gucy1b2,0.00698905801408241
2110,Gucy2c,0.0025176670593949468
2111,Gucy2d,-0.0003645915293745359
2112,Gulp1,-0.019465514993461823
2113,Gvin1,0.2546102211132486
2114,Gxylt2,-0.09601691257446823
2115,Gzma,0.003653850066997982
2116,Gzmb,-0.010836332891257027
2117,Gzmk,-0.002305724537714213
2118,Gzmm,0.0052233825344957276
2119,Gzmn,-0.0048941634121224395
2120,H19,0.00021931285366556894
2121,H1f0,-0.012094651352388072
2122,H2ac1,-0.007802558981133741
2123,H2aj,-0.01426563534506187
2124,H3c1,0.0010359119706782169
2125,H3c13,0.003429740263128079
2126,H3f3a,0.1073890278923004
2127,Haao,0.0016087798340268563
2128,Hacd4,0.011110474089018883
2129,Haghl,-0.007950580883847494
2130,Hamp,0.003383793879767897
2131,Hap1,-0.007858583337743807
2132,Hapln1,0.010058305649309183
2133,Has1,-0.012212104558591471
2134,Has2,0.009163474540031228
2135,Haus7,0.03208531183215324
2136,Hba-a1,0.020409032104879113
2137,Hbb,-0.06631695256282541
2138,Hbegf,-0.01302897515032846
2139,Hcar2,-0.018016617233370474
2140,Hck,-0.05836930440481095
2141,Hcls1,-0.025195253012230023
2142,Hcn1,-0.013184290797836989
2143,Hcrt,-0.006663688409781114
2144,Hcst,-0.010275690560520231
2145,Hdac7,0.11334719891842229
2146,Hdac9,1.2956983798021908
2147,Hdx,-0.008603601614916013
2148,Hebp2,0.0010294679928401686
2149,Hecw1,0.018533494576379917
2150,Hecw2,0.5229675221183877
2151,Heg1,-0.10872096334926651
2152,Hells,0.0029772171377606712
2153,Helz2,0.15069579554286205
2154,Hepacam,-0.010992928716265081
2155,Hepacam2,-0.004886138229662091
2156,Heph,0.0917502975526138
2157,Herc6,0.4522910862860911
2158,Hes1,-0.018196209841274888
2159,Hey1,-0.004793616937258147
2160,Heyl,-0.07629450219125772
2161,Hgf,-0.04488273621638127
2162,Hhip,-0.005403518936208926
2163,Higd1c,0.00902583907612115
2164,Hilpda,-0.022335379878337645
2165,Hip1,-0.049499772504819795
2166,Hipk4,0.027452220694211958
2167,Hist1h2ao,-0.00763381557738516
2168,Hjv,0.0026347678251368058
2169,Hk1,-0.03533442570041206
2170,Hk2,-0.4771283088946128
2171,Hltf,-0.013417026090155382
2172,Hmcn1,-0.014845831901207883
2173,Hmcn2,0.00334207508059285
2174,Hmga2,0.003005880225996402
2175,Hmgb2,-0.03250346715838217
2176,Hmgcll1,0.09764132684873775
2177,Hmgn1,-0.011393796232046692
2178,Hmgn2-ps4,0.002740322860634643
2179,Hmgn3,-0.0469388587804738
2180,Hmmr,0.0025098422447384265
2181,Hnf1a,0.0013525901606355466
2182,Hnf4a,-0.015248318370309875
2183,Hnf4g,-0.02612392784684253
2184,Hnmt,0.004460682078796601
2185,Hnrnpa1-ps20,-0.0033315234644527205
2186,Hopx,-0.0043399068273326045
2187,Hormad1,-0.003156560021870606
2188,Hoxa1,0.0026715746713572297
2189,Hoxb4,0.01238505162806616
2190,Hoxb5,-0.05020235910298276
2191,Hpcal1,0.3923976682628294
2192,Hpd,-0.002218953986289951
2193,Hpgd,-0.007560588289216683
2194,Hpgds,0.010939612925601864
2195,Hps3,0.0025587229746598166
2196,Hps6,-0.02002978555773595
2197,Hpse,0.01743836736044316
2198,Hpse2,-0.009256621640702152
2199,Hpx,-0.00562920371343493
2200,Hrc,0.012163990429153103
2201,Hrh2,0.05198041703206532
2202,Hs3st1,-0.015081626335493497
2203,Hs3st2,-0.01946076075343661
2204,Hs3st5,-0.002312655504206976
2205,Hs3st6,-0.0031504520138917083
2206,Hs6st1,-0.050999121941067024
2207,Hs6st2,0.004734271238245406
2208,Hs6st3,-0.009486850433775233
2209,Hsc70-ps1,-0.006075002155112006
2210,Hsd11b1,-0.0177302144231156
2211,Hsh2d,-0.02430120551225627
2212,Hspa12b,0.13799303880604127
2213,Hspa1b,-0.03821230513836614
2214,Hspa5,-0.05476370778095556
2215,Hspa8-ps23,0.007655491551718552
2216,Hspb1,-0.04509694052692109
2217,Hspb8,0.0004401779434041733
2218,Hspb9,-0.0063003376707537985
2219,Htatip2,0.007895503166750011
2220,Htatsf1,-0.013175927952842632
2221,Htr1b,0.007925033441217495
2222,Htr2a,-0.010438738514635523
2223,Htr2c,-0.008217847103616628
2224,Htr3b,-0.0018608474584805921
2225,Htr4,-0.015308604326313622
2226,Htr7,-0.013915273478847462
2227,Htra1,0.11402520667711373
2228,Htra2,0.028046676319481028
2229,Htra3,-0.04021484640722464
2230,Htra4,-0.008964241209922225
2231,Hvcn1,-0.019084014996072367
2232,Hycc1,-0.09339139094923105
2233,Ica1,0.23159226173616254
2234,Icam1,-0.009257112267693528
2235,Icam2,-0.024352161421735047
2236,Icam5,-0.0076227738056695825
2237,Icos,-0.0009958412247190653
2238,Icoslg,0.002397810537372265
2239,Id1,0.3342085714407802
2240,Id2,-0.04862495745345493
2241,Id3,0.08451231478258556
2242,Id4,-0.037073758455097874
2243,Ier2,0.11100654866366508
2244,Ier3,-0.014134526122438401
2245,Ier5,0.020796413785541226
2246,Ier5l,-0.0010573487216559959
2247,Ifi27,0.22190613801229928
2248,Ifi27l2b,-0.013188523310992784
2249,Ifi30,0.0013902697843047197
2250,Ifi44,0.2257544693136062
2251,Ifi44l,0.031020695178245378
2252,Ifih1,0.09654620624518187
2253,Ifit1,-0.016197736269230118
2254,Ifit1bl,0.22958895657592432
2255,Ifit2,0.10062939141520176
2256,Ifit3,-0.023387989602315126
2257,Ifitm3,-0.017523538372975336
2258,Ifitm5,0.025648057949668783
2259,Ifnar2,0.6948028984092727
2260,Ifngr1,0.1844900286154228
2261,Ifnlr1,-0.014473260015130473
2262,Ift22,-0.0032620511178980834
2263,Igdcc3,0.025412777543723793
2264,Igdcc4,-0.07734134747519308
2265,Igf1,-0.08550594906044204
2266,Igf1r,0.12158185664167086
2267,Igf2,0.0043476789411925985
2268,Igf2bp2,-0.009359549549727175
2269,Igf2r,-0.09401996265114548
2270,Igfbp3,0.048208598214289716
2271,Igfbp5,-0.0182195124421195
2272,Igfbp6,0.0005139086623636132
2273,Igfbp7,1.148921218003304
2274,Igfn1,0.0034772850846270884
2275,Ighm,0.00991156763027564
2276,Iglon5,-0.006089142925151441
2277,Igsf1,-0.00488847546115601
2278,Igsf10,0.0013741982343665315
2279,Igsf11,0.011726943395587854
2280,Igsf3,-0.049939005197994296
2281,Igsf6,-0.021676477731194316
2282,Igsf9,0.0046278862777036096
2283,Igsf9b,-0.008547566857475517
2284,Igtp,0.05290494010434289
2285,Ikbke,-0.12299535211636864
2286,Ikzf1,-0.1196245955871971
2287,Ikzf3,-0.027317516770329762
2288,Ikzf4,-0.031773087868612375
2289,Il10,-0.010030886591190002
2290,Il10ra,-0.014323198754125986
2291,Il11ra1,-0.05731667675042105
2292,Il12a,-0.0012309857584282178
2293,Il12b,-0.003007984635020844
2294,Il12rb1,-0.005965957267210759
2295,Il12rb2,-0.012910816834542628
2296,Il16,-0.07437925515649518
2297,Il17ra,-0.04542953834371813
2298,Il17rd,-0.05529677049968245
2299,Il18,-0.040439218751726944
2300,Il18r1,-0.0068032703099478314
2301,Il18rap,-0.008889248670601299
2302,Il1b,-0.01260728323263093
2303,Il1r1,-0.1399452840023689
2304,Il1r2,-0.009204738805238762
2305,Il1rapl1,-0.0012705135779751044
2306,Il1rl1,-0.000506504735922236
2307,Il20rb,-0.04206366761112105
2308,Il21r,-0.02398467461829925
2309,Il27,-0.0004473612108313813
2310,Il27ra,0.0041605536879840066
2311,Il2rb,-0.005292752110780881
2312,Il31ra,-0.004108753185817241
2313,Il33,-0.15637579199343873
2314,Il34,-0.06726484945596127
2315,Il3ra,0.0013089411560030934
2316,Il4r,0.04512280709636693
2317,Il6,0.005495385401210673
2318,Il6r,-0.3092515332854937
2319,Il6st,-0.03318411409400343
2320,Il7,-0.006036673153234438
2321,Il7r,-0.0007989337623535084
2322,Ildr2,-0.012572053301270187
2323,Ilk,0.13404060686483188
2324,Immp2l,0.07566981714022926
2325,Inhba,-0.001173638326077339
2326,Inka1,-0.017403923382873044
2327,Inka2,0.10835593504604689
2328,Inmt,-0.000245715428137697
2329,Inpp4b,-0.20511019909643152
2330,Inpp5d,-0.0703096505264666
2331,Ints6l,0.15475478821175753
2332,Ipcef1,-0.033788663448065734
2333,Ipp,0.10597589560577324
2334,Iqsec2,0.049945223159894386
2335,Iqsec3,-0.039023630003457904
2336,Irag1,-0.17105936128335336
2337,Irag2,0.08174942907999483
2338,Irf4,-0.08285016761190388
2339,Irf5,-0.037560694566157876
2340,Irf7,0.02414361611960955
2341,Isl1,0.0034643923102920977
2342,Isl2,0.008755240681086159
2343,Islr,-0.010124259402737073
2344,Ism1,-0.032021024505375556
2345,Ism2,-0.006387603896124878
2346,Isyna1,0.01767872622508031
2347,Itga11,-0.09050094746683422
2348,Itga2,0.008420905198811281
2349,Itga4,-0.05653882524791692
2350,Itga5,-0.010675146849841902
2351,Itga6,0.9867605152164505
2352,Itga8,-0.04487123155212111
2353,Itga9,-0.13712422572286592
2354,Itgad,-0.0045700933546522545
2355,Itgal,-0.039001256740660364
2356,Itgam,-0.016600978366332994
2357,Itgax,-0.0012175329918819354
2358,Itgb2,-0.015842396017351705
2359,Itgb3,-0.006877165372895484
2360,Itgb4,-0.09963572209453374
2361,Itgb5,-0.12462056251166734
2362,Itgb7,0.008189548694170337
2363,Itgb8,-0.020828838149227053
2364,Itgbl1,-0.14489322073933072
2365,Itih1,-0.0035934725573921115
2366,Itih2,0.010186499311877647
2367,Itk,0.005811846373031871
2368,Itm2a,-0.020972221002715997
2369,Itm2c,-0.024825000805467304
2370,Itpkb,1.3676064780508268
2371,Itpr3,-0.03849064429113944
2372,Itprip,-0.012730710100046016
2373,Izumo2,0.0007770367890973292
2374,Jag1,-0.030831754927876924
2375,Jag2,-0.012113071121329609
2376,Jakmip1,-0.010485070881283087
2377,Jakmip2,-0.0025346848935720685
2378,Jam2,0.31971621869239936
2379,Jam3,0.22865031734447608
2380,Jaml,-0.0038072264872559395
2381,Jazf1,-0.22114357081383898
2382,Jcad,0.34318773145978443
2383,Jchain,0.00917399042934242
2384,Jdp2,-0.03954728032188781
2385,Jkamp,0.052089922573748226
2386,Jph2,-0.016662196863573463
2387,Jrk,0.008072282972446986
2388,Jun,-0.1301391604073384
2389,Jund,-0.007466246591394186
2390,Jup,0.049357319483907994
2391,Kalrn,0.4367827822664594
2392,Kank3,0.2989615217699056
2393,Katnb1,0.013202853633823657
2394,Kazn,-0.15371855153762468
2395,Kcna3,-0.006102381021989
2396,Kcnab1,-0.10985466740557787
2397,Kcnab2,-0.024993450734541373
2398,Kcnb1,-0.3253468824149163
2399,Kcnd2,-0.011295662963884302
2400,Kcne4,-0.008577188330292466
2401,Kcnh3,-0.0004995929696592027
2402,Kcnh5,-0.002955768047434127
2403,Kcnh8,0.0004440090936434365
2404,Kcnip1,-0.0481741789995158
2405,Kcnip4,0.05010645024580179
2406,Kcnj10,-0.011378785365704509
2407,Kcnj2,0.019270409045999914
2408,Kcnj5,0.0018725057597136126
2409,Kcnj6,0.002102171885973186
2410,Kcnj8,-0.021273023264148733
2411,Kcnk10,-0.009104374762128189
2412,Kcnk12,-0.00148470369024677
2413,Kcnk13,-0.033163118850591276
2414,Kcnk5,-0.024012152242845676
2415,Kcnk6,0.014116672456907148
2416,Kcnma1,-0.08844949175654986
2417,Kcnmb4,-0.01976182630914535
2418,Kcnn3,-0.08035539897575623
2419,Kcnn4,-0.007953066650023027
2420,Kcnq1,-0.02411448280800985
2421,Kcnq3,-0.003384936510797908
2422,Kcnq4,-0.007186628309926736
2423,Kcnq5,-0.22572002524232287
2424,Kcnt1,-0.012443619572368857
2425,Kcnt2,-0.28180250034549703
2426,Kcnv2,-0.002705612517203345
2427,Kctd12,0.005994870314888812
2428,Kctd16,-0.052851433688776345
2429,Kctd17,0.01766479606980289
2430,Kdr,1.231849233871504
2431,Kiaa0040,0.35565679684928786
2432,Kiaa0408L,-0.023000903638700235
2433,Kiaa1755,-0.018109717562152062
2434,Kif19,0.00771437024891748
2435,Kif1a,-0.015056685590141634
2436,Kif20b,-0.007498914625239618
2437,Kif21b,-0.012058598123089312
2438,Kif23,-0.011559185376992163
2439,Kif24,-0.026111091104333947
2440,Kif26b,-0.03911630051127683
2441,Kif2c,0.005667265376760034
2442,Kif3a,-0.04598173773362718
2443,Kif4a,-0.011414975419043486
2444,Kif5c,-0.01949948735850534
2445,Kif6,0.014313244689400388
2446,Kif7,-0.03332942084827849
2447,Kifc1,-0.005577645538260106
2448,Kir3dl1,0.008427397834854241
2449,Kirrel1,-0.13855017815118445
2450,Kirrel3,0.003599227117083251
2451,Kit,0.07599287471041581
2452,Kitlg,1.0970922690063574
2453,Kl,-0.00746567061218727
2454,Klc3,0.01222765282468831
2455,Klf12,-0.12255837870874137
2456,Klf2,0.4431345739815199
2457,Klf4,0.16190986745793298
2458,Klf5,0.005337722532049533
2459,Klf6,0.21902174618654774
2460,Klf7,0.5414000267171994
2461,Klhdc8a,-0.012446678644187265
2462,Klhdc8b,-0.03970588581395061
2463,Klhl13,-0.059066693382181776
2464,Klhl2,0.12850643273515958
2465,Klhl29,-0.16914618098652598
2466,Klhl3,0.1088148455804786
2467,Klhl32,-0.10463338099112285
2468,Klhl33,0.0012765525804182393
2469,Klhl4,0.20176262285415705
2470,Klhl5,0.057715920532230305
2471,Klhl6,-0.015791016982672972
2472,Klra2,-0.05535379573126572
2473,Klra22,0.0014181242223316648
2474,Klra4,-0.013219019048476829
2475,Klra5,0.0006477243525874282
2476,Klrb1c,0.0015765387755486762
2477,Klrc2,-0.009049601773874916
2478,Klrc3,-0.002008575473466349
2479,Klrd1,-0.012813776791617248
2480,Klre1,0.013236823461162173
2481,Klrg1,0.00040225781921548586
2482,Klri1,-0.013033293728645095
2483,Klri2,0.00022868412101316753
2484,Klrk1,-0.014508695183633926
2485,Kmo,0.0008794683499874798
2486,Kndc1,-0.006011034772553174
2487,Knl1,-0.007962276836111398
2488,Knstrn,4.497299130758149e-05
2489,Krt16,-0.002713592335423864
2490,Krt18,0.0028383834828460703
2491,Krt2,8.609943003212782e-05
2492,Krt20,-0.0003207066039080947
2493,Krt222,-0.0067321995817534175
2494,Krt25,0.0022149786059338125
2495,Krt7,-0.0028957678447880343
2496,Krt8,-0.003067910527005041
2497,Krt80,0.013704101958092334
2498,Ksr1,-0.06645895325184654
2499,Ksr2,-0.011102239252601238
2500,Ky,0.010876656986404443
2501,Kyat1,-0.0010489674918190287
2502,Kynu,0.0034378460603945622
2503,L1cam,-0.02330963733226618
2504,LOC100359421,-0.008722311125792647
2505,LOC100359563,0.0003408046911859096
2506,LOC100359583,0.07748396405305298
2507,LOC100359951,-0.00764889081280519
2508,LOC100360413,0.005229434315532945
2509,LOC100360790,-0.01407998112958854
2510,LOC100360856,0.03821792444910349
2511,LOC100361854,0.005993894975888101
2512,LOC100361879,0.002944530373529693
2513,LOC100361907,0.012296130424379395
2514,LOC100362054,7.050830357114451e-05
2515,LOC100362173,0.009878879006052497
2516,LOC100362384,-0.010150961917976865
2517,LOC100362418,0.005057597464682352
2518,LOC100362479,0.0026655532991694897
2519,LOC100362814,0.8517365405699693
2520,LOC100363055,0.004648097635374151
2521,LOC100363064,0.004169762904015132
2522,LOC100363225,0.004373391375393064
2523,LOC100363472,-0.0009637103924414079
2524,LOC100363535,-0.0032896734482503074
2525,LOC100364265,-0.00017186106435676854
2526,LOC100365839,-0.007832480151746538
2527,LOC100366030,0.01841466306564987
2528,LOC100909434,-0.054977828413448615
2529,LOC100909671,-0.0010488598801974107
2530,LOC100909977,-5.933420461460168e-05
2531,LOC100910088,-0.020070668769630946
2532,LOC100910497,-0.02372257189964075
2533,LOC100910650,0.008561033157393858
2534,LOC100910657,-0.00027520681266783023
2535,LOC100910792,-0.04073149357020085
2536,LOC100910979,0.019995402006778386
2537,LOC100910996,0.0010753362184311287
2538,LOC100911093,-0.013604738313105443
2539,LOC100911253,-0.02685711147605744
2540,LOC100911413,0.014183406582500831
2541,LOC100911661,0.005055523286922001
2542,LOC100911668,-0.002915178505408
2543,LOC100912291,0.0007224637615785643
2544,LOC100912294,0.014315743393276263
2545,LOC100912306,0.006204798543361338
2546,LOC100912336,-0.014820005018796401
2547,LOC100912617,0.004537368681963066
2548,LOC100912659,-0.017815521790024984
2549,LOC100912683,-0.002007444949176013
2550,LOC100913013,0.01352904179966101
2551,LOC102546314,0.003666623164595607
2552,LOC102546903,0.0019006576127899516
2553,LOC102547042,0.03160961338951558
2554,LOC102548446,0.004509107207934768
2555,LOC102548506,-0.0017490762931362993
2556,LOC102548633,0.0008664584451770964
2557,LOC102548728,-0.003317620825083122
2558,LOC102549144,-0.008575490440908743
2559,LOC102549173,-0.009854083651285931
2560,LOC102549410,-0.012566216311103912
2561,LOC102549592,-0.004265908610231476
2562,LOC102549654,0.0018283610634249941
2563,LOC102549789,-0.08896514508918439
2564,LOC102549926,-0.007235870076518878
2565,LOC102550011,-0.006813158655057362
2566,LOC102550064,-0.0005355172062527563
2567,LOC102550466,0.013986371247999002
2568,LOC102550520,-0.001983285059048282
2569,LOC102550644,1.1383665145876518
2570,LOC102550729,-0.0033964186536912643
2571,LOC102550999,0.44259261272513084
2572,LOC102551724,-0.02247253004578488
2573,LOC102552326,0.00574415462302119
2574,LOC102552530,-0.008955704381526292
2575,LOC102552725,0.07380851728222587
2576,LOC102553338,-0.001994175142429205
2577,LOC102553350,-0.008942721008746182
2578,LOC102553625,-0.0057854506388828626
2579,LOC102554231,-0.000902483707377881
2580,LOC102554315-1,-0.005765291664789058
2581,LOC102554391,-0.005754581458328639
2582,LOC102554746,-0.010547175768201501
2583,LOC102555405,0.0009410115545741291
2584,LOC102555576,-0.007971745131095796
2585,LOC102556096,-0.012131487259337098
2586,LOC102556098,-0.006274173063236126
2587,LOC102556715,0.0013265090500548876
2588,LOC102557108,-0.003498026358678114
2589,LOC102557244,-0.0029169761802402897
2590,LOC102557419,-0.004927714778592883
2591,LOC103690563,0.006325773996933558
2592,LOC103690642,-0.00567854818678044
2593,LOC103690742,-0.01774753357229083
2594,LOC103691054,-0.01245526849155596
2595,LOC103691165,-0.023451965737819082
2596,LOC103691527,-0.005603458286132277
2597,LOC103692025,0.010842728878282804
2598,LOC103692302,0.004449177969047209
2599,LOC103693547,0.0014768879583269634
2600,LOC103694242,-0.0043512918637476136
2601,LOC103694730,-0.0028169835551120387
2602,LOC103695230,-0.005127167415741209
2603,LOC108348047,-0.0031053113924185173
2604,LOC108348067,-0.006184559026298018
2605,LOC108348146,-0.004282080124173434
2606,LOC108348366,-0.003554646218600265
2607,LOC108348453,-0.006362353427301456
2608,LOC108349685,0.005119794910150573
2609,LOC108350036,0.007633944949716622
2610,LOC108351161,-0.004550299427355394
2611,LOC108351200,-0.07715440065209606
2612,LOC108351584,-0.024203870080054767
2613,LOC108352070,1.8295074442862869
2614,LOC108352541,0.046547984645296164
2615,LOC108352885,0.10757127763179207
2616,LOC108352947,0.0005962532950245384
2617,LOC108353138,0.005770887554483878
2618,LOC108353456,-0.012347714878374487
2619,LOC120093077,0.0017676697121256511
2620,LOC120093089,0.01004356276556604
2621,LOC120093104,-0.00012906766702833758
2622,LOC120094123,-0.17888433835629775
2623,LOC120094218,0.0004476175814926706
2624,LOC120094615,0.011964804727218852
2625,LOC120094619,0.005275874536821944
2626,LOC120094650,-0.0036660011658500476
2627,LOC120094784,0.008104889793987644
2628,LOC120095067,0.28893300696388263
2629,LOC120095133,-0.0032670040239959853
2630,LOC120095179,-0.0031349386769452103
2631,LOC120095206,0.00832942209482274
2632,LOC120095254,-0.028678562519382673
2633,LOC120095320,0.001133761363337703
2634,LOC120095597,-0.017158705778676047
2635,LOC120096262,-0.00268623939966674
2636,LOC120096691,-0.0006050861637548325
2637,LOC120096727,0.0003814586205220338
2638,LOC120097562,0.1897516205155823
2639,LOC120097843,-0.015107129436776542
2640,LOC120098113,-0.3364081322118207
2641,LOC120098269,0.0032396175236483853
2642,LOC120098812,0.0014229846242915737
2643,LOC120098890,-0.003603414048700089
2644,LOC120098901,0.060246793416063746
2645,LOC120099287,-0.003651255158390093
2646,LOC120099296,-0.009900874564159499
2647,LOC120099372,-0.02516069990442151
2648,LOC120099628,0.012600667160148103
2649,LOC120100068,0.0058729162244383105
2650,LOC120100542,-0.006290135797099441
2651,LOC120100587,-0.00872244115938016
2652,LOC120100658,-0.0024926472554189696
2653,LOC120100725,0.01070895539925007
2654,LOC120100726,0.008578522630151445
2655,LOC120100890,-0.0012042997936356644
2656,LOC120101643,0.006794145413037556
2657,LOC120102213,0.0045790191278401535
2658,LOC120102230,0.04988265352998955
2659,LOC120102333,-0.0026670564245013864
2660,LOC120102351,0.028542641885293596
2661,LOC120102367,0.02971087645469172
2662,LOC120102913,-0.0041550545292717254
2663,LOC120103476,-0.0032472881800985204
2664,LOC290876,-0.005669425253568244
2665,LOC292543,0.0032006632351529105
2666,LOC297568,-0.007524354530830377
2667,LOC298116,-0.007861735042038888
2668,LOC300308,-0.002742802496537326
2669,LOC302022,0.14307604344118402
2670,LOC304725,-0.0122027694909127
2671,LOC306079,-0.01401157085474661
2672,LOC317456,-0.0022883468933521433
2673,LOC361346,0.05335917387589299
2674,LOC367830,-0.0022516371207361562
2675,LOC497796,-0.0009549501504269227
2676,LOC498300,0.011517087354301469
2677,LOC498414,0.002502305241293484
2678,LOC500124,0.008034079143692849
2679,LOC500331,0.003247261934032113
2680,LOC500354,0.005429163023901171
2681,LOC500876,-0.004729351570344858
2682,LOC500877,-0.00215163124036241
2683,LOC501467,0.009132210399818213
2684,LOC679924,-0.23921943435404033
2685,LOC680579,0.024946904385113582
2686,LOC680825,-0.019164650928908816
2687,LOC680875,-0.01050829016144712
2688,LOC680920,0.0037976846342449794
2689,LOC681182,0.000736391728750869
2690,LOC681355,0.02144582210968651
2691,LOC681458,0.004749476309576063
2692,LOC682419,0.009148678442239981
2693,LOC685085,-0.0015494701832697293
2694,LOC685680,-0.0014792773883963977
2695,LOC685767,0.012812060342757909
2696,LOC685793,0.0125153094545652
2697,LOC687560,-0.008036023062081782
2698,LOC687780,-0.017239012843410374
2699,LOC687881,-0.00759606558705391
2700,LOC688282,-0.007958704938945462
2701,LOC688553,-0.015354374688957149
2702,LOC689230,-0.002599984437507191
2703,LOC689800,0.03666241622989389
2704,LOC690246,0.0014804076654677447
2705,LOC690251,-0.0005312011839496407
2706,LOC690507,0.0024289874813418727
2707,LOC690862,0.009641533910077106
2708,LOC691033,-0.0037072134459156243
2709,LOC691141,-0.007832558472159048
2710,LOC691170,-0.014441637106116751
2711,LOC691414,-0.0012075502579567104
2712,LOC691418,0.007918368697773116
2713,LOC691658,0.0071156375322790726
2714,LOC691764,-0.006629819773491983
2715,LOC691995,-0.0033621294651875037
2716,Lad1,-0.001558161897874644
2717,Lag3,-0.00593909413170787
2718,Lama1,0.005639228850257239
2719,Lama2,-0.11219746662579637
2720,Lama5,-0.0784692806252271
2721,Lamb1,0.4507462460771523
2722,Lamb2,-0.09766400769464804
2723,Lamc1,0.714707052355521
2724,Lamc2,0.032947067408610975
2725,Lamc3,-0.07205388014666825
2726,Laptm5,-0.024470857977715133
2727,Lat,-0.003319785248184345
2728,Lat2,-0.00037900373077741096
2729,Lax1,-0.007606169823625278
2730,Lbh,-0.052230056524074
2731,Lbp,-0.014328800300524467
2732,Lbr,0.01957902923818749
2733,Lck,-0.011996147187081887
2734,Lcp1,-0.00308106165335772
2735,Lcp2,-0.02253093801653403
2736,Lct,0.006181586791831365
2737,Ldb2,-0.17793100371081827
2738,Ldlrad4,0.37772117535900374
2739,Lef1,-0.0015244674702075203
2740,Lefty2,0.0014517908898497643
2741,Lepr,0.01113508475638973
2742,Lgals3,-0.04054851722325797
2743,Lgals3bp,0.013985377296963069
2744,Lgals9,0.026846419746192965
2745,Lgi1,-0.004076452625528703
2746,Lgi2,0.0028439775294976065
2747,Lgi4,-0.0012862485196729933
2748,Lgmn,-0.06060832438076823
2749,Lhfpl1,0.0026893624081525238
2750,Lhfpl2,-0.0899275131401223
2751,Lhfpl4,0.0018208627588373314
2752,Lhfpl6,-0.13241661525221124
2753,Lhx3,-0.005237578537049267
2754,Lhx6,-0.004176585676052828
2755,Lif,-0.0133689275606678
2756,Lig1,-0.021922465049096757
2757,Lilra5,-0.016048236638448093
2758,Lilrb1,-0.007073694166069125
2759,Lilrb2,-0.013297351563834162
2760,Lilrb3,0.005884514581814182
2761,Lilrb3l,-0.0007582236552009054
2762,Lilrb4,-0.03656835432029099
2763,Lima1,-0.4094661447992517
2764,Limch1,-0.4426458482634279
2765,Limd2,0.0046535912205137656
2766,Limk1,-0.05929525766973017
2767,Lims1,0.12699015029003524
2768,Lin7a,-0.03870921164745196
2769,Lingo1,0.009036449843840529
2770,Lingo2,-0.0021786476041625686
2771,Lipc,-0.0012132650765504004
2772,Lmcd1,0.6121683681644194
2773,Lmnb1,-0.03795228963777638
2774,Lmo7,-0.19006899598948418
2775,Lmod1,-0.09001810493534793
2776,Lmx1a,-0.027797968441695433
2777,Lnx1,0.61566735801046
2778,Lonrf2,-0.011223804296330357
2779,Lonrf3,0.0019601088834325002
2780,Lox,-0.02855802972397945
2781,Loxl1,-0.0004627002061169828
2782,Loxl3,0.0007551866134652757
2783,Lpal2,-0.0023040184507698625
2784,Lpar1,-0.048698190633202965
2785,Lpar4,0.008307631827133623
2786,Lpcat1,-0.03295836436072548
2787,Lpcat2,-0.06183573565417983
2788,Lpin1,-0.44859659149914466
2789,Lpin3,0.0891128395546655
2790,Lpo,0.007485477040160131
2791,Lratd2,0.015445916204610756
2792,Lrch1,0.0023664499533427308
2793,Lrch4,-0.00496581900765187
2794,Lrit3,0.013281686598000088
2795,Lrp1b,0.004813288892928931
2796,Lrp4,-0.009864497068413507
2797,Lrp6,0.6433846790119971
2798,Lrpap1,-0.02427866172713918
2799,Lrr1,-0.001154048094624262
2800,Lrrc1,-0.028576243383734646
2801,Lrrc17,-0.004617599981442021
2802,Lrrc18,-0.01252067477817662
2803,Lrrc2,-0.0029192332468732565
2804,Lrrc23,-0.013146600556653667
2805,Lrrc25,-0.010509681547148604
2806,Lrrc32,0.01619727907218038
2807,Lrrc34,-0.0028669605086438293
2808,Lrrc36,-0.03503930260496859
2809,Lrrc3b,0.1409544894631085
2810,Lrrc49,-0.01040493424337494
2811,Lrrc4b,-0.006868250732117562
2812,Lrrc4c,-0.06882630121221146
2813,Lrrc55,9.643042013205176e-05
2814,Lrrc63,0.004802598527689819
2815,Lrrc7,-0.008301575079389424
2816,Lrrc72,-0.00395677642506163
2817,Lrrc74b,-0.001842298515613357
2818,Lrrc75b,0.007445640428309173
2819,Lrrc8c,0.6514567955102041
2820,Lrrc8e,0.0007658383394303419
2821,Lrrc9,0.004883796086166685
2822,Lrrcc1,-0.027347755712496584
2823,Lrrfip1,0.11436276977998873
2824,Lrriq1,0.0005369135207144507
2825,Lrrk1,-0.06763587859179235
2826,Lrrk2,0.02210973904969058
2827,Lrrn1,0.015549786254056952
2828,Lrrtm4,-0.008945124897991692
2829,Lsamp,-0.731671325185784
2830,Lsm10,-0.0028856352636305966
2831,Lsp1,-0.05284226052471642
2832,Lst1,-0.017511907992780185
2833,Ltb,-0.017242428766849734
2834,Ltbp1,0.0422839059613505
2835,Ltbp4,-0.1508947891334884
2836,Ltc4s,-0.004772504447785564
2837,Lum,-0.010309575904972506
2838,Lurap1l,0.08231867638612507
2839,Luzp4,0.002759007307537968
2840,Lvrn,0.05259144939774489
2841,Lxn,-0.0010177856965900558
2842,Ly49i3,0.0027821908864775558
2843,Ly49i7,-0.006299992271825914
2844,Ly49s5,0.0024471905923280387
2845,Ly49s6-1,0.008904511714792937
2846,Ly49si2,-0.057725674091642684
2847,Ly49si3,0.0006157375724944597
2848,Ly49si4,-0.019795086223730815
2849,Ly6c,-0.03862272775217836
2850,Ly6e,0.04258041614199794
2851,Ly6g6d,-0.001809757457393368
2852,Ly6h,0.008124698783355222
2853,Ly86,-0.037705717846261616
2854,Ly9,-0.0018628342239043016
2855,Lyc2,-0.0008388659846276729
2856,Lyn,0.20082555876091365
2857,Lynx1,-0.0091972461832915
2858,Lypd1,0.019302167249040943
2859,Lypd5,-0.004867921458791321
2860,Lypd6,0.007642089069757648
2861,Lypd6b,-0.008592741623134106
2862,Lyz2,-0.02522476887460677
2863,Lzts1,0.24837736375906735
2864,MAST1,-0.004690554215384644
2865,Macc1,-0.009807675636734639
2866,Macir,0.003482845873553054
2867,Macrod2,-0.04278839766739788
2868,Mad2l2,-0.030912608091794233
2869,Maf,-0.0951461484639119
2870,Mafb,-0.011611735373466775
2871,Maff,-0.07018888603515569
2872,Magea13,0.006737775188081865
2873,Mageb4,-0.004105562184096609
2874,Mageb6b1,-0.0028988495191295226
2875,Maged1,0.0005104203498696933
2876,Magee1,0.011637252692179375
2877,Mageh1,-0.00840419629398723
2878,Magi1,2.1456961587509187
2879,Magi2,-0.29991377155528137
2880,Magi3,0.7588677333583513
2881,Mak,-0.013626133897325232
2882,Mal,0.002318557673685948
2883,Mall,0.04123434839553908
2884,Malrd1,0.005082297866494823
2885,Mamdc2,-0.1697475557012701
2886,Maml2,0.7047864494630056
2887,Maml3,0.02478153348800484
2888,Mamstr,0.0037023810392840294
2889,Man1a1,-0.08836890378090814
2890,Man1c1,-0.12337819088874169
2891,Maob,-0.014946962096696575
2892,Map1a,-0.018400788174792806
2893,Map1b,-0.10367506955596308
2894,Map1s,-0.024133112341500257
2895,Map2,-0.013176703069840794
2896,Map2k6,-0.03791406350650774
2897,Map3k11,0.00937141032771076
2898,Map3k7cl,-0.047853020912546784
2899,Map3k8,0.12832648725661316
2900,Map4,-0.11348048472101381
2901,Map4k1,-0.021508640322644185
2902,Map6,-0.04595887943312505
2903,Map7d2,-0.008726447309486034
2904,Map7d3,0.0035514537565522024
2905,Mapk10,-0.06544614821174556
2906,Mapk11,-0.0004984717490521175
2907,Mapk13,-0.0019970620262594945
2908,Mapk7,-0.0376687404886791
2909,Marchf1,-0.06956646275219339
2910,Marchf10,0.0026167355517732194
2911,Marcks,0.001210350813078763
2912,Marcksl1,0.017070384131842684
2913,Mars2,-0.014816615694450629
2914,Marveld1,-0.030176241208418712
2915,Masp1,-0.014277127372979988
2916,Mast3,-0.020448498238742202
2917,Mast4,-0.14822778999560554
2918,Matk,-0.011420778362264046
2919,Matn2,-0.018573301564816545
2920,Matn3,0.0035824086312757197
2921,Mb21d2,-0.12169139973072529
2922,Mbnl3,0.009126479510016924
2923,Mboat1,-0.00716841006464607
2924,Mboat2,0.022665591478950246
2925,Mcc,1.1600668233706064
2926,Mcemp1,-0.00577907241442532
2927,Mcf2l,0.21437503831178198
2928,Mcm3,-0.001821288199369874
2929,Mcm6,-0.019457598353163227
2930,Mcoln2,0.0005880065974829075
2931,Mcph1,-0.009348791370702152
2932,Mcpt9,-0.004073240269389275
2933,Mctp1,-0.08074169540463268
2934,Mctp2,-0.05518252212471987
2935,Mcub,-0.0240708627251393
2936,Mdfic2,-0.006382846110953943
2937,Mdga2,-0.1021449352186429
2938,Me1,-0.3824093915443937
2939,Me2,0.013038319302256001
2940,Me3,-0.05459985281866964
2941,Mecom,0.420256012016278
2942,Med18,0.038311982049669
2943,Medag,-0.08594154656355557
2944,Mef2c,0.8894451429697832
2945,Mefv,-0.0049657607646327465
2946,Megf10,0.002929056423728595
2947,Megf6,0.003315229987495529
2948,Meiob,0.0022336677112966353
2949,Melk,-0.0004963018045277267
2950,Meox2,0.5093226413074697
2951,Mertk,-0.17584252565145703
2952,Mesp1,0.010492463526222838
2953,Mest,0.029228412304184846
2954,Metrn,-0.002502029890844967
2955,Metrnl,-0.06298648345938625
2956,Mettl7a,-0.05371254558910564
2957,Mex3b,-0.00742150257296674
2958,Mfap4,-0.010554552425672692
2959,Mfap5,-0.03388712801197007
2960,Mfhas1,-0.009825421075923357
2961,Mfng,0.005935312606305403
2962,Mfsd6,0.0889335040595007
2963,Mgam,-0.005635519174047806
2964,Mgarp,-0.0034768908854044414
2965,Mgat4a,0.14895151082849578
2966,Mgat4b,-0.01856742567778112
2967,Mgat4c,-0.0019914300274191375
2968,Mgat5,-0.14120425375416623
2969,Mgat5b,-0.0033659859922587506
2970,Mgll,1.3723745520132509
2971,Mgp,-0.024102782462742167
2972,Mgst2,0.05807256312424568
2973,Mical1,-0.0002993590132537912
2974,Mical2,0.04175394584664509
2975,Mical2-1,-0.007570610128110238
2976,Mid1,-0.14914718850312067
2977,Mif,-0.03157444238607236
2978,Mill1,-0.006370012209920889
2979,Milr1,-0.014058823002946681
2980,Mindy4,-0.07762538152097624
2981,Mis18a,0.0004010459867520062
2982,Mis18bp1,0.003942424262632747
2983,Mitf,-0.21869339029143015
2984,Mki67,-0.002146814800681896
2985,Mlana,0.010058547117516628
2986,Mlc1,-0.0009255870247032941
2987,Mlf1,0.0012004983370310384
2988,Mlip,-0.001459034397223588
2989,Mllt11,0.002477729498693027
2990,Mllt3,0.19732146852421406
2991,Mmd2,0.00023542717411676535
2992,Mmp14,-0.05270442101270783
2993,Mmp16,-0.003920223374424247
2994,Mmp17,0.03410691152944129
2995,Mmp2,-0.03596568028105522
2996,Mmp23,-0.017638305942933523
2997,Mmp25,0.004744199725162176
2998,Mmrn1,0.04201305523480596
2999,Mmrn2,0.06795895991660153
3000,Mms19,-0.004459144201795787
3001,Mms22l,0.0038753802010179496
3002,Mn1,-0.007290556636046434
3003,Mnda,-0.06184010518181353
3004,Mns1,0.003873490814011768
3005,Mogat3,-0.004177803987558111
3006,Morc4,0.018279125948466667
3007,Mov10,-0.014904494642477995
3008,Moxd1,0.001987313136772019
3009,Mpdz,0.21216283488997795
3010,Mpeg1,-0.004126013861381876
3011,Mpl,0.04443155133933512
3012,Mpp2,-0.03245865566022077
3013,Mpp4,0.005895325988647591
3014,Mpped2,-0.03395564319512445
3015,Mpz,0.012636252875650397
3016,Mpzl1,0.06667331803636058
3017,Mrc1,-0.09068450231352912
3018,Mrc2,-0.099275536740623
3019,Mrgprb2,-0.003484717586349374
3020,Mrgpre,0.004497445050632881
3021,Mrgprg,0.009605291118080783
3022,Mrgprx3,-0.0021968824944435406
3023,Mroh2b,2.7172424802465126e-05
3024,Mroh3,-0.00525949206277489
3025,Mroh9,0.0008257364345813868
3026,Mrps34,-0.029518246821477686
3027,Ms4a1,0.005853565322641774
3028,Ms4a12,-0.010699776512702994
3029,Ms4a14,0.0014123473281590488
3030,Ms4a4a,-0.04001270884861456
3031,Ms4a4c,-0.007814428822950333
3032,Ms4a4c-ps1,-0.019979166133682454
3033,Ms4a6a,-0.0005999742446466615
3034,Ms4a6b,-0.0006564172438614966
3035,Ms4a6bl,-0.011545051765289114
3036,Ms4a6c,-0.007951339391343265
3037,Ms4a7,-0.008493999240451787
3038,Ms4a8,-0.01661045967933581
3039,Msc,-0.002167613252639524
3040,Msh4,-0.009009358847632265
3041,Msln,-0.019695616884130886
3042,Msmo1,0.03622257987411578
3043,Msn,0.3745187901166406
3044,Msr1,-0.02038868766386443
3045,Mst1r,-0.008003532434380796
3046,Mt-atp6,-0.02147042147699102
3047,Mt-atp8,0.05540955326799799
3048,Mt-co1,0.2616669593500318
3049,Mt-co2,0.16374972383975583
3050,Mt-co3,0.6900955691197194
3051,Mt-nd1,0.02105039965627864
3052,Mt-nd2,0.10555637150568387
3053,Mt-nd4,0.29136690717840064
3054,Mt-nd4l,0.033283500175161365
3055,Mt-nd5,0.03367974996867987
3056,Mt-nd6,0.035092782939927986
3057,Mt2A,-0.004036828443451296
3058,Mtcl1,-0.027666974005162707
3059,Mthfd1l,-0.094400540020598
3060,Mthfd2,-0.006847041042767219
3061,Mtmr10,-0.035105624800061234
3062,Mtmr11,-0.04117710744978845
3063,Mtss1,0.3202178851234566
3064,Mtus2,0.00427687934006735
3065,Mucl3,-0.008291718124947632
3066,Mutyh,-0.024937007038572528
3067,Mx1,0.03895676345834744
3068,Mx2,0.08725568093499561
3069,Mxd1,0.013707303943341279
3070,Mxi1,-0.20449508256634014
3071,Mxra7,-0.08121304075235793
3072,Mxra8,-0.014528254552580841
3073,Myb,-0.002638024566063689
3074,Mybl2,0.004474870109973716
3075,Mybpc1,0.011239404866769626
3076,Mycl,-0.006849342822115103
3077,Mycn,0.004620012768011052
3078,Myct1,0.039327353804830226
3079,Myh10,-0.030849428709458435
3080,Myh11,-0.28755037332094735
3081,Myh15,0.002294733891164761
3082,Myh2,-0.002296773473229237
3083,Myh4,0.0019121344753727705
3084,Myh9,0.19057813540743115
3085,Myl12b,-0.21103808262803278
3086,Myl2,-0.006901545157106394
3087,Myl7,-0.002016840534272031
3088,Mylip,-0.003539689472648093
3089,Mylk2,-0.00029122005674466975
3090,Mylk3,-0.027449117614820825
3091,Myo10,1.6208031128760383
3092,Myo16,-0.007083176413634515
3093,Myo1b,0.9582703544715451
3094,Myo1c,0.21202119842065675
3095,Myo1d,0.13844308156165824
3096,Myo1e,0.4664151709485756
3097,Myo1f,-0.09733322952769427
3098,Myo1g,-0.014927975509759488
3099,Myo3a,-0.0192938936565568
3100,Myo5a,0.006690769760165954
3101,Myo5b,-0.04663111229306698
3102,Myo5c,0.002820735679036287
3103,Myo7a,-0.001740145349470085
3104,Myocd,-0.022318310122305503
3105,Myof,-0.21284231848283347
3106,Myom1,-0.05476779205520674
3107,Myom2,-0.004291408267275293
3108,Myoz1,-0.013156101948065638
3109,Mypn,0.01348132573674124
3110,Myrf,-0.017159047636109457
3111,Myrip,0.6134627938673178
3112,Mzb1,-0.004871889540235602
3113,N4bp3,0.024595037752843527
3114,Naaa,-0.045137893471523444
3115,Naalad2,-0.011020459243825755
3116,Naaladl2,-0.2039711365066428
3117,Nabp2,-0.013107811398521466
3118,Naglt1,-0.0030789596474126643
3119,Naip5,-0.00830033785732532
3120,Naip6,-0.010880144015930456
3121,Nalcn,-0.0186617238354554
3122,Nalf1,-0.00875016824093387
3123,Nanos3,0.00870738123350635
3124,Napsa,-0.01416564739647325
3125,Nat8,-0.008802533111014959
3126,Nat8f1,0.023332443899666225
3127,Nat8f2,-0.0011203375600075485
3128,Nat8f3,-0.003174197151175006
3129,Nav1,0.3831322536481919
3130,Nav2,-0.24918825321764204
3131,Nav3,0.11427617122488232
3132,Nbl1,0.00349776850704461
3133,Ncald,0.3361272107586171
3134,Ncam1,-0.0043532570079734744
3135,Ncam2,0.013604597636992719
3136,Ncapg2,0.027508161975146744
3137,Ncaph,-0.001971981237563475
3138,Ncdn,-0.0029162596555218252
3139,Ncf1,-0.034736864057709954
3140,Ncf2,-0.013238873817001923
3141,Ncf4,-0.01774251594894155
3142,Nck2,0.2549398000212863
3143,Nckap1l,-0.025575166493442724
3144,Nckap5,-0.14059241709358844
3145,Ncoa3,0.28227374352514056
3146,Ncor2,-0.06415746956296924
3147,Ncr1,-0.002678426091818401
3148,Ndc80,-0.00480680355838529
3149,Ndnf,0.0011642916083219046
3150,Ndrg1,-0.13381202782819152
3151,Ndst4,0.010982934870262414
3152,Ndufa4l2,-0.005693764416676048
3153,Ndufs5-ps2,-0.014217584214242397
3154,Neb,-0.10160869823656425
3155,Nebl,-0.5630041314043791
3156,Nectin4,-0.0072383081357188786
3157,Nedd9,0.2535031647468664
3158,Nefm,-0.001983114731306114
3159,Negr1,-0.1107834502553059
3160,Neil3,-0.011144008102014534
3161,Nek6,-0.04298319673266118
3162,Nell1,-0.04243821474334434
3163,Nenf,-0.02490990219803001
3164,Nes,0.057592477836547834
3165,Neto1,-0.006889458971483143
3166,Neto2,-0.010748618911031292
3167,Neurl1,0.001594008865642216
3168,Neurl3,0.005352381668254536
3169,Nexmif,-0.0009322773785895827
3170,Nexn,-0.10707467182474588
3171,Nfam1,-0.020550506457770408
3172,Nfatc2,-0.03145739830543062
3173,Nfkb2,0.043128156038730145
3174,Nfkbia,0.2941776869925354
3175,Nfkbid,-0.00041833230959360986
3176,Nfkbiz,-0.07183481208199323
3177,Ngf,-0.08145937705659917
3178,Ngfr,-0.0004851221678462492
3179,Nherf2,-0.2464933089431663
3180,Nhp2,-0.006245480577947304
3181,Nhs,-0.11459153687842769
3182,Nhsl1,-0.11494232818974053
3183,Niban1,-0.012884025065900563
3184,Niban2,-0.11389591737263252
3185,Nid1,0.07855387794853658
3186,Nid2,-0.08459144117861972
3187,Ninj2,-0.009553144803879175
3188,Ninl,-0.0186568196438607
3189,Nipal1,-0.001784705512666354
3190,Nipal2,-0.17375313400444642
3191,Nkain2,-0.01841692638433644
3192,Nkain3,0.002971898868992826
3193,Nkain4,0.001478736317972532
3194,Nkd1,-0.011226610260545864
3195,Nkd2,0.017347536279821357
3196,Nkg7,0.00718219186270628
3197,Nkpd1,-0.006075938096979214
3198,Nkx6-1,-0.002466651456943238
3199,Nlgn1,0.0019299868985188555
3200,Nlrc3,0.012347305742139394
3201,Nlrc4,0.001078722188465372
3202,Nlrp12,-0.013166269589719615
3203,Nlrp3,-0.04300504411149325
3204,Nlrp4,-0.003823486483024407
3205,Nlrp9,0.0022754486984406133
3206,Nme8,-0.02363799118122558
3207,Nmnat2,0.00800800849065673
3208,Nnat,0.007414929837802315
3209,Nnt,0.023032443292561825
3210,Nod1,0.3004773004753861
3211,Nod2,-0.015085213840792495
3212,Nog,-0.003196530889720719
3213,Nol4,-0.009231677736252733
3214,Nos1,0.02527064151356525
3215,Nos1ap,-0.21337153063079345
3216,Nos2,0.08223055966200174
3217,Nos3,0.3275702528390003
3218,Nostrin,0.0564647198382214
3219,Notch1,-0.12571329488077948
3220,Notch3,-0.15742428263615882
3221,Notch4,0.09736760498585867
3222,Notum,0.00027937079827323476
3223,Nova1,-0.10450506401000881
3224,Nova2,0.1284750230087243
3225,Nox4,-0.021428115854667452
3226,Noxa1,0.008999909441653601
3227,Noxred1,0.00597538245920262
3228,Npas1,-0.011417605594810297
3229,Npdc1,-0.06552637482517759
3230,Nphp1,-0.01977020750840076
3231,Nphp4,-0.004680328837781447
3232,Npl,-0.019611022942690216
3233,Nppc,0.0007848299868091289
3234,Npr1,0.3313638906812753
3235,Npr2,0.04651907882712422
3236,Npr3,0.0712140530069338
3237,Nr2f1,-0.035659719167815476
3238,Nr2f2,0.0002466645444523796
3239,Nr4a1,-0.20466657795721876
3240,Nr4a3,-0.007917461347237666
3241,Nr5a2,0.07990519046475124
3242,Nrarp,-0.01792132566094754
3243,Nrbp1,0.004761627802536698
3244,Nrep,0.21346686728688213
3245,Nrg1,-0.08650237570311553
3246,Nrg3,-0.003139914225741615
3247,Nrk,-0.004771752373343815
3248,Nrn1,0.001050925139686811
3249,Nrros,0.4539713874227466
3250,Nrxn1,0.03341720531640201
3251,Nrxn2,0.022769213720524734
3252,Nrxn3,0.011903081860206525
3253,Nsg1,-0.032795211107010266
3254,Nsg2,0.006587322785179309
3255,Nsmf,-0.013934094480711742
3256,Nt5c,-0.007859357485002504
3257,Nt5c1a,-0.037421490631515286
3258,Nt5e,-0.03846159955107053
3259,Ntf3,0.02753542290496424
3260,Ntm,-0.09317378426160133
3261,Ntmt2,0.005966846762237582
3262,Ntn1,0.06900022456518477
3263,Ntn4,-0.11297101572485721
3264,Ntng1,0.010058728469793759
3265,Ntrk1,-0.001516506810727658
3266,Ntrk2,-0.01198774776210821
3267,Ntsr1,-0.006952928061923747
3268,Nuak1,-0.21768263919437278
3269,Nuak2,-0.02022960276856236
3270,Nubp2,-0.01529383424830583
3271,Nudt4,0.04898242480126996
3272,Numbl,-0.046290206555496274
3273,Nup210,-0.029507728129844688
3274,Nup62cl,0.0020955305677207298
3275,Nwd2,-0.0186410023565011
3276,Nxn,0.29912779966729985
3277,Nxpe1,0.3169869857917621
3278,Nxpe2,0.0001392203068510704
3279,Nxpe3,0.04259890093244953
3280,Nxpe5,0.007785857751727599
3281,Nxph1,-0.25773460606027576
3282,Nxph3,0.005448380465443432
3283,Nyap2,0.008182882808757968
3284,Nynrin,0.040304846492696875
3285,Oas1h,0.007452743876781433
3286,Oas1i,0.007801802427010293
3287,Oas1k,-0.022744190379732285
3288,Oas2,-0.016581205573043677
3289,Oas3,-0.0032736073775842494
3290,Oasl,0.0420635598960141
3291,Oasl2,0.11767156460077334
3292,Oat,-0.020464411320056233
3293,Obp3,-0.003966857029388916
3294,Obscn,0.000972015328971937
3295,Obsl1,0.011088555364753713
3296,Ocln,-0.013803702259890117
3297,Ogdhl,-0.000457376035835767
3298,Ogn,-0.05763350700007667
3299,Olah,-0.007848009831858665
3300,Olfml2a,0.004607216828470811
3301,Olfml2b,-0.0168537762320305
3302,Olfr1350,0.006479597880561008
3303,Olfr287,0.008265442776017174
3304,Olr1,0.0053589334124981396
3305,Olr1090,-0.012144050085407719
3306,Olr1093,0.0025727195735984164
3307,Olr1585,-0.02603809203619461
3308,Olr59,-0.040365064163450384
3309,Oma1,-0.0021514181819584748
3310,Omd,-0.00845111294370478
3311,Onecut1,-0.005283855928667622
3312,Onecut3,-0.0009399826051641159
3313,Opn4,-0.007693747485777931
3314,Oprd1,-0.010716485324793757
3315,Oprm1,0.0024458439958784904
3316,Or12d17,-0.0013070439782204828
3317,Or12j2,-0.0034554117227887523
3318,Or13c7d,-0.0036289831180215523
3319,Or1f20,0.0020632113314518665
3320,Or1f27,-0.006214425559314039
3321,Or1l4,-0.004819663103129068
3322,Or2b4,0.004004483643150805
3323,Or2v2c,-0.009270042581427905
3324,Or2y1e,-0.005102159113022979
3325,Or2z2,-0.0012362438175552181
3326,Or4c102,0.0010987065810903547
3327,Or4k49,-0.0004688640519066277
3328,Or5an10,0.00013142692170822344
3329,Or6c69,-0.00186134886093897
3330,Or6n1,-0.003911090049694542
3331,Or7d9,-0.003477649137873889
3332,Or7e176,0.004166417390382879
3333,Or8b54c,0.002101951854458769
3334,Or8g2c-1,-0.003637288256394448
3335,Orai1,0.007519784973799338
3336,Orai2,-0.039957190119504014
3337,Osbp2,-0.027964599280180837
3338,Osbpl10,0.026524921916132385
3339,Osbpl3,-0.11837995524970304
3340,Osbpl5,-0.0951001020769034
3341,Oscp1,-0.01584628641609163
3342,Osgep,-0.033293867215924484
3343,Osm,0.0008169437702425914
3344,Osmr,0.09092535199739372
3345,Osr1,-0.01001715618033712
3346,Osr2,0.017567810869049197
3347,Otof,0.009069483907467582
3348,Otulinl,-0.04229395615172138
3349,Oxtr,-0.008155465361472821
3350,P2rx1,-0.026162010935671096
3351,P2rx2,-0.008781447673857025
3352,P2rx6,0.006831703639828909
3353,P2rx7,-0.025475579284857938
3354,P2ry10,-0.02615388256058389
3355,P2ry10b,-0.008775499053090743
3356,P2ry12,-0.05725607678723968
3357,P2ry13,-0.015297183485889928
3358,P2ry14,-0.06015053909958399
3359,P2ry2,-0.06443034190911678
3360,P2ry6,-0.012745786181158
3361,P3h3,-0.12915886609234706
3362,P3h4,-0.0062412673174231815
3363,P3r3urf,0.0023345242499578376
3364,P4ha2,-0.12983024986206992
3365,P4ha3,-0.024791605542937585
3366,P4htm,-0.04259089127173234
3367,PCOLCE2,-0.017687023564232743
3368,Pabir2,-0.01480131898192625
3369,Pabpc4-ps1,-0.0028508534959756117
3370,Pacsin1,0.0632164357835863
3371,Pacsin3,-0.00787146860656297
3372,Padi1,-0.002540338168086631
3373,Padi3,0.007281714706943667
3374,Padi4,-0.006085763181444345
3375,Pah,0.0011034510497599658
3376,Pak1,-0.007215803665743344
3377,Pak5,-0.0049116471360521816
3378,Pak6,-0.0029300463319491673
3379,Palldl1,0.17757703231452415
3380,Palm,0.014879858270698303
3381,Pals2,0.03528178335716617
3382,Pam,0.3347945070580953
3383,Pamr1,0.002251067635378531
3384,Panx1,0.005073231887055226
3385,Panx2,-0.007643665150660962
3386,Paox,-0.017143481690279707
3387,Pappa,-0.045663665432626524
3388,Pappa2,-0.01067992353326564
3389,Paqr5,-0.008991012353540535
3390,Paqr6,-0.012724350578445922
3391,Paqr8,-0.03724736888798581
3392,Pard6g,-0.0015547868418412207
3393,Parp14,0.06844945412029409
3394,Parp8,-0.017945695256046043
3395,Parva,0.2049509119361645
3396,Parvg,-0.004947720954064905
3397,Patl2,-0.002393387342827665
3398,Patz1,-0.03137217924999672
3399,Pawr,-0.008906352671670895
3400,Pax3,-0.013860597229988562
3401,Pax4,0.005721439284005602
3402,Pax5,0.002188681396334203
3403,Pax6,-0.0004701492023638932
3404,Pax7,-0.0035384317118971904
3405,Pax8,-0.0074843541404112325
3406,Pbk,0.0012613169603815566
3407,Pbx3,0.03984801837488093
3408,Pbx4,-0.002199793966640705
3409,Pcdh10,0.012417315334840678
3410,Pcdh11x,-0.060405761836944474
3411,Pcdh12,0.18058097521003882
3412,Pcdh15,0.014577594612532897
3413,Pcdh17,0.45263735601154587
3414,Pcdh18,-0.015188541683785702
3415,Pcdh19,0.2393149599823181
3416,Pcdh7,-0.17901191245764514
3417,Pcdh9,-0.014751317190302884
3418,Pcdha5,-0.05180032292238544
3419,Pcdhb2,0.009875431871860338
3420,Pcdhb5,0.008865383443880694
3421,Pcdhga5,0.4962159804099074
3422,Pced1b,0.5629815810675182
3423,Pck1,-0.013796885926593457
3424,Pclo,-0.08869367752695101
3425,Pcna,0.01911427592941361
3426,Pcnx2,-0.006072362933387721
3427,Pcolce,-0.02635584546587197
3428,Pcp4,-0.002100611505718471
3429,Pcp4l1,-0.02486953224541112
3430,Pcsk2,-0.011935850610594524
3431,Pctp,-0.028981691607619892
3432,Pdcd1lg2,0.7351163131618648
3433,Pde10a,-0.11284198552141883
3434,Pde1a,-0.06772225945379086
3435,Pde1c,1.1059778855599105
3436,Pde2a,0.29044218425315443
3437,Pde3a,0.10642195966659296
3438,Pde4b,-0.135057513340491
3439,Pde4c,-0.01139785151367535
3440,Pde4d,-0.829550443155088
3441,Pde5a,0.041327967916314205
3442,Pde6a,-0.0004542499025416756
3443,Pde6h,0.009717800787919288
3444,Pde8b,-0.09800434820163426
3445,Pde9a,0.10854410960397262
3446,Pdgfb,0.18223080768006392
3447,Pdgfc,-0.08246045784506334
3448,Pdgfd,-0.3130424760431022
3449,Pdgfra,-0.08244556026482752
3450,Pdgfrb,-0.1364879783802173
3451,Pdia5,-0.0775510575125683
3452,Pdk3,0.0032134347807373093
3453,Pdk4,-0.3734038523719012
3454,Pdlim1,0.07966151791123353
3455,Pdlim2,-0.0036900342423692068
3456,Pdlim3,-0.04552821322405279
3457,Pdlim4,-0.0025136879503302977
3458,Pdlim5,0.600967020588549
3459,Pdlim7,-0.11214227287786138
3460,Pdpn,-0.024857868157623503
3461,Pdzd11,0.0009793342269806271
3462,Pdzd2,0.26776320059805475
3463,Pdzd4,-0.001436438564884758
3464,Pdzrn3,-0.22703814246691414
3465,Pdzrn4,-0.0004748824941284034
3466,Peak1,0.11341685925708188
3467,Pear1,0.05058238083597024
3468,Pecam1,0.6983987939121333
3469,Peg3,-0.03792767891292485
3470,Peli2,0.1293188917980635
3471,Perp,0.005455311530380123
3472,Pex5l,-0.014913719330256368
3473,Pf4,0.000858502023859685
3474,Pfkfb3,-0.29043123986913333
3475,Pgam2,-0.004172560721967619
3476,Pgf,-0.0006515390951083069
3477,Pglyrp1,0.03212003435326369
3478,Pgm2l1,-0.026177983938428417
3479,Pgm5,0.3584832571450816
3480,Pgpep1l,-0.011969541466169437
3481,Phactr1,0.6436903509224574
3482,Phactr2,0.18280328269937196
3483,Phactr3,0.0056272269513992
3484,Phex,0.00578834771896377
3485,Phf11,-0.0064241404357093185
3486,Phf19,-0.020236490375549858
3487,Phf21b,0.017777674436464858
3488,Phlda1,-0.00037769782646157254
3489,Phldb1,-0.04284352446846368
3490,Phldb2,0.32999902508648155
3491,Phldb3,-0.009395421705865676
3492,Phox2a,-0.008322781502612182
3493,Phyhipl,0.00017789764994190736
3494,Pi15,-0.0073799754283824905
3495,Pi16,-0.028315796727079207
3496,Pianp,-0.0029359962978752537
3497,Pid1,-0.27357323019375135
3498,Piezo2,-0.001361637511589995
3499,Pik3ap1,-0.03194426143630678
3500,Pik3c2b,-0.028888882592549903
3501,Pik3c2g,-0.01073770122591493
3502,Pik3cd,-0.05005710165005221
3503,Pik3cg,-0.023957166017149534
3504,Pik3ip1,-0.03235125764652558
3505,Pik3r3,-0.051410875494816155
3506,Pik3r5,-0.05231026224025469
3507,Pik3r6,0.07523450389789331
3508,Pilra,-0.003921930644972868
3509,Pilrb,-0.012288431449817644
3510,Pilrb-ps6,-0.004751714875867384
3511,Pim3,0.14020866357612577
3512,Pinlyp,-0.005571960278624072
3513,Pip5k1b,-0.17849073235860272
3514,Pip5k1c,0.1199497459620989
3515,Pirb,-0.025703003409428438
3516,Pitpnc1,0.8610736021454279
3517,Pitpnm3,-0.05424189921634892
3518,Pitx2,-0.011923895667551688
3519,Pitx3,-5.1010937730656784e-05
3520,Piwil4,-0.001383392823742215
3521,Pjvk,-0.004851863982588645
3522,Pkd1l2,-0.004305131041858125
3523,Pkhd1l1,-0.14060452112392088
3524,Pkia,0.06600742606202935
3525,Pkib,-0.002094776527663841
3526,Pknox2,-0.1305802542623809
3527,Pkp1,-0.003948020054275947
3528,Pkp4,0.845603488662456
3529,Pla2g1b,-0.011204999496976925
3530,Pla2g2a,-0.009081650291210098
3531,Pla2g4a,-0.10696246814714873
3532,Pla2g4e,0.0010302112038642198
3533,Pla2g7,-0.01616287021781617
3534,Pla2r1,-0.04585290937840662
3535,Plaat1,-0.005278770775949635
3536,Plac8,-0.03516296995839364
3537,Plac8l1,-0.01058205375381775
3538,Plac9,-0.050821866283124316
3539,Plagl1,-0.09932493133038306
3540,Plat,0.012487058666219802
3541,Plau,-0.013647875240352589
3542,Plaur,0.005654259078440943
3543,Plcb1,0.8687244709754414
3544,Plcb4,1.6964295198817378
3545,Plcd3,-0.04473579038866778
3546,Plce1,-0.19439366969342864
3547,Plcg1,0.2350318384833568
3548,Plcg2,-0.17359735636638507
3549,Plcl1,-0.623394317278738
3550,Plcl2,-0.061003103125456225
3551,Plcxd2,-0.0037830160922562896
3552,Plcxd3,-0.03294595639653326
3553,Pld2,0.10934467335481662
3554,Pld4,-0.02605608548595095
3555,Pld5,-0.02997350511348105
3556,Plek,-0.02217842554391222
3557,Plek2,-0.002440196462649348
3558,Plekha1,0.14801014196620932
3559,Plekha2,-0.1289598641245281
3560,Plekha4,-0.014230054321151252
3561,Plekha6,-0.07682485163838257
3562,Plekhb1,0.006178275300877499
3563,Plekhg1,0.14194858781722594
3564,Plekhg2,0.02838742951371099
3565,Plekhg5,0.18157315812308367
3566,Plekhg6,-0.0032991939028583902
3567,Plekhh2,-0.07635575299723651
3568,Plekho2,-0.06854585506038285
3569,Plk1,0.0011906277044201581
3570,Plk2,-0.010724008151709354
3571,Plod2,-0.14242693057753208
3572,Plpp1,0.3932255522584411
3573,Plpp3,0.6766728123690309
3574,Plpp4,-0.0063041991758776336
3575,Plppr1,-0.0007438347480104848
3576,Plppr5,-0.004391775917725502
3577,Pls3,0.6722089899039168
3578,Plscr1,-0.01543065004640564
3579,Plscr2,0.15748565849179874
3580,Plscr4,-0.07260880321001813
3581,Pltp,-0.02204896083895664
3582,Plvap,0.0062683089740260345
3583,Plxdc1,-0.009522015948500447
3584,Plxdc2,-0.15793374843253408
3585,Plxna1,-0.04569752883961993
3586,Plxna4,-0.3496808349826744
3587,Plxnb1,-0.034604159798209536
3588,Plxnb2,-0.06873831048365624
3589,Plxnb3,-0.0003480606977553976
3590,Pmaip1,-0.006252321521454402
3591,Pnp,-0.036415268883212504
3592,Pnpla1,-0.006030747828443194
3593,Pnpla2,-0.2780100327866297
3594,Pnpla3,-0.5600632159592498
3595,Poc1b,-0.07584604903900355
3596,Podxl,-0.28439379091962036
3597,Podxl2,-0.010817407817842795
3598,Pole3,-0.016870481470476574
3599,Polm,-0.010018952486806967
3600,Polq,0.006693579931215041
3601,Polr2m,-0.0015933563802169172
3602,Postn,-0.20459309420391414
3603,Potefam1,0.004292584987137728
3604,Poteg,0.000928183722081986
3605,Pou2af1,0.008776667946520038
3606,Pou2af2,-0.0022451601352628213
3607,Pou2f2,-0.008334462447689978
3608,Pou3f1,0.0038646801310749847
3609,Ppargc1a,0.5051820551957092
3610,Ppef1,0.0003250242384145838
3611,Ppef2,0.057751445038563096
3612,Ppfia2,-0.014996629149943217
3613,Ppfia4,0.0015145064237802482
3614,Ppfibp1,0.7103213913676776
3615,Ppil6,0.014571052561667986
3616,Ppl,-0.03449565500607622
3617,Ppm1f,0.37478003580280805
3618,Ppm1h,0.07732718786000492
3619,Ppm1n,-0.00945818256878285
3620,Ppp1r13l,-0.04532565881289095
3621,Ppp1r14a,-0.010622318201710957
3622,Ppp1r14b-ps2,0.0027472327209558545
3623,Ppp1r14d,-0.010808737984785599
3624,Ppp1r16b,0.6092700897825865
3625,Ppp1r18,-0.02217801623330308
3626,Ppp1r1a,-0.006018466055530989
3627,Ppp1r1c,-0.006961137771549062
3628,Ppp1r3a,-0.006905806556778403
3629,Ppp2r2b,-0.114308033831133
3630,Ppp2r3b,-0.004195987748852712
3631,Ppt1,-0.019617995653781486
3632,Prag1,0.37753724987167586
3633,Prc1,-0.01732062204362101
3634,Prdm12,-0.004168819148912052
3635,Prdm5,-0.08110150803437126
3636,Prdm6,-0.05763667580397551
3637,Prdm8,0.0029105195524169077
3638,Prex1,-0.10692668253073982
3639,Prf1,-0.008124591308101262
3640,Prickle2,-0.11785473717079047
3641,Prim1,0.010393154717280004
3642,Primpol,0.007888308968426875
3643,Prkar1b,-0.0019148528343421885
3644,Prkca,-0.12698016809716203
3645,Prkcb,-0.09991681846103834
3646,Prkcd,-0.05710808367859542
3647,Prkcg,0.06657853573914987
3648,Prkch,1.2984142681978768
3649,Prkcq,-0.013133275769214414
3650,Prkcz,-0.02727670500874759
3651,Prkd2,0.20150460889862404
3652,Prkg1,-0.714555594293177
3653,Prl3d2,0.0018076430334824044
3654,Prlr,0.03503712971428619
3655,Prnp,-0.003792596899991983
3656,Procr,-0.03249434778658529
3657,Prok2,-0.009328876051872293
3658,Prokr2,-0.00907877992003468
3659,Prom1,0.10669055626925979
3660,Prox1,-0.00903168308234236
3661,Prph,-0.024346484140852043
3662,Prr29,-0.004349029081823221
3663,Prr5,0.011925416027135486
3664,Prr5l,0.0486027922791661
3665,Prrt1b,-0.0026512130983917786
3666,Prrt2,-0.030888558068816775
3667,Prrt4,0.009562854202664919
3668,Prrx1,-0.15909824150793084
3669,Prrx2,0.007001048812419224
3670,Prss12,0.0868521867211409
3671,Prss16,-0.007176565573006059
3672,Prss22,-0.0021567587757127292
3673,Prss23,0.010707200649037733
3674,Prss38,-0.0036958425541817725
3675,Prss39,-0.0015061898679755653
3676,Prss41,-0.011105350702313813
3677,Prss45,-0.0010305396176703992
3678,Prss59,0.005395846694570168
3679,Prtfdc1,0.2406949562603904
3680,Prtg,-0.011690183390526871
3681,Prune2,-0.11771126915934198
3682,Psd4,-0.01232738854825492
3683,Psmb8,-0.04820415282020933
3684,Psmb9,-0.016817480682952163
3685,Psrc1,0.003203184181050441
3686,Pstpip1,-0.054133600321098076
3687,Ptafr,-0.04872181035294876
3688,Ptbp3,0.2994205103076486
3689,Ptch1,-0.05513779151620636
3690,Ptch2,-0.0008049179909358859
3691,Ptchd1,-0.03151115343233751
3692,Ptchd4,0.0011698142936472171
3693,Ptcra,0.004052882183757776
3694,Ptgfrn,0.023466307856715475
3695,Ptgs1,0.03923666458356946
3696,Ptgs2,-0.015883823104266018
3697,Pth2r,0.004584794278084548
3698,Pthlh,-0.014527541255135164
3699,Ptk2b,-0.056082465162161754
3700,Ptk6,-0.004926966863143452
3701,Ptk7,-0.008243770704665584
3702,Ptn,-0.028370683768980883
3703,Ptpn13,-0.1548947719262387
3704,Ptpn18,-0.04262477070227848
3705,Ptpn22,0.006020318915589842
3706,Ptpn5,0.0007359995071184614
3707,Ptpn6,-0.010919529601735447
3708,Ptpn7,-0.014968277904958468
3709,Ptprb,0.3659784882294832
3710,Ptprc,-0.17898746317860054
3711,Ptprcap,0.008302628802741052
3712,Ptpre,-0.07003586439799908
3713,Ptprg,1.195448301646416
3714,Ptprj,-0.2820445115894502
3715,Ptprn2,-0.04693628016046232
3716,Ptpro,-0.0498229831352311
3717,Ptprq,0.01706700382047442
3718,Ptprr,0.0226279916519869
3719,Ptprv,0.003910967826855243
3720,Ptx4,0.002887495738305472
3721,Pus7l,0.011891225569088837
3722,Pvr,-0.13237205574822866
3723,Pwwp3a,-0.04551530656542943
3724,Pxdc1,0.23053578681591547
3725,Pxdn,0.12376448522812027
3726,Pxn,0.46208610933721694
3727,Pygo1,-0.020285957583320396
3728,Qprt,-0.021941396164630377
3729,Qrfpr,-0.008170434810362285
3730,Qrfprl,-0.010931652218104033
3731,Qrich2,0.007175902945498657
3732,RGD1304622,-0.014347021798879735
3733,RGD1304884,-0.01725844152531842
3734,RGD1305298,-0.0030523785388381114
3735,RGD1306556,0.4601573994357354
3736,RGD1306750,0.0030941596334439153
3737,RGD1307443,0.007338996429128956
3738,RGD1308742,-0.0010251896272965608
3739,RGD1309104,-0.21995929611454332
3740,RGD1309170,0.0005432772304091212
3741,RGD1309350,-0.007721299018392334
3742,RGD1311744,-0.012754534684440532
3743,RGD1559482,-0.027530776905143283
3744,RGD1559575,-0.039241655770668786
3745,RGD1559600,0.0006120418900818638
3746,RGD1560034,-0.0036853272090741087
3747,RGD1560281,-0.009701154003137374
3748,RGD1560723,0.0009725610701962857
3749,RGD1560917,0.006279615640546594
3750,RGD1561151,0.006665307677888739
3751,RGD1561327,-0.05117108747530265
3752,RGD1561998,0.0007033775536817973
3753,RGD1562039,-0.007178950102274665
3754,RGD1562402-1,0.007800148765125854
3755,RGD1562608,0.0710200661051319
3756,RGD1562667,0.00561048356275795
3757,RGD1563072,-0.0009339020743380946
3758,RGD1563104,-0.0004460988120867425
3759,RGD1563400,-0.022698521282542114
3760,RGD1563835,-0.00037895041010879997
3761,RGD1563917,-0.01975219969533016
3762,RGD1563956,0.006719633201249662
3763,RGD1563958,-0.0018993596842975954
3764,RGD1563978,-0.0014193127973094707
3765,RGD1564053,-0.011093765368354706
3766,RGD1564319,0.004902951082463005
3767,RGD1564409,-0.0007484551167925423
3768,RGD1564480,0.0028707585615914246
3769,RGD1564651,-0.006267634615130526
3770,RGD1564664,0.00400142151364055
3771,RGD1564744,-0.004832825638228435
3772,RGD1564748,0.0014119603777008462
3773,RGD1564899,-0.0038512054252017825
3774,RGD1564955,-0.0033866490188691452
3775,RGD1565367,0.030115623275974363
3776,RGD1565410,-0.0015454728330473988
3777,RGD1565653,-0.0028048312854337763
3778,RGD1565753,-0.0005419305704499919
3779,RGD1566184,0.005705631444012776
3780,RT1-A2,0.0923535170581966
3781,RT1-Ba,-0.02302243912880004
3782,RT1-Bb,-0.026039594493684634
3783,RT1-CE14,-0.015231251037773121
3784,RT1-CE16-1,0.0013897741268469664
3785,RT1-CE3,0.055142651091124345
3786,RT1-DOa,-0.0037829850734085774
3787,RT1-DOb,-0.0030270942733675423
3788,RT1-Da,-0.009399560830974653
3789,RT1-Db1,-0.04482677406732875
3790,RT1-Db2,-0.008967062201210688
3791,RT1-Ha,-0.0026999138290305542
3792,RT1-N3,0.05452218602783363
3793,RT1-S3,0.007302850983611369
3794,RT1-T24-3,0.4716978466543199
3795,RT1-T24-4,0.09059763281199582
3796,Rab11fip1,-0.008170429570430085
3797,Rab11fip4,-0.015616843049156342
3798,Rab13,-0.006868755523371723
3799,Rab17,0.014776956102480893
3800,Rab19,-0.016848214739094817
3801,Rab26,-0.0069508275079508425
3802,Rab27a,0.14894145506582523
3803,Rab27b,-0.013160268697718797
3804,Rab31,0.026520782814722713
3805,Rab32,-0.032865410828747534
3806,Rab37,0.000572406349687776
3807,Rab3b,-0.010879468276197148
3808,Rab3il1,-0.014255317652083325
3809,Rab3ip,0.015111683883175147
3810,Rab44,-0.00591662269661742
3811,Rab6b,-0.038931488885972754
3812,Rab7b,-0.007454581666769995
3813,Rab8b,-0.009705573495901336
3814,Rac2,-0.010584307683071965
3815,Rad51b,-0.014271180790345308
3816,Radil,-0.027246966404222306
3817,Rag1,-0.0040359112165484655
3818,Rag2,-0.000548220710004357
3819,Rai14,0.09627100104204206
3820,Rai2,-0.028420245523023704
3821,Ralb,0.013805288941055727
3822,Ralgapa2,-0.4211576633413395
3823,Ralgds,-0.019061070156261968
3824,Ralgps2,-0.11836636573111554
3825,Ralyl,-0.006466136715059074
3826,Ramp1,-0.0015404450477731527
3827,Ramp3,0.004204324129766525
3828,Ranbp3l,0.0016227548695916508
3829,Rap1gap2,-0.05917605185367299
3830,Rapgef1,0.7652857725558286
3831,Rapgef3,0.32636753590925516
3832,Rapgef4,-0.07348196586160077
3833,Rapgef5,0.37074735160211647
3834,Rapgefl1,-0.011405939533792476
3835,Raph1,0.036917044150202895
3836,Rarres1,-0.005912678347704915
3837,Rasa3,0.0047773785074384685
3838,Rasa4,-0.0500659777336409
3839,Rasal1,-0.012653691237509902
3840,Rasal2,1.1044706433047908
3841,Rasal3,0.005984383929818542
3842,Rasd1,-0.04740757991766095
3843,Rasd2,-0.007821628698843341
3844,Rasef,-0.005614347521446923
3845,Rasgef1a,-0.0032067810071902125
3846,Rasgef1b,0.03918634491219176
3847,Rasgef1c,0.00034514712312851256
3848,Rasgrf2,-0.03079341266713074
3849,Rasgrp1,-0.02053839134780727
3850,Rasgrp2,0.024457482473514827
3851,Rasgrp3,0.8186724285380191
3852,Rasgrp4,-0.02357342128563692
3853,Rasip1,0.3140492465933332
3854,Rasl11a,-0.017033954422166448
3855,Rasl12,-0.06989753082906876
3856,Rassf1,-0.03445188991085696
3857,Rassf2,-0.02305858962717248
3858,Rassf3,0.152931532717745
3859,Rassf5,-0.0964711055648845
3860,Rassf9,-0.08160703791611078
3861,Rbbp8nl,0.0010614955617286913
3862,Rbbp9,0.01906663997164667
3863,Rbfox1,-0.03776325969537356
3864,Rbfox3,0.026254448052850515
3865,Rbl1,-0.01651510063328
3866,Rbm11,-0.008496959830570075
3867,Rbm20,0.00015307818755527346
3868,Rbm3,0.04743410677558764
3869,Rbms3,-0.41342773335842486
3870,Rbmx2,0.006531898075420181
3871,Rbp7,0.5097339930428584
3872,Rbpj,-0.099797545248768
3873,Rbpjl,-0.004564187396722485
3874,Rcan2,-0.2765064853341602
3875,Rcan3,-0.07062635861456301
3876,Rcn3,0.04852415880853214
3877,Rcsd1,0.6041840569717649
3878,Rd3,0.003525983658980768
3879,Rdh12,0.001804873061384839
3880,Rec114,-0.015072708033933672
3881,Recql4,-0.0030481271212804096
3882,Reg4,0.0006005628490441763
3883,Relb,0.08110237083895043
3884,Reln,-0.004503590636626639
3885,Relt,0.031431425306778726
3886,Rem1,-0.04177282203066275
3887,Ren,-0.015442851676732695
3888,Reps2,-0.03420785864235909
3889,Rerg,-0.14053857529393962
3890,Rexo5,-0.0357139847544269
3891,Rfc2,0.02563502739751316
3892,Rfc5,0.002897939203345746
3893,Rfk,0.007086461412995718
3894,Rflna,0.00835284522011377
3895,Rftn1,0.7075440706182498
3896,Rfx2,-0.001818931671985206
3897,Rfx8,0.013154428969741672
3898,Rgcc,0.6207757631107509
3899,Rgl1,0.35640530951171256
3900,Rgs1,-0.002583834257970946
3901,Rgs10,-0.04612218334672809
3902,Rgs12,0.08450393219361842
3903,Rgs14,-0.01517471904515754
3904,Rgs18,-0.007262911968430515
3905,Rgs19,-0.0013952081596129845
3906,Rgs20,0.06705938383082843
3907,Rgs3,-0.5000808625494684
3908,Rgs4,-0.023265186836127653
3909,Rgs5,-0.08835477402070666
3910,Rgs6,0.2986781934001015
3911,Rgs7,-0.6720735697867672
3912,Rgs9,-0.003177786412823135
3913,Rgsl1,-0.0018591995833008123
3914,Rhbdf1,0.01544559150218463
3915,Rhcg,-0.008315533367222561
3916,Rho,0.004249416471374603
3917,Rhoc,0.17749904612028816
3918,Rhoh,-0.017617514052549486
3919,Rhoj,0.40668298314891627
3920,Rhpn1,-0.007705607094105412
3921,Rhpn2,-0.00416642623841032
3922,Ribc2,0.005383925993095078
3923,Rida,-0.015369465828569712
3924,Rig1,0.11252712783487404
3925,Rimbp2,0.3631561193356827
3926,Rimklb,-0.010518305596410187
3927,Rims1,-0.005186059117033662
3928,Rin1,0.033775563863826276
3929,Rin3,0.25661903730364904
3930,Riox1,-0.0069572870047065905
3931,Ripk4,-0.0013193036275488978
3932,Ripor1,0.031761817386912326
3933,Ripor2,-0.1568753823897842
3934,Ripor3,-0.0022751368258481066
3935,Ripply1,0.0003884875797015609
3936,Rit2,0.009071552925962173
3937,Rnasel,-0.0019875411654095764
3938,Rnd2,-0.006995303867684524
3939,Rnf112,0.011480125643516246
3940,Rnf144b,-0.048013418006588565
3941,Rnf145,-0.005544365268848609
3942,Rnf157,0.00237830184537219
3943,Rnf180,-0.012411814879102603
3944,Rnf207,-0.001582405335354896
3945,Rnf208,-0.000526789056507001
3946,Rnf220,0.3468343880429357
3947,Rnf227,0.006127935168744277
3948,Rnf39,-0.012325970753156619
3949,Rnpep,0.11076017549751023
3950,Robo1,0.003172021294433465
3951,Robo2,-0.025037123631965308
3952,Robo3,-0.011100927430275215
3953,Robo4,0.3186688429569938
3954,Romo1,-0.027747246556798576
3955,Ropn1l,0.0030681229096480326
3956,Ror1,-0.16818890216047208
3957,Ror2,-0.04010352442912694
3958,Rorb,-0.011753134990058412
3959,Rp1l1,0.0036969199064262356
3960,Rpgr,-0.04954523591514957
3961,Rph3al,0.08675924259688073
3962,Rpl13,-0.0009741561182735302
3963,Rpl13a,-0.06180487652335762
3964,Rpl14,-0.03736954553586695
3965,Rpl15,0.02003409809146782
3966,Rpl18,-0.004825981905432349
3967,Rpl18a,0.006814927749726333
3968,Rpl19,-0.0388378915124266
3969,Rpl23,0.027960728294408533
3970,Rpl23a,-0.0099036198987035
3971,Rpl26,0.003924005152074294
3972,Rpl26-ps2,-0.003477218180939807
3973,Rpl27,-0.02647830434081072
3974,Rpl28,0.0037133955795964147
3975,Rpl29,-3.364272829841221e-05
3976,Rpl30l2,0.013122034715594342
3977,Rpl32,-0.07078739119814392
3978,Rpl34,-0.023248960501576262
3979,Rpl35-ps8,-0.0009390605981040912
3980,Rpl37,-0.013846226218729437
3981,Rpl37a-ps1,-0.0022484215391132415
3982,Rpl37l1,0.0067119887896180674
3983,Rpl39,-0.00924534177607206
3984,Rpl8-ps7,-0.005445185281714985
3985,Rpl9,-0.011642380056755532
3986,Rplp0,-0.024369045070097326
3987,Rplp1,-0.03138199727590648
3988,Rps10,-0.0013661539207892003
3989,Rps10l1,-0.029270440662187855
3990,Rps12,-0.0099434297705182
3991,Rps13,0.00940931373455441
3992,Rps13-1,0.0075805061458466385
3993,Rps14,-0.05093757107560237
3994,Rps15,0.06694169051947586
3995,Rps15a,0.025973770049624968
3996,Rps16,0.030280874221287047
3997,Rps2,-0.023990905124779572
3998,Rps20-ps10,0.007854248045159488
3999,Rps20-ps11,0.002913547955152089
4000,Rps21,-0.009265994563250429
4001,Rps23,-0.014917808542572167
4002,Rps27a,-0.0034968209413853836
4003,Rps28,0.007905106792347273
4004,Rps29,-0.042293405951424945
4005,Rps3a,-0.0001583520556185554
4006,Rps4x,-0.014798911522263442
4007,Rps5,-0.013574253551817088
4008,Rps6-1,-0.010022062652358148
4009,Rps6ka1,-0.02070679443384911
4010,Rps6ka2,0.2328846131948569
4011,Rps6kl1,0.1816108578012796
4012,Rps7,0.016199204207701566
4013,Rps8,-0.023682893573064988
4014,Rpsa,-0.03274154362444199
4015,Rpsa-ps4,0.0008872613827348229
4016,Rrad,0.0072472669265989595
4017,Rrbp1,-0.15114370546607597
4018,Rrm2,-0.006527889978950138
4019,Rsad2,0.049286797206283144
4020,Rspo1,-0.008677100391041411
4021,Rspo2,0.0023103700848062995
4022,Rspo3,-0.018357373556418283
4023,Rspo4,0.053732593310318266
4024,Rtl6,-0.010176256201945346
4025,Rtn1,0.217898351648753
4026,Rtn2,-0.013993683537175729
4027,Rtn4rl2,0.0006017027359802862
4028,Rtp4,0.04205399893111052
4029,Runx1,-0.15556846091594273
4030,Runx1t1,0.5622633616000292
4031,Runx2,-0.012316196994679354
4032,Runx3,-0.011751332001202498
4033,Rxfp1,-0.010914226168236656
4034,Rxfp2,0.0052493653824465854
4035,Ryr1,-0.02034536354149962
4036,Ryr2,-0.004822264433846315
4037,S100a10,0.0067611449878596415
4038,S100a4,-0.008937398501063499
4039,S100a6,-0.04421087916522054
4040,S100a7a,-0.0068834952956123244
4041,S100a8,-0.01405115706660109
4042,S100a9,0.0026020809786240417
4043,S100g,0.001362805788898308
4044,S100z,0.014888642891430229
4045,S1pr1,0.17234363465256666
4046,S1pr2,-0.02698816059120067
4047,S1pr3,-0.0002829232601363491
4048,Sag,-0.00305127571526528
4049,Samd10,-0.003319633477846674
4050,Samd12,-0.332570192408327
4051,Samd13,4.053328890326301e-05
4052,Samd14,-0.0037700940688922806
4053,Samd3,0.006721031938812476
4054,Samd4a,-0.37972963007962957
4055,Samd5,1.5743572511302517
4056,Samd9,0.034335342885496084
4057,Samd9l,0.27835880543000735
4058,Samhd1,-0.02438226880200925
4059,Samsn1,-0.019248690390604405
4060,Sap30,0.01707984226586288
4061,Sapcd2,-0.0066900623451262645
4062,Sarm1,0.01305252138053789
4063,Sash1,0.6650016442026871
4064,Sash3,-0.006495664331061116
4065,Sat1,-0.06233316867095189
4066,Satb1,-0.07796692860146567
4067,Sbk3,6.533584317705197e-05
4068,Scara5,-0.09966077988390996
4069,Scarb1,0.08292985839861516
4070,Scarf2,0.01685035660877658
4071,Scd,-0.5783839317040547
4072,Scd4,0.0006647600766003058
4073,Scel,-0.012588279491149273
4074,Scg2,0.00766672933248711
4075,Scg5,-0.0018380583904995854
4076,Schip1,0.23521788433770746
4077,Scimp,-0.015329569979954445
4078,Scin,0.0032523341503979102
4079,Scml4,-0.005442390928192962
4080,Scn1a,0.005896904914706088
4081,Scn2a,-0.006110140086285387
4082,Scn2b,-0.011875592221471899
4083,Scn3a,-0.046722854051567744
4084,Scn3b,-0.0038950492819955925
4085,Scn5a,0.017909136283783135
4086,Scn7a,0.006830767654819943
4087,Scn9a,-0.02002214145571045
4088,Scnm1,0.0030232712172837237
4089,Scp2d1,0.00894102884854083
4090,Scrn1,-0.06839976872658948
4091,Scube2,-0.023111349645618968
4092,Sdc1,-0.008471827653961535
4093,Sdc2,-0.12340797203995801
4094,Sdc4,-0.0816902217582213
4095,Sdf2l1,0.0022308623204302415
4096,Sdk1,-0.20557280583533585
4097,Sdk2,-0.07198185769849708
4098,Sdr16c6-1,-0.009523723380460505
4099,Sec14l1,0.030457381772560993
4100,Sec24d,-0.17247225157898585
4101,Sec61b,0.018350907835415445
4102,Sel1l2,-0.0002087901162846871
4103,Sel1l3,0.009699876146617128
4104,Selenop,-0.01351096032364261
4105,Selenow,0.019000155381885514
4106,Sell,-0.02564542101514635
4107,Selp,-0.00957168318305043
4108,Selplg,-0.017371060414909753
4109,Sema3a,0.028607710797588243
4110,Sema3c,-0.174921712485818
4111,Sema3d,9.505850137242478e-05
4112,Sema3e,-0.023878903511040488
4113,Sema3f,-0.06226439965007533
4114,Sema3g,-0.023206140385020342
4115,Sema4a,-0.022914489326769767
4116,Sema4c,0.08795579499740072
4117,Sema4d,-0.039730412701870846
4118,Sema5a,-0.06736846288595198
4119,Sema5b,-0.003142034672690818
4120,Sema6a,0.6871471286794304
4121,Sema6b,0.13942031729705018
4122,Sema6c,-0.004954543577262966
4123,Sema6d,0.06367264303599585
4124,Sema7a,0.046920268341059904
4125,Septin1,-0.0026040632927256564
4126,Septin11,-0.22868012093175005
4127,Septin3,-0.002009540657258474
4128,Septin4,-0.0975580797635246
4129,Septin5,0.0038086863801524364
4130,Septin6,-0.00538036954387713
4131,Septin8,-0.048309015290435534
4132,Septin9,-0.7200308262118427
4133,Serinc2,-0.005744288679116274
4134,Serinc5,0.4104427821272025
4135,Serpina1,-0.001958489726284322
4136,Serpinb11,-0.00978872015184236
4137,Serpinb13,0.003888435619270892
4138,Serpinb6b,-0.014939721587277148
4139,Serpinb8,0.005371893378961663
4140,Serpinb9,0.012195308670510462
4141,Serpine1,-0.011962367698050584
4142,Serpine2,-0.009762680197121969
4143,Serpinf1,-0.014875193481161352
4144,Serping1,-0.00922573145189966
4145,Serpini1,-0.00022906624267216968
4146,Sertad1,0.016440888716866033
4147,Set,0.06573318536129057
4148,Setbp1,-0.33868832718488334
4149,Sez6,0.04314146208994185
4150,Sez6l,0.030086784935802885
4151,Sez6l2,-0.005512826163207707
4152,Sfrp1,-0.04196336323400068
4153,Sfrp2,-0.010218797280059606
4154,Sfrp4,-0.018230472994579732
4155,Sfrp5,0.0011924960908483214
4156,Sft2d3,0.00038878363855213887
4157,Sfxn1,-0.04012676546433751
4158,Sfxn3,-0.05611727270377206
4159,Sgce,0.07904531190541172
4160,Sgip1,-0.0899040270799642
4161,Sgk1,0.25185905550162707
4162,Sgo2,-0.026856924468111894
4163,Sgpp1,0.05929742063372665
4164,Sgpp2,-0.022064342625868608
4165,Sh2d2a,-0.0023620349332967292
4166,Sh2d3c,0.8180042003079053
4167,Sh2d5,-0.003740741313689335
4168,Sh3bgr,0.004157389713195421
4169,Sh3bp1,-0.0016094383426646145
4170,Sh3bp2,-0.05424334658844975
4171,Sh3bp4,-0.07204374548663797
4172,Sh3d19,-0.06938289235676673
4173,Sh3gl2,0.21637351951433034
4174,Sh3gl3,0.014419538402799286
4175,Sh3pxd2b,-0.10526471600136199
4176,Sh3rf1,0.09097051711056808
4177,Sh3rf3,-0.04943370354474389
4178,Sh3tc2,0.11457865257179864
4179,Shank3,0.8917332639466123
4180,Shc2,0.010278629721617815
4181,Shc4,-0.010880253017106436
4182,She,0.06555392340524575
4183,Shf,-0.02583175208689945
4184,Shfl,0.022901172898262545
4185,Shisa5,-0.08281760019015558
4186,Shisa9,-0.003634660083089762
4187,Shox2,0.00039453117348949517
4188,Shq1,0.03254799054187714
4189,Shroom2,0.0540051634683997
4190,Shroom4,0.13696117368181257
4191,Shtn1,-0.035767333997946404
4192,Sidt1,0.0023984867451073855
4193,Siglec1,-0.013544782042910021
4194,Siglec10,0.001974163262112476
4195,Siglec15,0.011546663458989855
4196,Siglec5,-0.05542919370897961
4197,Siglec8,0.0011813326413379454
4198,Sim1,-0.011102058200613552
4199,Sipa1,-0.00872144988883634
4200,Sirpal1,-0.003854364539560452
4201,Skap1,-0.01845315623280338
4202,Skint10,-0.009104162165972686
4203,Sla,-0.017167762286708958
4204,Sla2,-0.03002725811595326
4205,Slain1,-0.01731279642313693
4206,Slamf1,-0.010204757082529622
4207,Slamf6,-0.003142140388013395
4208,Slamf7,-0.03625495653416494
4209,Slamf8,0.00918226000771422
4210,Slamf9,-0.0065070888957025775
4211,Slc10a6,-0.0605894426223796
4212,Slc11a1,-0.008438804965262111
4213,Slc13a4,0.017063982131319044
4214,Slc14a1,-0.0063380342652158365
4215,Slc15a3,0.010153057861028911
4216,Slc16a11,0.006077448214277281
4217,Slc16a12,-0.027207916369643127
4218,Slc16a13,0.03779203045950591
4219,Slc16a5,0.014808706459646118
4220,Slc16a6,0.013413620587279067
4221,Slc17a3,-0.0029087742102854915
4222,Slc17a9,0.0023923357063386228
4223,Slc1a2,-0.007795327258499615
4224,Slc1a7,-0.007540449209678428
4225,Slc22a15,0.14106654356250115
4226,Slc22a16,0.0033081604227140383
4227,Slc22a18,0.07466722064432477
4228,Slc22a8,-0.003281975041562007
4229,Slc25a13,-0.07575383067841615
4230,Slc25a21,0.007417243724075016
4231,Slc25a25,-0.017515129970821035
4232,Slc25a29,-0.026686951921665862
4233,Slc25a30,0.01709434821766042
4234,Slc25a43,0.005240248761078558
4235,Slc25a48,0.0034378264922735905
4236,Slc25a53,0.008614450004626722
4237,Slc26a10,-0.533531840863594
4238,Slc26a3,-0.02864021751996492
4239,Slc26a5,0.004275154416121385
4240,Slc26a7,-0.005055288556206584
4241,Slc27a1,-0.4170276705059972
4242,Slc27a4,0.016532135810949755
4243,Slc27a6,-0.015569676282236492
4244,Slc28a2,0.7126291279591965
4245,Slc28a3,-0.0010624192554036785
4246,Slc29a2,-0.013090202371695902
4247,Slc2a1,-0.01650455450568942
4248,Slc2a10,0.0050504313670568166
4249,Slc2a3,0.01821067347340516
4250,Slc30a1,0.007021505960076535
4251,Slc34a1,-0.005455123596219264
4252,Slc35c1,0.0004396394558044334
4253,Slc35d2,0.140974129297252
4254,Slc35f1,0.22441052906636816
4255,Slc35f2,-0.011895161897417563
4256,Slc35f3,-0.0002498682692797195
4257,Slc35f4,-0.022768371783113243
4258,Slc37a2,-0.02549173439092587
4259,Slc38a4,0.002956582625011683
4260,Slc39a8,-0.022953009752843055
4261,Slc40a1,-0.021138572388283504
4262,Slc44a1,-0.14015940215542408
4263,Slc44a2,-0.050471721240810244
4264,Slc45a3,-0.001664614010118205
4265,Slc45a4,-0.06677792307432008
4266,Slc47a2,-0.006904712421479317
4267,Slc4a1,0.0001680723148949168
4268,Slc4a10,-0.07766538596445641
4269,Slc4a4,0.17396062500202936
4270,Slc51a,0.00019005248944780652
4271,Slc5a7,-0.0005471787283100932
4272,Slc66a2,0.11594161492232419
4273,Slc66a3,-0.004270838718602227
4274,Slc6a12,-0.0005211937623208723
4275,Slc6a15,0.0049683526545771205
4276,Slc6a16,-0.005726515067461932
4277,Slc6a2,-0.01737311253419792
4278,Slc6a20a,-0.011314343137466397
4279,Slc6a6,-0.3159716010138075
4280,Slc6a7,0.0001814335678682283
4281,Slc7a1,0.17770150895174391
4282,Slc7a10,-0.005485275976111687
4283,Slc7a11,-0.012903391240268972
4284,Slc7a7,-0.01460407554724764
4285,Slc7a8,-0.10046295918813737
4286,Slc7a9,-0.007976348500795953
4287,Slc8a1,-0.07778924608503959
4288,Slc9a4,0.0010016184733648388
4289,Slc9a5,0.012766382436498403
4290,Slc9a7,0.04709882003819073
4291,Slc9a9,-0.3320583478770303
4292,Slco1a4,-0.018858844764962295
4293,Slco2a1,-0.012737955956928587
4294,Slco2b1,0.36129002174136354
4295,Slco3a1,-0.1899276429869827
4296,Slco4a1,0.0018885378237258916
4297,Slfn13,-0.04753351706247223
4298,Slfn2,0.05971487037257515
4299,Slfn4,-0.03350191748425789
4300,Slfn5,0.023237226547983554
4301,Slit2,-0.10529982175088597
4302,Slit3,-0.7969396147338388
4303,Slitrk2,-0.0032173454450971986
4304,Slitrk5,-0.003142476866580963
4305,Slitrk6,2.1046274429135817e-05
4306,Slpi,-0.004952447298869272
4307,Smad6,-0.6783466128461438
4308,Smad7,-0.1317849389284441
4309,Smarca1,-0.005162203874214398
4310,Smc4,-0.024366372536977536
4311,Smco4,0.17116887593853808
4312,Smg8,0.000377572188857513
4313,Smim31,0.0014105349282834143
4314,Smim5,-0.007763789106895032
4315,Smo,-0.030515579143774674
4316,Smoc2,-0.030687906040682215
4317,Smpd3,0.030596968136694352
4318,Smpd5,-0.013281030826675484
4319,Sms,-0.0007367925602421227
4320,Smtn,0.2183714825737717
4321,Snai1,0.028150207279686652
4322,Snai2,-0.007052729392853327
4323,Snap25,-0.009846333722088912
4324,Snap91,-0.0005365431067089142
4325,Snapc5,-0.004120479579810328
4326,Snca,0.0004856942120672567
4327,Sncaip,0.0522352753473976
4328,Sncg,-0.01571672879600034
4329,Sned1,-0.06736204288118475
4330,Snn,-0.0024865139936580283
4331,Snph,-0.013476519055379155
4332,Sntb1,-0.1172407994705439
4333,Sntb2,0.23168525661472877
4334,Sntn,0.004203460811532136
4335,Snx12,-0.04539084636200368
4336,Snx20,-0.010022620325006861
4337,Snx24,-0.22438083004784343
4338,Snx8,-0.007344575786647699
4339,Socs2,0.19828762542025613
4340,Soga3,-0.006945690613876613
4341,Sorbs2,-0.7290401884987283
4342,Sorbs3,-0.020741296215538173
4343,Sorcs1,-0.008947188161610902
4344,Sorcs2,-0.0005849466415499532
4345,Sorcs3,-0.014042840360162623
4346,Sostdc1,-0.0028156668235626357
4347,Sox10,-0.006203084698830026
4348,Sox11,-0.0012828926136602009
4349,Sox13,-0.23282775043232828
4350,Sox17,0.040490744943192616
4351,Sox18,0.028077568380850043
4352,Sox2,-0.004176068440209923
4353,Sox4,0.05703294514602939
4354,Sox8,-0.004386393367677868
4355,Sp100,0.41214824509561165
4356,Sp6,0.006195111786551902
4357,Spag1,0.5293547808960024
4358,Spag6l,0.004919815419492804
4359,Sparc,0.09064906770567488
4360,Sparcl1,0.2276679383447585
4361,Spata13,0.07646921977200904
4362,Spata32,-0.00703588744343279
4363,Spata6,-0.023163538377045247
4364,Spats2l,0.16651256324176428
4365,Spdef,0.0032528700010391034
4366,Specc1,-0.19335548653623014
4367,Spef2,-0.009491806933362375
4368,Speg,-0.08174132780267857
4369,Spem1,-0.009079807489877197
4370,Spetex-2E,0.0050008794778779175
4371,Sphk1,0.006836583538650168
4372,Sphkap,-0.035461522604616644
4373,Spi1,-0.030833251476690575
4374,Spic,-0.00766474176598583
4375,Spink1,-0.005419420344930467
4376,Spink2,0.0006983668350718318
4377,Spink8,-0.025840096505294896
4378,Spint1,0.0050505999850678236
4379,Spn,0.006170364121309222
4380,Spns2,-0.059497170992637634
4381,Spns3,-0.006188115630046126
4382,Spo11,0.0023642291700760225
4383,Spock1,0.02575697580877785
4384,Spock3,-0.006393771555790313
4385,Spon1,-0.04096196411501787
4386,Spr,-0.004546945849893692
4387,Spred2,0.7339277613209207
4388,Spred3,-0.04293090131676021
4389,Sprn,0.0008797779880946024
4390,Spry1,0.04460250651607467
4391,Spry2,0.021996959878149355
4392,Spry3,0.004838303483906329
4393,Spry4,-0.058610170126540906
4394,Spryd4,0.010468966923600352
4395,Sqle,-0.006834955720883488
4396,Src,-0.04096499546212501
4397,Srcin1,0.017529378883166774
4398,Srebf1,-0.27098302764947113
4399,Srf,0.0921325029917517
4400,Srgap1,-0.03375509946339759
4401,Srgap2,0.5683403926286853
4402,Srgap3,0.013336176394715177
4403,Srgn,0.02494553749911914
4404,Srm,-0.008053768180261298
4405,Srrm3,-0.005828914829666569
4406,Srrm4,-0.010594515081411312
4407,Ss18l2,-0.003514130260166972
4408,Ssbp4,0.00548098144412148
4409,Ssc5d,-0.04027485398564577
4410,Ssh3,-0.028711442828998276
4411,Sstr3,0.0008480121385748186
4412,Ssuh2,-0.004047055871268534
4413,Ssx2,-0.0007425909017939882
4414,Ssx2ip,0.0033428779642700364
4415,St14,-0.010449737548080302
4416,St18,0.00026052903723164616
4417,St3gal1,0.15194011397476248
4418,St3gal6,0.01079472535233232
4419,St6gal1,-0.11261461519623198
4420,St6gal2,-0.012461750389189915
4421,St6galnac2-1,3.974190160828395e-05
4422,St6galnac3,0.2988334213622318
4423,St6galnac5,0.014469952717993756
4424,St8sia1,-0.013822150894765082
4425,St8sia2,0.00790049159977479
4426,St8sia4,0.370539583578261
4427,St8sia5,-0.0056794173150792335
4428,St8sia6,-0.0327837328811292
4429,Stab1,0.032521772039728405
4430,Stab2,-0.002032782585205099
4431,Stac,-0.11253078348711293
4432,Stag3,6.539654830203475e-06
4433,Stambpl1,-0.0028123082834977022
4434,Stap1,-0.005922060286735942
4435,Stap2,0.07575166353162183
4436,Stard10,0.0034958234419244683
4437,Stard13,0.22641081228968354
4438,Stard8,0.0465306863131543
4439,Stard9,0.7722147319826727
4440,Stat3,0.1842385877807815
4441,Stc2,0.005196746820546781
4442,Steap2,-0.005309046720489399
4443,Steap4,-0.08888304432888194
4444,Stfa2l3,-0.005975744024065473
4445,Sting1,0.020738436101259958
4446,Stk10,0.10218663032227965
4447,Stk17b,-0.035301800133358596
4448,Stk26,-0.006722885076684243
4449,Stk31,0.00990073289667117
4450,Stk32b,0.006728084976846042
4451,Stk39,-0.12809572895861937
4452,Stmn2,-0.03487606217971043
4453,Stmn4,-0.008891167189871776
4454,Ston2,-0.09995664338815657
4455,Stox2,1.4630582287769798
4456,Stra6l,0.00017008099669072862
4457,Stx11,0.05148582541470939
4458,Stx1a,-0.08387270457538984
4459,Stx3,-0.01826429661223719
4460,Stxbp1,0.01511274975431455
4461,Stxbp5,0.2100808073389854
4462,Stxbp5l,-0.006891812331749523
4463,Stxbp6,0.5682455809804399
4464,Styk1,-0.0019513515948592739
4465,Sulf1,-0.331235404092065
4466,Sult1a1,0.05875519184516662
4467,Sult1d1,-0.0010927325337633297
4468,Sult1e1,0.002402985459758749
4469,Sult2a2,-0.004895292912451614
4470,Sult2b1,0.0005590132231061125
4471,Sult6b1,-0.0003196543239133401
4472,Sun3,0.0019781276838816125
4473,Susd1,-0.018626252019013655
4474,Susd2,-0.00028963914478565814
4475,Susd3,-0.012837439513037735
4476,Susd4,-0.001451196301697627
4477,Susd5,-0.008902207871135995
4478,Sv2a,0.026785025912513548
4479,Sv2b,-0.009459430009794738
4480,Sv2c,-0.015218720472041824
4481,Svep1,-0.1892150034428962
4482,Svil,-0.42756001926146264
4483,Sybu,-0.12290676602414831
4484,Syce3,0.0071702011586978875
4485,Sycp2,-0.0358521203478966
4486,Syk,-0.045874788602348546
4487,Syn1,-0.0034724931198204306
4488,Syn3,-0.16900136385479497
4489,Syndig1,0.12853688345258169
4490,Syndig1l,0.0033390886263069885
4491,Syne1,1.2061389116634205
4492,Synj2,-0.0439902411741111
4493,Synpo2,-0.09924598136971932
4494,Synpr,-0.017561563570180985
4495,Syt1,-0.010979557414791112
4496,Syt11,-0.010355531783907478
4497,Syt15,0.0007758917510999677
4498,Syt16,-0.003973121193779974
4499,Syt6,0.0026029314411050134
4500,Sytl2,0.005010328124627055
4501,Sytl3,-0.0023548693057705156
4502,Sytl5,-0.19706729950185148
4503,Taar1,0.00264478268039685
4504,Tacc1,-0.15530898098787593
4505,Tacc3,-0.014183608390536971
4506,Tacr1,-0.016143720317029493
4507,Tacr3,0.008599405774476043
4508,Taf10,0.008123940178800923
4509,Taf13,-0.003433372971254348
4510,Taf7l,-0.0007720721177550361
4511,Taf9b,-0.008518537249811414
4512,Tafa2,-0.015499109390187688
4513,Tafa3,-0.007765760388624805
4514,Tafa5,0.009731447948325932
4515,Tagap,-0.009039126721446014
4516,Tagln,-0.04831713231434175
4517,Tagln2,0.037020778162105576
4518,Tal1,0.04513135155677246
4519,Tanc1,0.11842917162119834
4520,Tanc2,-0.003288656959595619
4521,Tap1,0.014435167836754262
4522,Tap2,-0.015655964630634824
4523,Tarm1,-0.001402433073369193
4524,Tasl,-0.006144989973278225
4525,Tbata,0.0019251412707856229
4526,Tbc1d1,-0.29058350179761677
4527,Tbc1d10c,-4.17605801778867e-05
4528,Tbc1d30,0.023749943940965607
4529,Tbc1d9,0.09202261150449723
4530,Tbx1,0.002491414821449014
4531,Tbx18,-0.035903671690985836
4532,Tbx2,-0.03079072172345628
4533,Tbx21,-0.02042125396767372
4534,Tbx3,0.14740381296848024
4535,Tbx5,-0.08705371259032227
4536,Tbxa2r,0.001731902859547805
4537,Tbxas1,-0.06679522623487814
4538,Tc2n,-0.03267703008976759
4539,Tcaf2c,0.0003741711826080493
4540,Tcf15,0.027137284775069798
4541,Tcf21,-0.010225013357166184
4542,Tcf4,1.9489131043210597
4543,Tcf7,-0.020433337285888503
4544,Tcf7l1,0.3186494235340622
4545,Tcim,0.2385352006920054
4546,Tcp11x2,0.0013389606359475283
4547,Tdrd12,0.0023825979782137975
4548,Tdrd7,0.2590188591208341
4549,Tead4,0.17370136090354077
4550,Tec,-0.03521101231477886
4551,Tecta,0.0036340042702377477
4552,Tedc1,-0.014598299548730698
4553,Tek,0.5393562475350766
4554,Tekt1,-0.0004777108613406725
4555,Tekt3,0.002095271412220812
4556,Ten1,-0.009529711055666808
4557,Tenm1,-0.011291498345455802
4558,Tenm2,-0.03210135460593373
4559,Tenm3,-0.04960469581184583
4560,Tent5c,-0.0008122990617866023
4561,Tepp,0.018199144198713792
4562,Tes,0.03658410907337843
4563,Tesc,-0.027636798747678527
4564,Tesk1,-0.03575187079375006
4565,Tesmin,0.004985994057586344
4566,Testin,0.02654473968517417
4567,Tex12,-0.010323397622627285
4568,Tex15,-0.0006281656269961102
4569,Tex26,-0.0012042788987801333
4570,Tf,-0.052850760102911065
4571,Tfap2b,-4.2256984968874756e-05
4572,Tfap2d,0.009810941412740517
4573,Tfec,-0.02206575698537931
4574,Tff3,-0.014955236767181093
4575,Tfpi2,0.021366121277383937
4576,Tgfa,-0.04916508717787707
4577,Tgfb1,0.004139698192865351
4578,Tgfb2,-0.16007089112582984
4579,Tgfb3,0.012690003288629258
4580,Tgfbi,-0.0392594781813684
4581,Tgfbr1,0.3597793758072742
4582,Tgif1,-0.0071427898794008925
4583,Tgif2,-0.0007274088910678889
4584,Tgm2,0.16984147385163437
4585,Tgm4,-0.0035776827527954714
4586,Thbd,0.025043215992383523
4587,Thbs1,-0.0022143200565882624
4588,Thbs2,-0.006055991189274378
4589,Thbs3,-0.006763405974876777
4590,Thbs4,-0.017018540909388466
4591,Theg,0.013822477507110844
4592,Thegl,-0.0012453297740912918
4593,Themis,-0.024976137567501697
4594,Themis2,0.009404301200110562
4595,Thsd1,0.017413037559788107
4596,Thsd4,-0.5676114670771701
4597,Thsd7a,-0.04025511038202052
4598,Thsd7b,-0.005283422083805552
4599,Thy1,-0.00012689072565154986
4600,Tiam2,-0.25257153077247174
4601,Ticam2,-0.005558426798341115
4602,Tie1,0.23893800490914152
4603,Tigd3,-0.009070416371429479
4604,Tigd4,0.003769417238089133
4605,Tigit,-0.008436760763778138
4606,Timd2,-0.00047405856662308436
4607,Timd4,-0.004199348340777386
4608,Timeless,0.008203464646030256
4609,Timp2,-0.033097756749523366
4610,Timp3,-0.04572845793833148
4611,Timp4,0.6016374472763174
4612,Tinagl1,-0.06804427361722201
4613,Tjp2,0.255675731582944
4614,Tle2,0.013409320631685488
4615,Tll1,0.06916988006111814
4616,Tll2,-0.007005156195109855
4617,Tlr1,-0.0004481487229648913
4618,Tlr11,0.009132339083506831
4619,Tlr13,0.008879067475805379
4620,Tlr2,-0.005252159926216822
4621,Tlr4,-0.021496310047940403
4622,Tlr5,-0.0017914779474943131
4623,Tlr6,-0.006009428415974538
4624,Tlr7,-0.015773782135363228
4625,Tlr8,-0.018043454444974124
4626,Tm4sf1,-0.10882199384629886
4627,Tm4sf4,-0.004837563935167455
4628,Tm6sf1,0.021352007028593016
4629,Tm7sf3,0.05890950786099676
4630,Tmbim1,0.01727354628083646
4631,Tmc1,0.0007756242067124848
4632,Tmc2,-0.0033228430560965335
4633,Tmc5,-0.0069719064527471765
4634,Tmc6,-0.14819965908031205
4635,Tmc8,0.06988013793590003
4636,Tmcc2,-0.012311169175301966
4637,Tmcc3,0.12287545345091429
4638,Tmed11,0.012114357177729435
4639,Tmeff2,-0.1424530617962376
4640,Tmem100,-0.06354800556149692
4641,Tmem106a,-0.039508535433487264
4642,Tmem108,0.14367209460839597
4643,Tmem119,-0.010907728197202638
4644,Tmem123,0.09425694787542793
4645,Tmem131l,0.041749275857000695
4646,Tmem132b,-0.0036285442798784633
4647,Tmem132d,0.006868469651712208
4648,Tmem14a-1,-0.005546564824208225
4649,Tmem150b,0.00022169024542948237
4650,Tmem150c,0.0018430144750681326
4651,Tmem151a,0.004904700059138074
4652,Tmem151b,-0.002387689778530631
4653,Tmem154,0.008370720623716443
4654,Tmem156,-0.008435585055879855
4655,Tmem163,0.004905315163604732
4656,Tmem176a,-0.007471973558453646
4657,Tmem176b,-0.00813930435059247
4658,Tmem178a,-0.023195166391832167
4659,Tmem192,0.08905857958063175
4660,Tmem196,-0.00376277578813155
4661,Tmem198,-0.026184494044163016
4662,Tmem200a,-0.020076156293886305
4663,Tmem204,0.10458487715265317
4664,Tmem217-1,0.0038136236194921845
4665,Tmem229b,-0.04013237969193272
4666,Tmem236,0.005133303740555362
4667,Tmem255b,-0.1104939400765857
4668,Tmem258b,0.0010826003021259531
4669,Tmem26,0.07083854523307058
4670,Tmem273,-0.06207198235429658
4671,Tmem37,-0.017223920579090588
4672,Tmem45a,-0.02169308042507454
4673,Tmem45b,-0.033690143833445256
4674,Tmem47,-0.00016337882962212842
4675,Tmem51,-0.026781570517523258
4676,Tmem52,0.0049057498214060144
4677,Tmem54,-0.0022967679825029895
4678,Tmem59l,0.005368356184943095
4679,Tmem63c,-0.01847762235777375
4680,Tmem71,-0.02654743557585562
4681,Tmigd3,0.0014276133328606974
4682,Tmod2,-0.026625184212061642
4683,Tmod3,0.3024660266786614
4684,Tmod4,0.003997233189114605
4685,Tmprss11a,-0.00754416342653381
4686,Tmprss11c,0.0029433125234000004
4687,Tmprss4,0.003937916671524043
4688,Tmprss7,-0.011082841899741624
4689,Tmsb10,0.033615609704405164
4690,Tmsb4x,0.09573637480836247
4691,Tmtc1,0.22488651472473287
4692,Tnc,0.03809986622290774
4693,Tnf,0.046261751751440386
4694,Tnfaip2,-0.04948226513950431
4695,Tnfaip3,0.045238345396474935
4696,Tnfaip6,-0.045647749570563154
4697,Tnfaip8l2,-0.00846501939613881
4698,Tnfaip8l3,-0.015771782435672278
4699,Tnfrsf11a,0.02268640980230228
4700,Tnfrsf11b,-0.018447940670811798
4701,Tnfrsf13b,-0.005957344503995041
4702,Tnfrsf14,-0.013984606329342845
4703,Tnfrsf18,0.00465190332061269
4704,Tnfrsf1b,-0.14495072313088828
4705,Tnfrsf21,-0.04293112987966291
4706,Tnfrsf26,0.15672049760321038
4707,Tnfsf10,0.058824184991451575
4708,Tnfsf11,-0.0004085593375157358
4709,Tnfsf12,-0.02161966141538961
4710,Tnfsf13,0.052656113352750424
4711,Tnfsf13b,-0.027356977303450332
4712,Tnfsf8,-0.008095295603785073
4713,Tnik,-0.009005267394408309
4714,Tnmd,0.004289600975411123
4715,Tnn,0.0168490637543642
4716,Tnnc2,0.0054193325016623755
4717,Tnni1,0.0031253109228562325
4718,Tnni2,-0.0007900408690124524
4719,Tnnt1,-0.009038730209064764
4720,Tnnt3,-0.09375714340875535
4721,Tnr,-0.005895334217684431
4722,Tns3,-0.06898396352506422
4723,Toe1,-0.012849433203119915
4724,Top2a,-0.006937272791669877
4725,Tor3a,0.022169213040069417
4726,Tox,-0.30415061487683603
4727,Tox2,-0.00516665932405829
4728,Tox3,0.010373214873042765
4729,Tpbg,-0.00027449478057921457
4730,Tpd52,-0.0522676565599706
4731,Tpm1,-0.19019151015300628
4732,Tpm2,-0.047583486733571156
4733,Tpm3,0.032304422360524346
4734,Tpm4,0.11142613275430323
4735,Tpsb2,0.006999413347786925
4736,Tpst1,-0.009699824087551519
4737,Tpt1,-0.023074947634475648
4738,Tpte2,-0.012658844205088983
4739,Tpx2,-0.016665137396003712
4740,Trabd2b,-0.1209150081298007
4741,Traf1,-0.029818628786660938
4742,Traf3ip2,-0.02313869798258672
4743,Traf3ip3,-0.009696215914147857
4744,Traf5,-0.020319569668096813
4745,Tram2,-0.05623437964337956
4746,Trank1,0.031730099519812933
4747,Trat1,-0.004805841402469589
4748,Travl-ps1,0.003934259750669942
4749,Trdn,0.01680505823204034
4750,Treh,0.0004745848527304697
4751,Trem2,0.002817615904908417
4752,Treml2,-0.00554958683730603
4753,Treml4,-0.0406278026328053
4754,Trerf1,-0.24376503220172507
4755,Tril,0.0071770091475218505
4756,Trim25,0.3687319067953236
4757,Trim27,0.06847403429808605
4758,Trim29,-0.0020997244909514022
4759,Trim30c,-0.005563873524086719
4760,Trim34,0.018553225905879194
4761,Trim37,-0.044264729701001884
4762,Trim47,-0.04329258334242361
4763,Trim50,-0.009746462587091763
4764,Trip13,-0.008381544734094686
4765,Trip6,-0.002638660082539328
4766,Trmt61a,0.002082352865315724
4767,Trnp1,-0.0007505278594915934
4768,Trpc2,-0.00834434681865241
4769,Trpc3,-0.06581474213949863
4770,Trpc4,-0.007710748834355732
4771,Trpc5,0.00881538157648945
4772,Trpc6,-0.025004787000163915
4773,Trpm2,-0.003287952173507496
4774,Trpm3,-0.04655260226693618
4775,Trpm6,-0.0031745415299769234
4776,Trpv2,-0.016741809286878573
4777,Trpv4,-0.0763542296310698
4778,Tsbp1,0.01185517593224691
4779,Tshb,-0.006202287445321079
4780,Tshr,-0.13104371581520619
4781,Tshz2,1.7333622001336295
4782,Tshz3,0.010684020174362546
4783,Tspan1,-0.0012549754283988565
4784,Tspan11,-0.02297159847252242
4785,Tspan13,0.3632660290402094
4786,Tspan15,0.10058967175416778
4787,Tspan2,0.14119107030539463
4788,Tspan32,0.009904208352480532
4789,Tspan4,-0.020955138105918602
4790,Tspan5,-0.23831884714255408
4791,Tspan7,-0.0693116392641637
4792,Tspan9,0.32641846339428504
4793,Tspear,-0.0003195190195846554
4794,Tspy26,-0.0015383709483544217
4795,Tspyl5,0.00043836592167760763
4796,Tssk4,0.009527375989707083
4797,Tst,-0.003324960575444136
4798,Tstd1,-0.007474657628045158
4799,Ttbk1,0.002902854465085365
4800,Ttc21b,0.023593287058283226
4801,Ttc22,0.0028756448502295587
4802,Ttc26,0.018181529333125522
4803,Ttc3,0.27765709013622586
4804,Ttc30b,0.006117556938028646
4805,Ttc9,0.03543477437566306
4806,Ttk,-0.014959261444536893
4807,Ttll6,-0.007291441193175922
4808,Ttll7,0.02603639978383202
4809,Ttn,0.021228017617075764
4810,Ttyh1,0.005065482411228001
4811,Ttyh2,-0.08976586414501025
4812,Tuba1a,0.07405002697020213
4813,Tubb2a,0.013092932590237914
4814,Tubb3,0.0013846317635865168
4815,Tuft1,-0.016949247918202223
4816,Tulp1,0.003916901236709814
4817,Tusc3,0.006572890551489442
4818,Twf2,-0.0027953177553063507
4819,Twist1,-0.005003520139380119
4820,Twist2,-0.027980262422117888
4821,Txk,-0.013079777436024793
4822,Tyr,-0.00660734003637842
4823,Tyrobp,-0.028262081184066007
4824,UST4r,-0.002521757717682004
4825,Uap1,0.15458781766983848
4826,Uap1l1,-0.02830313825629543
4827,Ubash3a,0.008213545663389813
4828,Ubash3b,0.014903280028543147
4829,Ubb,-0.044980574047021916
4830,Ube2l6,-0.01074387550858618
4831,Ubtd2,-0.06105401943028779
4832,Ubxn11,-0.010579802487723972
4833,Ucp2,-0.033331316808244915
4834,Ugcg,0.034921301641169106
4835,Ugdh,-0.06495029693115971
4836,Ugt3a2,0.009918680803063983
4837,Umodl,-0.00042411610144785456
4838,Unc13b,-0.1725066548049877
4839,Unc13c,0.013468682179199436
4840,Unc13d,-0.028214492897459153
4841,Unc45b,0.011711690888876572
4842,Unc5b,-0.27439651415738686
4843,Unc5c,-0.01918946817317932
4844,Unc79,-0.03749035209760754
4845,Unc93a,-0.006998854550549073
4846,Unc93b1,-0.04810419334960434
4847,Upb1,-0.0029746318152037935
4848,Upk1b,-0.01429750459469404
4849,Upk3b,-0.007345177634408764
4850,Upp1,0.024497597470696502
4851,Ushbp1,0.38297771741158887
4852,Usp11,-0.0017381209056716957
4853,Usp43,0.03392157833860565
4854,Usp44,-0.0052107309756769336
4855,Ust,-0.06687415592098017
4856,Ust5r,-0.010886420726847305
4857,Utrn,0.4257443138406197
4858,Vangl2,0.0067248539253074655
4859,Vash1,-0.005033802386049826
4860,Vash2,-0.014980404426704312
4861,Vasn,-0.0073914007637956485
4862,Vat1,0.007862864620804542
4863,Vav1,-0.008301548510843283
4864,Vav3,-0.22823352171727812
4865,Vcam1,-0.009156409805498216
4866,Vcan,-0.03362166919915559
4867,Vcl,0.7373624708133548
4868,Vegfc,-0.057421868936196115
4869,Vegfd,-0.02410642594663194
4870,Veph1,-0.055671084021011306
4871,Vgll3,-0.014461688618331785
4872,Vipr1,-0.001766539167585602
4873,Vipr2,-0.012203360519955573
4874,Vit,0.004067606868233079
4875,Vmo1,-0.0046874468311946926
4876,Vom2r11,0.0059017245383493535
4877,Vom2r26,0.002552731555919531
4878,Vom2r27,-0.0018441682557418665
4879,Vom2r48,0.008060164224869763
4880,Vom2r55,-0.0039037011048262587
4881,Vom2r63,0.01655645157059129
4882,Vom2r7,0.0021276892316051455
4883,Vom2r71,-0.010506467556103235
4884,Vopp1,-0.007052735842109536
4885,Vps37b,0.005240057263598833
4886,Vsig4,-0.0043969407505766635
4887,Vsig8,0.00012017217764124372
4888,Vsir,0.07674615065099247
4889,Vsnl1,0.0014765308123650916
4890,Vstm1,-0.0020040542973877584
4891,Vstm4,-0.04923937260722928
4892,Vsx1,0.007252818442406694
4893,Vtn,-0.01096968285813869
4894,Vwa5b1,0.0031940174998113394
4895,Vwc2,-0.0031038434198732124
4896,Vwde,-0.010289966121438133
4897,Vwf,-0.2430729503453289
4898,Was,-6.836064770788901e-05
4899,Wasf3,0.00280672254638838
4900,Wbp2nl,0.001884807921296273
4901,Wdfy4,-0.04681285235997272
4902,Wdr17,-0.004139138188177387
4903,Wdr49,0.003260012822637458
4904,Wdr54,0.0076553195744575074
4905,Wdr6,0.0011048408027637094
4906,Wdr64,0.004387138230833495
4907,Wdr72,-0.005488386796242175
4908,Wdr95,0.011264526323234814
4909,Wee1,0.11457208339626523
4910,Wfdc2,-0.010008803929366256
4911,Wfdc21,-0.008315431310849145
4912,Wif1,-0.038813951028211544
4913,Wipf1,0.020092250213492445
4914,Wnk2,-0.0032434114211292915
4915,Wnk3,0.005794275473870252
4916,Wnt10a,0.005402861982913576
4917,Wnt10b,-0.007653222030557838
4918,Wnt2b,-0.0034900538123381177
4919,Wnt6,-0.00016387377845271934
4920,Wnt7a,-0.009375364179539039
4921,Wnt8a,-0.0018884445707511607
4922,Wnt9b,0.02384905180716619
4923,Wsb1,0.3389303373452006
4924,Wscd1,0.010899003238514173
4925,Wt1,-0.05160546121498473
4926,Wtip,-0.09981556761393456
4927,Wwc1,-0.007743268082032676
4928,Wwox,-0.0014737026155885596
4929,Wwtr1,0.27228959683030285
4930,Xirp2,-0.0066183912006701675
4931,Xkr4,-0.04882585138980504
4932,Xkrx,0.010270127891850937
4933,Xylt1,0.2995499899490693
4934,Yes1,0.5857189316564901
4935,Ypel4,-0.0008367592086073706
4936,Zan,-0.0005968238850841895
4937,Zap70,-0.016727168181840297
4938,Zbbx,0.0014688994115610392
4939,Zbp1,-0.0073768586859579675
4940,Zbtb16,0.46412449858440397
4941,Zbtb46,0.22343852465581301
4942,Zbtb8a,-0.08450183543613127
4943,Zc3h10,0.020299261727068744
4944,Zc3h12b,-0.013766814924149197
4945,Zc3h12d,-0.0150363310771011
4946,Zcchc24,-0.06570039583771731
4947,Zdhhc12,-0.009339958231557591
4948,Zdhhc14,-0.18854488134245184
4949,Zdhhc18,0.08082636588214209
4950,Zfand2b,-0.04420889911542869
4951,Zfhx4,-0.09314248793232514
4952,Zfp101,-0.009542705271773021
4953,Zfp13,0.0005901639751868691
4954,Zfp286a,-0.004816769106945774
4955,Zfp358,-0.026146367624023295
4956,Zfp36,0.06315006787111924
4957,Zfp366,-0.002141021348001395
4958,Zfp36l1,0.10388583452681235
4959,Zfp36l2,-0.047311893184175
4960,Zfp382,-0.03363860521257462
4961,Zfp385b,-0.04326822794703385
4962,Zfp385d,-0.17929385472666093
4963,Zfp40,-0.0118937244022213
4964,Zfp42,0.0004244538327130192
4965,Zfp420-ps2,0.0021336432642059915
4966,Zfp449,-0.014901966062841202
4967,Zfp462,0.012677546243592365
4968,Zfp483,-0.013687741392570398
4969,Zfp496,0.03911923981941409
4970,Zfp518b,-0.02250090762580798
4971,Zfp521,0.01976422958611939
4972,Zfp536,-0.0217312595103206
4973,Zfp566,-0.05408020480339319
4974,Zfp57,-0.015160287008461816
4975,Zfp622,-0.1565543525506617
4976,Zfp658,-0.0039765588729521436
4977,Zfp683,-0.008704976886298416
4978,Zfp764,-0.008723646282493476
4979,Zfp790-1,0.016184881014156254
4980,Zfp804a,0.019437641188381954
4981,Zfp804b,0.014313868234498622
4982,Zfp821,-0.036079211181595794
4983,Zfp868,0.005932313236402464
4984,Zfp9,-0.02939619339732255
4985,Zfp92,0.003004864045607651
4986,Zfp951,-0.007093659433687835
4987,Zfpm1,-0.04230779269512263
4988,Zfpm2,-0.0950218942287844
4989,Zfyve28,-0.019310127691907385
4990,Zglp1,0.009433321959605638
4991,Zmynd15,-0.0037238333951755066
4992,Znf660,-0.007129430772687283
4993,Znrf1,0.5096730344961389
4994,Zp2,0.020199296424897924
4995,Zpbp2,-0.012676841180027886
4996,Zpld1,-0.00038251734684992787
4997,Zscan10,0.0029377677382877183
4998,Zswim6,0.3668872238377118
4999,Zyx,0.04250982237126331
