,Gene,Score
0,6330411D24Rik,-0.051603549182867456
1,AABR07000398.1,2.4330978903105573
2,AABR07001902.1,-0.01739592276489732
3,AABR07001942.1,-0.07683967727435133
4,AABR07002969.1,-0.29124251353488884
5,AABR07003610.1,0.0003318105012287823
6,AABR07004891.1,0.06874206216021662
7,AABR07005506.1,0.00020739339421109795
8,AABR07006283.1,-0.016408567616270082
9,AABR07006688.2,0.010958561977766075
10,AABR07008309.1,-0.005356886220840265
11,AABR07008421.1,-0.01226865478796907
12,AABR07008608.1,-0.0437696605053635
13,AABR07015057.1,4.743578143525492
14,AABR07017236.1,-0.02266153071435696
15,AABR07017902.1,0.3110293124636205
16,AABR07018124.1,0.011188000595138517
17,AABR07019403.1,-0.006916647185546611
18,AABR07021080.1,0.004744913810825077
19,AABR07021591.1,-0.024876167775500616
20,AABR07025986.2,0.06282908515660579
21,AABR07026059.1,0.0041821972872016335
22,AABR07026596.2,-0.015131531562777092
23,AABR07027872.1,0.014182845758504689
24,AABR07028615.1,0.2140368847378447
25,AABR07028902.1,-0.1143406989222884
26,AABR07029195.1,-0.016933640733047567
27,AABR07030019.1,-0.016787251942617022
28,AABR07030544.1,0.007466980515741156
29,AABR07030911.1,0.00091070722761026
30,AABR07032097.1,-0.29578627550367886
31,AABR07034262.1,0.013351172187303528
32,AABR07034636.1,0.017079839129070483
33,AABR07034730.2,0.03989058390086446
34,AABR07040864.1,-0.1818445037218671
35,AABR07043347.1,0.0051623513249038425
36,AABR07044388.2,-0.11603434591667955
37,AABR07044397.1,0.005619140101253194
38,AABR07044570.2,0.05480064670546579
39,AABR07044631.2,1.1251988549915581
40,AABR07045399.1,-0.02048880575836558
41,AABR07047835.1,-0.018527618318266714
42,AABR07049134.4,-0.011695598518631938
43,AABR07052125.1,-0.0026353437902454117
44,AABR07052523.2,0.003735428362481498
45,AABR07053509.1,-0.0017911612961834479
46,AABR07058479.1,0.08826903171586395
47,AABR07058578.2,-0.012966708625345191
48,AABR07059161.1,0.0052516993454305005
49,AABR07060778.1,-0.05954963063563458
50,AABR07060872.1,-0.0060594375436981655
51,AABR07062154.1,0.007498416192531224
52,AABR07065813.1,-0.002753544180137955
53,AABR07068042.1,-0.014312691569165176
54,AABR07068253.1,0.014853527583787763
55,AABR07069587.2,0.06688152625789476
56,AABR07070043.1,0.039319482254551605
57,AABR07070873.1,-0.0063039579542281884
58,AABR07072539.4,0.005882622922657654
59,AABR07072562.1,0.061047347250166584
60,AABR07072761.1,-0.004062824017416939
61,AABR07072807.1,-0.02402970912777667
62,AC097575.2,-0.03560864964094575
63,AC098622.1,0.03586815852335801
64,AC109737.1,0.0018789900805615128
65,AC109844.1,0.026510139283127822
66,AC113910.1,-0.0030176815528411257
67,AC114093.1,-0.015017949011352377
68,AC118772.2,-0.0052798579211860135
69,AC125757.1,-0.00552460340243683
70,AC125920.1,-0.023756094772906772
71,Aadacl2fm3,-0.019331574428653152
72,Aass,-0.008492244936802701
73,Aatk,0.005820972934373868
74,Abca16,-0.0839272922040632
75,Abca17,-0.05382766545047162
76,Abca6,-0.0006077505480056545
77,Abca7,-0.019738474572070633
78,Abca8,0.04238849627384063
79,Abca8a,-0.24497269879684308
80,Abca9,-0.011814641541240586
81,Abcb11,-0.14958681075890867
82,Abcb1a,0.0559900699473913
83,Abcb1b,0.00027538707428533416
84,Abcb4,-0.040357348454231445
85,Abcc5,0.010942158045827793
86,Abcc9,0.04650497289853778
87,Abcd2,-0.31658286258440876
88,Abcg1,-0.052180548533346485
89,Abcg2,0.032118736848652976
90,Abcg3l1,0.13832767414197666
91,Abcg3l2,-0.09415385568370988
92,Abcg3l3,0.10611217272374202
93,Abcg3l4,0.11726579108368171
94,Abhd2,0.06422397484934503
95,Abi2,0.17354364322202923
96,Abi3,-0.5020582516814815
97,Abi3bp,-0.19526477944570458
98,Ablim3,0.8519445637176639
99,Abo3,0.016853972820456548
100,Abr,0.4995107758195428
101,Abracl,0.23675924125037073
102,Abtb3,-0.060718610984614126
103,Acaca,-3.085830768060828
104,Acacb,-1.0063971854062361
105,Acap1,0.03282866320899458
106,Ace,0.07843075355009814
107,Acer2,0.17259384466804867
108,Ackr1,-0.0689351398033203
109,Ackr2,-0.0005393590815520599
110,Ackr3,0.16164772313450615
111,Acly,-3.0305430955987713
112,Acnat1,0.01375656367741102
113,Acot1,-0.009757600051064633
114,Acp3,0.03384032739667098
115,Acrv1,0.004542588861032508
116,Acsbg1,-0.024157023605183497
117,Acsbg3,0.03360795173167259
118,Acsl5,-1.007269776092055
119,Acsm4,-0.009692845430065888
120,Acss2,-1.0256722657956199
121,Acta2,0.18557039951969115
122,Actb,-0.47012035686999987
123,Actg1,0.06999502152122082
124,Actg2,-0.0032184679310225672
125,Actn1,1.27465356040249
126,Actn4,2.660953335865881
127,Acvr1c,-0.30606581220274265
128,Acvr2a,-0.24548819506358757
129,Acvrl1,0.7235536564594458
130,Ada,-0.03156730795555876
131,Adam12,-0.3505898573524967
132,Adam15,0.0077196849904528075
133,Adam18,0.010199424559540832
134,Adam19,-0.3866484106944187
135,Adam1b,0.0063706202481164115
136,Adam2,0.006007899274118697
137,Adam22,0.6942901475515438
138,Adam23,-0.32397441195867915
139,Adam33,-0.000652290086914642
140,Adam3a,-0.012881635883445527
141,Adam8,0.10026415142490464
142,Adamts1,0.7196402080729052
143,Adamts12,-0.4075433402296288
144,Adamts14,0.0054297583938124165
145,Adamts15,0.046690071586539254
146,Adamts16,-0.17068376953842698
147,Adamts19,-0.031192803061883056
148,Adamts2,-0.025424828439964353
149,Adamts20,-0.024041586661369144
150,Adamts5,-0.4426571868696708
151,Adamts8,-0.022460952936141344
152,Adamts9,2.0758278279150275
153,Adamtsl1,-0.3619406947934466
154,Adamtsl2,0.00044785477363247245
155,Adamtsl3,-0.5167986336275425
156,Adamtsl4,-0.263081340880967
157,Adamtsl5,-0.05790257065165619
158,Adap2,-0.28794377408657196
159,Adar,0.34762785103620286
160,Adarb1,1.612960741778941
161,Adarb2,-0.043200969032933
162,Adcy1,-0.012525852966406488
163,Adcy2,-0.11353498189303421
164,Adcy4,0.5313790262583684
165,Adcy5,-0.24344255163816786
166,Adcy7,-0.051003772517099144
167,Adcy9,0.16328604693923673
168,Adcyap1r1,-0.04234741758639598
169,Adgb,-0.03909081554154789
170,Adgra2,0.17783504459281577
171,Adgrb1,0.023936051963234145
172,Adgrb3,-0.026101399375737334
173,Adgrd1,-0.1512411692165268
174,Adgre1,-0.07233524713406517
175,Adgre4,-0.2237408916621528
176,Adgrf2,-0.01530972454183008
177,Adgrf5,1.2460134210173726
178,Adgrg1,2.6699526486352605
179,Adgrg2,-0.04006419776958611
180,Adgrg3,0.25143896801380317
181,Adgrg5,0.09038828241274952
182,Adgrg6,-0.01902953764035898
183,Adgrl3,-0.06124307287426689
184,Adgrl4,2.431551168567508
185,Adh6,-0.005230166781851736
186,Adm,-0.01858617746956832
187,Adora2a,-0.1722376308952143
188,Adra1b,0.049809384366112194
189,Adra2a,0.004332188706734426
190,Adrb2,-0.36254461749998956
191,Adtrp,0.017114508427286096
192,Aebp1,-0.10333739169970937
193,Afap1l1,-0.18398545746084355
194,Afap1l2,0.3735404613622096
195,Aff2,-0.1249455751680026
196,Aff3,0.12348718496236964
197,Afmid,-0.13033226786729388
198,Afp,0.009692151100464695
199,Agap2,0.04341099801987899
200,Agbl1,-0.0016824664500956852
201,Ager,0.058319246866146424
202,Agpat4,0.8276850827327185
203,Agt,0.008048966324168308
204,Agtr1a,-0.06573953045014129
205,Agtr1b,-0.016154963340056578
206,Agtr2,0.02614856809319841
207,Ahnak,-0.1917514577684779
208,Ahr,0.2814832888027547
209,Ahsp,-0.0210083040472029
210,Aif1,-0.11245819300806983
211,Aifm3,0.13596135951698016
212,Aim2,0.0194775047879314
213,Aire,-0.001723735106827327
214,Ajuba,0.03853594050293615
215,Ak5,-0.09997606540688031
216,Ak7,0.007889276521656805
217,Akap12,0.5031963021057795
218,Akap17b,-0.02826561200754643
219,Akap6,0.05183315746742973
220,Akna,-0.014111790841052907
221,Aknad1,-0.03187083049193243
222,Akr1c14,-0.01936693751339913
223,Akr1c15,-1.2666985244470061
224,Akt3,1.6463076088346007
225,Alcam,0.8176174547196686
226,Aldh18a1,0.05872866112144363
227,Aldh1a2,0.10910359396273883
228,Aldh1a3,-0.16014511192917041
229,Aldh1a7,0.020406667661255214
230,Alk,-0.07600695788167831
231,Alox5,-0.1022742123498873
232,Alox5ap,-0.057217565385877744
233,Aloxe3,0.07004889781722358
234,Alpg,-0.036969362668916844
235,Als2cl,0.2481122824671813
236,Amdhd1,-0.01868811174264891
237,Amigo2,-0.0998315709315165
238,Amot,-0.03691197978688289
239,Amz1,-0.03275095531267302
240,Angpt1,0.23710845074031778
241,Angpt2,-0.10016392794130108
242,Angpt4,-0.08418356976594621
243,Angptl1,-0.023573316112360285
244,Angptl6,-0.0035605455703255524
245,Ank1,-0.013112087676758394
246,Ank3,0.16132482130283232
247,Ankef1,-1.1489210328168644
248,Ankle1,0.026806569714731866
249,Ankrd1,0.041240662685841124
250,Ankrd13d,0.059345216804281974
251,Ankrd29,0.10056137936222763
252,Ankrd33b,-0.031477817045777984
253,Ankrd40cl,0.03087502493873158
254,Ankrd44,0.09614676435166797
255,Ankrd55,0.20392788587966704
256,Ankrd60,0.012769318969602107
257,Ano1,0.17336882015153365
258,Ano2,-0.5196099260085858
259,Ano4,-0.1074148063554294
260,Ano5,0.007556717759709914
261,Ano9,0.028447406159756584
262,Anpep,-0.1202854448584609
263,Antxr1,-0.1314027383593801
264,Antxr2,-0.41862288614058213
265,Anxa1,-0.8343793286554959
266,Anxa3,-0.20354713806657773
267,Anxa4,-0.36818900159523626
268,Aoah,-0.5570810079358695
269,Aoc1,-0.00217943135407859
270,Aox1,0.33239834682982494
271,Aox3,-0.1833138553613134
272,Ap1s2,0.002047070430539283
273,Apaf1,0.25430590472608045
274,Apba1,-0.2188963678097352
275,Apba2,0.013689414144546556
276,Apbb1ip,-0.08001833342920817
277,Apbb2,5.143670345420908
278,Apcdd1,-0.02877133703842675
279,Apcdd1l,0.03629137412411898
280,Apela,-0.012504716056066442
281,Aph1b,-0.08979005002303525
282,Apoa2,0.015392316747151507
283,Apobec1,-0.2748080625383915
284,Apobr,0.139697042992313
285,Apoc2,0.005923841060133127
286,Apod,-0.002652492820629466
287,Apoe,-0.2710459569047002
288,Apol11a,-0.11869233543107795
289,Apol2,0.02106906211343477
290,Apol3,0.0656313926673899
291,Apold1,0.7992533702406381
292,Apoo,0.004557880920647545
293,Aprt,0.09418005686179735
294,Aqp1,-1.2464868677128194
295,Aqp9,0.006733602353525587
296,Ar,-0.5183121675649685
297,Arap2,-0.312914417701012
298,Arap3,0.6502805170815613
299,Arc,-0.11162899242936726
300,Arfgef3,-0.025280390812478223
301,Arg2,0.013106191071421774
302,Arhgap11a,-0.010218403392637094
303,Arhgap15,0.397262751654593
304,Arhgap18,0.9858024496868645
305,Arhgap22,-0.019543674117198158
306,Arhgap25,-0.08005387703451668
307,Arhgap27,-0.2938082496152309
308,Arhgap28,0.8223402360555493
309,Arhgap31,3.9391805156303152
310,Arhgap33,-0.05324230050899562
311,Arhgap4,-0.00012544615534810372
312,Arhgap42,-0.34840906713580694
313,Arhgap44,0.17374659983874838
314,Arhgap45,-0.1429246906309603
315,Arhgap6,-0.1577814535749108
316,Arhgap8,0.036802575974454174
317,Arhgap9,0.07596771864971152
318,Arhgdib,0.011637590594436573
319,Arhgdig,0.007854852745579755
320,Arhgef15,-0.5118953617604347
321,Arhgef16,0.010924743495000371
322,Arhgef17,-0.03809207045018452
323,Arhgef2,0.6310367913866405
324,Arhgef25,-0.14753557926617528
325,Arhgef26,0.07479548833778654
326,Arhgef3,0.2528946384098731
327,Arhgef39,0.01846424162277372
328,Arhgef4,0.018412599093917667
329,Arhgef5,0.37145968352659087
330,Arhgef6,0.34743718857843675
331,Arhgef9,0.053834307866358955
332,Arid5a,0.38855982372254155
333,Arid5b,1.984302838071023
334,Arl10,0.08032364870503483
335,Arl11,-0.030043642833588315
336,Arl15,8.774586260345739
337,Arl3,0.0013498235195594233
338,Arl4c,-0.025207282591901158
339,Arl4d,-0.13103659517068547
340,Armc12,0.007283894395278591
341,Armcx2,-0.04767745273219032
342,Armcx4,0.06656069127254469
343,Arpc1b,0.7780209450430393
344,Arpc5,0.23384324769200843
345,Arpp21,-0.02749971092450712
346,Arrb1,-0.2592358945561266
347,Arrb2,0.03629000133227725
348,Arrdc1,-0.135668333924404
349,Arrdc2,0.08326667583934229
350,Arsb,0.6839455927107689
351,Arsi,0.0017629479713115945
352,Arsj,0.03395585253099894
353,Art2b,0.003544113482038449
354,Art3,-0.08657733566032857
355,Asap2,1.0446566113160376
356,Asb2,0.05496698170983012
357,Ascl1,-0.012176926043906433
358,Asgr1,-0.001864976900738424
359,Asgr2,-0.18359779249850214
360,Asic2,0.025207025565708325
361,Aspg,-0.6107783535936189
362,Asph,-0.22878721725923284
363,Aspn,-0.0020163435515691153
364,Astn1,0.013528163722813989
365,Astn2,-0.39530779479584627
366,Asxl3,-0.008577217377187446
367,Atad2,0.08399547218300134
368,Atad5,0.025905663792393153
369,Atcay,0.005637846490660452
370,Atf3,0.07870411048959963
371,Atg16l2,0.2379613728316029
372,Atg7,-0.1289787631241725
373,Atoh8,0.01922776678234814
374,Atp10a,0.03219530497769736
375,Atp1a3,-0.017033167365986063
376,Atp1b1,0.009363741157677498
377,Atp2a3,0.4677719436072507
378,Atp2b1,0.0906580715078441
379,Atp2b2,0.015160498236262147
380,Atp2b3,0.016143589158194603
381,Atp2b4,0.36295435824000577
382,Atp5if1,-0.09098498894035274
383,Atp5mc1,-0.08710472498776742
384,Atp5mpl-ps1,0.02075124257488445
385,Atp6v1e2,0.023150319093463018
386,Atp7a,0.11477470880648594
387,Atp8a1,-0.23221550152007386
388,Atp8a2,-0.03311199736710231
389,Atp8b1,3.3496063500282354
390,Atp8b2,0.20213765893137886
391,Atp8b4,0.011171255591275388
392,Aurka,0.04015778322586948
393,Auts2,5.128296202006821
394,Avp,0.2738616439763666
395,Axl,-0.057259998364486836
396,Azin1,1.1137784267290816
397,B2m,0.036282925819101336
398,B3galnt1,0.13634227673908728
399,B3galt1,0.1385265575628032
400,B3galt5,0.00791475514032386
401,B3gat1,0.008456626694413442
402,B3gnt2,0.3497147430997793
403,B3gnt5,0.0004840521964403861
404,B3gnt6,-0.02365274203118506
405,B3gnt7,0.06634431009271576
406,B4galnt1,-0.02907382003100844
407,B4galnt3,0.024177253715957147
408,B4galt6,-0.31892702443920373
409,B9d2,0.04389068177181711
410,Bace2,0.09394916287266958
411,Bach2,0.7731317457688812
412,Baiap2l1,0.09359969765727848
413,Banf2,0.00250958775993921
414,Bank1,-0.08533435111569607
415,Basp1,0.012610044040188978
416,Batf,0.015289089663420484
417,Batf3,0.0037482417493162074
418,Bbox1,-0.01203719098519968
419,Bcam,0.3507105187639357
420,Bcar3,-0.3353567773054351
421,Bcas1,0.004300941514769324
422,Bcat1,-0.058256097194813616
423,Bcat2,0.0036331989237295102
424,Bcl11a,0.010771840435648123
425,Bcl11b,0.1447212256903675
426,Bcl2,2.0756477108451064
427,Bcl2a1,-0.04594179389559263
428,Bcl2l1,1.0439086496324146
429,Bcl2l11,0.1653591560538606
430,Bcl6b,1.3843536391597366
431,Bco1,-0.0009154582256058414
432,Bdh1,0.006000468652440876
433,Bdkrb2,1.1297899113157646
434,Bean1,0.4388715635829846
435,Begain,0.05307703463837988
436,Bend5,-0.013906008076145334
437,Bend6,-0.011863795881995601
438,Best1,-0.005971856163466864
439,Bex4,-0.020071541087178547
440,Bfsp1,0.16669579776919177
441,Bgn,-0.007004789466385469
442,Bhlha15,0.03691051643256345
443,Bhlhe22,-0.025413501609056383
444,Bhlhe41,-0.008077419395228276
445,Bicc1,-0.03605012884254763
446,Bicd1,0.208160755392714
447,Bicdl1,0.10290761337084463
448,Bid,-0.015550660213108919
449,Bin1,-0.20492834980324706
450,Bin2a,0.005864246219168237
451,Birc3,-0.00923006238078675
452,Blk,0.026926953050564903
453,Blnk,-0.028986435742774912
454,Bmerb1,0.01603338319709556
455,Bmp1,0.018108531126896504
456,Bmp10,0.04511235085605421
457,Bmp3,0.006269009788725317
458,Bmp4,0.21352188076933415
459,Bmp5,0.0551102136161149
460,Bmp6,0.879421104603136
461,Bmp7,-0.034042677852174325
462,Bmper,-0.15317730003252922
463,Bmpr1b,0.1282098059569867
464,Bmx,0.589869741690801
465,Bmyc,0.027475872819709035
466,Bnc1,0.023350972224234066
467,Bnc2,-0.0091699063829154
468,Boc,-0.354679658764522
469,Bok,0.02009657382775657
470,Bola2,-0.010081539365541514
471,Bpifb1,-0.019155002800815994
472,Bpifb3,-0.0014999511689779014
473,Brinp2,-0.0018490385739822384
474,Brinp3,-0.0029320180030515813
475,Brsk1,0.01576639701049886
476,Bst1,-0.06657001673910246
477,Bst2,-0.18949048408983496
478,Btg2,0.0748890524872391
479,Btk,-0.04677185121925981
480,Btla,-0.022966076515978373
481,Btn1a1,-0.0027679902782222227
482,Btn3a2,-0.002718732433415765
483,Btnl4,-0.002942535282835868
484,Btnl5,-0.0049072769321474325
485,Btnl7,0.007717501828610568
486,Btnl8,-0.04970682321514422
487,Btnl9,-0.8872604919995362
488,C10H5orf58,-0.019930351782964803
489,C10h17orf97,-0.008530473325563935
490,C11h3orf70,-0.04152392786116566
491,C13h1orf100,0.003594060266619284
492,C14h4orf50,0.0005760932499888575
493,C16h4orf47,-0.019767714030102093
494,C1h11orf16,0.0135905439553932
495,C1h16orf54,-0.02872470949922566
496,C1qa,-0.12125245885806676
497,C1qb,-0.10028436613107802
498,C1qc,-0.09223778461812496
499,C1ql1,8.94240632916406e-05
500,C1qtnf1,0.00617637018483291
501,C1qtnf2,-0.0951700932901556
502,C1qtnf5,0.014912144963388161
503,C1qtnf7,0.05941466227166987
504,C1qtnf9,0.09557360712937793
505,C1r,-0.04022889176093028
506,C1s,0.014705494143944231
507,C2H1orf54,-0.24501661805822614
508,C2cd4a,-0.005506037622188568
509,C2cd6,-0.024778311838192593
510,C2h1orf162,0.05811164908081341
511,C3,-0.03142280466231923
512,C3ar1,0.01876983484370778
513,C3h20orf85,0.012065549205536054
514,C4a,-0.16634306888345954
515,C4b,-0.9013728713497933
516,C4bpa,-0.022710021849970882
517,C4h12orf71,0.01619196356742151
518,C5,-0.035414409128196246
519,C5ar2,-0.1463711699836081
520,C6,-0.047836392384829236
521,C7h12orf56,-0.09243214352865456
522,C8h11orf65,0.022851396646194795
523,C9,0.005913739416373104
524,CXHXorf65,0.1684999894258767
525,Cabcoco1,-0.06589962682224917
526,Cables1,-0.8567866000448607
527,Cabp1,-0.294285968805768
528,Cabp4,0.0024442014603790717
529,Cacna1c,0.36622154844714416
530,Cacna1d,0.09472755131927219
531,Cacna1e,-0.015275284591097355
532,Cacna1g,0.1161231995469253
533,Cacna1h,-0.00811429483136306
534,Cacna2d1,0.10152006367612298
535,Cacna2d3,0.06721758603665826
536,Cacnb1,0.02466928911867599
537,Cacnb2,-0.44261136521225325
538,Cacnb3,-0.04905427810586787
539,Cacnb4,-0.07770037147508416
540,Cacng1,-0.01704346693657971
541,Cacng4,0.03082124470112185
542,Cacng5,0.01647097564944404
543,Cacng7,0.004639129308590693
544,Cacng8,0.031526702457273195
545,Cadm1,0.14860268261645881
546,Cadm2,-0.12901627762841322
547,Cadm3,-0.2872534776588992
548,Cadps,0.005508764419835579
549,Cadps2,1.2046743646844802
550,Calca,-0.024229137908815278
551,Calcr,-0.03186062431636337
552,Calcrl,0.08124249397196179
553,Cald1,3.1039491194436035
554,Calhm2,-0.017764624687487247
555,Calhm5,-0.014036346779920626
556,Calhm6,-0.0035603125503302947
557,Calm1,-0.42983692681608376
558,Camk1d,0.24623768272323826
559,Camk2n1,0.06566859321459984
560,Camk4,0.17818097373047836
561,Camkk1,0.006571364783637203
562,Camkmt,0.22793663029874928
563,Camp,0.013763804987546242
564,Cap2,0.023445349378085636
565,Capg,-0.06379356574043935
566,Capn1,-0.014336033630737696
567,Capn12,0.08501011069079055
568,Capn13,-0.053993094329209526
569,Capn3,-0.016877889326656226
570,Capn6,0.04713681121844533
571,Car2,-0.2901575489589882
572,Car3,-0.8080184869847825
573,Car4,-0.5926345625785991
574,Car8,-0.08934713462400629
575,Card10,-0.06217065390062676
576,Card11,0.09892927155193526
577,Card14,0.03619812898990375
578,Carmil1,-0.025930702744215328
579,Carmil2,-0.005414457315789344
580,Carns1,0.1018615798781741
581,Caskin2,0.06015460123309385
582,Casp1,0.22285049472851176
583,Casp12,0.13681025575654357
584,Casp3,-0.08526632540112053
585,Casp4,0.01734546281315772
586,Casp8,0.36611324186421595
587,Casq2,0.09724969672357138
588,Cass4,0.004109728678492548
589,Castor1,0.16276478318930365
590,Casz1,0.6245406164799178
591,Catsperg,0.033408791719991116
592,Cav1,-0.26005184478751864
593,Cavin3,-0.1424137932504669
594,Cbfa2t3,-0.82824839397126
595,Cblc,0.001720570361089178
596,Cblif,0.021138671363179803
597,Cbln3,-0.009912995425297886
598,Cbr3,0.05037481864422121
599,Cbx2,-0.04537325842668808
600,Cbx6,-0.1597575784147511
601,Ccbe1,0.23883810488889093
602,Ccdc102a,0.03854554359473826
603,Ccdc110,0.007517692829231372
604,Ccdc113,0.004844302474106195
605,Ccdc120,-0.014951403693777562
606,Ccdc125,0.25054252671130484
607,Ccdc136,-0.0036022486495682522
608,Ccdc141,-0.041779155949742956
609,Ccdc172,-0.010487696165639274
610,Ccdc177,-0.004723238196736165
611,Ccdc180,-0.06441986957285256
612,Ccdc194,-0.015756441796987784
613,Ccdc24,-0.01212960977729941
614,Ccdc27,0.0043427638082709445
615,Ccdc28b,-0.009463490103658958
616,Ccdc3,0.06669051992971473
617,Ccdc33,-0.01359033430087268
618,Ccdc34,-0.030025366923923963
619,Ccdc40,-0.020272633870496198
620,Ccdc63,0.017025701419491196
621,Ccdc68,0.019434601502860662
622,Ccdc80,0.0011285152083613803
623,Ccdc82,-0.0699443936424333
624,Ccdc85a,0.572055693744189
625,Ccdc85b,-0.1303684932365543
626,Ccdc88b,0.013140783527551332
627,Ccdc88c,0.7726831974841706
628,Ccdc92,0.013017137904314963
629,Ccl11,0.06263325031778057
630,Ccl12,-0.01628829087207281
631,Ccl2,-0.0815919256380966
632,Ccl21,-0.04457319672283079
633,Ccl22,-0.0055923137297459475
634,Ccl24,-0.10269332140360421
635,Ccl3,-0.06403074721383273
636,Ccl4,0.01962881481215302
637,Ccl5,-0.0286666502196864
638,Ccl6,-0.10592601288941357
639,Ccl7,-0.10225383230588087
640,Ccm2l,0.6161818689770833
641,Ccn1,-0.15738867612694404
642,Ccn2,-0.017753695770455304
643,Ccn3,-0.10620571291137627
644,Ccn4,0.036809555888910585
645,Ccn5,0.030696112025493726
646,Ccnb1ip1,-0.040159479071024275
647,Ccnb3,-0.01765357234059961
648,Ccnd1,0.0056454097917117835
649,Ccnd2,-0.0997723736216414
650,Ccnd3,0.13521777288607342
651,Ccnf,0.008077704233656412
652,Ccnjl,0.05856478660652076
653,Ccny,3.280125108388517
654,Ccnyl1,1.0695204017132254
655,Ccr1l1,-0.008184491855282902
656,Ccr2,0.014889219110308057
657,Ccr3,-0.002140739036542964
658,Ccr5,-0.019273742425563834
659,Ccr6,0.010354586067434085
660,Ccr7,-0.0009308098992161749
661,Ccrl2,0.010441424579833582
662,Ccser1,2.015806691542414
663,Cd101,-0.01758003722742641
664,Cd109,0.006160277852428468
665,Cd163,-0.37036798850918096
666,Cd164l2,-0.007181233953832935
667,Cd180,0.18309685885594473
668,Cd19,0.004684792561722682
669,Cd1d1,-0.060060376331763136
670,Cd2,0.03727756433916494
671,Cd200,-0.4097760088964745
672,Cd200r1,0.010709159762493469
673,Cd200r1l,0.010540058991222307
674,Cd209d,0.035901325902843687
675,Cd209f,-0.015587171712810861
676,Cd22,0.00021928400873111147
677,Cd226,0.17336154199223786
678,Cd244,-0.016590565896039498
679,Cd244-1,-0.004712114235173221
680,Cd247,0.10671650091379445
681,Cd27,0.05885472590188954
682,Cd274,-0.13667672191573121
683,Cd28,0.08968686947747194
684,Cd300a,-0.06873917635361948
685,Cd300c2,0.002794892097126074
686,Cd300e,0.1921347183850327
687,Cd300lb,-0.030470008278540402
688,Cd300ld,-0.0031967469116527215
689,Cd300le,-0.011245449237435286
690,Cd300lf,-0.004195726594373469
691,Cd300lg,-0.5097979291857269
692,Cd33,-0.05979359865601413
693,Cd34,-0.34355482944561266
694,Cd37,0.00045933887432385995
695,Cd38,-0.10895826265457345
696,Cd3d,0.0237448651829335
697,Cd3e,0.05084155616413648
698,Cd3g,0.01517778831508193
699,Cd40lg,-0.033580490986374126
700,Cd44,0.5066023566863631
701,Cd46,-0.8931331994516637
702,Cd5,0.047416295460443236
703,Cd53,0.05277065363353194
704,Cd55,-0.1141236297598221
705,Cd6,0.07740865222127319
706,Cd69,0.010050637680819827
707,Cd7,0.0014911182371529401
708,Cd72,-0.016604453600159753
709,Cd74,0.04085447135764977
710,Cd79a,-0.043660385182973285
711,Cd79b,0.036058268317896235
712,Cd83,0.006112310696256644
713,Cd84,-0.0008764377281154975
714,Cd86,-0.02805068852942606
715,Cd8a,-0.008253372008544514
716,Cd8b,-0.007812737637167819
717,Cd9,-0.05981146181398498
718,Cd93,0.5387381061602621
719,Cd96,0.05000664925654886
720,Cdc14a,0.9526713087415455
721,Cdc42ep1,0.017818771891108837
722,Cdc42ep3,1.0310369671215258
723,Cdc42se1,0.09323203001366723
724,Cdc42se2-ps1,-0.011630041379717904
725,Cdc45-1,0.4655178694916885
726,Cdca2,-0.01134473655119416
727,Cdca7l,-0.032937304280549654
728,Cdca8,0.010405176731656089
729,Cdh11,0.22104902299999826
730,Cdh13,6.02689344184853
731,Cdh18,0.04483864328691663
732,Cdh19,-0.050725114479999375
733,Cdh2,-0.030369110992875547
734,Cdh20,0.012022190620269982
735,Cdh23,0.0018952854378311845
736,Cdh24,-0.00365536602929898
737,Cdh26,-0.008415867032038065
738,Cdh3,-0.01007950944705133
739,Cdh4,0.11348550003396214
740,Cdh5,0.04750436952264725
741,Cdh6,0.15901621643090788
742,Cdh7,0.02280511976097828
743,Cdhr1,-0.015630598820116994
744,Cdk14,5.127220072726235
745,Cdk17,3.080728544687716
746,Cdk19,0.6639725777533859
747,Cdk6,-0.1850665488972995
748,Cdkl1,-0.32288973883454825
749,Cdkn1a,0.5838348530829001
750,Cdkn1c,-0.00878299963112249
751,Cdkn3,0.043418178730639925
752,Cdo1,-0.2616479670873523
753,Cdr2,0.40409002591669124
754,Cdsn,0.010861283746904375
755,Ceacam1,-0.12534114932971818
756,Ceacam16,0.007877283700047394
757,Ceacam4,-0.021458650271559222
758,Cebpa,0.005974708570836642
759,Cebpd,0.016594353052836165
760,Cela1,-0.17261130421386586
761,Cela3b,0.007749849948562273
762,Celf4,0.0052046426766637136
763,Celsr1,0.02676257658716616
764,Cemip2,0.4137296065730155
765,Cenpa,-0.018322452289614096
766,Cenpe,0.08049575366852535
767,Cenpf,0.016279659954576947
768,Cenpp,0.032175117969285835
769,Cenpq,0.019944104208393355
770,Cenpu,-0.017393786288119863
771,Cep112,-0.034198707476136445
772,Cep128,0.5602057158958073
773,Cep164,-0.08710329308102785
774,Cep290,0.19790844693646648
775,Cep55,-0.019747200378793447
776,Cep85l,1.3212713771831917
777,Cerkl,-0.005744746997766417
778,Cers4,0.1211042063895261
779,Cers6,-0.37299423173119767
780,Ces1a,0.030859256144086866
781,Cfap107,-0.0034205629776320225
782,Cfap119,-0.03193295319104049
783,Cfap276,0.0018535946342180761
784,Cfap44,-0.0017810361067271217
785,Cfap45,0.40588131729338517
786,Cfap46,0.025935964126080603
787,Cfap47,0.17917526737274408
788,Cfap52,0.017074506223909734
789,Cfap58,-0.027801818156126725
790,Cfap69,0.07421774653196536
791,Cfb,-0.1373789958327717
792,Cfd,-0.8384834785565228
793,Cfh,-0.47749630975669255
794,Cfhr4,0.025474505156329583
795,Cftr,0.0029364107087933556
796,Cgn,-0.04399088497330275
797,Ch25h,0.014726082735601154
798,Chaf1a,0.0508780063394191
799,Chaf1b,-0.020363680146912692
800,Chi3l1,-0.05451832803577258
801,Chit1,0.10051917994938972
802,Chl1,-0.09767500054926066
803,Chml,0.02782577249096394
804,Chn1,1.1027567069744366
805,Chn2,2.3169079987611196
806,Chp2,-0.08894992880671032
807,Chpf,-0.054486440900599106
808,Chrdl1,0.04639876868119126
809,Chrm2,-0.019556949717620887
810,Chrm3,0.20285443430557917
811,Chst1,0.01789961355647598
812,Chst11,-0.39770605003336373
813,Chst14,-0.05175978778606117
814,Chst15,-0.09360314580273049
815,Chst2,0.018160825360577795
816,Chst3,0.0038912823936322564
817,Chst4,0.016506787828274916
818,Chst7,-0.03508998612670166
819,Chsy1,-0.1883778777663509
820,Chsy3,-0.00415892652162167
821,Chtf18,-0.0023598594051373236
822,Cib4,0.011362752352499133
823,Cideb,0.0037341383585678505
824,Cidec,-0.7149273961508966
825,Ciita,0.08920058413021552
826,Cilp,-0.032587172592983736
827,Cit,0.011226373989518694
828,Cited1,-0.007613409310541974
829,Ckap2,0.03752007982124727
830,Ckap2l,-0.004049787046856636
831,Ckm,0.00469825547699089
832,Ckmt2,-0.0036464018055346915
833,Clca5,0.003067647574192629
834,Clcn5,-0.2688462296658187
835,Cldn1,0.045455909702530786
836,Cldn14,-0.014247952878672612
837,Cldn15,0.11554093180003748
838,Cldn22,0.02223114597679455
839,Cldn7,-0.02548336994065355
840,Cldnd2,-0.0008996621285194913
841,Clec10a,-0.0420072043069003
842,Clec12a,-0.04010733494974014
843,Clec14a,-0.07718333916844049
844,Clec1a,0.29898248042789954
845,Clec2d2,0.06216612937013677
846,Clec4a,-0.040702168199133575
847,Clec4a1,-0.047251795187239015
848,Clec4a2,-0.03231985077846322
849,Clec4a3,-0.06958021607053608
850,Clec4b2,-0.020647178360547164
851,Clec4d,-0.04851641585566198
852,Clec4e,0.02281493759266864
853,Clec4m,0.030361777699591627
854,Clec5a,-0.011408760607411014
855,Clec7a,-9.434540650869044e-05
856,Clic1,-0.05439362204363425
857,Clic3,-0.039199285288007035
858,Clic4,4.802084855189184
859,Clip2,-0.06629279951561518
860,Clip3,-0.01084076658794906
861,Clip4,0.061126094567612796
862,Clmp,-0.16642289706217994
863,Clnk,0.05901967765541463
864,Clrn1,0.0067116735242791214
865,Clspn,-0.021278400684912845
866,Clstn1,-0.20317934072665572
867,Clstn2,-0.024032880822495068
868,Clu,-0.06987189222180747
869,Clul1,-0.0028604193495541863
870,Cmahp,0.072075427054752
871,Cmip,1.9262659742885369
872,Cmklr1,-0.07907245486744056
873,Cmklr2,-0.004967741921949728
874,Cmpk2,-0.06891892725544643
875,Cmtm5,-0.003364864021196604
876,Cmtm8,1.0456088443197353
877,Cmya5,0.9516672931144017
878,Cndp1,-0.0582392568443601
879,Cndp2,-0.1222304072405964
880,Cnfn,0.0021120628090426545
881,Cnga1,-0.002997789468686135
882,Cngb1,0.038858968356940485
883,Cnih3,0.03734613319166828
884,Cnksr2,-0.04958207480077351
885,Cnksr3,-0.20123860129477034
886,Cnn1,-0.029376406445328636
887,Cnn2,-0.11805258925358926
888,Cnn3,0.3980997302794942
889,Cnr2,0.00786612180390172
890,Cntn1,0.06409458094513926
891,Cntn2,0.0065594384759435215
892,Cntnap5b,-0.009416147388459091
893,Cobl,-0.12044996071929662
894,Col11a1,0.02529950557622182
895,Col12a1,-0.1920274867381411
896,Col13a1,-0.04670805165711517
897,Col14a1,-0.163054640622502
898,Col15a1,-0.8323250657226908
899,Col16a1,0.011100472910144515
900,Col17a1,-0.036355911705377164
901,Col18a1,0.5894445768545571
902,Col19a1,0.0732344955316823
903,Col1a1,0.020894785331558863
904,Col1a2,-0.07882578542909446
905,Col23a1,0.39998405792427155
906,Col24a1,-0.09839514362534146
907,Col25a1,-0.026810745066364598
908,Col26a1,-0.03647575686325187
909,Col28a1,0.008792861123030838
910,Col3a1,-0.4490267552927963
911,Col4a1,2.238889590596812
912,Col4a2,2.3477799035846356
913,Col4a3,-0.023414117204342957
914,Col4a4,0.07372333381017473
915,Col4a5,0.01573310373608773
916,Col4a6,0.07007263384352516
917,Col5a1,-0.1053724477900777
918,Col5a2,0.3067139219437405
919,Col5a3,-0.8843053691957574
920,Col6a1,-0.1955955717901459
921,Col6a2,-0.2849374177720151
922,Col6a3,-0.08660522898939463
923,Col6a4,-0.0007179186153421988
924,Col6a5,-0.13752664358117941
925,Col6a6,-0.26912079388526483
926,Col7a1,-0.29809344117461906
927,Col8a1,0.6506891792856032
928,Col8a2,0.031189569144586968
929,Col9a2,-0.0013000235947530506
930,Col9a3,-0.006579145460423354
931,Colec12,-0.7141083714727534
932,Colgalt2,-0.6472759688620855
933,Comp,-0.016693942757145745
934,Coq8a,-0.3407110864963959
935,Coro1a,-0.04981113623198227
936,Coro1c,2.2338743356085615
937,Coro2b,-0.8842927327212562
938,Cotl1,0.03274547672418926
939,Cp,0.005698596710336873
940,Cpa3,-0.011024141829237022
941,Cpa6,0.12013466815118501
942,Cpe,0.029032146257547714
943,Cplane1,0.31331218498652136
944,Cplx2,-0.051754362998260285
945,Cpm,-0.014401459231478448
946,Cpne4,-0.04366049592256723
947,Cpne7,0.0061868721416186035
948,Cpq,-0.3670922561372232
949,Cpt1a,0.09674837982862841
950,Cpt1c,-0.0006602404339337564
951,Cpxm1,-0.060969631377173636
952,Cpxm2,0.06362126544751844
953,Cpz,0.01812424752035737
954,Cr2,-0.014296180643514924
955,Cracdl,0.007748777449955418
956,Cracr2a,-0.03293341830216727
957,Creb3l1,-0.12987451992196436
958,Creb5,0.691749920306322
959,Crim1,3.0814602056134186
960,Crip1,0.09750182742570407
961,Crispld1,-0.008697400521934552
962,Crispld2,-0.049658048415145054
963,Crlf3,0.07588489402079115
964,Crocc2,-0.030338733063564848
965,Crppa,-0.11472203182473735
966,Crtam,-0.0018012676938204816
967,Cryab,-0.04272056029876684
968,Crybg1,0.008717522908333854
969,Crybg2,0.020458445260094507
970,Crybg3,1.5268702419222628
971,Crygc,0.017412931987540757
972,Crym,-0.006575608874394635
973,Cryzl1-ps1,0.0037948151778831127
974,Csad,-0.3451631823877507
975,Csdc2,0.01785757102111276
976,Csf1,-0.08093299852969472
977,Csf1r,-0.3315754292062948
978,Csf2ra,-0.06837396989886374
979,Csf2rb,-0.07046589114861936
980,Csf3r,-0.060923979736334885
981,Csgalnact1,-0.00835763333299859
982,Csmd1,0.030562676178901745
983,Csmd2,-0.04355903318841832
984,Csmd3,-0.011665567618439718
985,Cspg4b,0.06873846125790202
986,Csrp1,3.535219368303103
987,Cst3,-0.1311003275958189
988,Cst6,0.015593176686032197
989,Cstpp1,0.24079030730741696
990,Ctbp2,0.9198464331191003
991,Ctla2a,0.02436049060428357
992,Ctla4,-0.0011414618050973086
993,Ctnna2,0.05018998519651938
994,Ctnna3,-0.27082548291663777
995,Ctnnbip1,0.08433368683741577
996,Ctnnd2,0.037835034385071874
997,Ctrc,-0.00677546949307835
998,Ctrl,-0.011656460497408547
999,Ctsa,-0.23543114475165083
1000,Ctsb,0.17791031126441625
1001,Ctsc,-0.07835007153264478
1002,Ctse,0.1127793419634557
1003,Ctsh,-0.13072025750295224
1004,Ctss,-0.24135941400393396
1005,Ctsw,-0.0008188345677988575
1006,Cttnbp2nl,1.0003029176097604
1007,Ctxn3,0.014762981662883288
1008,Ctxnd1,-0.03909496729818146
1009,Cux2,0.06655027086536533
1010,Cwc15-ps3,-0.021287544853066588
1011,Cx3cl1,0.10470545467902598
1012,Cx3cr1,-0.0055121549929770955
1013,Cxcl1,0.0019600265684381057
1014,Cxcl11,-0.015582742826242175
1015,Cxcl12,-1.4255554982691012
1016,Cxcl14,-0.008116225954096057
1017,Cxcl16,-0.0016980348903455587
1018,Cxcl2,-0.017828278899250982
1019,Cxcl6,0.013319059581147135
1020,Cxcl9,-0.06309454137319605
1021,Cxcr2,-0.0019249696608805468
1022,Cxcr3,-0.00439341361536743
1023,Cxcr4,0.019724772025960242
1024,Cxcr5,0.05936976722000559
1025,Cxxc4,-0.18570749189780944
1026,Cyb5r2,0.013237145931566694
1027,Cyba,-0.15155881673803526
1028,Cybb,-0.1434363450273059
1029,Cybrd1,0.010873348653183134
1030,Cyct,0.04535536075368788
1031,Cyfip2,0.05876434199012263
1032,Cygb,0.021122423347515202
1033,Cyp19a1,0.009744329839984769
1034,Cyp1b1,-0.02433137115510171
1035,Cyp26a1,-0.04021853971577471
1036,Cyp26b1,0.07188240002001448
1037,Cyp27a1,0.06512013283440027
1038,Cyp2c11,0.0015907632974708373
1039,Cyp2d3,-0.003330512047588752
1040,Cyp2e1,-0.12849572445780771
1041,Cyp2j16,0.005307587666156046
1042,Cyp2s1,0.009041710797975654
1043,Cyp39a1,0.0840099006384601
1044,Cyp3a18,-0.007264584604888122
1045,Cyp4a1,0.02576963389703495
1046,Cyp4b1,-0.3266678538489399
1047,Cyp4f1,0.005059238879291375
1048,Cyp4f18,0.0351730697433796
1049,Cyp4f5,-0.04163765056850395
1050,Cyp7b1,-0.00932301803769212
1051,Cysltr1,0.0023460852565788193
1052,Cysltr2,0.05706578159604782
1053,Cyth3,-0.021222178041257256
1054,Cyth4,-0.1347721981707309
1055,Cytip,-0.019853357221715003
1056,Cyyr1,0.6568573011264209
1057,Daam2,0.06956651716583045
1058,Dab1,-0.020216725009087503
1059,Dab2,-0.6376921500563598
1060,Dab2ip,0.022938977429458052
1061,Dach1,2.465436217501772
1062,Dach2,-0.016632484571781556
1063,Dact1,0.008216395345220414
1064,Dact2,-0.0948631066700577
1065,Dact3,0.008281231247384753
1066,Daglb,-0.380098114479045
1067,Dap,0.009942668745022691
1068,Dapk2,0.9000466400423112
1069,Dapp1,0.042752985893913506
1070,Daw1,-0.006642004135641845
1071,Dbf4,-0.028121233781885267
1072,Dbh,0.007545767214958532
1073,Dbn1,-0.1752780983117941
1074,Dcbld1,-0.31167393220378015
1075,Dcc,-0.006655628169970045
1076,Dchs1,0.12177470952234143
1077,Dclk1,-0.1178768050077384
1078,Dclk3,-0.05090019754646899
1079,Dcn,-0.2276222087923099
1080,Dcps,0.3207422981770209
1081,Dcstamp,0.008297464201608594
1082,Dctd,-0.0035211270598825006
1083,Dcx,-0.023619541399939006
1084,Ddah1,0.011500503470994884
1085,Ddhd1,0.17131789558222862
1086,Ddit4,0.2577099451394896
1087,Ddit4l,-0.006541523289277625
1088,Ddr2,-0.43291543357530116
1089,Ddx43,-0.014415401708221033
1090,Ddx54,0.2281484469753198
1091,Ddx60,-0.1619456322802786
1092,Dear,0.10502951580648179
1093,Def6,-0.03996493899287226
1094,Dennd1c,0.0387100638188658
1095,Dennd2a,-0.1581100653703897
1096,Dennd2b,-0.8843713550872385
1097,Dennd2c,0.08592825805243473
1098,Dennd3,0.6666221715750631
1099,Dennd4a,0.3446033188920814
1100,Depdc1,0.047482203346183825
1101,Depdc1b,0.004319688973314306
1102,Depp1,0.6476558111687997
1103,Des,-0.04170972403114068
1104,Dgka,0.49987496655534036
1105,Dgkb,0.7586958869534154
1106,Dgke,-0.1670276245317327
1107,Dgkg,-0.18081205741958684
1108,Dgkh,0.518985292261589
1109,Dgki,0.0212623874245412
1110,Dgkz,-0.09876702298832496
1111,Dhx58,-0.08330787366321635
1112,Diaph3,0.009093598132941999
1113,Dio1,0.007570045671306482
1114,Dio2,-0.38268636566304237
1115,Dipk1a,-0.09831278667999155
1116,Dipk2b,-0.3625168467420531
1117,Diras2,-0.0205509089362061
1118,Diras3,0.03138452891211452
1119,Disc1,-0.04859101406189878
1120,Disp1,-0.21181445449014205
1121,Disp3,-0.0034095103152244374
1122,Dkk2,0.11343699767076365
1123,Dkk3,0.0490904873603314
1124,Dlc1,0.2058662559182612
1125,Dlg2,-0.8830345226193084
1126,Dlgap1,-0.05543907900921597
1127,Dlgap2,-0.07809224575837295
1128,Dlk2,0.0075319316120862475
1129,Dll1,0.15974586789791945
1130,Dll4,1.9724097680931179
1131,Dlx5,-0.016469174773718894
1132,Dmd,0.7694458700571631
1133,Dmp1,-0.09194430254138511
1134,Dmrt2,0.008128537768703
1135,Dmrta1,0.03402162676379281
1136,Dmrtc2,-0.02275393122501313
1137,Dmxl2,-0.24033336830776486
1138,Dnaaf1,-0.1316075430101546
1139,Dnaaf4,0.036168275752582316
1140,Dnaaf8,-0.018035826660708423
1141,Dnah11,0.03827582600076942
1142,Dnah12,-0.01170517809035512
1143,Dnah14,0.0003121593849303786
1144,Dnah7,0.024860540224750975
1145,Dnah8,-0.009344043685710346
1146,Dnai2,-0.000959837417447415
1147,Dnai7,-0.1387600284754688
1148,Dnajc18,0.07526752297931216
1149,Dnase1l3,-0.016598824429496443
1150,Dnase2b,-0.00847309152705043
1151,Dnm1,-0.08038426165557011
1152,Dnm3,-0.099786432674426
1153,Dntt,-0.0005648899316508392
1154,Dock10,0.3112864240431729
1155,Dock11,-0.22924986738608638
1156,Dock2,-0.12168099641185393
1157,Dock4,0.20187507035573593
1158,Dock8,-0.0023783070290246955
1159,Dock9,2.73205393348636
1160,Dok2,0.015584915229327824
1161,Dok3,-0.156908779433876
1162,Dok4,-0.1974876066901327
1163,Dok5,0.007145230764647224
1164,Dok6,0.09086751960169359
1165,Dop1b,0.04057564599915203
1166,Dpep2,0.16663123568071503
1167,Dpep2nb,-0.025791963300100626
1168,Dph3,0.07377126951563472
1169,Dpp4,0.0544553863981513
1170,Dpp6,-0.05268014080799999
1171,Dppa3,0.0013765899238947017
1172,Dpt,-0.21027029019523935
1173,Dpy19l3,-0.0010695089049367786
1174,Dpysl2,-0.5204555842230225
1175,Dpysl3,0.19711690567459011
1176,Dpysl5,0.005429087238827184
1177,Dram1,0.026756197587314824
1178,Drc1,0.01627496662527806
1179,Drd1,-0.04076186722269597
1180,Dsc1,0.004679441852526056
1181,Dsc2,-0.0007562929317783988
1182,Dscam,0.03080520993035388
1183,Dscaml1,0.12001723997283406
1184,Dse,-0.08680464501518906
1185,Dsel,-0.002915947801851816
1186,Dsg2,0.028592110134825887
1187,Dsg3,0.0028363912742269343
1188,Dsp,0.05990790003390811
1189,Dst,4.84149758358293
1190,Dtx1,0.016119443113442114
1191,Dtx3,0.053806515599505646
1192,Dtx4,-0.09398621253083855
1193,Duox1,-0.031490407284395484
1194,Duoxa1,-0.08857574146619929
1195,Duoxa2,-0.06043559693105123
1196,Dusp18,-0.03942948169731178
1197,Dusp2,0.02117322270528542
1198,Dusp26,0.012604034710089935
1199,Dusp5,0.01664535869563552
1200,Dusp6,-0.35120304458448776
1201,Dux4,0.023701550808350885
1202,Dync1i1,0.04245549417309182
1203,Dync2i2,-0.05237777384473945
1204,Dynll1,0.06074226311678815
1205,Dynlrb2,0.016746576320088677
1206,Dyrk4,-0.007718890282396643
1207,Dysf,-0.7804416321813026
1208,Dzip1l,0.03860839751926506
1209,E2f7,0.032166608766317634
1210,ENSRNOG00000030204,0.029145023693567175
1211,ENSRNOG00000030420,-0.014708333357616003
1212,ENSRNOG00000031320,-0.0386563604851743
1213,ENSRNOG00000031425,-0.008715352994353283
1214,ENSRNOG00000032693,-0.02724937310236036
1215,ENSRNOG00000037911,0.011521506628361315
1216,ENSRNOG00000043170,-0.026810501363232448
1217,ENSRNOG00000062316,0.04083569955073972
1218,ENSRNOG00000062350,-0.5017895938142627
1219,ENSRNOG00000062369,0.005177667280751426
1220,ENSRNOG00000062389,0.005373238498579952
1221,ENSRNOG00000062480,-0.06633758499756812
1222,ENSRNOG00000062481,-0.007347382043878865
1223,ENSRNOG00000062548,0.07150483148409673
1224,ENSRNOG00000062599,-0.017903492277989652
1225,ENSRNOG00000062600,-0.011927834186396116
1226,ENSRNOG00000062603,0.03129022803465069
1227,ENSRNOG00000062620,0.0061521525933392295
1228,ENSRNOG00000062636,0.019153145923770258
1229,ENSRNOG00000062648,0.0061702367949346085
1230,ENSRNOG00000062662,0.02594199433941597
1231,ENSRNOG00000062694,-0.007700003588202872
1232,ENSRNOG00000062722,0.0059116837865154995
1233,ENSRNOG00000062762,-0.0050806270202829375
1234,ENSRNOG00000062810,0.021202972067118436
1235,ENSRNOG00000062812,-0.006732999313823628
1236,ENSRNOG00000062837,-0.019299992456031822
1237,ENSRNOG00000062851,0.004417999081355553
1238,ENSRNOG00000062866,-0.017031472360179087
1239,ENSRNOG00000062871,0.09066429351283663
1240,ENSRNOG00000062907,-0.012484171081870207
1241,ENSRNOG00000062925,-0.010079214982218008
1242,ENSRNOG00000062930,5.385160502993805
1243,ENSRNOG00000062938,-0.007037399091763911
1244,ENSRNOG00000062961,0.000728128439371264
1245,ENSRNOG00000062972,-0.002946948759943421
1246,ENSRNOG00000062975,0.009127174114331947
1247,ENSRNOG00000062979,0.011580101904253086
1248,ENSRNOG00000062997,0.03116253694999885
1249,ENSRNOG00000063011,0.002205668433316847
1250,ENSRNOG00000063028,-0.0023240176374388737
1251,ENSRNOG00000063062,0.021208012823004177
1252,ENSRNOG00000063101,-0.011297459168481438
1253,ENSRNOG00000063122,-0.027031370971025495
1254,ENSRNOG00000063128,-0.010309163644278248
1255,ENSRNOG00000063136,-0.0015707312263934722
1256,ENSRNOG00000063173,-0.0016613672684683443
1257,ENSRNOG00000063191,-0.0031633019677754677
1258,ENSRNOG00000063204,-0.012213730172363869
1259,ENSRNOG00000063230,-0.11431975000440366
1260,ENSRNOG00000063273,0.020467926293380245
1261,ENSRNOG00000063289,0.01648306933365227
1262,ENSRNOG00000063332,0.002067687472028239
1263,ENSRNOG00000063342,-0.0055808557907812625
1264,ENSRNOG00000063354,0.0111610939462478
1265,ENSRNOG00000063371,-0.012185636555380457
1266,ENSRNOG00000063386,0.016997531599675667
1267,ENSRNOG00000063391,0.017364971089960324
1268,ENSRNOG00000063393,-0.049012107470077226
1269,ENSRNOG00000063417,0.015047285872029989
1270,ENSRNOG00000063438,-0.010087122549665095
1271,ENSRNOG00000063439,-0.024276598815303422
1272,ENSRNOG00000063449,-0.0026549708178862574
1273,ENSRNOG00000063458,-0.021692098181285133
1274,ENSRNOG00000063499,-0.03698210579334363
1275,ENSRNOG00000063503,-0.03746072590576675
1276,ENSRNOG00000063508,0.016198321601398794
1277,ENSRNOG00000063519,-0.02884602475956294
1278,ENSRNOG00000063531,-0.007060969800175997
1279,ENSRNOG00000063537,0.027373241570602225
1280,ENSRNOG00000063546,-0.08957001238992211
1281,ENSRNOG00000063556,0.023157413446721092
1282,ENSRNOG00000063571,0.03698190935714576
1283,ENSRNOG00000063575,0.006622541051650254
1284,ENSRNOG00000063604,0.00742577205667963
1285,ENSRNOG00000063629,-0.010101653419594275
1286,ENSRNOG00000063634,-0.007686635079252217
1287,ENSRNOG00000063646,-0.0030376397536906723
1288,ENSRNOG00000063647,0.058388278437055165
1289,ENSRNOG00000063662,0.02678066004495071
1290,ENSRNOG00000063695,0.006731079140236568
1291,ENSRNOG00000063703,0.03620338072826811
1292,ENSRNOG00000063706,-0.012122382947304266
1293,ENSRNOG00000063716,-0.0003355783710966868
1294,ENSRNOG00000063720,0.008178310207102487
1295,ENSRNOG00000063728,-0.011509279883015151
1296,ENSRNOG00000063733,1.5103910305131916
1297,ENSRNOG00000063803,-0.032961330613426605
1298,ENSRNOG00000063806,0.05795511628997065
1299,ENSRNOG00000063812,0.01991097499083724
1300,ENSRNOG00000063814,-0.0129441275092496
1301,ENSRNOG00000063817,-0.023583620847144656
1302,ENSRNOG00000063824,0.067217304066755
1303,ENSRNOG00000063847,0.010923228120937658
1304,ENSRNOG00000063901,-0.006409476250246194
1305,ENSRNOG00000063915,0.02548789117379702
1306,ENSRNOG00000063937,0.040475988245800607
1307,ENSRNOG00000063994,-0.04219532743555139
1308,ENSRNOG00000064007,0.03820287139685689
1309,ENSRNOG00000064017,-0.02425777854445108
1310,ENSRNOG00000064023,0.011650477050850082
1311,ENSRNOG00000064030,-0.004356593959500033
1312,ENSRNOG00000064051,-0.0008694733685168238
1313,ENSRNOG00000064058,0.006865546809405061
1314,ENSRNOG00000064113,1.4713127005961413
1315,ENSRNOG00000064121,-0.006296884170283526
1316,ENSRNOG00000064141,-0.14660923441986906
1317,ENSRNOG00000064198,-0.002636893480383334
1318,ENSRNOG00000064231,0.015701657476008476
1319,ENSRNOG00000064235,0.00436071414219944
1320,ENSRNOG00000064267,0.06019745393548586
1321,ENSRNOG00000064338,0.015946225043398984
1322,ENSRNOG00000064410,0.017443571662285245
1323,ENSRNOG00000064414,0.02193214050258422
1324,ENSRNOG00000064428,-0.006443275082099812
1325,ENSRNOG00000064438,-0.03033906473981162
1326,ENSRNOG00000064524,-0.0663067133177014
1327,ENSRNOG00000064568,-0.08929487814862308
1328,ENSRNOG00000064589,0.0005693008181846017
1329,ENSRNOG00000064594,-0.004465134994887196
1330,ENSRNOG00000064639,0.030591458111880816
1331,ENSRNOG00000064640,0.0094199059645824
1332,ENSRNOG00000064648,-0.004813387374358161
1333,ENSRNOG00000064666,-0.005286158476733839
1334,ENSRNOG00000064673,-0.016622077999801012
1335,ENSRNOG00000064682,-0.02506288630440906
1336,ENSRNOG00000064726,0.03471366253811556
1337,ENSRNOG00000064727,0.013928969081008593
1338,ENSRNOG00000064734,-0.00978770479505744
1339,ENSRNOG00000064809,0.0011472650723021484
1340,ENSRNOG00000064824,3.309737906658718
1341,ENSRNOG00000064831,-0.004807244794545396
1342,ENSRNOG00000064835,0.02180869338141931
1343,ENSRNOG00000064836,0.05567739227202627
1344,ENSRNOG00000064843,-0.03299648327676536
1345,ENSRNOG00000064851,0.030031880238006715
1346,ENSRNOG00000064869,-0.008015444664303397
1347,ENSRNOG00000064891,0.03296502389276697
1348,ENSRNOG00000064897,-0.0012989802875157928
1349,ENSRNOG00000064963,0.0002890425052684458
1350,ENSRNOG00000064981,-0.10602295829230753
1351,ENSRNOG00000064989,-0.0009924690325800864
1352,ENSRNOG00000065036,0.023864688030470232
1353,ENSRNOG00000065037,-0.03426725811627823
1354,ENSRNOG00000065061,-0.09188709444966829
1355,ENSRNOG00000065078,-0.013911474899006829
1356,ENSRNOG00000065100,0.01955572475288197
1357,ENSRNOG00000065109,0.03284139853276105
1358,ENSRNOG00000065127,0.006219625154357567
1359,ENSRNOG00000065195,-0.0740455208909453
1360,ENSRNOG00000065197,-0.003939100850607226
1361,ENSRNOG00000065206,-0.003850434209493972
1362,ENSRNOG00000065234,-0.015044398248142368
1363,ENSRNOG00000065252,0.005421136849303241
1364,ENSRNOG00000065275,-0.006130902374119978
1365,ENSRNOG00000065292,-0.005518344915455744
1366,ENSRNOG00000065324,0.004373795271145103
1367,ENSRNOG00000065340,0.12407945454962606
1368,ENSRNOG00000065364,-0.004420355703386572
1369,ENSRNOG00000065429,-0.017729055572227533
1370,ENSRNOG00000065642,-0.03546969792326025
1371,ENSRNOG00000065670,0.02239644700357097
1372,ENSRNOG00000065679,-0.021252245148939718
1373,ENSRNOG00000065681,0.020046367540200945
1374,ENSRNOG00000065744,0.031722716554314384
1375,ENSRNOG00000065786,0.10846443706919232
1376,ENSRNOG00000065800,-0.05658930900462164
1377,ENSRNOG00000065882,-0.010044431308412342
1378,ENSRNOG00000065945,-0.014621552515909906
1379,ENSRNOG00000066006,0.019101313121172126
1380,ENSRNOG00000066026,0.024081834706373283
1381,ENSRNOG00000066091,0.04507954255824942
1382,ENSRNOG00000066143,0.05645040729016469
1383,ENSRNOG00000066155,-0.005001856114137479
1384,ENSRNOG00000066169,0.025112511298679023
1385,ENSRNOG00000066184,-0.024380257966213115
1386,ENSRNOG00000066238,0.020578058462655088
1387,ENSRNOG00000066244,-0.02933838822672801
1388,ENSRNOG00000066249,-0.04669458279113213
1389,ENSRNOG00000066293,-0.011507920510724369
1390,ENSRNOG00000066295,0.004413388555642146
1391,ENSRNOG00000066309,0.09994481062082831
1392,ENSRNOG00000066315,-0.0001987859518545671
1393,ENSRNOG00000066358,0.02298406250911647
1394,ENSRNOG00000066359,-0.000874870725690681
1395,ENSRNOG00000066379,-0.004570257054540772
1396,ENSRNOG00000066444,-0.034638000530865756
1397,ENSRNOG00000066454,-0.01565345524400768
1398,ENSRNOG00000066508,-0.0036046596885716585
1399,ENSRNOG00000066536,-0.014883091524647523
1400,ENSRNOG00000066578,0.0022932945578099852
1401,ENSRNOG00000066580,0.014652496900687095
1402,ENSRNOG00000066584,0.04570089389398595
1403,ENSRNOG00000066588,0.06824705181949596
1404,ENSRNOG00000066599,-0.005113188740545617
1405,ENSRNOG00000066609,0.002072184240401283
1406,ENSRNOG00000066615,0.016130615095131372
1407,ENSRNOG00000066622,-0.029327111529163896
1408,ENSRNOG00000066647,0.0986625153614679
1409,ENSRNOG00000066660,0.018560184227121256
1410,ENSRNOG00000066672,-0.02704672978803223
1411,ENSRNOG00000066676,-0.06722486513882334
1412,ENSRNOG00000066710,-0.01133901281807816
1413,ENSRNOG00000066735,0.008813171675943532
1414,ENSRNOG00000066738,-0.004575684656274971
1415,ENSRNOG00000066753,0.0009539729659823193
1416,ENSRNOG00000066755,0.011659921995056024
1417,ENSRNOG00000066766,0.016063733209028243
1418,ENSRNOG00000066791,-0.0001823046564284692
1419,ENSRNOG00000066793,-0.02695308426192248
1420,ENSRNOG00000066833,-0.021774494497076344
1421,ENSRNOG00000066840,-0.0029748360857961495
1422,ENSRNOG00000066901,-0.013206718240610878
1423,ENSRNOG00000066918,0.019499409535769226
1424,ENSRNOG00000066972,-0.006492328911626067
1425,ENSRNOG00000067004,-0.37659847438276584
1426,ENSRNOG00000067032,-0.11646714353921668
1427,ENSRNOG00000067054,-0.01704515132777235
1428,ENSRNOG00000067083,0.002165291767363994
1429,ENSRNOG00000067098,-0.011497606893998254
1430,ENSRNOG00000067125,0.005787674897910152
1431,ENSRNOG00000067131,0.043513871892290536
1432,ENSRNOG00000067151,0.0005974612024057246
1433,ENSRNOG00000067174,0.0043724002351615285
1434,ENSRNOG00000067200,0.001631194670829434
1435,ENSRNOG00000067207,-0.004313694521658155
1436,ENSRNOG00000067237,0.060834852946665234
1437,ENSRNOG00000067254,-0.010113645989744768
1438,ENSRNOG00000067275,-0.0013931504474996546
1439,ENSRNOG00000067328,0.036834194717286675
1440,ENSRNOG00000067333,-0.017233589511583023
1441,ENSRNOG00000067431,0.033996252889798025
1442,ENSRNOG00000067455,0.021887752045477576
1443,ENSRNOG00000067467,0.0388866235108523
1444,ENSRNOG00000067564,-0.031538048415916606
1445,ENSRNOG00000067567,-0.01994697271516115
1446,ENSRNOG00000067573,-0.02153227306641191
1447,ENSRNOG00000067595,1.0495318255601185
1448,ENSRNOG00000067598,-0.010303476356559118
1449,ENSRNOG00000067606,-0.020503583987372988
1450,ENSRNOG00000067625,0.008740498316121316
1451,ENSRNOG00000067656,0.011206549385126212
1452,ENSRNOG00000067734,-0.03461519857653412
1453,ENSRNOG00000067742,-0.013214069530965886
1454,ENSRNOG00000067749,-0.005868908991149494
1455,ENSRNOG00000067817,0.0018935089080363366
1456,ENSRNOG00000067835,0.0055074907641467635
1457,ENSRNOG00000067856,0.03820399088154789
1458,ENSRNOG00000067866,0.018100739864853308
1459,ENSRNOG00000067882,-0.03393812153367981
1460,ENSRNOG00000067893,0.00037015179998783985
1461,ENSRNOG00000067913,-0.022614021743072872
1462,ENSRNOG00000067921,0.041795660128514746
1463,ENSRNOG00000067926,0.002055102566304104
1464,ENSRNOG00000067949,0.013425959089453808
1465,ENSRNOG00000067963,-0.013362103931586652
1466,ENSRNOG00000067970,-0.11145063703222438
1467,ENSRNOG00000067986,-0.05440782364118428
1468,ENSRNOG00000068032,-0.005509574654671889
1469,ENSRNOG00000068039,3.920336145529321
1470,ENSRNOG00000068060,0.030775569763766525
1471,ENSRNOG00000068062,0.0221634497450161
1472,ENSRNOG00000068089,-0.0025031842083133513
1473,ENSRNOG00000068092,-0.04020685048174164
1474,ENSRNOG00000068121,-0.13230738399349934
1475,ENSRNOG00000068179,-0.17596336789450245
1476,ENSRNOG00000068187,-0.027115433282840072
1477,ENSRNOG00000068226,0.04060932157414446
1478,ENSRNOG00000068239,-0.015958153467443496
1479,ENSRNOG00000068272,-0.04179911605593643
1480,ENSRNOG00000068281,-0.0022998316498471414
1481,ENSRNOG00000068287,0.006892287749002664
1482,ENSRNOG00000068360,-0.02340849544890789
1483,ENSRNOG00000068379,0.03611238480135214
1484,ENSRNOG00000068458,-0.03767229661159535
1485,ENSRNOG00000068486,-0.018276339488855056
1486,ENSRNOG00000068560,0.06511803823974541
1487,ENSRNOG00000068564,0.08541084598714346
1488,ENSRNOG00000068567,0.016099403535672914
1489,ENSRNOG00000068569,-6.258249515487244e-05
1490,ENSRNOG00000068585,0.003617287809423577
1491,ENSRNOG00000068602,0.0015815768595290895
1492,ENSRNOG00000068603,-0.03973299426398803
1493,ENSRNOG00000068613,-0.015614044356115634
1494,ENSRNOG00000068683,-0.02830715528165957
1495,ENSRNOG00000068684,-0.010128632848415883
1496,ENSRNOG00000068713,0.011285291616264542
1497,ENSRNOG00000068722,-0.007995715767258996
1498,ENSRNOG00000068731,-0.04069849536417644
1499,ENSRNOG00000068750,0.004030959278805335
1500,ENSRNOG00000068760,0.22261245432600557
1501,ENSRNOG00000068762,-0.003783928988581534
1502,ENSRNOG00000068800,0.12291747870286349
1503,ENSRNOG00000068845,0.0069234889557407584
1504,ENSRNOG00000068878,-0.00944851093576763
1505,ENSRNOG00000068917,-0.022249272872321167
1506,ENSRNOG00000068941,-0.003797714153137364
1507,ENSRNOG00000068959,0.00857853787036205
1508,ENSRNOG00000069024,0.5378003243444122
1509,ENSRNOG00000069029,-0.019454830379963532
1510,ENSRNOG00000069031,-0.047864036936516564
1511,ENSRNOG00000069050,0.003018712226028271
1512,ENSRNOG00000069138,0.007111849662815684
1513,ENSRNOG00000069140,-0.009813799316552973
1514,ENSRNOG00000069177,-0.03344572704835913
1515,ENSRNOG00000069203,-0.009477729615417863
1516,ENSRNOG00000069237,-0.03405120840876428
1517,ENSRNOG00000069272,0.009061511759750049
1518,ENSRNOG00000069297,0.3237938502470699
1519,ENSRNOG00000069351,0.07141694056838618
1520,ENSRNOG00000069359,0.03420961449308566
1521,ENSRNOG00000069374,0.0022960448347791266
1522,ENSRNOG00000069377,-0.0073819677645179434
1523,ENSRNOG00000069392,0.005572618387931821
1524,ENSRNOG00000069403,0.006174137265062954
1525,ENSRNOG00000069422,-0.007465504378885716
1526,ENSRNOG00000069426,-0.012505420304954235
1527,ENSRNOG00000069434,0.026281253201227716
1528,ENSRNOG00000069461,0.026705714148819403
1529,ENSRNOG00000069471,-0.025998564636452524
1530,ENSRNOG00000069480,0.18756229352990406
1531,ENSRNOG00000069485,-0.06433962108143179
1532,ENSRNOG00000069489,0.016560806304590375
1533,ENSRNOG00000069496,0.00045175308568327585
1534,ENSRNOG00000069506,-0.04424783002569933
1535,ENSRNOG00000069525,-0.0036072478276369044
1536,ENSRNOG00000069567,-0.003191866952840917
1537,ENSRNOG00000069588,-0.0014906633547823837
1538,ENSRNOG00000069624,0.025822474707459672
1539,ENSRNOG00000069665,-0.022221176994472187
1540,ENSRNOG00000069713,-0.00807686864278025
1541,ENSRNOG00000069760,0.014274316290392029
1542,ENSRNOG00000069772,0.010051163581949796
1543,ENSRNOG00000069780,-0.022237717944143098
1544,ENSRNOG00000069803,-0.9352582302241776
1545,ENSRNOG00000069862,0.00025182042550426966
1546,ENSRNOG00000069878,0.05672169654378069
1547,ENSRNOG00000069880,-0.14886930695792094
1548,ENSRNOG00000069897,-0.028811048067535903
1549,ENSRNOG00000069903,-0.00654349145748218
1550,ENSRNOG00000069906,0.00738679633490493
1551,ENSRNOG00000069930,-0.009936892574026876
1552,ENSRNOG00000069932,-0.005291692584238309
1553,ENSRNOG00000069936,-0.040580679758419044
1554,ENSRNOG00000069941,0.017041088457760405
1555,ENSRNOG00000069946,0.005158549765605484
1556,ENSRNOG00000069947,0.002673722324449299
1557,ENSRNOG00000070004,-0.02769270552310011
1558,ENSRNOG00000070051,0.013117826716444226
1559,ENSRNOG00000070105,-0.048439838705987365
1560,ENSRNOG00000070205,-0.01617477666718701
1561,ENSRNOG00000070221,-0.013423325657387256
1562,ENSRNOG00000070232,0.00238411372881686
1563,ENSRNOG00000070233,0.015771777211081795
1564,ENSRNOG00000070264,-0.014357234620119164
1565,ENSRNOG00000070276,0.028888373456139576
1566,ENSRNOG00000070297,-0.002195921403598542
1567,ENSRNOG00000070316,-0.43795443500209
1568,ENSRNOG00000070318,-0.0017533374511472556
1569,ENSRNOG00000070333,0.027399120881114875
1570,ENSRNOG00000070383,-0.016037375940767713
1571,ENSRNOG00000070393,0.00760008371438898
1572,ENSRNOG00000070418,-0.021909352674556737
1573,ENSRNOG00000070442,0.738855550754583
1574,ENSRNOG00000070536,-0.007457099554546098
1575,ENSRNOG00000070540,0.002452304116580924
1576,ENSRNOG00000070554,-0.010061115408867699
1577,ENSRNOG00000070583,-0.003485634550467047
1578,ENSRNOG00000070606,-0.0002778015182122052
1579,ENSRNOG00000070640,0.3646684779553794
1580,ENSRNOG00000070669,-0.25286968676570354
1581,ENSRNOG00000070694,-0.016154445389559617
1582,ENSRNOG00000070716,-0.028877896032729663
1583,ENSRNOG00000070737,0.029320153665502297
1584,ENSRNOG00000070795,-0.018330557103785734
1585,ENSRNOG00000070868,0.005728444292210791
1586,ENSRNOG00000070880,-0.014269704681699892
1587,ENSRNOG00000070888,0.002892966044877767
1588,ENSRNOG00000070893,-0.04213720010778953
1589,ENSRNOG00000070905,0.11432205006910796
1590,ENSRNOG00000070909,0.012826499554028363
1591,ENSRNOG00000070939,0.0070259899228422105
1592,ENSRNOG00000070955,-0.019310867911978395
1593,ENSRNOG00000070963,-0.004202198614894391
1594,ENSRNOG00000070979,0.04096134240463954
1595,ENSRNOG00000070992,-0.012738016038721354
1596,ENSRNOG00000070993,-0.013477204116797214
1597,ENSRNOG00000071036,0.008003553543013091
1598,ENSRNOG00000071069,0.013617970395456319
1599,ENSRNOG00000071194,-0.006280150271590434
1600,ENSRNOG00000071195,-0.015527888148540761
1601,ENSRNOG00000071219,-0.23324765324687152
1602,Eaf2,0.014596958487201762
1603,Ebf1,3.9241252015684935
1604,Ece2,-0.005154663499075089
1605,Ecm1,0.18848615276408376
1606,Ecscr,0.02419297211679508
1607,Ect2,0.06538127979573222
1608,Eda,-0.2555695311151601
1609,Eda2r,-0.24600224264188167
1610,Edaradd,-0.0033013257904961875
1611,Edn1,-0.08044388184872218
1612,Ednra,-0.13597650233776948
1613,Ednrb,0.5485222373796985
1614,Eef2k,0.027771173322144266
1615,Eeig2,0.11686971715666411
1616,Eepd1,2.1369224067840396
1617,Efcab15,-0.018354736753063504
1618,Efcab3,-0.00017886444523796665
1619,Efcab5,-0.019767542158568456
1620,Efcab6,-0.011613819140119858
1621,Efcc1,-0.10170276269567324
1622,Efemp1,-0.01904468627961417
1623,Efemp2,-0.07265740653295431
1624,Efhb,0.02307737159857287
1625,Efhc1,0.008952512205069877
1626,Efhc2,0.09988673428468944
1627,Efhd1,0.0340000114939078
1628,Efhd2,0.217432672918691
1629,Efna1,0.17704685282130672
1630,Efna2,-0.011697871809959817
1631,Efna3,-0.0068595996126636066
1632,Efna5,-0.20179584889344723
1633,Efnb1,-0.08453814652214287
1634,Efnb2,1.1384377560858199
1635,Efr3b,0.0471583992711498
1636,Egfl7,2.4548175889915207
1637,Egflam,-0.3300114166785294
1638,Egfr,-0.15821993797473752
1639,Egln3,-0.060358950299808006
1640,Egr1,-0.5207106345858835
1641,Egr2,-0.04234549473941534
1642,Egr3,0.13173093619494172
1643,Ehd2,0.09352239559993164
1644,Ehd3,0.09233191859580077
1645,Ehd4,0.6031323874317339
1646,Ehhadh,-0.1858407657821043
1647,Eif2ak3,-0.17535100331060272
1648,Elapor1,0.026547053834371552
1649,Elapor2,0.09844506804982174
1650,Elavl4,0.01801916480265044
1651,Elf1,0.7508861194161165
1652,Elf4,0.2993012198297516
1653,Elk3,-0.041453134098142774
1654,Ell3,0.007972270562837124
1655,Elmo1,2.8346868235274028
1656,Elmo2,-0.055248794010350155
1657,Eln,1.4759897358175813
1658,Elovl4,-0.0007401410871985693
1659,Elovl6,-2.1869958825326457
1660,Elovl7,0.06063855057076355
1661,Emb,-0.06328783526416029
1662,Emc10,0.18223581728384514
1663,Emcn,0.5052361724344809
1664,Emid1,-0.15749227105207597
1665,Emilin1,-0.009217512257378407
1666,Emilin2,-0.08008738400220998
1667,Eml1,0.3184779008877746
1668,Eml6,0.04583532179253974
1669,Emp1,0.05478780265590147
1670,En2,-0.012269281827845011
1671,Enc1,0.02430158280235519
1672,Endou,-0.08632492302052268
1673,Eng,-0.22053473124501932
1674,Enkd1,0.0072368478092544805
1675,Enox1,-0.41327050438681534
1676,Enpep,-0.27867492546361533
1677,Enpp1,0.6288449404815779
1678,Enpp3,0.8115755388695929
1679,Entpd1,1.023314579807124
1680,Entrep2,-0.14188639840829786
1681,Eomes,0.021420314629037887
1682,Epas1,1.9116983974185238
1683,Epb41l4a,0.2512927845221027
1684,Epha2,0.12715381714100868
1685,Epha3,0.10494261688401296
1686,Epha4,0.4597859583488353
1687,Epha5,0.006814799013697772
1688,Ephb1,0.08334039606778264
1689,Ephb2,0.09277491929664006
1690,Ephb3,-0.02517165925031173
1691,Ephb4,-0.26461749588425637
1692,Epn2,0.7961814356268623
1693,Eppin,-0.013904211191375242
1694,Eps8l2,0.081330555291676
1695,Epsti1,-0.0319921547789669
1696,Epyc,0.020347189662908337
1697,Erbb2,-0.0005769449776378941
1698,Erbb3,-0.053364399631247866
1699,Erbb4,0.24212473882683988
1700,Erc2,-0.03994162578001936
1701,Erfe,0.002023145156964225
1702,Erg,0.816348254436947
1703,Erp27,-0.00404897185892656
1704,Errfi1,0.3791190300671986
1705,Ervfrd-1,-0.01646843386675652
1706,Esam,1.1534573331455595
1707,Esm1,-0.024169361295505544
1708,Esr1,0.02544199651629657
1709,Esyt1,1.2897208853712039
1710,Esyt3,0.07584583538541345
1711,Etl4,1.6233059965259733
1712,Etnk2,0.0181133358533661
1713,Ets1,-0.6287453196409967
1714,Ets2,0.001786593316149096
1715,Etv1,-0.019758412854760453
1716,Etv3l,-0.013534255609155211
1717,Etv4,0.0004153892256941547
1718,Etv5,-0.13139951438024255
1719,Etv6,2.3502256129470007
1720,Eva1a,0.18708528262331395
1721,Eva1b,-0.16633837356877013
1722,Eva1c,3.7606642922247477
1723,Evc,-0.060975176686468
1724,Evc2,-0.010366768965598717
1725,Evl,0.6461518963159587
1726,Exoc3l2,-0.08852598073985382
1727,Exoc3l4,0.045225807994336634
1728,Exoc6,2.2753829917387165
1729,Exph5,0.053050802533989076
1730,Ext1,-0.18835860599121634
1731,Extl1,-0.010372129687607024
1732,Eya2,-1.2187097388996175
1733,Eya4,-0.010185875222946505
1734,Ezh2,0.0347877976423132
1735,Ezr,0.4084549890978625
1736,F10,0.0019116681427469098
1737,F13a1,-0.3230041186817162
1738,F2rl1,0.0633556713682612
1739,F3,-0.22200090403856118
1740,F5,-0.027947476585302954
1741,F7,0.0006191548583045952
1742,Fa2h,-0.015272425955326754
1743,Fabp3,-0.06983050468538052
1744,Fads1,-0.14076810697157072
1745,Fads2,-0.2547806830810732
1746,Fads3,0.2280644212268485
1747,Fam107a,0.4008081881426018
1748,Fam107b,0.04248607536890596
1749,Fam110b,-0.06711158347683534
1750,Fam110c,-0.003813676590906404
1751,Fam110d,0.04272496502700478
1752,Fam114a1,-0.07668885831767915
1753,Fam117a,-0.05476178666756071
1754,Fam124a,-0.11608564082887757
1755,Fam124b,0.028423538203624643
1756,Fam131a,0.8463970919395373
1757,Fam131b,-0.022235627933839548
1758,Fam13a,0.017314529961292444
1759,Fam13c,-0.3963443480906634
1760,Fam163a,0.3412690990679671
1761,Fam167a,0.01828955386554672
1762,Fam167b,-0.006151120743458308
1763,Fam169b,0.16582314068989823
1764,Fam171a1,0.06197031047964359
1765,Fam171b,0.0012286466640819976
1766,Fam174b-1,0.035181559974835803
1767,Fam180a,0.0219594724036121
1768,Fam184a,0.08355938788822098
1769,Fam205a,-0.018249686779951136
1770,Fam219a,0.3489886868163701
1771,Fam228a,0.0022573067897923727
1772,Fam241b,-0.02629319958474764
1773,Fam25a,-0.017828521326014864
1774,Fam3b,-0.003438862658897642
1775,Fam43a,0.06698409463089143
1776,Fam78a,0.0035704587595078207
1777,Fam78b,-0.20330766940291817
1778,Fam83b,-0.04868902597043001
1779,Fam89a,-0.07001976080247262
1780,Fancc,-0.07249240728915822
1781,Fancl,-0.027666876237379998
1782,Fap,-0.29025422648393545
1783,Far1,0.03512018428435655
1784,Farp1,0.12397627977672404
1785,Fas,0.5858976655601944
1786,Faslg,-0.018117119702969035
1787,Fasn,-2.172544207424788
1788,Fat3,0.004525573384126737
1789,Fat4,0.34104910679837863
1790,Fau,-0.026725090352691185
1791,Faxdc2,-0.04620337305702385
1792,Fblim1,0.5695971033160002
1793,Fbln1,0.031598263661675924
1794,Fbln2,0.3673023577709069
1795,Fbln5,1.8441497425403692
1796,Fbln7,-0.021139075190507117
1797,Fbn1,0.5007020430635207
1798,Fbn2,-0.03394500371610555
1799,Fbxl19,-0.0007620112821599273
1800,Fbxl5,-0.42636922964257634
1801,Fbxl7,1.8959273144995255
1802,Fbxo36,-0.023569817225158697
1803,Fbxo5,0.01907363110996186
1804,Fcer1g,-0.023576065060109
1805,Fcer2,-0.0073281541351251905
1806,Fcgbp,-0.03744032156956156
1807,Fcgr1a,-0.043142782744791865
1808,Fcgr2a-ps1,-0.12871432552695022
1809,Fcgr2b,0.020634294256492665
1810,Fcgr3a,-0.009903258822365518
1811,Fcho1,-0.026361979017918147
1812,Fchsd1,0.09752362516397575
1813,Fchsd2,1.298862656927815
1814,Fcmr,-0.08313136756289491
1815,Fcna,-0.13024508383832517
1816,Fcnb,0.013223218045154904
1817,Fcrl1,0.01698287603665501
1818,Fcrl5,0.02509173705687392
1819,Fcrla,0.04237736182142481
1820,Fermt3,-0.12417154879602264
1821,Fes,0.3326850180321855
1822,Fgd2,-0.12404237350177104
1823,Fgd3,-0.03802008132533227
1824,Fgd5,1.2778892198402783
1825,Fgd6,0.5614309669222968
1826,Fgf10,-0.12414342750278676
1827,Fgf12,-0.0054401695480899015
1828,Fgf13,0.026872637888950453
1829,Fgf14,-0.026128170795453185
1830,Fgf2,0.2987722076540168
1831,Fgf7,0.025086788925808737
1832,Fgfr4,-0.02429969695415147
1833,Fgg,-0.011314749693126389
1834,Fgl2,0.09727396418576342
1835,Fgr,0.0019546324236975852
1836,Fhad1,-0.0051166083520581135
1837,Fhl1,0.38308895313823144
1838,Fhl2,0.1718011457002483
1839,Fhl5,0.016465104676148777
1840,Fhod1,0.21503078161395567
1841,Fhod3,-2.9329280325161786
1842,Fibcd1,-0.025696366721333005
1843,Fibin,-0.03874800091255054
1844,Fignl1,-0.0034651712740746557
1845,Fignl2,-0.023582461448125508
1846,Filip1,0.9787518684204907
1847,Filip1l,0.9348118833791312
1848,Fitm1,-0.02225011691973961
1849,Fkbp10,0.06895443358653669
1850,Fkbp11,0.04318013088944132
1851,Fkbp1a,0.5179597280839646
1852,Fkbp5,0.11040561104450364
1853,Fli1,2.4172624223692596
1854,Flna,1.6780629176719681
1855,Flnb,5.54056899615306
1856,Flrt2,-0.20387506014087617
1857,Flrt3,-0.028211668709536685
1858,Flt1,3.237551664335011
1859,Flt3,0.09031589870511593
1860,Flt4,0.6002234075759743
1861,Flvcr2,-0.5279012047195226
1862,Fmn1,-0.1484704387674061
1863,Fmn2,-0.051589901560673584
1864,Fmnl1,-0.009567909071650253
1865,Fmnl2,0.040847785887366955
1866,Fmnl3,0.09981361542821265
1867,Fmo2,-0.014853054040449953
1868,Fmo3,-0.11369929440585791
1869,Fmo6,-0.022054636564844833
1870,Fn1,0.25842096966624273
1871,Fnbp1l,0.606546273727911
1872,Fndc1,-0.19662896922060868
1873,Folh1,-0.009027158742597971
1874,Folr2,-0.07238995185053049
1875,Fos,-0.507781231591226
1876,Fosb,-0.4722537409936097
1877,Fosl1,0.02208570542315976
1878,Foxf1,0.022911421635368953
1879,Foxn3,1.903532465159257
1880,Foxp2,-0.7435624401499908
1881,Foxq1,-0.016649183381126816
1882,Foxr1,-0.012437151655108258
1883,Fpr2,-0.0010978485443587003
1884,Fras1,0.021405631160623217
1885,Frmd4b,0.4467341890031733
1886,Frmd5,-0.14129822004803208
1887,Frmd6,-0.06307277087097882
1888,Frmpd2,-0.01848113355439815
1889,Frmpd4,0.13807770583830994
1890,Fryl,2.1509807284241464
1891,Frzb,-0.023510919230621784
1892,Fscn1,0.055200908485137756
1893,Fsip1,0.00725717398437338
1894,Fst,-0.011690639812343175
1895,Fstl1,-0.2493928762613497
1896,Fstl4,0.011576115463501312
1897,Fth1,-1.0594744727378644
1898,Ftl1,-0.11548809813688972
1899,Ftl1-ps14,0.30419919020362957
1900,Fut4,-0.01682225517113909
1901,Fxyd2,-0.0366658001937804
1902,Fxyd6,0.023865957306930502
1903,Fyb1,-0.15645741030676102
1904,Fyn,1.8597632677024618
1905,Fzd6,0.5791857562644718
1906,G0s2,-0.5401278363734827
1907,Gab1,0.3645315576246593
1908,Gabbr2,0.007266755303622379
1909,Gabrb1,0.023085235521892112
1910,Gabre,-0.03347620599702331
1911,Gabrg1,0.045830728649121646
1912,Gad1,0.02722244041669164
1913,Gad2,-0.0077346985169451056
1914,Gadd45g,0.06639667578102294
1915,Gal3st2c,-0.02329019420236829
1916,Gal3st4,0.016577931274266287
1917,Galnt10,0.01413254216441926
1918,Galnt12,0.032504925190789576
1919,Galnt13,-0.03232343112660978
1920,Galnt14,0.08344926603137298
1921,Galnt15,-0.027361890083169527
1922,Galnt16,-0.0339828752047119
1923,Galnt17,-0.10150812457915931
1924,Galnt18,2.1621883401562987
1925,Galnt3,0.0006670106800731432
1926,Galnt6,0.005664713077087288
1927,Galnt7,0.12771817504730323
1928,Garin1a,0.004365232480198225
1929,Garin1b,0.015349093875604123
1930,Garin4,-0.015021275279595799
1931,Garnl3,-0.022121936839492345
1932,Garre1,1.4775772659672675
1933,Gas2l3,-0.011137380634715576
1934,Gas6,-0.7846587260242511
1935,Gas7,-0.2030221295871832
1936,Gask1a,-0.6097264301191793
1937,Gask1b,-0.344841521103813
1938,Gata2,0.27429548061347975
1939,Gata3,0.0641307069032754
1940,Gata4,-0.0025928482977333202
1941,Gata5,-0.025713720437769233
1942,Gata6,0.13825094054485057
1943,Gatm,-0.11886530795233763
1944,Gba2,0.0011640465438256253
1945,Gbp1,-0.012348301173738554
1946,Gbp2,0.0370676129080276
1947,Gbp3,-0.02769663401841497
1948,Gbp4,-0.0268535596112473
1949,Gbp5,-0.044425855587002724
1950,Gbp6-1,-0.03739718941538869
1951,Gbp7,-0.1525261095134286
1952,Gca,-0.06980454429104216
1953,Gch1,0.33360746219239357
1954,Gclc,0.37619106708442906
1955,Gcnt1,0.11533709199737663
1956,Gcnt2,-0.3161168172143086
1957,Gcnt4,-0.008044958415706214
1958,Gcsam,0.01867624123240342
1959,Gda,-0.5495703298691508
1960,Gdf10,0.010070480206498748
1961,Gdf6,0.006110725563648501
1962,Gdf9,0.004197576092080946
1963,Gemin4-1,-0.016685693183716866
1964,Gemin6,-0.030520690229739474
1965,Gfi1,0.007317758355067546
1966,Gfpt2,-0.0814286733469545
1967,Gfra1,-0.09823206745559394
1968,Gfra2,-0.015369533043197955
1969,Gfra3,0.005398297212460802
1970,Gga2,-0.01980891467540823
1971,Ggta1,0.02605401409661666
1972,Ghrh,0.004507580824126684
1973,Ghrhr,-0.05969083712374991
1974,Gimap1,0.06989324966795235
1975,Gimap4,-0.008249657204230508
1976,Gimap5,-0.17104534555473097
1977,Gimap6,0.060873626970438736
1978,Gimap7,0.017873738310739108
1979,Gimap8,-0.29396070767316806
1980,Gimap9,-0.051345568508010496
1981,Gip,0.007220643524616787
1982,Gipc2,0.1743547993630456
1983,Gipr,-0.013391180020284665
1984,Gja4,0.06969575641316933
1985,Gja5,0.3438517818014134
1986,Gjc1,0.11399074603754587
1987,Gk,0.7010456791812818
1988,Gkn3,-0.027411169170532594
1989,Glb1,0.07565085459086812
1990,Gldn,-0.006672294388581489
1991,Gli1,0.05634802180383361
1992,Gli2,-0.12040253434101433
1993,Gli3,0.032935696930995295
1994,Glipr1,-0.06364176564178169
1995,Glipr2,0.024910319237368632
1996,Glis3,0.0035023559394419396
1997,Glrx,-0.06292932016625166
1998,Gls,2.6778911005010286
1999,Glt8d2,-0.05258600012451407
2000,Gltp,0.11212116288674864
2001,Gm15737,0.10480172739061117
2002,Gm35549,0.004961592704689363
2003,Gmds,1.4990133171024458
2004,Gmfg,-0.06994562664499795
2005,Gmpr,-0.11995781978946612
2006,Gna14,0.0662823659060247
2007,Gna15,-0.08331180931594295
2008,Gnai1,-0.17583639120809907
2009,Gnai2,0.5475307343145479
2010,Gnai3,1.436638308856813
2011,Gnat2,0.09151876909459514
2012,Gnaz,0.005827273060172236
2013,Gnb2,-0.12446916536622275
2014,Gnb3,0.020607521258554834
2015,Gnb4,-0.09117051792735605
2016,Gng10-1,0.10173804905078475
2017,Gng11,-0.09110394959188212
2018,Gng2,0.035279709612605445
2019,Gng5,-0.0014190528199422197
2020,Golm1,0.12433646045523279
2021,Golm2,0.11390660255761448
2022,Got1l1,-0.006789673058068454
2023,Gpam,-1.3062398078618043
2024,Gpat2,-0.0060613180409323725
2025,Gpat3,-0.11497768554075531
2026,Gpc2,0.04567515785355409
2027,Gpc3,-0.17792702791660092
2028,Gpc4,0.7109217438898476
2029,Gpc6,-0.036736380661919116
2030,Gpha2,0.006223849870973745
2031,Gphb5,0.007495217898493822
2032,Gpihbp1,-0.26900354863280074
2033,Gpm6a,0.1581064153845475
2034,Gpm6b,-0.20752941655623344
2035,Gpnmb,-0.06522602088464605
2036,Gpr132,0.021429755142998087
2037,Gpr137b,-0.03545968353171783
2038,Gpr137c,-0.04994244594928236
2039,Gpr141,-0.02151040370772628
2040,Gpr155,-0.1622890188753044
2041,Gpr160,0.20132519296511958
2042,Gpr174,0.10692498829246935
2043,Gpr176,0.23126086471601331
2044,Gpr183,0.0818629682700309
2045,Gpr37l1,-0.004929125974019662
2046,Gpr39,0.014786100658284312
2047,Gpr4,0.12748697560755876
2048,Gpr55,0.02412895506360666
2049,Gpr65,0.0402203118819219
2050,Gpr68,0.044549755593826144
2051,Gprasp2,0.022035407715745102
2052,Gprc5a,0.22264054256720356
2053,Gprin3,-0.1809295435288572
2054,Gpsm3,0.0674017691000431
2055,Gpx1,-0.09539635172486245
2056,Gpx2,0.00047311237688316566
2057,Gpx3,-0.01501559662525984
2058,Gpx7,0.0066124884306754915
2059,Gramd1b,0.07880838091268791
2060,Gramd1c,0.22826726642756745
2061,Gramd2b,0.0013566606098299912
2062,Grap,-0.010225028424952567
2063,Grap2,0.15544540697639686
2064,Grb10,0.13017629525481167
2065,Grb14,-0.2046551405431838
2066,Greb1l,0.08773073593706178
2067,Grem2,0.040373940593642466
2068,Gria2,-0.247615869778673
2069,Gria3,0.0012065859397117733
2070,Gria4,-0.28985844984859643
2071,Grid2,-0.07093151815408197
2072,Grid2ip,0.002831878264836307
2073,Grik1,-0.001369311395963673
2074,Grik2,-0.14696750048847593
2075,Grik4,-0.23261301151739056
2076,Grin1,0.016442834949640623
2077,Grin2a,0.021243142571567217
2078,Grin3a,0.018153710317663066
2079,Grip1,-0.014242748488639276
2080,Grip2,0.08408588697876844
2081,Grk3,-0.044452158510932094
2082,Grk6,-0.33287220187935873
2083,Grm6,-0.01398921289377409
2084,Grpr,-0.010282101190053227
2085,Gsap,0.09437629383058026
2086,Gse1,-1.334996272136277
2087,Gsg1,-0.023805489275555727
2088,Gsn,-0.3382592764316795
2089,Gspt2,0.002878530544937136
2090,Gsta6,0.3384707908290153
2091,Gstm1,0.047183966798014905
2092,Gstm2,-0.028817358683613306
2093,Gstm7,-0.0063160285279826485
2094,Gstp1,0.20691327646367452
2095,Gstp3,0.007518161286997104
2096,Gstt3,-0.015151987271305744
2097,Gucy1a1,0.15923184390341133
2098,Gucy1a2,0.36016189311683205
2099,Gucy1b1,0.055125847705253826
2100,Gulo,0.0046724067163457905
2101,Gulp1,0.9990370820717366
2102,Gvin1,0.25410172983016344
2103,Gxylt2,-0.0936455916209962
2104,Gypa,-0.0015606621966670871
2105,Gzma,0.005718816810937315
2106,Gzmb,-0.06204507383369301
2107,Gzmk,0.025784819064142935
2108,Gzmm,-0.02578721401608165
2109,H19,0.0027330120040434704
2110,H1f10,0.011434260011869462
2111,H2aj,-0.02599290876288548
2112,H2bc18,-0.052156572400201516
2113,H3f3a,-0.3872009622507563
2114,H3f3a-ps9,-0.02509763106505637
2115,Hacd4,-0.04006673570280467
2116,Haghl,-0.024631865634119315
2117,Hamp,0.021788436749282568
2118,Hap1,0.04044286922526691
2119,Has1,-0.03169403994497676
2120,Haspin,0.04227344224669964
2121,Havcr1,-0.001228103288585759
2122,Hba-a1,-0.08504302871421462
2123,Hbb,-0.419604150345564
2124,Hbegf,0.3446326941256729
2125,Hck,-0.2868725185482709
2126,Hcls1,-0.015375889597409034
2127,Hcn1,-0.02693897615049042
2128,Hcn3,0.020624779142625227
2129,Hcn4,-0.00584056866507899
2130,Hcrtr1,-0.022305797604068006
2131,Hcst,-0.02039332291359534
2132,Hdac7,0.17596512187593102
2133,Hdac9,-1.3827247516037775
2134,Hdx,-0.028464278239955666
2135,Hecw1,-0.009829217183863984
2136,Hecw2,-0.38796932771615616
2137,Heg1,2.821482256766585
2138,Hells,0.03507475573767274
2139,Helz2,0.19091123442613955
2140,Hepacam2,-0.006278939482612717
2141,Heph,0.18269810939882994
2142,Herc6,0.5867516475087076
2143,Hes1,-0.11146242609516194
2144,Hey1,0.1625414943925691
2145,Heyl,0.13827598408877834
2146,Hfm1,-0.018436195435767994
2147,Hgf,-0.2651878430071414
2148,Hhex,-0.05783543687826591
2149,Hhip,0.048661732287985246
2150,Higd1c,0.0037442680928616396
2151,Hip1,0.6379722081899741
2152,Hip1r,0.19499705686727267
2153,Hist1h4m-1,0.02331029923142991
2154,Hivep1,0.3919763867062462
2155,Hjurp,0.019104405659779708
2156,Hk1,-0.047772957550521356
2157,Hk2,-0.6631424280240208
2158,Hk3,-0.03562662471306696
2159,Hkdc1,0.0038277560251958453
2160,Hltf,0.3744458931163897
2161,Hmcn1,0.37474746118318625
2162,Hmcn2,-0.00599895301939133
2163,Hmgb2l1,0.16279506746154165
2164,Hmgcll1,-0.156884857678997
2165,Hmgcs2,0.024045157947183524
2166,Hmgn3,-0.05840974721360835
2167,Hmmr,-0.04499839177962606
2168,Hnf1a,0.005260352150261178
2169,Hnf4g,-0.0507746307693896
2170,Hnmt,-0.008624869023636565
2171,Hnrnpk-ps1,-0.005446868436292419
2172,Homer1,0.5839652311285559
2173,Hopx,-0.005862569376532562
2174,Hormad1,-0.01942502880200064
2175,Hormad2,-0.02381944936800217
2176,Hoxb4,-0.09305317339259159
2177,Hoxb5,0.049409020998057177
2178,Hoxb6,-0.1710188976987777
2179,Hoxb7,-0.03047406860742226
2180,Hoxb8,-0.012655966799829225
2181,Hoxd10,0.011010544951130349
2182,Hpcal1,0.48803110032026337
2183,Hpd,-0.04781592471796761
2184,Hpgd,-0.062301520724053754
2185,Hpgds,-0.02321072076634076
2186,Hps3,-0.11032283155045766
2187,Hpse,0.08222189025852723
2188,Hpse2,-0.024928137499475977
2189,Hrct1,-0.028631785232263885
2190,Hrh2,-0.03527321089490042
2191,Hs3st1,-0.021392019167319067
2192,Hs3st2,0.07839864132320923
2193,Hs3st3a1,-0.022983135069780374
2194,Hs3st3b1,-0.007591640097714597
2195,Hs3st5,-0.07304007271097541
2196,Hs6st1,0.2317503988630174
2197,Hs6st2,-0.04611196649050314
2198,Hs6st3,-0.05794723818355992
2199,Hsd11b1,-0.141537804924918
2200,Hsd17b13,-0.05996050258414732
2201,Hsd17b14,-0.009804865154055
2202,Hsd17b2,-0.004023718426765311
2203,Hsd17b3,0.015476607485791487
2204,Hsh2d,0.14434721089422686
2205,Hsp90aa1,0.2315982193983352
2206,Hspa12b,0.4475739901929505
2207,Hspa1b,-0.37791004598948
2208,Hspa2,0.03656364126781265
2209,Hspa5,-0.22510946469488807
2210,Hspa8-ps23,0.006990636233609642
2211,Hspb1,-0.09185782338470772
2212,Hspb8,-0.03620130105034611
2213,Htatsf1,0.044394450409196304
2214,Htr1b,0.00694553530390315
2215,Htr4,-0.0002014293380931953
2216,Htr7,-0.06665482903839459
2217,Htra1,0.2037301957290933
2218,Htra2,-0.11755425630663968
2219,Hvcn1,-0.11012981610409174
2220,Hycc1,0.8686657623687488
2221,Hydin,-0.027176456150058783
2222,Ica1,0.2670439065104663
2223,Icam1,-0.08557684943997027
2224,Icam2,-0.2985190580894837
2225,Icos,-0.046144297548016924
2226,Icoslg,0.02498333581521997
2227,Id1,-0.08592445393914638
2228,Id2,0.057116414654924105
2229,Id3,-0.32028826332783933
2230,Ier2,-0.07722430008599335
2231,Ier3,0.20825138039419078
2232,Ier5,-0.00596303115707468
2233,Ifi27,-0.27640649930076133
2234,Ifi27l2b,-0.04935222853538733
2235,Ifi30,-0.12074192287464286
2236,Ifi44,-0.09517676110177958
2237,Ifi44l,0.04001164059682867
2238,Ifih1,-0.05430541612639883
2239,Ifit1,0.05914310440213973
2240,Ifit1bl,-0.16493616691723983
2241,Ifit2,0.18744961149830253
2242,Ifit3,0.027570637896222088
2243,Ifitm3,-0.0858888671387828
2244,Ifngr1,0.7773975376757647
2245,Ifnlr1,-0.045225525435190796
2246,Igdcc3,0.03817108783398272
2247,Igdcc4,-0.06527895339416542
2248,Igf1,-0.4974659720541203
2249,Igf1r,1.960910438983259
2250,Igf2bp2,-0.020466013609251668
2251,Igfbp3,0.16806046806429514
2252,Igfbp4,0.2430085175144553
2253,Igfbp5,-0.22527964194696898
2254,Igfbp6,0.01290924241250456
2255,Igfbp7,2.956490659278745
2256,Ighm,0.03522027109520734
2257,Iglc1,0.001764464523564679
2258,Iglon5,0.02032432771399434
2259,Igsf10,0.01394960055336493
2260,Igsf11,0.006015163573177083
2261,Igsf23,-0.016682410038805565
2262,Igsf3,0.05612479557229172
2263,Igsf9b,-0.011061234560019156
2264,Igtp,-0.1853002108225957
2265,Ikbke,-0.18917643004232057
2266,Ikzf1,-0.02076062941984612
2267,Ikzf3,0.10166454835835159
2268,Ikzf4,-0.09883945842326207
2269,Il10,0.004227799809158215
2270,Il10ra,-0.07537655590418027
2271,Il12b,-0.016151239001463084
2272,Il12rb1,0.051456449606405705
2273,Il12rb2,0.05384589166014768
2274,Il13ra2,-0.015687679544122916
2275,Il15,-0.33316724963180466
2276,Il16,0.12258919339681934
2277,Il17b,0.01874618481187093
2278,Il17ra,-0.11509259127318941
2279,Il17rd,-0.05708330833755502
2280,Il18,0.01608690929984897
2281,Il18r1,0.11419383285332381
2282,Il18rap,0.026188185523353953
2283,Il1b,-0.056533461832044246
2284,Il1r1,-0.2554667988831309
2285,Il1rapl1,-0.12252048470055152
2286,Il1rapl2,-0.08510613165337128
2287,Il1rl1,0.06150596670661242
2288,Il1rl2,-0.03309412240547302
2289,Il1rn,-0.011137533664169112
2290,Il20rb,-0.1749410098072734
2291,Il21r,0.06977278769399822
2292,Il22ra1,0.01235167998141762
2293,Il27,0.0013131133212165732
2294,Il27ra,0.027175312477778567
2295,Il2ra,-0.007420285745793588
2296,Il2rb,0.029986813474697015
2297,Il33,0.21584413779156358
2298,Il34,-0.0008003525739694838
2299,Il36b,0.01559852806634866
2300,Il3ra,0.20348188973893094
2301,Il4r,0.38551029113708907
2302,Il5ra,-0.01697237138568834
2303,Il6,-0.03014335705806914
2304,Il6r,-0.6812210340979816
2305,Il7r,0.15079904036649566
2306,Ildr2,-0.01649360325601016
2307,Ilk,0.49350081707371674
2308,Immp2l,0.3316192038052521
2309,Impdh1,0.25005898374500857
2310,Inhba,-0.18257841630131177
2311,Inhbb,0.12005969422125325
2312,Inhbc,0.005606768209059568
2313,Inhca,0.01954884052999459
2314,Inka1,0.041263801784566886
2315,Inka2,-0.33473294489822997
2316,Inmt,0.022202454026058034
2317,Inpp4b,0.60926343321217
2318,Inpp5d,0.0695480586092416
2319,Inpp5j,0.018289989307775666
2320,Insc,0.008735818807694432
2321,Insrr,-0.01841659656470425
2322,Ints5,0.02029404740298875
2323,Ints6l,-0.21892639615312692
2324,Ipcef1,-0.015675977406383605
2325,Iqgap3,0.06885372047041717
2326,Iqsec3,0.019534017183846862
2327,Irag1,0.06992042165046534
2328,Irag2,0.3768867180144651
2329,Irak4,0.03177960450468287
2330,Irf1,-0.02584540610132594
2331,Irf4,-0.1309664815245823
2332,Irf5,-0.028376254756493063
2333,Irf7,0.029482011011725272
2334,Irf8,-0.0519271000190942
2335,Irgc,-0.008372049977217924
2336,Irs1,-0.509572205060405
2337,Isl1,0.03213393805747401
2338,Isl2,0.0013329117768316745
2339,Islr,0.016051128751422904
2340,Ism1,0.015366195188039746
2341,Isyna1,-0.19982017125503976
2342,Itga1,1.5391318820639306
2343,Itga11,-0.15706583012945846
2344,Itga2,-0.04319731599751196
2345,Itga3,0.9408857866696758
2346,Itga4,-0.05761792181239332
2347,Itga5,0.7395041178265338
2348,Itga6,-0.7245680863649684
2349,Itga9,1.0784517519541268
2350,Itgad,-0.002351251569715709
2351,Itgal,-0.20518110126512593
2352,Itgam,-0.09557931370234668
2353,Itgax,-0.00228230565335983
2354,Itgb2,-0.112220220800533
2355,Itgb3,0.06565686879388133
2356,Itgb4,0.25231285364161893
2357,Itgb7,0.01925347331335641
2358,Itgb8,0.022852002969971877
2359,Itgbl1,-0.10935073821411112
2360,Itk,0.1282619070987553
2361,Itm2a,-0.06248951676701472
2362,Itpka,0.0090851580841914
2363,Itpkb,1.0940174997869714
2364,Itpr3,0.048838178822727854
2365,Itprip,-0.02878981591645437
2366,Itpripl2,-0.06170476940943163
2367,Ivns1abp,-0.020439712088117054
2368,Jag1,-0.05651974658149163
2369,Jag2,-0.0026798609318182814
2370,Jakmip1,0.012387818891697159
2371,Jakmip2,-0.014379280045562375
2372,Jam2,-0.9217652336156656
2373,Jam3,-0.5271319986726121
2374,Jaml,-0.018237823184143298
2375,Jazf1,0.3147636415929928
2376,Jcad,0.921228021310647
2377,Jdp2,-0.3048495673986691
2378,Jph2,0.07294854476193847
2379,Jun,-0.8528962931723207
2380,Jund,-0.04554277657731685
2381,Jup,0.2933496749576222
2382,Kalrn,1.5671384834164068
2383,Kank3,0.4272279750840852
2384,Kazn,0.26992898695767514
2385,Kcna1,0.013611396216329976
2386,Kcna2,0.023521572830733806
2387,Kcna3,0.023717293513638275
2388,Kcna5,-0.008640885281155216
2389,Kcnab1,0.213666822441966
2390,Kcnab2,-0.0075647890743956794
2391,Kcnc2,-0.22390459184484293
2392,Kcnc4,-0.017576017147236972
2393,Kcnd2,-0.004967896106932275
2394,Kcnd3,-0.21823784104859992
2395,Kcne3,0.04821730568464723
2396,Kcnh3,-0.008279526962484185
2397,Kcnh5,0.0039044871565213565
2398,Kcnh8,-0.03655744303982827
2399,Kcnip1,-0.5543976771392756
2400,Kcnip4,0.06046824579284804
2401,Kcnj1,0.0015785775140665544
2402,Kcnj12,-0.03211802396190641
2403,Kcnj2,0.2181944244087215
2404,Kcnj3,0.007677818816227866
2405,Kcnj5,0.015208065085806195
2406,Kcnj8,-0.03993027361437296
2407,Kcnk1,-0.016680318983186896
2408,Kcnk13,-0.06689511337350149
2409,Kcnk16,0.01616394564989174
2410,Kcnk5,-0.0029987021164348884
2411,Kcnma1,0.0785030552272393
2412,Kcnmb2,0.005506350480769941
2413,Kcnmb4,0.015445197742777922
2414,Kcnn3,0.3140193584342373
2415,Kcnn4,-0.05049471849510463
2416,Kcnq1,-0.15393117972987672
2417,Kcnq3,-0.021264929850685035
2418,Kcnq4,0.03255597478573291
2419,Kcnq5,-0.24933459539320868
2420,Kcnt1,-0.004362361613828894
2421,Kcnt2,0.32462687521913725
2422,Kctd12,0.02804127041824031
2423,Kctd16,-0.024265507855905925
2424,Kctd17,0.057876147339465514
2425,Kctd19,0.007851894739934974
2426,Kctd8,-0.08781004787106939
2427,Kctd9,-0.010575134417630616
2428,Kdr,0.28695024087775356
2429,Kiaa0040,0.19818306062224678
2430,Kiaa1755,0.0558026535470922
2431,Kif11,0.009456324294959281
2432,Kif14,0.023203101414928876
2433,Kif15,-0.0677728988541324
2434,Kif18a,-0.01485003236881562
2435,Kif1a,-0.019399820339211025
2436,Kif20b,0.04537575423338943
2437,Kif21b,0.07960737082151269
2438,Kif23,0.04760683592967463
2439,Kif26a,0.09234105232821736
2440,Kif26b,-0.09573637585662759
2441,Kif3c,-0.01775247041167115
2442,Kif4a,0.01817660009898274
2443,Kif5c,0.024645663114349434
2444,Kir3dl1,0.019700288557106163
2445,Kirrel1,0.062424008359454664
2446,Kirrel3,0.016297212687907535
2447,Kit,0.16670040078298715
2448,Kitlg,-0.21911599777917407
2449,Klc3,0.032541641986518044
2450,Klf12,2.3375727509785373
2451,Klf16,-0.037637792131905816
2452,Klf2,0.9603474170831757
2453,Klf4,-0.12483033913096936
2454,Klf5,-0.03028927653841834
2455,Klf6,0.5751720796715739
2456,Klf7,0.5664531730538054
2457,Klhdc8a,-0.0018039626032839012
2458,Klhdc8b,-0.03513477304171879
2459,Klhl13,-0.21728795772621018
2460,Klhl14,-0.01796500643292915
2461,Klhl2,-0.2649654677991251
2462,Klhl29,0.5304501035055457
2463,Klhl3,0.2032100319975766
2464,Klhl31,-0.001819021343500731
2465,Klhl32,-0.09384907141648247
2466,Klhl33,-0.008586648334026947
2467,Klhl36,-0.03600237669171625
2468,Klhl38,0.02884321203387236
2469,Klhl4,-0.06928244767337116
2470,Klhl6,0.029795550003150963
2471,Klhl8,0.1957773913690501
2472,Klra1,0.0003287964434530869
2473,Klra2,-0.12030641209189248
2474,Klra5,0.02326627447046606
2475,Klrb1c,0.021496722422860784
2476,Klrc1,0.0359224665493167
2477,Klrc2,0.04199590288565018
2478,Klrc3,0.0010216809962049593
2479,Klrd1,0.03856383389784383
2480,Klre1,-0.00017698927816633264
2481,Klrg1,-0.005805777922474566
2482,Klrh1,0.002995463931312478
2483,Klri1,0.028987931981691955
2484,Klri2,0.03125247887877636
2485,Klrk1,0.027493526984095917
2486,Knl1,0.041281897917543844
2487,Knstrn,-0.030761083804689004
2488,Kntc1,0.01858858240010662
2489,Krt12,0.2572319609800785
2490,Krt16,-0.014166866835599829
2491,Krt18,-0.03206295476129287
2492,Krt26,0.019231568173800468
2493,Krt7,-0.010329133750202252
2494,Krt77,0.03221056868439571
2495,Krt78,0.011553482581348808
2496,Krt8,-0.04041265468371913
2497,Krt80,-0.041985595435983035
2498,Ksr1,0.6285222923570305
2499,Ky,-0.056489909209021104
2500,Kynu,-0.015562185123238117
2501,L1cam,-0.07583370034727364
2502,L1td1,-0.036295270635221324
2503,LOC100302465,-0.0073016010819216964
2504,LOC100359583,0.2733117267819685
2505,LOC100360260,-0.004695763318344038
2506,LOC100360413,-0.4618381088902952
2507,LOC100360573,-0.010709759568717158
2508,LOC100360790,-0.042523464029585435
2509,LOC100360856,0.028256164582930662
2510,LOC100361226,0.01118784077540241
2511,LOC100361259,-0.023452952869353595
2512,LOC100361854,-0.02560549145490943
2513,LOC100361879,0.03471915489846764
2514,LOC100361920,-0.0056709577267566435
2515,LOC100362418,0.027572038246957416
2516,LOC100362724,0.012886474899149765
2517,LOC100362814,-0.5719214001756616
2518,LOC100362981,-0.0020247796589486517
2519,LOC100363064,0.003389166402269904
2520,LOC100363452,0.028894549722376196
2521,LOC100363991,-0.004228551304105479
2522,LOC100364427,0.021929535322733014
2523,LOC100365839,-0.012028941373587284
2524,LOC100366030,-0.04355525961357025
2525,LOC100909434,-0.06943718316515574
2526,LOC100909671,-0.005129276052740787
2527,LOC100909964,-0.024731861725255714
2528,LOC100909964-1,-0.009049646141053407
2529,LOC100910017,-0.034330433720377834
2530,LOC100910088,0.003066641184748182
2531,LOC100910497,-0.05539104621685095
2532,LOC100910792,0.044481895218858016
2533,LOC100910979,0.01497939701162608
2534,LOC100911055,0.03755730743861905
2535,LOC100911251,0.016749146562451973
2536,LOC100911253,-0.06822553478419144
2537,LOC100911413,-0.14301064980184003
2538,LOC100912009,0.05099356976706864
2539,LOC100912028,0.017398426009453016
2540,LOC100912294,-0.010951276355367296
2541,LOC100912294-1,0.0960067820252035
2542,LOC100912336,-0.018763785489261747
2543,LOC100912427,-0.046305565138771536
2544,LOC100912659,-0.17351717587485005
2545,LOC102546375,-0.02632022556853923
2546,LOC102546594,-0.03144156882110502
2547,LOC102546596,0.06798028938055281
2548,LOC102546864,0.056955903340667385
2549,LOC102546903,-0.0113120534832157
2550,LOC102547042,0.18621523972725285
2551,LOC102548633,-0.0005146855396584262
2552,LOC102548728,-0.011278064877907671
2553,LOC102549144,-0.014733312554977136
2554,LOC102549174,-0.008952727293076005
2555,LOC102549328,0.033175716066214514
2556,LOC102549789,-0.002233630081169641
2557,LOC102550011,0.005079636205546238
2558,LOC102550644,0.6125179366841165
2559,LOC102550999,-0.34397906314794535
2560,LOC102551656,-0.0015741614590724408
2561,LOC102551724,-0.04753652326457849
2562,LOC102551980,-0.008032491161616827
2563,LOC102552725,-0.31159128425058874
2564,LOC102553736,0.006615166130516001
2565,LOC102554231,-0.04719928517418728
2566,LOC102554233,0.009856730633853172
2567,LOC102554288,-0.005067995182588823
2568,LOC102554746,-0.02155641461666213
2569,LOC102554774,0.010171198500873505
2570,LOC102554937,-0.05121842842338465
2571,LOC102554944,0.0032841313692087244
2572,LOC102555037,-0.17762111555617005
2573,LOC102555109,-0.016111478533738274
2574,LOC102555338,-0.0017344478888594488
2575,LOC102555578,0.0014051253268503039
2576,LOC102556096,-0.08947187809269096
2577,LOC102556715,0.017129073790371388
2578,LOC102557108,0.014922156278352763
2579,LOC103690563,-0.013308119090908926
2580,LOC103690642,-0.0009561640485921639
2581,LOC103690742,-0.030307085421433018
2582,LOC103690870,-0.039797939973749426
2583,LOC103691054,0.004694169958957564
2584,LOC103691165,0.14486262414604972
2585,LOC103691423,-0.041334787077287743
2586,LOC103691527,0.005615673602597888
2587,LOC103691539,-0.025022314997132478
2588,LOC103692025,0.2512102087403788
2589,LOC103692512,0.031122330937233905
2590,LOC103692795,0.0073614841663324606
2591,LOC103693547,-0.010348407528345377
2592,LOC103694242,-0.03240202786770119
2593,LOC108348047,-0.0049269619112481434
2594,LOC108348123,0.008982945126901757
2595,LOC108348201,-0.0024501330548175526
2596,LOC108348509,-0.019359866269124205
2597,LOC108348980,-0.028734197382648343
2598,LOC108349685,-0.004292054450913716
2599,LOC108350387,-0.0031786425103233935
2600,LOC108350428,0.003409917094761766
2601,LOC108350624,-0.0009503919096274793
2602,LOC108351200,-0.2592860492334922
2603,LOC108351584,-0.115244482599625
2604,LOC108352070,0.013878572350910945
2605,LOC108352225,-0.02463082332872142
2606,LOC108352541,-0.21125735650009864
2607,LOC108352818,-0.029504072210833475
2608,LOC108352885,0.1971598124493882
2609,LOC108352909,0.04159891363696992
2610,LOC108353164,-0.041920760743517374
2611,LOC108353456,0.08574075741397598
2612,LOC120093064,0.026390224899511164
2613,LOC120093077,0.01686266113458962
2614,LOC120093086,0.0033533736213158458
2615,LOC120093104,0.006683297490721339
2616,LOC120093152,0.002912109340890137
2617,LOC120093588,0.006343243901437645
2618,LOC120093819,0.15319276941511
2619,LOC120094123,0.142035588444395
2620,LOC120095067,-0.2327515319540921
2621,LOC120095183,0.00914366886758294
2622,LOC120095254,0.0010831671317856565
2623,LOC120095597,0.00025415853255680333
2624,LOC120095617,0.013478101974844888
2625,LOC120095690,0.016344061635396156
2626,LOC120095906,0.012902116267188242
2627,LOC120096651,0.04363811346201042
2628,LOC120096691,-0.008535364206304876
2629,LOC120096727,0.01546019594242487
2630,LOC120096906,0.009809826515877751
2631,LOC120097083,0.02693060270357693
2632,LOC120097335,0.008409039193508997
2633,LOC120097500,0.0008402807404719022
2634,LOC120097562,-0.04421216180040319
2635,LOC120097574,0.1606162109418353
2636,LOC120097742,0.006259069026068098
2637,LOC120097843,0.01379002438278197
2638,LOC120097853,0.038537763868234445
2639,LOC120098113,-0.13040831048115856
2640,LOC120098229,0.030456603465334766
2641,LOC120098765,-0.00577934157867693
2642,LOC120098890,0.007579302921723067
2643,LOC120098901,-0.018628495199103895
2644,LOC120098903,0.13814861855212343
2645,LOC120099256,-0.025254981547601606
2646,LOC120099296,-0.027472914307491533
2647,LOC120099372,-0.09550817712246971
2648,LOC120099884,0.037328224824095396
2649,LOC120100587,-0.008016805674017519
2650,LOC120100658,-0.008136126103218448
2651,LOC120100725,-0.03361973282992422
2652,LOC120100890,-0.0112172613896952
2653,LOC120101643,-0.04220300865983148
2654,LOC120101644,0.08193633210073742
2655,LOC120101758,-0.01586641360844595
2656,LOC120101775,0.04705101802295984
2657,LOC120102230,-0.35315575998498644
2658,LOC120102333,0.18945512400301007
2659,LOC120102351,0.04063185295791603
2660,LOC120102367,0.010909531608484176
2661,LOC120102904,0.02283551597277527
2662,LOC120102924,0.001339702310507821
2663,LOC120103039,-0.01876426237200707
2664,LOC120103476,0.009590645280159514
2665,LOC120103587,0.013169383938369575
2666,LOC24906,0.0016719337995120466
2667,LOC290876,-0.006081738115074295
2668,LOC297568,-0.014606716223606781
2669,LOC302022,0.6831569804072836
2670,LOC317165,0.0017658706583307086
2671,LOC361346,0.08644474292977514
2672,LOC362795,0.0094677311874856
2673,LOC362921,-0.021708961539038875
2674,LOC363181,-0.03888378471853467
2675,LOC497796,-0.032698614397432935
2676,LOC498152,-0.003755514171713029
2677,LOC498826,0.04346664774753763
2678,LOC499607,0.012828757252936179
2679,LOC500331,-0.017052652168994
2680,LOC500959,0.06223868203679447
2681,LOC679149,-0.2254047856471163
2682,LOC679924,-0.22008219863339518
2683,LOC680441,0.005277576692663866
2684,LOC680825,0.00793255609383169
2685,LOC680920,0.008277847399479274
2686,LOC681182,-0.027649428699453395
2687,LOC681325,-0.020581418274325504
2688,LOC681355,-0.1293755020040891
2689,LOC681458,0.025715665571788948
2690,LOC681544,-0.010657378962074892
2691,LOC683961,0.011914138688523979
2692,LOC685793,-0.00900618919942293
2693,LOC686087,0.047500451223279214
2694,LOC686288,0.00010666378202368686
2695,LOC687780,-0.27867663249374397
2696,LOC688282,-0.0019975514790040753
2697,LOC688815,0.012883294849743866
2698,LOC688925,-0.017965888541853697
2699,LOC689437,-0.004913519881652292
2700,LOC689713,0.000256637155314999
2701,LOC689757,0.024141385668535176
2702,LOC689770,0.013917898798719196
2703,LOC689800,-0.141331252014778
2704,LOC690319,-0.00010044097978339096
2705,LOC690862,0.018791261020303027
2706,LOC691033,-0.003610768798038946
2707,LOC691141,-0.12688496316148495
2708,LOC691311,0.0012388246144257459
2709,LOC691354,-0.03268212969371683
2710,Lad1,0.007434697448277498
2711,Lag3,-0.04058603794872897
2712,Lair1,0.008821301688307887
2713,Lama2,-0.6173266277236424
2714,Lama3,0.13596213308393096
2715,Lama5,0.750687844453839
2716,Lamc3,-0.09737528952778567
2717,Lamp3,-0.010333629854989024
2718,Lap3,0.20539035897342375
2719,Laptm4b,-0.14934143668439656
2720,Laptm5,-0.07207803771461917
2721,Lat2,-0.012571176554039177
2722,Lax1,-0.041215148026362364
2723,Lbh,0.04926747551066489
2724,Lbp,0.07953510333693982
2725,Lbr,0.3641307042009169
2726,Lca5l,0.004949244174111437
2727,Lce1g,0.027485028638798994
2728,Lck,0.11916995790463311
2729,Lcorl,-0.0982789594827777
2730,Lcp1,0.08840661550167833
2731,Lcp2,-0.09166868487519236
2732,Lct,-0.007704181063070843
2733,Ldb2,4.43889238633846
2734,Ldlrad3,-0.31153012859621587
2735,Lef1,0.02574718685515885
2736,Lep,-0.22122732639677545
2737,Lepr,0.07478178135386294
2738,Lfng,-0.174473522620418
2739,Lgals3bp,-0.10426129019375271
2740,Lgals4,0.02831445424125479
2741,Lgals9,-0.11971237284874867
2742,Lgi3,-0.0026879419735492942
2743,Lgi4,-0.02573797621437887
2744,Lgmn,-0.10306460203058654
2745,Lgr5,-0.009282005121819436
2746,Lgsn,0.004724118101952222
2747,Lhb,0.02496213260369281
2748,Lhfpl2,-0.07276757870079475
2749,Lhfpl6,-0.005078396069751356
2750,Lhx6,-0.056027669845826446
2751,Lilra5,-0.004989944712380179
2752,Lilrb1,-0.045551341076412566
2753,Lilrb2,-0.01695876783441186
2754,Lilrb3,0.008884504351384964
2755,Lilrb3l,-0.044020051872131524
2756,Lilrb4,-0.3322504692245995
2757,Lilrc2,-0.04526970837864376
2758,Lima1,-0.06994094615199276
2759,Limch1,-0.6700189126951466
2760,Limd2,0.018250682172240632
2761,Limk1,-0.07863743565845294
2762,Limk2,0.2675042632589815
2763,Lims1,1.1976545797905984
2764,Lin7a,-0.2071129664111977
2765,Lingo1,-0.08564340700842227
2766,Lipc,0.015636118579835642
2767,Lipg,0.00883147581553662
2768,Lipi,0.002357480297237146
2769,Lipj,0.03795543491239321
2770,Lipo1,-0.010711557502622197
2771,Lmcd1,0.968679925107051
2772,Lmln,-0.07532508287701178
2773,Lmntd2,-0.004133867031383971
2774,Lmo2,0.08285826449087727
2775,Lmo3,0.003546845021962353
2776,Lmo7,0.48706377894521236
2777,Lmod1,0.32528828022502704
2778,Lmx1a,-0.08681249964350594
2779,Lnx1,0.7322095631107154
2780,Lonrf2,-0.010241501554585556
2781,Lox,0.05211684671322518
2782,Loxl1,-0.08775914342446212
2783,Loxl3,-0.05351802576275344
2784,Lpal2,0.06388698562966932
2785,Lpar1,-0.017340484275272683
2786,Lpar3,-0.027779958895698734
2787,Lpcat1,0.030496150801060943
2788,Lpcat2,0.15449239343503157
2789,Lpcat2b,0.0014346796627380484
2790,Lpcat4,0.04544433255541652
2791,Lpin3,0.2999955014127308
2792,Lrch1,1.554065867700142
2793,Lrch2,-0.08763884415541337
2794,Lrch4,-0.015672635524309975
2795,Lrfn2,0.018530345174379334
2796,Lrguk,-0.01644847576598076
2797,Lrp1b,-0.07335515878133068
2798,Lrp2,0.02358575110221965
2799,Lrp4,0.0921080578560698
2800,Lrp8,-0.010022655931922126
2801,Lrrc1,0.04840205071285542
2802,Lrrc17,0.01585391378450326
2803,Lrrc18,0.0234881020323943
2804,Lrrc2,-0.004713276874362387
2805,Lrrc23,-0.05987530667427811
2806,Lrrc25,-0.04575854898634843
2807,Lrrc3,-0.033603652471375325
2808,Lrrc32,0.5896175818420488
2809,Lrrc36,0.6087216582987454
2810,Lrrc3b,-0.6026336830909261
2811,Lrrc49,-0.32448206636887134
2812,Lrrc4c,-0.083536760739398
2813,Lrrc52,-0.003807668098069041
2814,Lrrc55,0.00015315107278051493
2815,Lrrc63,-0.006525367500837208
2816,Lrrc69,-0.009733995164176841
2817,Lrrc7,-0.0032731280421556506
2818,Lrrc8c,2.9702507444473323
2819,Lrrc9,-0.011545187288288142
2820,Lrrcc1,0.01655896170655373
2821,Lrrfip1,5.243469512144133
2822,Lrriq4,0.008832093016772522
2823,Lrrk1,0.2312734469261615
2824,Lrrk2,-0.0891765452948002
2825,Lrrn1,-0.03428759487484529
2826,Lrrn4,0.039064674272282836
2827,Lrrtm3,-0.02219739410912588
2828,Lrrtm4,-0.01397088624073983
2829,Lsamp,0.18823588839640015
2830,Lsmem1,-0.032615068746819624
2831,Lsp1,-0.14483883959805463
2832,Lst1,-0.11637131161515464
2833,Ltb,0.11935309837856103
2834,Ltbp1,0.7609966282691462
2835,Ltbp4,0.0506844856306576
2836,Ltc4s,-0.07672743274165039
2837,Ltf,-0.002431761268254125
2838,Lum,-0.018408721368322382
2839,Lurap1l,-0.24817732740881668
2840,Luzp2,-0.0006188686705901562
2841,Lvrn,0.08226127045464449
2842,Ly49i2,-0.018394633968799014
2843,Ly49i3,0.0010492822126321362
2844,Ly49i4,0.0234941006837192
2845,Ly49i5,0.04023095169456928
2846,Ly49i7,-0.014661052171848977
2847,Ly49s5,0.0074857720029381705
2848,Ly49s6-1,0.02366353890187349
2849,Ly49s7,0.054488399521929395
2850,Ly49si2,-0.18508593601627116
2851,Ly49si3,-0.03484977914891656
2852,Ly49si4,-0.004104920381194026
2853,Ly6c,0.006072161525712324
2854,Ly6e,-0.047346362469837075
2855,Ly6g6c,-0.01697321493446194
2856,Ly6g6d,-0.0263325031714658
2857,Ly6h,-0.016786540225595947
2858,Ly75,0.04651843786927203
2859,Ly86,-0.1575895162477885
2860,Ly9,0.042608582011099266
2861,Lyc2,-0.0237079872504092
2862,Lyl1,0.014180573515693334
2863,Lyn,-0.10032399818550997
2864,Lypd6,0.03184568578980464
2865,Lypd6b,0.046136406439197426
2866,Lyz2,-0.11773097791101363
2867,Lzts1,-0.2479454626839852
2868,MGC105567,-0.01855850883618182
2869,MGC105649,-0.02959269567580783
2870,Macrod2,0.07923337724191114
2871,Maf,-0.5285352772002376
2872,Mafb,-0.06288935978136934
2873,Maff,0.056253812714312235
2874,Mafk,0.18578000194537264
2875,Mageb6b1,-0.03426343610006888
2876,Magee2,0.024015532767419485
2877,Magi1,3.1732029691001333
2878,Magi2,-0.15293614383476473
2879,Magi3,1.2924837249651815
2880,Majin,0.0056185439658653965
2881,Mal,-0.07189107321143057
2882,Mall,-0.08234845029078866
2883,Malrd1,-0.04461047492352807
2884,Malt1,-0.18443818125176703
2885,Mamdc2,0.2596615714680719
2886,Maml2,3.112266381240033
2887,Mamstr,-0.002319449696200175
2888,Man1a1,0.7865480771036609
2889,Man1c1,-0.04904823533647558
2890,Maneal,-0.006218308436453247
2891,Map1b,0.3991104397748949
2892,Map3k13,0.31102402337801804
2893,Map3k19,0.01635905892705866
2894,Map3k7cl,0.0732911675906183
2895,Map3k8,-0.0791066904675792
2896,Map4,1.5830692277205083
2897,Map4k1,-0.00529371390949176
2898,Map4k3,3.4551485251057454
2899,Map7d3,-0.10658808875273297
2900,Mapk10,0.030057012028178006
2901,Mapk11,-0.01789572633058486
2902,Mapk12,0.0068599425994773765
2903,Mapk13,-0.02272637812392398
2904,Mapk4,-0.0024308808508249893
2905,Marchf1,-0.04904969645115409
2906,Marcks,-0.13672323614995133
2907,Marcksl1,-0.015424543465833735
2908,Mark1,0.2369585774602563
2909,Mars2,-0.011306877576341717
2910,Marveld3,-0.002898902222278778
2911,Masp1,-0.006297264394292617
2912,Mast3,-0.131465538151434
2913,Mast4,5.572265361022813
2914,Matk,0.009224982538920082
2915,Matn2,-0.05899871102281379
2916,Matn3,0.005117917413742157
2917,Mb21d2,0.11396451860615449
2918,Mbnl3,-0.01431761493888437
2919,Mboat1,-0.010173212649670738
2920,Mboat2,0.012728789120744231
2921,Mcc,-0.3529781703872701
2922,Mcemp1,0.009430733900271403
2923,Mcf2,0.02792743858829818
2924,Mcf2l,0.16018579172877007
2925,Mcm3,0.028603272159657116
2926,Mcm6,-0.0016775440809444903
2927,Mcm9,0.28202496503510516
2928,Mcoln2,0.002246341636191666
2929,Mcph1,-0.040117581056604686
2930,Mcpt1l1,0.012832262791179872
2931,Mcpt9,0.010661175666719501
2932,Mctp1,-0.18757137106138802
2933,Mctp2,-0.1892465687544182
2934,Mcub,0.1300890649855652
2935,Mdfic2,-0.023826786139879846
2936,Mdga2,-0.03486386904866464
2937,Mdk,-0.04165341280840651
2938,Me1,-2.1059678029149356
2939,Me2,-0.19235425368434023
2940,Me3,-0.34937658683810074
2941,Mecom,7.341688080824737
2942,Medag,-0.2811011960377813
2943,Mef2b,-0.0022764369754788225
2944,Mef2c,1.7238088544475056
2945,Mefv,-0.015461693073192354
2946,Megf10,0.014196176288193352
2947,Megf6,0.06501995159221576
2948,Meiob,-0.022739681887450847
2949,Melk,0.025123761433515822
2950,Meox1,0.06810399704790514
2951,Meox2,0.17932212021053295
2952,Mep1b,0.008909046472434155
2953,Mertk,0.5748627531918629
2954,Mesp1,0.0011204037094775122
2955,Mest,-0.04325698182745494
2956,Metrn,-0.015161025375393872
2957,Metrnl,-0.13580121361932482
2958,Mettl7a,-0.28035531527098645
2959,Mex3b,-0.014756399636653001
2960,Mfap4,-0.01710057365048892
2961,Mfap5,-0.1776458587527684
2962,Mfhas1,-0.06296215174370152
2963,Mfng,-0.13950136309577826
2964,Mfsd12,-0.04361698605400936
2965,Mfsd5,-0.0919772295567092
2966,Mfsd6,-0.42284034479977617
2967,Mfsd6l,0.044746559582383036
2968,Mgam,0.009798601722150652
2969,Mgat2,-0.0033381619626791114
2970,Mgat4a,0.3447384306583962
2971,Mgat4c,-0.013488686203066168
2972,Mgat5,0.6248397554269522
2973,Mgat5b,-0.0017773502289092232
2974,Mgll,0.8696784747120643
2975,Mgp,0.10585948458121838
2976,Mgst2,-0.17809425004497836
2977,Mical1,-0.09260798481388913
2978,Mical2,-0.32208415844314975
2979,Micall2,0.16288173998560151
2980,Mid1,0.5432993337399092
2981,Mif,0.05861881586722484
2982,Milr1,-0.03326270995870079
2983,Minar2,0.0007244373097005062
2984,Mindy4,-0.025396611047644645
2985,Mis18bp1,0.10340761902850613
2986,Mitf,-0.27750628852484494
2987,Mki67,0.04252407374932986
2988,Mkx,0.00415539729897222
2989,Mlf1,0.10042304822558921
2990,Mlip,-0.1140594039041611
2991,Mllt3,1.1100032146438208
2992,Mmd2,-0.0010095911155099408
2993,Mmp14,0.008953818372899026
2994,Mmp16,-0.013200516067692352
2995,Mmp2,-0.08810083928134874
2996,Mmp20,0.001571808286133158
2997,Mmp23,0.006050116975589267
2998,Mmp24,0.015633281686482738
2999,Mmp25,0.017876510404054646
3000,Mmp27,-0.005586225928007677
3001,Mmp9,-0.003873263523227535
3002,Mmrn1,0.11942851775800589
3003,Mmrn2,0.24227236605564223
3004,Mms22l,-0.007191921796894296
3005,Mn1,-0.06827291177117926
3006,Mnda,-0.1451932341864937
3007,Mob3a,0.031626831888064186
3008,Morc1,-0.007097950475606215
3009,Morc4,0.046457088070357984
3010,Mospd4,-0.03443744378014113
3011,Mov10,0.01047953486644386
3012,Mpc1l-ps3,-0.007074625086012832
3013,Mpdz,0.6750238736091619
3014,Mpeg1,0.004970936431072756
3015,Mpl,-0.01987184631152362
3016,Mpp2,0.02820509086344288
3017,Mpp3,0.022522121138817776
3018,Mpp4,0.01531256932687096
3019,Mpped2,-0.012473850385122554
3020,Mpv17l,-0.006782888064374605
3021,Mpz,-0.028063046576624104
3022,Mpzl1,0.10981866648073019
3023,Mr1,-0.054419332501341684
3024,Mras,-0.11610165684385328
3025,Mrc1,-0.4164788387157313
3026,Mrc2,-0.02304537769298981
3027,Mrgprb2,-0.013947360193372322
3028,Mrgprb3,-0.014137783954556376
3029,Mrgpre,0.018623969743525072
3030,Mrgprf,0.017860208366410682
3031,Mrgprg,-0.03910461184339693
3032,Mrgprx2l,0.00693547928637514
3033,Mrgprx3,0.015054976592725438
3034,Mroh9,0.003150677905399782
3035,Mrps26,0.8420123948043212
3036,Mrtfb,1.3620314118441024
3037,Ms4a1,0.01233093352992052
3038,Ms4a13-ps1,0.022821687493899012
3039,Ms4a14,0.019541553060772595
3040,Ms4a4a,-0.1233083041073557
3041,Ms4a4c,0.07219631471141971
3042,Ms4a4c-ps1,-0.12249102226231862
3043,Ms4a6a,-0.026279351107771375
3044,Ms4a6bl,-0.03385884846249463
3045,Ms4a6c,0.04852018323706407
3046,Ms4a7,0.0019229156500073646
3047,Msh4,0.040909251044195946
3048,Msi1,-0.00864403037554895
3049,Msln,-0.06875169912224605
3050,Msn,3.8389713489592476
3051,Msr1,-0.007603584007005594
3052,Mt-nd4l,0.13278951203841094
3053,Mt-nd5,0.269620076809167
3054,Mt1,0.0005844256128663822
3055,Mt2A,-0.04643879117204551
3056,Mtcl1,-0.01645808518127488
3057,Mthfd1l,0.04286534517611615
3058,Mthfd2,0.016780091609215952
3059,Mtln,-0.025345215288305866
3060,Mttp,-0.004386641337078769
3061,Mtus2,0.028177675312535504
3062,Muc1,-0.013120445093066948
3063,Muc2,0.015897204384328484
3064,Mucl3,-0.013871507925119783
3065,Mx1,0.02126335469697179
3066,Mx2,0.07637806101461297
3067,Mxi1,-0.7028501066619582
3068,Mxra7,0.10950566586900862
3069,Mxra8,-0.12196508081790983
3070,Myadm,-0.023023381427356326
3071,Myb,0.033584039800580716
3072,Mybpc1,0.00033813119148291566
3073,Mybpc2,-0.7246790045392693
3074,Mycl,0.0030336715139067166
3075,Mycn,-0.0464958877316336
3076,Myct1,-0.1004047393261398
3077,Myh10,0.03860518623275288
3078,Myh11,0.4199476171629414
3079,Myh9,4.644498963529248
3080,Myl11,0.004559158352113558
3081,Myl12b,-0.17160930762670232
3082,Myl9,-0.003302977576230867
3083,Mylip,-0.2682306696268655
3084,Mylk3,0.016388030683137596
3085,Mylk4,-0.00427041313060004
3086,Myo10,3.360791147262818
3087,Myo1b,0.6336499114596665
3088,Myo1d,2.4485365647466946
3089,Myo1e,4.35241024492696
3090,Myo1f,-0.27657312727050354
3091,Myo1g,-0.1103942279961513
3092,Myo3a,-0.003652508209133005
3093,Myo3b,-0.056259889646947545
3094,Myo5a,-0.16327536978728618
3095,Myo5b,-0.03465644675031928
3096,Myo5c,0.009398821099060036
3097,Myo7a,-0.037571780055937296
3098,Myoc,-0.024839767420694485
3099,Myocd,0.06306855492308382
3100,Myof,0.5961752200952775
3101,Myrf,-0.01986241750378224
3102,Myrfl,0.07440311861759197
3103,Myrip,1.9146150262422839
3104,Myt1l,-0.004520346079240726
3105,Mzb1,0.0001833812803238681
3106,N4bp3,0.0495107040161874
3107,Naaa,-0.08928581312253037
3108,Naalad2,0.025051961154145742
3109,Naaladl2,-0.35168277476872756
3110,Naip5,0.020950170710249728
3111,Naip6,0.0071790736397569135
3112,Nalcn,0.03818100157416674
3113,Nalf1,0.019835673156599298
3114,Nalf2,-0.028724280588867158
3115,Nanos3,0.002303353247366296
3116,Nap1l5,-0.006605094693231315
3117,Napsa,-0.08580685944748948
3118,Nat8,-0.020498099467339312
3119,Nat8f1,0.02257191622652549
3120,Nat8f2,0.01128196824381813
3121,Nav1,3.6566919419813413
3122,Nav2,0.6171180324669752
3123,Nav3,-2.8232011628680067
3124,Nbl1,-0.030140865895117025
3125,Ncald,-1.3268758965154572
3126,Ncam1,-0.007396918996173563
3127,Ncam2,-0.06161960033648549
3128,Ncapg2,0.05630581876783661
3129,Ncaph,0.013285778821114792
3130,Ncdn,0.12033676746917367
3131,Ncf1,-0.12691358433425348
3132,Ncf2,-0.13374953339071055
3133,Ncf4,-0.03826460299875326
3134,Nck2,0.3040434782333707
3135,Nckap1l,-0.061866905161252636
3136,Nckap5,0.10900677199216664
3137,Ncoa3,-0.6541995631969286
3138,Ncr1,0.026347067842810597
3139,Ncr3lg1,0.050719815476458624
3140,Ndc80,0.07828472574317641
3141,Ndnf,0.0033678427620659687
3142,Ndrg1,0.16108001221928447
3143,Ndrg4,0.11250725632956984
3144,Ndufa1,0.12896014613313353
3145,Neb,0.009856596125457518
3146,Nebl,2.6887470562967337
3147,Necab1-1,0.04283784326506407
3148,Nectin3,0.31273360286423746
3149,Nedd9,0.4667021545776998
3150,Nefh,-0.011268114922695133
3151,Nefm,-0.025001182583661383
3152,Negr1,-0.385343923863333
3153,Neil3,0.007050170231344002
3154,Nek5,-0.011129333090086324
3155,Nell1,0.3922232808843984
3156,Nes,0.13552215247545973
3157,Neto1,-0.013281458620748166
3158,Neto2,-0.0009468467894932792
3159,Neu3,0.02426532102281351
3160,Neurl1,0.05788528010300421
3161,Neurl3,0.06791318369496266
3162,Neurod4,-0.013813144070044518
3163,Nexn,0.5344671985601999
3164,Nfam1,-0.10680757869386032
3165,Nfatc2,0.21813494861687427
3166,Nfe2,-0.03314058436202587
3167,Nfkbia,0.7752114728573224
3168,Nfkbid,-0.0006570694367504289
3169,Nfkbiz,0.3395628598460004
3170,Ngf,0.01318619954865223
3171,Ngfr,-0.004648927954790485
3172,Nherf1,-0.05083528959187403
3173,Nherf2,-0.19705956687020984
3174,Nhs,-0.20193831912502966
3175,Nhsl1,-0.2328740524519631
3176,Niban1,0.9057590292038538
3177,Niban2,0.03711261683708035
3178,Nid1,-0.1531753264065069
3179,Nid2,-0.24320422675075448
3180,Ninj2,-0.053660722219673156
3181,Ninl,-0.010338087951287099
3182,Nipal1,0.007230725762172421
3183,Nipal2,-0.2185765437440893
3184,Nipal4,-0.0018406541161925345
3185,Nkain2,0.028916678071272968
3186,Nkain4,0.010859353669697924
3187,Nkd1,0.028777199340725285
3188,Nkd2,-0.07090795752936788
3189,Nkg7,0.030550008162528265
3190,Nkx6-3,-0.01682459154343654
3191,Nlgn1,-0.0005043000110011714
3192,Nlgn2,-0.0012535687199438277
3193,Nlrc3,-0.022683035726734573
3194,Nlrc4,-0.08850605427797367
3195,Nlrp12,-0.032493282741038146
3196,Nlrp1a,-0.13556456331443345
3197,Nlrp1b,-0.028306077460897736
3198,Nlrp3,-0.05087691138562553
3199,Nlrp4a,-0.010980304973032866
3200,Nlrp6,-0.0012468343041070315
3201,Nme8,-0.005839753757755065
3202,Nmnat2,-0.04469747768956325
3203,Nnat,-0.27920567097141635
3204,Nnt,0.09487559724332971
3205,Nod1,-0.09086361134960325
3206,Nod2,-0.08152028281909032
3207,Nos1,0.034119972138166074
3208,Nos1ap,1.6208787318654325
3209,Nos2,0.09353592307460931
3210,Nos3,1.0216737623772965
3211,Nostrin,-0.03045357014842165
3212,Notch1,0.6114963371288962
3213,Notch3,0.21855384936656086
3214,Notch4,1.634792421528252
3215,Nova1,-0.2832020458280945
3216,Nova2,0.624896493341931
3217,Nox4,0.036487919320640244
3218,Noxo1,-0.022501299451044635
3219,Np4,0.003982504185915866
3220,Npas2,-0.09898695560232092
3221,Npc1l1,-0.011711577833189695
3222,Npdc1,-0.17049395138262852
3223,Nphp4,0.022361183243936683
3224,Npl,-0.13811170856971589
3225,Npr1,0.21401357242506436
3226,Npr2,0.049999003933116265
3227,Npr3,-0.02195149012354433
3228,Npy,0.027868861599569146
3229,Nqo1,0.08881343036030867
3230,Nr2f1,-0.032647652079867404
3231,Nr2f2,-0.101923476053679
3232,Nr4a1,0.036702904791128144
3233,Nr4a3,0.6900386226728972
3234,Nr5a2,0.05839934666537877
3235,Nrap,0.009096980671329764
3236,Nrarp,0.18101300457002772
3237,Nrep,-0.28738549587348494
3238,Nrg1,-0.2924643716499211
3239,Nrg3,0.016123562738590932
3240,Nrip1,-0.24270700567307316
3241,Nrk,0.0038301068828610185
3242,Nrros,1.7909486268436716
3243,Nrsn1,-0.0018896730815106213
3244,Nrxn1,-0.3221279834868427
3245,Nrxn2,-0.03639086098648279
3246,Nrxn3,0.05499990595893878
3247,Nsg1,0.09198321441361332
3248,Nsg2,0.011255961544110554
3249,Nsmf,0.005486826537682513
3250,Nsun6,0.24761640220628156
3251,Nt5c,-0.03731402887956381
3252,Nt5c1a,0.03383840877296518
3253,Nt5e,-0.33752159051587693
3254,Ntf3,-0.6075410834309536
3255,Nthl1,0.012106346177142593
3256,Ntm,0.02233645613372428
3257,Ntmt2,0.001256338908344418
3258,Ntn1,0.4036279966431605
3259,Ntn4,0.05170730574783222
3260,Ntng1,0.007690620387696981
3261,Ntrk2,-0.10964381501682206
3262,Ntrk3,0.25424233477656155
3263,Ntsr1,-0.010887550398599809
3264,Nuak1,0.19979750786626443
3265,Nuak2,0.0011644589436678211
3266,Nucb2,0.03498352936763146
3267,Nudt17,-0.021238654891500678
3268,Nudt4,0.1467244848579406
3269,Nuf2,-0.01043335901394515
3270,Nuggc,0.012248915497511014
3271,Numbl,-0.06735244646259196
3272,Nup210,-0.020453649155677496
3273,Nup210l,0.0776114592335321
3274,Nup62cl,0.07356883736690052
3275,Nupr1l1,-0.023067977720415682
3276,Nusap1,0.011828219232369812
3277,Nutm1,0.016449567160491296
3278,Nwd1,0.1854836837588293
3279,Nwd2,0.28463308286941347
3280,Nxn,1.906709402675378
3281,Nxpe1,-0.6846422709308957
3282,Nxpe3,-0.04705248184931714
3283,Nxpe4,0.03031143685554017
3284,Nxpe5,-0.006038466010571784
3285,Nxpe5l1,-0.10302109038309742
3286,Nxph1,-1.7655942615227995
3287,Nxph3,0.0029358344250170684
3288,Nxt2,0.013174042630659653
3289,Nyap2,-0.003968067894197984
3290,Nynrin,0.11537370092978919
3291,Oas1a,0.10489140046813725
3292,Oas1f,0.042190682818287265
3293,Oas1f-1,0.004563303956434211
3294,Oas1i,-0.009632314451086555
3295,Oas1k,0.015586152571366706
3296,Oas2,-0.015293470383369541
3297,Oas3,0.00025929261481789576
3298,Oasl,-0.12832431833780839
3299,Oasl2,-0.06524080826488755
3300,Oat,-0.06328264420000441
3301,Obp3,0.010638011592657794
3302,Obsl1,-0.031014598662403282
3303,Oca2,0.0650902525484888
3304,Ocln,0.0069926293643075045
3305,Odad1,0.016844642374055002
3306,Odad2,0.014266801898490503
3307,Odad4,-0.6748405652482137
3308,Ofcc1,0.037352914903202646
3309,Ogdhl,-0.03349290235919429
3310,Ogfrl1,-0.3337105383243746
3311,Ogn,0.08672704805801884
3312,Olfm1,0.015152552659247564
3313,Olfm2,-0.05239583933618671
3314,Olfml2a,0.0399991564340194
3315,Olfml2b,0.08101913542555284
3316,Olig2,-0.017743073398478925
3317,Olr1,-0.025753634961873547
3318,Olr1585,0.11904703710390158
3319,Olr59,0.06980250045022009
3320,Opcml,-0.05399951920633922
3321,Oprm1,0.01629847669403755
3322,Or10g1,-0.0036727223747413766
3323,Or10v1,0.0008748055089659703
3324,Or12d17,0.022269366339869506
3325,Or12j4,0.005277191065162696
3326,Or13a27b,0.016767576849563894
3327,Or13c25,-0.004498991035886728
3328,Or1f20,-0.01929975908172321
3329,Or1m1,0.02370327786463814
3330,Or1o2c,-0.015717547964719095
3331,Or2ag2b,-0.011512560733466943
3332,Or2ak5d,0.0009538059437254149
3333,Or2g7,-1.940680415618047e-05
3334,Or2y14,-0.010403891361800182
3335,Or2z2,-0.004177565176836322
3336,Or4d11,0.019267342278821414
3337,Or4k42b,0.009040450427841924
3338,Or51f5,-0.00796643655136152
3339,Or5a1,-0.009141487654121244
3340,Or5h18,0.012713317871492226
3341,Or6c69,-0.05327260388419204
3342,Or6n1,-0.0070366642999620576
3343,Or8h10,-0.026512166703805125
3344,Or9s27-1,0.013500233159476946
3345,Orai2,-0.04045403287176648
3346,Orm1,-0.009846447125643549
3347,Osbp2,-0.00675801386408046
3348,Osbpl10,0.46246997408590235
3349,Osbpl3,0.165080900148192
3350,Osbpl5,0.11062548108921928
3351,Osm,-0.018906345431326126
3352,Osmr,0.31210027168017146
3353,Osr1,0.03753896942099526
3354,Otogl,0.0022397253080768914
3355,Otol1,0.017723219925597136
3356,Otud1,-0.08900881004843397
3357,Otud7a,0.0748122160678224
3358,Otulinl,-0.1369042654570346
3359,Ovol2,-0.009598168531106597
3360,P2rx1,0.04249625022319323
3361,P2rx7,0.19763775319860566
3362,P2ry10,-0.2545263629650488
3363,P2ry10b,-0.014000701886300176
3364,P2ry12,-0.08703456918714061
3365,P2ry13,-0.01837621425392211
3366,P2ry14,-0.12376900336578514
3367,P2ry2,0.2312813138980564
3368,P2ry6,-0.07619238429564029
3369,P3h3,0.10257970092362148
3370,P3r3urf,0.028910869523182392
3371,P4ha2,0.2412322769697885
3372,P4ha3,-0.05914113273120407
3373,PCOLCE2,-0.06850740544705579
3374,Pabir2,-0.0479522558322416
3375,Pabpc1l,0.0021776619269839783
3376,Pacsin1,0.021719700886920906
3377,Padi4,-0.019715492162128874
3378,Padi6,-0.008384462381337715
3379,Pak1,0.0490341578304251
3380,Pak3,-0.0031270750140962736
3381,Pak5,0.014835235118923769
3382,Pak6,-0.011760593612056572
3383,Palldl1,0.8295408644998448
3384,Palm,-0.4279465552864805
3385,Pam,0.8768325079899626
3386,Panx1,-0.24824930734223172
3387,Paox,-0.03496601118701823
3388,Papln,-0.1212873526346009
3389,Pappa,-0.2904096181627904
3390,Pappa2,0.009659245379599142
3391,Papss2,0.1263565687390184
3392,Paqr5,0.0007272590081196782
3393,Paqr8,-0.12598761665758834
3394,Pard6b,-0.009177815310666082
3395,Pard6g,0.16164380720577792
3396,Parp14,0.05786182604926175
3397,Parp8,0.4907781428518133
3398,Parva,0.8899281374392194
3399,Parvg,-0.003244100281629029
3400,Pate-f,0.006651096724898243
3401,Patj,0.2760095437392365
3402,Pawr,0.20844590830599724
3403,Pax2,0.006848378253269068
3404,Pax5,0.04026000533716258
3405,Pbx3,0.2605754818872489
3406,Pbx4,0.0247546264466494
3407,Pcbp3,-0.012049196661014339
3408,Pcdh11x,0.022511904196525694
3409,Pcdh12,-0.22128580563956263
3410,Pcdh17,-0.7054610124358809
3411,Pcdh18,-0.041663327234566526
3412,Pcdh19,0.3280578094274429
3413,Pcdh7,0.2965166902946793
3414,Pcdh9,0.05541652292629649
3415,Pcdha5,-0.07800373170203216
3416,Pcdhb10,-0.023077704852265596
3417,Pcdhb16,-0.04619713454558798
3418,Pcdhb22,0.019480424053318946
3419,Pcdhb5,0.06618617465117932
3420,Pcdhb6l,0.007133957177413933
3421,Pcdhga5,1.8377039763638172
3422,Pced1b,0.1738982056238878
3423,Pck2,0.037474006501642676
3424,Pclo,0.09556148574385474
3425,Pcnx2,-0.014337711515905158
3426,Pcolce,-0.06075424600416338
3427,Pcsk1,-0.02079349857867854
3428,Pctp,0.19406111460892014
3429,Pcyox1l,-0.052877470019733266
3430,Pdcd1lg2,-0.6189594275252766
3431,Pdcd4,0.7744593464406924
3432,Pde10a,0.3520021618925068
3433,Pde1a,0.02663407143877141
3434,Pde1c,-1.1926730531095422
3435,Pde2a,0.052519917875199745
3436,Pde4b,1.1001255992238343
3437,Pde4c,-0.02237344727116858
3438,Pde4d,1.7458151308597065
3439,Pde5a,-0.07373690918099546
3440,Pde6g,-0.004546850689893373
3441,Pde6h,-0.009871209701058752
3442,Pde8b,-0.10609088851328508
3443,Pde9a,-0.2845472600930504
3444,Pdgfa,0.0776016560044253
3445,Pdgfb,0.39901524149740303
3446,Pdgfd,1.2078295413574671
3447,Pdgfra,-0.10340916343732656
3448,Pdgfrb,-0.09644956223002388
3449,Pdia5,0.6677466076372853
3450,Pdk3,0.13596829617865208
3451,Pdlim1,2.217447668969972
3452,Pdlim3,0.09613699313352467
3453,Pdlim4,0.23267787081152574
3454,Pdlim5,5.204096547891211
3455,Pdlim7,0.1631952371547995
3456,Pdp1,-0.005434486318051983
3457,Pdpn,0.08988021834867274
3458,Pdzd2,1.223656370469437
3459,Pdzd4,0.014272174671115703
3460,Pdzph1,-0.009877855950415279
3461,Pdzrn3,-0.6116901202499879
3462,Pdzrn4,0.027134177109587383
3463,Peak1,2.098070075359356
3464,Pear1,0.38632631541526985
3465,Pecam1,2.8948930399291735
3466,Peg3,-0.3750631474856563
3467,Peli2,0.08501650872800812
3468,Penk,-0.001616276280150018
3469,Pex5l,-0.0010333038016216078
3470,Pf4,-0.07218489108764947
3471,Pfkfb3,0.0904903200585184
3472,Pgap1,0.08096862623595617
3473,Pgbd5,-0.025020307800840542
3474,Pgf,-0.013711121685786986
3475,Pgghg,-0.05632607679038332
3476,Pgm2,0.8221498939311419
3477,Pgm2l1,0.11718493190824139
3478,Pgm5,-0.2915204131565746
3479,Pgr,-0.0053638156022118985
3480,Phactr1,0.30485190121606
3481,Phactr2,-0.17372028021198843
3482,Phf11,0.01751832752353685
3483,Phf11b,-0.02273984802717537
3484,Phf24,0.00936437756947315
3485,Phlda1,0.058469106138298095
3486,Phlda2,-0.004365817428384269
3487,Phldb1,-0.058537820602249456
3488,Phldb2,0.7357009930070908
3489,Phldb3,0.03411255334576115
3490,Phyhipl,-0.07721553796277979
3491,Pi15,0.014783962371111401
3492,Pi16,-0.07146077055009026
3493,Pid1,0.1646860113615191
3494,Piezo2,0.1709913628130562
3495,Pigr,0.007770365512340658
3496,Pik3ap1,-0.10389642794071688
3497,Pik3c2b,0.5866619819931057
3498,Pik3c2g,-0.012669210284302521
3499,Pik3cd,-0.13668381425438914
3500,Pik3cg,-0.11541427246438547
3501,Pik3ip1,0.021881846304849073
3502,Pik3r1,-0.8873529844442365
3503,Pik3r3,1.0203857956750029
3504,Pik3r5,-0.0578976097727986
3505,Pik3r6,0.07601403532300055
3506,Pilra,-0.01644568678503707
3507,Pilrb,-0.09889213360958857
3508,Pilrb-ps6,-0.050697610001577235
3509,Pim3,-0.11868522492255122
3510,Pip5k1b,-0.07389341080914534
3511,Pip5k1c,0.3667703178078816
3512,Pirb,-0.12337329122435291
3513,Pitpnc1,3.2413468290599474
3514,Pitpnm3,0.17172964761892878
3515,Pitx1,-0.008076229043607906
3516,Pjvk,-0.016748441918635795
3517,Pkdcc,-0.16434468047154369
3518,Pkhd1l1,0.85668619458049
3519,Pkib,0.021229953841167895
3520,Pkmyt1,-0.034686494584455885
3521,Pknox2,-0.14572864886433234
3522,Pkp4,0.06453565484689228
3523,Pla2g1b,0.0005195467548000637
3524,Pla2g2a,0.0006926878736520752
3525,Pla2g2d,-0.008208274910266943
3526,Pla2g2f,0.01478180837402416
3527,Pla2g3,0.007081036071558862
3528,Pla2g4a,-0.1549423418900728
3529,Pla2g4e,-0.012606742261166034
3530,Pla2g5,-0.011698775171426328
3531,Pla2g7,-0.0456173244028584
3532,Pla2r1,-0.02227394395637325
3533,Plac8,-0.08573751718437095
3534,Plac9,0.028431475235331877
3535,Plagl1,-0.006689826138184876
3536,Plat,1.1487161119089717
3537,Plau,0.007902401091758816
3538,Plaur,0.23381459860658121
3539,Plcb1,-1.817527931055297
3540,Plcb2,-0.19466628395910252
3541,Plcb4,4.3254729483839744
3542,Plcd3,0.9143489926237389
3543,Plce1,0.011217273725665333
3544,Plcg1,0.07928740019910303
3545,Plcg2,0.7996200978915314
3546,Plcl1,1.9716188905487073
3547,Plcl2,0.14914259404161762
3548,Plcxd2,0.09956194442713244
3549,Plcxd3,0.0012110144578508647
3550,Pld2,0.5977492971840908
3551,Pld4,-0.06510713979281887
3552,Pld5,-0.06632381709687371
3553,Plek,-0.035568631593998146
3554,Plekha1,0.13267147730930243
3555,Plekha2,-0.2871214850512245
3556,Plekha4,-0.08781432237170621
3557,Plekha6,-0.0558975192404684
3558,Plekhg1,0.9621063320168526
3559,Plekhg2,1.3750346859006317
3560,Plekhg3,0.1273748394142296
3561,Plekhg4,0.022871151319364312
3562,Plekhg5,0.24536462651158222
3563,Plekhh2,-0.02065886984516571
3564,Plekho1,0.27331584245719054
3565,Plekho2,-0.14219586834986614
3566,Plk2,0.5539039227505815
3567,Plk4,0.026650437239420927
3568,Plod2,-0.1697008042299571
3569,Plpp1,2.032379145005386
3570,Plpp2,-0.0123729660200327
3571,Plpp3,-0.4170645367313575
3572,Plpp4,0.06795899335024237
3573,Plppr5,0.0012457991423642997
3574,Pls3,4.465368795120598
3575,Plscr1,-0.09775720450501174
3576,Plscr2,0.7141722065307784
3577,Plscr4,-0.23838135223605977
3578,Pltp,-0.35564459917753183
3579,Plvap,0.061464753497218416
3580,Plxdc1,0.02772531667370018
3581,Plxdc2,-0.12954380472539184
3582,Plxna4,1.562914150580819
3583,Plxnb1,0.0274187138809849
3584,Plxnb2,-0.13863205343701557
3585,Plxnd1,-0.1730173485709337
3586,Pmaip1,0.00012565775939416338
3587,Pmepa1,-0.7394205122527509
3588,Pmfbp1,0.00415334443433756
3589,Pml,0.24683139842940105
3590,Pnck,0.011331411132756878
3591,Pnma8c,0.019124576941824838
3592,Pnpla3,-1.586129076702815
3593,Podxl,0.051203209434800695
3594,Polq,0.05782133520157309
3595,Polr1d-ps1,0.0037396963912080233
3596,Polr1g,-0.1912504255667033
3597,Polr2m,0.29309221079463155
3598,Postn,-0.19135651278605142
3599,Pou2af1,0.004759828627714983
3600,Pou2f2,-0.14313353991883765
3601,Pou2f3,-0.012313222105488828
3602,Pou3f1,0.004079100882261751
3603,Pou6f1-1,0.0016354246197076618
3604,Ppara,-0.23608750493362946
3605,Ppargc1a,0.5451909941272843
3606,Ppef2,-0.07580680904744966
3607,Ppfia2,-0.04034831758379334
3608,Ppfia4,-0.028638944131133784
3609,Ppfibp1,1.0595987839030399
3610,Ppl,0.05090628194165207
3611,Ppm1e,-0.06225895366674875
3612,Ppm1f,0.16897231347953853
3613,Ppm1h,1.0344063476856173
3614,Ppm1j,0.010182488493682904
3615,Ppm1n,0.016824716604988556
3616,Ppp1r13b,2.23036731569158
3617,Ppp1r13l,0.09975002937968037
3618,Ppp1r14a,0.08952933377865588
3619,Ppp1r14c,-0.029039712369730138
3620,Ppp1r15a,-0.023732723033285864
3621,Ppp1r16b,1.5321520523160168
3622,Ppp1r18,0.175533977294693
3623,Ppp1r1b,0.021512088082670203
3624,Ppp1r26,0.015919323174891996
3625,Ppp2r2b,-0.027136022852274358
3626,Ppp2r3b,-0.0033968633856892535
3627,Prag1,-0.7372708412022547
3628,Prc1,-0.021294110092235533
3629,Prdm5,0.03635302683323355
3630,Prdm6,-0.036436214564469736
3631,Prdm8,-0.15645478362290124
3632,Prex1,-0.020954603782120995
3633,Prf1,0.02490999758282143
3634,Prg4,0.0050253897168440415
3635,Prickle2,-0.4206956046862457
3636,Prim1,0.3724171683895456
3637,Prima1,-0.15856812457131927
3638,Prkar1b,-0.008460913226486637
3639,Prkca,0.3043690702689029
3640,Prkcb,-0.14015495927474925
3641,Prkcd,-0.021972414078619912
3642,Prkcg,-0.094345439901416
3643,Prkch,1.7818587682955753
3644,Prkcq,0.07903140821332391
3645,Prkcz,-0.07900042006746733
3646,Prkd2,0.24655129058622763
3647,Prkg1,0.36359522925805443
3648,Prkx,0.023617267977695415
3649,Prl5a2,0.008745769002649152
3650,Prlr,-0.02005462305778949
3651,Prnd,-0.0634620477033933
3652,Procr,-0.045545947336468544
3653,Prodh2,0.018632464444257493
3654,Prok2,-0.031239833959208336
3655,Prokr2,-0.0037422331180289366
3656,Prom1,-0.000779653937254432
3657,Pros1,0.0212441778905582
3658,Prox1,0.11207779135801567
3659,Prph,-0.03933589167051267
3660,Prps2,0.023518545732157906
3661,Prr29,0.052042746095874996
3662,Prr36,-0.02348988440999741
3663,Prr5,-0.06314683368907928
3664,Prr5l,0.24848826172508748
3665,Prrt2,-0.05665884218743683
3666,Prrx1,-0.2124479833222373
3667,Prrx2,-0.02906108012234041
3668,Prss12,-0.12484404513648964
3669,Prss39,-0.007424936374421573
3670,Prss48,-0.017398027845364393
3671,Prss59,0.032419059277601275
3672,Prtfdc1,-0.628115216246136
3673,Prune2,0.10830776114147045
3674,Prxl2c,0.6950366889614042
3675,Psd4,-0.0024925483818976973
3676,Psip1,0.1220203718631361
3677,Psmb8,0.06837515730510119
3678,Psmb9,-0.005332944578836603
3679,Pstpip1,0.078599621869331
3680,Pstpip2,-0.21832539101802034
3681,Ptafr,-0.0588164193795732
3682,Ptbp3,0.9136677988167058
3683,Ptch2,0.01531884780251773
3684,Ptchd1,0.03279623951695847
3685,Ptchd4,0.020738345787505726
3686,Ptger2,0.02143241319667031
3687,Ptger4,0.019858807311739043
3688,Ptges3l,-0.021796658849951397
3689,Ptgfrn,0.05906886318066561
3690,Ptgir,-0.0018441085476267674
3691,Ptgs1,0.1966203445482358
3692,Ptgs2,-0.006021163205060041
3693,Pthlh,0.08170617478356126
3694,Ptk2b,-0.31361206771387223
3695,Ptn,0.0723039587953551
3696,Ptpn13,-0.11713088067131819
3697,Ptpn18,-0.010652535723291168
3698,Ptpn22,0.19749009105243903
3699,Ptpn7,0.02578745133905193
3700,Ptprb,2.1809120511443547
3701,Ptprc,-0.18220747977179658
3702,Ptprcap,0.04837217191726004
3703,Ptpre,-0.25626059181757516
3704,Ptprg,4.455556182428689
3705,Ptprj,0.3756893439070647
3706,Ptprn2,-0.04568511926076554
3707,Ptpro,-0.23906742781804258
3708,Ptprq,0.056904263699275995
3709,Ptprr,-0.2951810273960627
3710,Ptprv,-0.0075854607235434825
3711,Ptprz1,-0.009223928397331218
3712,Ptx3,0.01027681155709522
3713,Pvr,1.605644582563895
3714,Pxdc1,0.5101504949989614
3715,Pxdn,-0.31593810663930016
3716,Pxn,0.659986137082635
3717,Pxt1,0.02128996260172616
3718,Pycard,-0.13476684444786463
3719,Pycr1,-0.010863925861848995
3720,Pzp,-0.005288775058003521
3721,Qrfpr,-0.028309546683421612
3722,Qrfprl,-0.03820148698204806
3723,Qrich2,-0.0027972863075327523
3724,RGD1304622,0.108657053888725
3725,RGD1306556,1.2958824869272916
3726,RGD1307182,0.01670540061507717
3727,RGD1309104,0.12282072494457869
3728,RGD1309808,0.09923547889827236
3729,RGD1310587,0.03533354962699786
3730,RGD1559482,0.006246829019787077
3731,RGD1559575,-0.14192294618534987
3732,RGD1559972,-0.038613916076629104
3733,RGD1560034,0.028261782538591157
3734,RGD1560281,-0.026569892770229038
3735,RGD1560398,0.14315410565193515
3736,RGD1560723,-0.0116368368722496
3737,RGD1560917,0.022696047476471533
3738,RGD1561327,-0.03272187491781494
3739,RGD1561333,-0.026629566285310526
3740,RGD1561730,0.0062052053558383155
3741,RGD1562156,0.007238045596699979
3742,RGD1562259,-0.03624687564916007
3743,RGD1562402-1,-0.13986291715110197
3744,RGD1562667,0.019425034364716296
3745,RGD1563400,-0.06387549285455404
3746,RGD1563400-1,0.0226690494808715
3747,RGD1563738,-0.014249162343830887
3748,RGD1563917,0.041436066359001614
3749,RGD1564268,-0.0044991744175688665
3750,RGD1564409,0.11310360329845365
3751,RGD1564534,-0.04408677468408553
3752,RGD1564664,-0.06959403788106233
3753,RGD1564748,0.001833870974149044
3754,RGD1564786,0.014854758948755474
3755,RGD1565410,-0.03018173543108843
3756,RGD1565622-1,-0.0007974451707613546
3757,RGD1565693,0.008309377356206024
3758,RGD1565779,0.010930213276009489
3759,RGD1565862,0.020589210074494275
3760,RGD1565987,0.008801386798067986
3761,RT1-A2,-0.07166078920148089
3762,RT1-Ba,0.10508844305080191
3763,RT1-Bb,0.08659127447196813
3764,RT1-CE15,0.014171314457027986
3765,RT1-CE16,-0.10342265583866167
3766,RT1-CE16-1,0.0005516241887352676
3767,RT1-CE3,-0.13580082226422463
3768,RT1-DOa,0.07642478504104039
3769,RT1-DOb,0.021468257081967562
3770,RT1-Da,0.05135229117021775
3771,RT1-Db1,0.19367407227216327
3772,RT1-Db2,0.023041440028028617
3773,RT1-Ha,0.04123870346953451
3774,RT1-M3-1,-0.04528452838723193
3775,RT1-M5,0.008758570736905787
3776,RT1-N3,0.04806912283542426
3777,RT1-S3,0.04227216041406684
3778,RT1-T24-3,-0.20133559901613646
3779,RT1-T24-4,0.1707818861363503
3780,Rab11fip1,-0.05713785616839456
3781,Rab11fip4,0.04711804817771831
3782,Rab13,-0.0784385706154005
3783,Rab1b-1,-0.011789507887660994
3784,Rab20,-0.003429250983642925
3785,Rab26,0.04737253057555664
3786,Rab27a,1.2730345944798713
3787,Rab27b,0.054802979845628895
3788,Rab31,-0.7767105736679705
3789,Rab32,-0.01670135776751886
3790,Rab37,-0.014480223767552938
3791,Rab3b,0.0247163179729796
3792,Rab3il1,-0.01242859398868166
3793,Rab3ip,0.11223925843422213
3794,Rab42,-0.02447582861527367
3795,Rab6b,0.01104422810744293
3796,Rabgap1l,1.157286116036192
3797,Rac2,-0.0031040361271519636
3798,Rad51b,-0.09908152753442034
3799,Rad9a,0.17977123229489433
3800,Radil,0.03249956211411246
3801,Rai14,-0.022257784438515463
3802,Rai2,-0.25365653386279424
3803,Ralb,0.28810743909887077
3804,Ralgds,-0.0912404732528529
3805,Ralgps2,-0.4188979450976525
3806,Ramp1,-0.1295303324275981
3807,Ramp3,0.019375561947468298
3808,Rap1gap2,-0.22003481666249686
3809,Rap2b,-0.053894576929436375
3810,Rapgef1,3.9145974774407737
3811,Rapgef3,0.0033686791296541063
3812,Rapgef4,0.2166184324607734
3813,Rapgef5,2.0414307230498263
3814,Raph1,0.11300240464806409
3815,Rarb,-0.15383536733147013
3816,Rarres1,0.013413131000310115
3817,Rasa3,-0.4571204064951019
3818,Rasa4,0.2540805678045544
3819,Rasal1,0.005020286746496687
3820,Rasal2,0.05390851835860144
3821,Rasd1,-0.09059035118985925
3822,Rasgef1b,0.014487448743040449
3823,Rasgef1c,-0.03372267002027135
3824,Rasgrf2,2.145727422159834
3825,Rasgrp1,0.062134593701016295
3826,Rasgrp2,0.20018705107363052
3827,Rasgrp3,-0.023857034974527846
3828,Rasgrp4,-0.11732577177565601
3829,Rasip1,1.442928974816155
3830,Rasl10b,-0.0058936352163131474
3831,Rasl11a,-0.009430435627331438
3832,Rassf10,-0.05270490608768607
3833,Rassf2,-5.621479626203088e-05
3834,Rassf3,-0.40593815906468994
3835,Rassf5,0.024623548226040567
3836,Rassf9,-0.055632562635293516
3837,Rbbp8,0.42674002024756286
3838,Rbfox1,0.04092536350410167
3839,Rbfox3,0.021509280886683222
3840,Rbl1,-0.018108175033204773
3841,Rbm34-ps1,-0.017900449407529082
3842,Rbm46,-0.04540402094447956
3843,Rbms3,-0.6343213083040706
3844,Rbp7,-0.8168753739067164
3845,Rbpj,-0.2822723002418583
3846,Rbpjl,-0.017023988692875774
3847,Rcan2,0.06691699675711621
3848,Rcan3,-0.07810646332682247
3849,Rcn3,-0.0157192877332293
3850,Rcsd1,-0.18330931144167711
3851,Rcvrn,-0.010192861177825429
3852,Reck,-0.10748575905424114
3853,Reep2,0.04720401158629447
3854,Reg3g,0.019035593498008176
3855,Rel,0.360454049152544
3856,Relb,0.494346527110497
3857,Reln,0.11043663987813497
3858,Relt,0.017628674230201327
3859,Rem1,0.041955148306518336
3860,Reps2,0.05730644502439594
3861,Rerg,0.7338705986626808
3862,Ret,0.020983215912710792
3863,Rexo5,0.1804045035719892
3864,Rflna,0.025561043967018634
3865,Rflnb,0.03465467336354939
3866,Rfpl4a,-0.01048667528454469
3867,Rftn1,0.8644891697406902
3868,Rfx2,-0.011889401848930801
3869,Rgcc,-0.4232592179961048
3870,Rgl1,0.392438886813252
3871,Rgs1,0.054295225907708924
3872,Rgs10,0.2179164781839666
3873,Rgs12,-0.22070057003124932
3874,Rgs14,-0.060198124901355274
3875,Rgs16,0.02267060920973612
3876,Rgs18,0.007408259988013691
3877,Rgs20,0.08566741272259529
3878,Rgs22,-0.04522072388373062
3879,Rgs3,1.041547726793404
3880,Rgs4,-0.05333436161261152
3881,Rgs5,0.17687848638364617
3882,Rgs6,-0.10933654448830288
3883,Rgs7,-1.8840935692688598
3884,Rgs9,-0.023509150083503683
3885,Rgsl1,0.02123657389000235
3886,Rhbdl3,0.001206672426168889
3887,Rhcg,-0.003581511539820069
3888,Rho,0.004527923833914457
3889,Rhoc,1.512130650437577
3890,Rhoh,0.21400939331868837
3891,Rhoj,2.247544763661458
3892,Rhou,0.046149033119533465
3893,Rhov,-0.02498670092294949
3894,Rhpn2,0.07815257404985229
3895,Rig1,0.06206614447950163
3896,Rimbp2,0.7215718352206109
3897,Rims1,0.025155627516602372
3898,Rin3,0.9418127159700171
3899,Ripk3,0.05856424931079797
3900,Ripor2,-0.20395525388700797
3901,Ripor3,-0.004034398951976055
3902,Ripply3,-0.021557478091494105
3903,Rnase6,0.0038469116490082336
3904,Rnd1,0.17441251103325003
3905,Rnf112,-0.026785844269623812
3906,Rnf144a,-0.564031654411765
3907,Rnf144b,1.8815326212673433
3908,Rnf145,0.05212317291357791
3909,Rnf157,0.1109604344989251
3910,Rnf180,0.031094700422913388
3911,Rnf19b,0.2557079480927827
3912,Rnf207,0.05929393464297539
3913,Rnf208,0.023920835979843
3914,Rnf213,-0.06463828674852212
3915,Rnf220,2.2767990186813534
3916,Rnf223,0.0011693242276321254
3917,Rnf39,-0.005932411071573513
3918,Rnf43,-0.017692598186119193
3919,Rnpep,0.2408372077009963
3920,Robo1,-0.04100869936522651
3921,Robo2,0.0010147371228122412
3922,Robo4,0.23875442633975552
3923,Ropn1l,-0.02101711308858147
3924,Ror1,0.1124451274569111
3925,Ror2,-0.01403204692594033
3926,Rorb,-0.043680377237324514
3927,Rp1l1,-0.010306419391774556
3928,Rpgr,-0.5053680695151288
3929,Rph3a,0.01660579005843053
3930,Rph3al,0.4369243329297933
3931,Rpl11,-0.12852318011308733
3932,Rpl13,-0.21858340992307226
3933,Rpl14,-0.43822581832162044
3934,Rpl15,-0.11907228059384345
3935,Rpl17,-0.3399411000220076
3936,Rpl18,-0.2895451713649863
3937,Rpl18a,-0.16346003767954437
3938,Rpl19,-0.17451999653221756
3939,Rpl23,-0.24997827719275784
3940,Rpl24,-0.17139691485111508
3941,Rpl27-l1,-0.007931902601362228
3942,Rpl28,-0.20182035468962753
3943,Rpl29,-0.2496446719210344
3944,Rpl30l2,-0.20915570366033515
3945,Rpl31l4,0.006124765054142478
3946,Rpl32,-0.3026039862594216
3947,Rpl34,-0.024905523135688917
3948,Rpl34-ps1,0.0026110485708263154
3949,Rpl35,-0.18279522027867984
3950,Rpl35a,-0.012294064269238018
3951,Rpl36a,-0.042728555077497926
3952,Rpl36al,0.03654242431290279
3953,Rpl37,-0.25525084283372873
3954,Rpl37a-ps1,-0.012434232857132878
3955,Rpl37l1,-0.03151830334612853
3956,Rpl38-ps9,0.005631020973971248
3957,Rpl39,-0.06679706447346136
3958,Rpl8-ps7,-0.23617632095461566
3959,Rpl9-ps30,-0.21289558663016592
3960,Rplp0,-0.3381658774127676
3961,Rplp1,-0.10786775250149529
3962,Rprm,0.0015952730269345426
3963,Rps10l1,-0.28733577780245345
3964,Rps14,-0.07558234614705406
3965,Rps15,0.005082312190984345
3966,Rps15a,-0.11496666875435553
3967,Rps15al4,-0.03998519105847983
3968,Rps18l1,0.007172190323837002
3969,Rps19,-0.2714404513875648
3970,Rps2,-0.1169325528795243
3971,Rps20-ps10,0.16592618573556417
3972,Rps21,0.09518620833718824
3973,Rps23,-0.009394445381757661
3974,Rps27a,-0.2182917341271982
3975,Rps27a-ps1,-0.046668180161299117
3976,Rps27a-ps12,-0.01003962001099737
3977,Rps28,-0.10194063702524457
3978,Rps29,-0.07161329406835086
3979,Rps3a,-0.03923911862061334
3980,Rps4x,-0.1547030668490757
3981,Rps5,-0.2580308104165667
3982,Rps6-1,-0.12652359413452774
3983,Rps6ka1,0.02775188002316975
3984,Rps6ka2,0.1417403007586615
3985,Rps6ka6,-0.0196438385298517
3986,Rps6kl1,-0.5171086983452364
3987,Rps7,-0.0584567118802278
3988,Rps7-ps23,-0.07656139135756099
3989,Rps8,-0.3489105375404504
3990,Rps9,-0.25423162760023527
3991,Rpsa,-0.12439583126448765
3992,Rpsa-ps4,6.608835715880357e-05
3993,Rras,-0.09614866851544297
3994,Rrbp1,0.8354887786514313
3995,Rrlt,0.008861703945160566
3996,Rrm2,-0.017942806317243383
3997,Rsad2,-0.04147753015246652
3998,Rsph4a,-0.012246913833592154
3999,Rspo1,0.04591661282110005
4000,Rspo2,0.01375270179651801
4001,Rspo3,0.02743954321201644
4002,Rspo4,-0.133428567313771
4003,Rtl6,0.035261770548828904
4004,Rtn1,0.04905964236633675
4005,Rtp3,0.047545887066877436
4006,Rtp4,-0.12166720564671077
4007,Rubcnl,-0.03357036939082713
4008,Rundc3b,0.024176997253395845
4009,Runx1,-0.07799601957578851
4010,Runx1t1,0.25856626819795475
4011,Runx2,-0.04017573692765376
4012,Runx3,0.06037390786766357
4013,Ryr1,-0.013889564648536874
4014,Ryr2,-0.013514305784435899
4015,S100a10,-0.22608332026295735
4016,S100a16,0.18160176852838783
4017,S100a4,0.021028692384121056
4018,S100a6,0.09201179360239764
4019,S100a8,-0.031882127552477255
4020,S100a9,-0.0797542854937341
4021,S1pr1,0.720380030804564
4022,S1pr2,0.04598005534185912
4023,S1pr3,-0.041235042271663705
4024,S1pr4,0.021569171502954943
4025,S1pr5,-0.016274694522992964
4026,Samd1,0.005310728408887844
4027,Samd12,0.4047555438432202
4028,Samd13,-0.014658127398674645
4029,Samd15,0.09048799399636216
4030,Samd3,0.03685545505147741
4031,Samd4a,0.8091300895758904
4032,Samd5,-1.5038828078293358
4033,Samd9,-0.20663225530222587
4034,Samd9l,-0.11183880989294086
4035,Samhd1,-0.3343986005977536
4036,Samsn1,-0.1330297952348529
4037,Sapcd2,0.002476183005095836
4038,Sarm1,-0.033733541712618935
4039,Sash1,0.22109937656741793
4040,Sash3,0.015651452873050017
4041,Sass6,0.134978279420537
4042,Sat1,1.9040038820744576
4043,Satb1,-0.0565491142862861
4044,Sbk3,-0.007518539133296186
4045,Sbspon,0.021562737618552964
4046,Scara3,0.0025377585260376954
4047,Scara5,-0.03973759224716278
4048,Scarb1,0.522043793763253
4049,Scarf2,-0.013217122313098392
4050,Scd,-2.3702373661979177
4051,Scel,-0.0011027507382607386
4052,Scg2,-0.002505577898641774
4053,Schip1,1.756522787779936
4054,Scimp,-0.0065968060763075655
4055,Scin,0.049732278079836864
4056,Scml4,0.10061293545726173
4057,Scn3a,-0.040273060555454925
4058,Scn3b,0.00511380622649072
4059,Scn5a,0.03309182786643364
4060,Scn7a,-0.03488744717974286
4061,Scnn1b,-0.041908692553377425
4062,Scrn1,0.01594681965773509
4063,Scube2,0.17024171376882277
4064,Sdc1,0.012311557105814226
4065,Sdc2,-0.14293920414872086
4066,Sdc3,-0.2188328488950292
4067,Sdc4,-0.25973364223753187
4068,Sdf2l1,0.002796643298055282
4069,Sdk1,-0.5195911428043736
4070,Sdk2,0.06124807876401489
4071,Sec14l1,1.7484628217506701
4072,Sec24d,0.12605244261729925
4073,Sectm1b,0.0029030023064013756
4074,Sel1l3,0.0008908336470738894
4075,Sele,-0.004096624984414209
4076,Selenbp1,-0.09866375975070206
4077,Selenom,-0.1928579269502661
4078,Selenop,-0.5240852917906438
4079,Selenow,-0.09474882484538188
4080,Selenow-1,0.10933740338671188
4081,Sell,-0.06754342581674634
4082,Selp,-0.06354614198223257
4083,Selplg,0.027968133766506368
4084,Sema3a,0.038354592564924156
4085,Sema3c,-0.21869376227609497
4086,Sema3d,-0.04541288583849123
4087,Sema3e,-0.017595551622865552
4088,Sema3f,0.11339378138515552
4089,Sema4a,-0.04789983082253425
4090,Sema4c,0.22794083522419104
4091,Sema4d,0.09031192582944099
4092,Sema5a,0.07031202077402027
4093,Sema5b,0.2578001611469408
4094,Sema6a,-0.013420463699094443
4095,Sema6b,-0.028897830084286424
4096,Sema6d,1.1469478199566667
4097,Sema7a,0.5690826743815613
4098,Septin1,0.04814307577117816
4099,Septin11,0.5990096026769205
4100,Septin4,0.436121971760477
4101,Septin5,0.0033276496533927724
4102,Septin6,0.15795118497896446
4103,Septin8,-0.3088646024658023
4104,Septin9,-0.7631101559184117
4105,Sergef,0.18264286433516094
4106,Serinc5,-0.12847389862967823
4107,Serp2,-0.02230296182541988
4108,Serpina3c,-0.029655682630695183
4109,Serpinb1a,-0.010752357731208145
4110,Serpinb6b,0.01981903152329783
4111,Serpinb7,0.029537217174679685
4112,Serpinb9,0.004270845125262393
4113,Serpine1,0.21780688453333785
4114,Serpine2,0.04367535438623164
4115,Serpinf1,-0.05050836248211944
4116,Serping1,-0.0011405950033195355
4117,Serpini1,-0.01953421239018057
4118,Sertad4,0.22374157828052457
4119,Setbp1,0.6215457273300959
4120,Setdb2,0.024749162827942553
4121,Sez6,-0.19186334293761237
4122,Sez6l,-0.1961444067669641
4123,Sfrp1,-0.0180467149781358
4124,Sfrp2,0.016562242484385935
4125,Sfrp4,-0.04043950243205946
4126,Sfrp5,-0.006096825938018615
4127,Sfxn1,0.019948735749155275
4128,Sgcd,-1.0916603138841432
4129,Sgce,-0.08794218311043475
4130,Sgip1,0.12372083630980471
4131,Sgk1,-0.6598791266062005
4132,Sgo2,-0.07388531541828285
4133,Sgpp1,0.03608058437648369
4134,Sgsm1,0.04250141038421361
4135,Sh2d2a,-0.026423286221163415
4136,Sh2d3c,-0.08950903895238199
4137,Sh3bgr,-0.0026706289818278434
4138,Sh3bgrl3,0.0050709628128508405
4139,Sh3bp1,-0.0739896718263161
4140,Sh3bp2,-0.12568644116590613
4141,Sh3bp4,-0.5531951302759279
4142,Sh3d19,0.25478335786382644
4143,Sh3gl2,0.2625027092793965
4144,Sh3gl3,0.07108202376986159
4145,Sh3pxd2b,0.017085394777360152
4146,Sh3rf1,0.1816903252785816
4147,Sh3rf2,0.012342165755180077
4148,Sh3rf3,-0.07365579225247197
4149,Sh3tc2,0.23547787452975244
4150,Shank1,-0.011846208932405383
4151,Shank3,1.12920900844602
4152,Shc2,-0.05571310173221382
4153,She,0.5863240737355153
4154,Shf,-0.08971286083871488
4155,Shfl,0.10564014335999002
4156,Shisa3,0.015889627897111777
4157,Shisa5,0.015529647035656128
4158,Shisa9,-0.0970212919376984
4159,Shisal1,-0.014534654448398174
4160,Shkbp1,-0.02885084086837999
4161,Shroom3,0.11630889069651335
4162,Shroom4,0.9197997175471357
4163,Shtn1,0.02194516461067099
4164,Sidt1,0.0015554568488725757
4165,Siglec1,-0.07788526664103224
4166,Siglec10,-0.07570592417216426
4167,Siglec15,-0.01760080984797239
4168,Siglec5,-0.2520469091997005
4169,Siglec8,0.012587457220797581
4170,Sik1,1.5670290743143371
4171,Sipa1,0.03398567338862338
4172,Sirpa,-0.10694442161758189
4173,Sirpal1,-0.14123071095844358
4174,Sirpb2,-0.019697437591230472
4175,Sirpb3,0.01205336394521938
4176,Siva1,-0.01427351386630267
4177,Ska2,0.04320932439786619
4178,Skap1,0.28599451300029066
4179,Sla,0.011943117320399224
4180,Sla2,0.06092858645455505
4181,Slain1,0.030358181044976486
4182,Slamf1,0.014399063246406578
4183,Slamf6,0.029046367764510892
4184,Slamf7,0.008465868384224147
4185,Slamf8,-0.03789868747505666
4186,Slc10a6,-0.07110845646029987
4187,Slc11a1,-0.1304664267274317
4188,Slc12a2,-0.02811044766023532
4189,Slc12a6,-0.10051455650168983
4190,Slc13a1,0.011210845170538199
4191,Slc13a2,0.00867105534558792
4192,Slc13a4,0.011358233676448386
4193,Slc14a1,0.009904034940242029
4194,Slc14a2,0.002171866295348771
4195,Slc15a3,-0.027352422815340702
4196,Slc16a10,-0.05887997780178804
4197,Slc16a12,-0.09166770560009307
4198,Slc16a13,0.20035476403415473
4199,Slc16a14,-0.023516969363383065
4200,Slc16a3,0.023677176289181527
4201,Slc16a5,0.0441298969809769
4202,Slc16a9,-0.04278355957951055
4203,Slc17a9,0.024665722647327047
4204,Slc1a1,-0.16249794287989047
4205,Slc1a2,0.006413909908674815
4206,Slc1a3,-0.342300539475257
4207,Slc1a5,-0.618951680347885
4208,Slc22a15,-0.1569743258233206
4209,Slc22a18,0.21404361373064984
4210,Slc25a12,0.30522781276561084
4211,Slc25a13,0.3308509115513805
4212,Slc25a21,-0.06225357851024848
4213,Slc25a24,0.0060241656797913185
4214,Slc25a25,0.4885338811718538
4215,Slc25a27,-0.07893116164833475
4216,Slc25a29,-0.022653023980480108
4217,Slc25a43,0.002857634942559077
4218,Slc25a47,-0.022227122212139967
4219,Slc25a53,0.030338331953337315
4220,Slc26a10,-0.08222390786885704
4221,Slc26a3,-0.05301735539891055
4222,Slc26a5,-0.019474427486031235
4223,Slc26a7,0.031254003530903546
4224,Slc27a6,-0.05530631363188754
4225,Slc28a2,-0.4160928142003778
4226,Slc29a4,0.011949870481393537
4227,Slc2a1,0.029937985857604626
4228,Slc2a3,0.2304812152274419
4229,Slc35d2,-0.0025583376038342542
4230,Slc35f1,1.3281783234289075
4231,Slc35f3,0.0005965607737317548
4232,Slc36a4,0.054474438522383824
4233,Slc37a1,0.07722390405305359
4234,Slc37a2,-0.08045509617102184
4235,Slc38a1,0.16882957931272413
4236,Slc38a4,-0.001158194117592097
4237,Slc39a10,-0.011955942309781961
4238,Slc39a8,-0.08031689132510209
4239,Slc40a1,-0.08835237950781134
4240,Slc43a2,-0.11714175259646234
4241,Slc44a1,0.11803801035725307
4242,Slc44a2,0.3330999495757407
4243,Slc44a4,-0.0014598196589074922
4244,Slc45a3,0.036432498215526576
4245,Slc4a1,-0.012978230994701688
4246,Slc4a10,-0.19600132257172723
4247,Slc4a4,0.2301117245162349
4248,Slc52a3,-0.042303408445081236
4249,Slc5a9,0.022116303013831752
4250,Slc66a2,0.5102985497063108
4251,Slc6a12,-0.025393701677802798
4252,Slc6a16,0.006246597400200143
4253,Slc6a17,0.0006180530013468015
4254,Slc6a2,0.02249905630447202
4255,Slc6a21,-0.014497458917548507
4256,Slc6a5,0.0015269358776419314
4257,Slc6a6,-1.831253899927746
4258,Slc6a7,-0.0035397889224197056
4259,Slc6a9,0.009170304460852804
4260,Slc7a1,0.4621433250750251
4261,Slc7a10,-0.08767152152962268
4262,Slc7a11,0.047915073586048636
4263,Slc7a3,0.005996079967451443
4264,Slc7a7,-0.05940179766543366
4265,Slc7a8,-0.09031919460153495
4266,Slc7a9,-0.003019656344118737
4267,Slc8a1,1.0709658064843979
4268,Slc9a2,-0.005128160214735903
4269,Slc9a7,0.07002573009623389
4270,Slc9a9,-0.3930119113971501
4271,Slc9c2,0.024158024034077574
4272,Slc9c2-1,-0.018822974415703464
4273,Slco1a4,-0.058963152447131406
4274,Slco2a1,-0.16405821342026536
4275,Slco2b1,-0.19508731375775895
4276,Slco3a1,0.3287044724552943
4277,Slco4a1,-0.018298567856958325
4278,Slco4c1,0.016331086928855786
4279,Slco5a1,-0.019079881400009588
4280,Slfn13,-0.15187886816279042
4281,Slfn4,-0.541804353147433
4282,Slfn5,-0.2978488671907161
4283,Slit2,-0.097831084709877
4284,Slit3,-0.9662047768952422
4285,Smad6,-0.820812955552902
4286,Smad9,0.05629375528222866
4287,Smap2,-0.12928445328956928
4288,Smarca1,-0.016103448301685565
4289,Smc2,0.08500138058253329
4290,Smc4,-0.007799898703697135
4291,Smco4,-0.2286124919482041
4292,Smim15,-0.053864946280338805
4293,Smo,-0.1097196738961712
4294,Smoc2,0.18194988674707208
4295,Smox,-0.26749297730718813
4296,Smpd3,0.10083476043974737
4297,Smpd5,0.0001002145153683083
4298,Smpdl3b,0.17145931157058122
4299,Smtn,0.08271693050191928
4300,Smtnl1,-0.0031577397190280443
4301,Smtnl2,0.00479087206584608
4302,Snai1,0.06555309107743523
4303,Snai2,0.005135832285972046
4304,Snap25,-0.038198144391007036
4305,Snca,0.0009513548022959924
4306,Sncaip,0.24016774514704314
4307,Sncb,0.012948380444858475
4308,Sncg,-0.1914088677309524
4309,Sned1,0.10354004600999854
4310,Snn,0.4582762076290011
4311,Sntb1,-0.08736444430126826
4312,Sntb2,-0.6251358401938261
4313,Sntg1,-0.006006132455900812
4314,Snx10,0.032496453885990366
4315,Snx12,0.06301499773329135
4316,Snx20,-0.05096849728725
4317,Snx5,0.015956268261524173
4318,Soat1,-0.13607861025439577
4319,Socs2,-0.015808137194979643
4320,Socs3,-0.172600396475399
4321,Soga3,-0.017918149114212918
4322,Sorbs2,0.5520649498332557
4323,Sorbs3,0.09356969244089887
4324,Sorcs1,-0.052363699719006146
4325,Sorcs3,-0.05126805110047864
4326,Sostdc1,-0.0020796236008186475
4327,Sox10,0.0016511658208112866
4328,Sox13,0.6191099417456272
4329,Sox14,-0.0343444744061879
4330,Sox17,-0.25355636601385134
4331,Sox30,0.014925092880672132
4332,Sox4,0.022554626832762617
4333,Sox7,-0.02542890114723367
4334,Sp100,0.2748086516371665
4335,Sp4,-0.12653222345016762
4336,Spag1,-0.6158797389525317
4337,Spag5,-0.0038366549637784495
4338,Spam1,0.010118049727191238
4339,Sparc,-0.4864586123868381
4340,Sparcl1,0.03427947576862245
4341,Spata25,0.014419743961362223
4342,Spata5l1,0.0775816290755347
4343,Spats2l,-0.08326106641830777
4344,Spc25,0.013797699167812327
4345,Spcs1,-0.06905878120651629
4346,Specc1,0.9114019943257671
4347,Speg,-0.04401764087676783
4348,Spem1,-0.04497858835816411
4349,Spesp1,0.009507673136574281
4350,Sphk1,-0.008461111167438567
4351,Sphkap,-0.026530417944034837
4352,Spi1,-0.04345966492136946
4353,Spic,-0.023672653283892432
4354,Spin2a,-0.017092381960245352
4355,Spink1,-0.06694682067355494
4356,Spink2,0.011827729687532785
4357,Spink8,0.044398478635318574
4358,Spint1,-0.013620787893179205
4359,Spire2,-0.02613660383784753
4360,Spn,-0.0984492662454339
4361,Spnl1,0.007347557278787165
4362,Spns2,-0.09979165137486284
4363,Spns3,0.032971084909677734
4364,Spo11,-0.011061373992066826
4365,Spock2,-0.09391518093863711
4366,Spock3,0.004663089633124402
4367,Spon1,-0.3911959209337761
4368,Spred1,-0.01397915847203593
4369,Spred2,0.20704665646150075
4370,Spry1,0.02319296838021235
4371,Spry2,-0.09704630889073632
4372,Spry4,-0.06967326203974869
4373,Spta1,-0.0029466677066833534
4374,Sptlc2,0.6376353464543992
4375,Sptlc3,-0.009873858998376193
4376,Src,-0.04919030298162639
4377,Srcin1,0.09209561113311257
4378,Srd5a3,-0.05373732921108061
4379,Srf,0.5457984711802455
4380,Srgap1,0.03868384374071414
4381,Srgap2,-0.08939253011811477
4382,Srgap3,0.2993944604557958
4383,Srgn,-0.03369319836242933
4384,Sri,0.06434447058974198
4385,Srms,-0.0376779035415154
4386,Srrm4,0.020531134153676904
4387,Ssc5d,-0.0666916246851765
4388,Ssh1,-0.29335552908602325
4389,Sstr3,-0.0389133842221113
4390,Ssx2,0.0006193129331133016
4391,St18,0.002552880333028274
4392,St3gal1,0.003381889012465486
4393,St6gal1,1.6586982535372206
4394,St6galnac1,0.0031050437220301553
4395,St6galnac2,-0.011482884645255226
4396,St6galnac3,4.029933283115547
4397,St6galnac5,0.0658947968921976
4398,St8sia1,0.004642838367980264
4399,St8sia2,-0.009841031246675737
4400,St8sia4,0.02682113728958957
4401,St8sia6,-0.18449183122389376
4402,Stab1,-0.386241246481006
4403,Stab2,-0.020241067838229345
4404,Stac,0.16297748698074915
4405,Stag3,-0.00907574731750619
4406,Stambpl1,-0.0532732554493348
4407,Stap1,0.08845941917221893
4408,Stap2,-0.008025101365297264
4409,Stard10,0.09518032377783449
4410,Stard13,1.8669635874223198
4411,Stard3,0.05358983782665167
4412,Stard8,-0.21385373559225274
4413,Stard9,1.0508006056985084
4414,Stat3,2.408597825603522
4415,Stat4,0.3136631481035127
4416,Stc1,0.016559098519571925
4417,Steap1,-0.005297629305239511
4418,Steap2,-0.010967660842425616
4419,Steap4,-0.10606316522109828
4420,Stfa2l2,0.026903662141448327
4421,Stfa2l3,-0.013685044889469459
4422,Stimate,-1.4453154735378355
4423,Sting1,0.10393799026154968
4424,Stk10,0.8376220056706948
4425,Stk26,-0.024237869764037773
4426,Stk32a,0.01644959097844606
4427,Stk32b,-0.011265189873449438
4428,Stk39,0.0020199883753671544
4429,Stmn1,-0.0812279388404811
4430,Stmn2,-0.015898818060851867
4431,Ston1,-0.09546352089002216
4432,Ston2,-0.14981188071014273
4433,Stox2,2.2558109212745796
4434,Stpg3,0.003337252672819209
4435,Stpg4,0.022760861656862186
4436,Strip2,0.053758735591577914
4437,Stum,0.007665685648969668
4438,Stx11,0.07537399670566042
4439,Stx1a,0.049357201923202004
4440,Stx2,-0.14694804896999553
4441,Stx3,0.11322269625968584
4442,Stxbp1,-0.0897737606408557
4443,Stxbp5,0.3778955587972625
4444,Stxbp5l,0.035597551240318555
4445,Stxbp6,1.3698925824888895
4446,Styk1,0.07662247746855477
4447,Sulf1,4.808112317985923
4448,Sulf2,-0.09630259676602004
4449,Sult1a1,0.0015734083775203675
4450,Sult1c2a,0.00538790048279903
4451,Sult1d1,0.013037004460096844
4452,Sult1e1,-0.05380829226641394
4453,Sult2a2,0.026307947072774257
4454,Sult5a1,-0.005904383611647719
4455,Sun3,-0.0022116642407985004
4456,Susd1,0.032921105643655475
4457,Susd2,-0.03709479034948084
4458,Susd3,0.0011645497646140647
4459,Susd4,-0.07430001068867739
4460,Susd5,0.00319749694901922
4461,Susd6,0.6068704312142483
4462,Sv2a,0.01000572574231281
4463,Sv2b,0.029901607437259854
4464,Sv2c,-0.048007487710198804
4465,Sval1,-0.012612716737801956
4466,Svep1,-0.35022586036298464
4467,Svil,-0.6711197849192896
4468,Svop,0.026964235907837808
4469,Sybu,-0.9959672201907379
4470,Syce3,-0.010986537237690174
4471,Sycp2,-0.03724233312769138
4472,Sycp2l,-0.0010529502192390475
4473,Syk,-0.16947418343591525
4474,Syn3,1.2195087454134146
4475,Syndig1,0.028204405562620063
4476,Syndig1l,0.022762482246236726
4477,Syne1,1.8359641572058796
4478,Syngr4,0.017967961484391316
4479,Synj2,-0.06624713981037408
4480,Synm,-0.01975828497832892
4481,Synpo2,0.20468064824721244
4482,Synpr,-0.010080142677822316
4483,Syt10,0.010362094729967108
4484,Syt11,0.2212550317980726
4485,Syt6,-0.007709740350629324
4486,Sytl1,0.08943149630395439
4487,Sytl2,-0.07002044986735607
4488,Sytl3,0.007528695543071393
4489,Sytl5,-0.563859328195358
4490,T2,0.008399126403882106
4491,Taar1,-0.019455590243625084
4492,Taar4,0.0465614797527292
4493,Tab1,0.02246238060923805
4494,Tacc1,0.4828258714900155
4495,Tacc3,-0.02404543085094871
4496,Tacr1,0.0987135536120627
4497,Tafa2,-0.0697143128695771
4498,Tafa3,-0.01677910399622353
4499,Tafa5,0.010749764753987671
4500,Tagap,-0.01662680971192653
4501,Tagln,0.1689289844041438
4502,Tagln2,0.30219682133385073
4503,Tal1,0.40133370554478115
4504,Tamalin,0.13820369578391348
4505,Tanc1,0.8176930677990276
4506,Tanc2,1.1409984526245556
4507,Tap1,0.2866838950531835
4508,Tapbp,0.01286176485366674
4509,Tasl,-0.02602601679347843
4510,Tbata,-0.01360639554840816
4511,Tbc1d1,0.1319501280421736
4512,Tbc1d10a,0.21472286113324288
4513,Tbc1d10c,0.021286411847845087
4514,Tbc1d16,-0.08541429874297443
4515,Tbc1d30,0.10854065845708477
4516,Tbc1d9,1.7818903773405568
4517,Tbcel,-0.16984301542045893
4518,Tbx1,0.006014128004492672
4519,Tbx18,-0.02538134815577761
4520,Tbx2,0.058141808925806934
4521,Tbx20,-0.00339923308641037
4522,Tbx21,0.028206483412101045
4523,Tbx22,0.022800540859402994
4524,Tbx3,-0.463401635071229
4525,Tbx5,0.04295553791681382
4526,Tbxas1,-0.10268037046898243
4527,Tc2n,0.05097712348018807
4528,Tcaf1,0.12837462661258725
4529,Tcaf2c,0.14902002997170374
4530,Tcerg1l,-0.0036466039907356623
4531,Tcf15,-0.08079582762633017
4532,Tcf23,0.013122961019002633
4533,Tcf4,2.438624495407037
4534,Tcf7,0.12781663330199827
4535,Tcf7l1,1.476471792096002
4536,Tcim,-0.1378222072068792
4537,Tcp11x2,0.01266261160894869
4538,Tdo2,-0.00029821518420348504
4539,Tdrd12,-0.034536265948475656
4540,Tdrd7,-0.2630098311462541
4541,Tead2,0.08148622005913132
4542,Tead4,0.3408396733548225
4543,Tec,0.7658472974542841
4544,Tecpr1,0.02553356676734045
4545,Tecta,0.011478839251924526
4546,Tedc1,-0.026510197428153356
4547,Tek,0.43990196904767376
4548,Tekt5,0.008121430357817497
4549,Tenm1,0.27729362653340983
4550,Tenm2,-0.04016628811664269
4551,Tenm3,0.06230653932097922
4552,Tent5c,0.023070075151363733
4553,Terf1,0.15466129984997617
4554,Tes,0.5805211015065755
4555,Tesc,0.04613914305333157
4556,Testin,-0.01050549333582076
4557,Tet1,-0.08411795624138757
4558,Tex15,0.007598675519691314
4559,Tex26,-0.00409446630786981
4560,Tf,-0.11648112130010303
4561,Tfap2d,0.008450611519168715
4562,Tfec,-0.08808534279599435
4563,Tfpi,-0.08422999423302786
4564,Tfpi2,0.010563339369351185
4565,Tfr2,-0.012013094801734405
4566,Tgfa,-0.05553490400982515
4567,Tgfb1,0.38548318197726206
4568,Tgfb2,0.8176202263696486
4569,Tgfb3,0.04285915812693092
4570,Tgfbi,-0.058710733588079836
4571,Tgfbr1,0.5069398708720664
4572,Tgif1,0.20102506623926225
4573,Tgm1,-0.002464497000241847
4574,Tgm2,0.03299894419313268
4575,Thbd,0.054289853023843704
4576,Thbs1,-0.0022379584960546366
4577,Thbs2,-0.0012340081599482439
4578,Thbs3,-0.005550174816424381
4579,Themis,0.057984047381465134
4580,Themis2,-0.2054284243069212
4581,Themis3,-0.008857314852197085
4582,Thsd1,-0.21714959771718034
4583,Thsd4,5.024427192215363
4584,Thsd7a,2.533507946895938
4585,Thsd7b,0.18460192272019807
4586,Tiam2,-0.35592605177399905
4587,Ticam2,0.028636786791072413
4588,Tie1,0.841752388758749
4589,Tifab,-0.0014286871566771605
4590,Timd2,-0.006616061527152952
4591,Timd4,-0.027003750605111274
4592,Timeless,-0.12716898932544346
4593,Timp1,-0.009057468693476638
4594,Timp2,0.06596991248087457
4595,Timp3,3.1241561212468936
4596,Timp4,-0.41319969734012096
4597,Tinag,0.016976592099076752
4598,Tinagl1,0.9423636037519878
4599,Tjp2,0.07798261801770995
4600,Tk1,0.018086890402792107
4601,Tkt,-2.056848038470151
4602,Tktl1,-0.029530228529975548
4603,Tlcd3a,0.0012673171450559365
4604,Tlcd4,0.2573770290754556
4605,Tle2,0.07931043733461737
4606,Tle4,0.8083088454298624
4607,Tle6,-0.005208124348866678
4608,Tll1,-0.08749050825222128
4609,Tlnrd1,-0.016169518412281945
4610,Tlr1,-0.008973076179246751
4611,Tlr12,0.008732047597128001
4612,Tlr13,0.016083057262438666
4613,Tlr2,0.0053510674427259
4614,Tlr5,-0.09763781111670189
4615,Tlr7,-0.08210290209134788
4616,Tlr8,-0.07336633070423786
4617,Tlr9,-0.017179307011612608
4618,Tm4sf1,0.3498733563225026
4619,Tm4sf4,-0.007751267565427482
4620,Tm6sf1,0.3434446445568243
4621,Tm7sf3,-0.23635677997064186
4622,Tmc1,-0.03929171046650832
4623,Tmc6,-0.007366709154907929
4624,Tmc8,-0.07246782233514525
4625,Tmcc2,-0.06334294431532272
4626,Tmcc3,0.04856088943574238
4627,Tmed3,0.02537605759577953
4628,Tmed8,0.12500583998586337
4629,Tmeff1,-0.07480497633626973
4630,Tmeff2,-0.49516285242355296
4631,Tmem100,0.09022454809307492
4632,Tmem106a,-0.06688745711258723
4633,Tmem108,-0.2572886113444457
4634,Tmem116,-0.021883760490454457
4635,Tmem121,-0.005230520630174838
4636,Tmem123,0.8809328811319587
4637,Tmem131l,-0.08044571191505301
4638,Tmem132e,-0.02177670840940428
4639,Tmem145,-0.00466602660253187
4640,Tmem150b,-0.023719400873120744
4641,Tmem151a,0.00354118094568061
4642,Tmem151b,0.011873692683425663
4643,Tmem154,0.19483385335035305
4644,Tmem156,0.07938017021203299
4645,Tmem163,0.007375448114903385
4646,Tmem169,0.004784987368717009
4647,Tmem176a,-0.08083875934661472
4648,Tmem176b,-0.1043954596708477
4649,Tmem178a,0.045603778778211757
4650,Tmem192,0.11316236091745316
4651,Tmem196,0.0066198972163246175
4652,Tmem200a,-0.0903745725589405
4653,Tmem204,-0.17446929021189886
4654,Tmem229b,-0.06524697229114024
4655,Tmem233,0.006418609736870277
4656,Tmem236,0.008595278035777726
4657,Tmem239,0.016915010823758396
4658,Tmem255b,-0.2903048337408547
4659,Tmem256,-0.057830851436448276
4660,Tmem26,-0.030523969038247573
4661,Tmem273,0.02701987998366567
4662,Tmem30c,0.0015382364891229818
4663,Tmem35a,0.00849691349434844
4664,Tmem40,0.008144934697894617
4665,Tmem45a,0.02161450407336639
4666,Tmem45b,0.49028848865954894
4667,Tmem47,0.09832429272777017
4668,Tmem51,0.08567218685647188
4669,Tmem52,0.002899168574834861
4670,Tmem54,-0.012121977579666649
4671,Tmem59l,0.023348508147432917
4672,Tmem63c,0.27799853876244734
4673,Tmem71,-0.13197440979556505
4674,Tmie,-0.002329442598157405
4675,Tmod2,0.013572355986939247
4676,Tmod3,0.5598231382444965
4677,Tmod4,0.012937478077638058
4678,Tmprss11g,0.007201279519834711
4679,Tmprss5,0.027255150541637886
4680,Tmprss6,0.019402678619279932
4681,Tmprss7,-0.004661197047586271
4682,Tmsb10,-0.32812276771915355
4683,Tmsb4x,0.15204204868038876
4684,Tmtc1,-0.23713125141767072
4685,Tnc,0.0346044094677202
4686,Tnf,-0.08751562199487477
4687,Tnfaip2,0.09058939201780511
4688,Tnfaip3,0.14120983868296316
4689,Tnfaip6,-0.07780264773103664
4690,Tnfaip8l1,0.23395870472467933
4691,Tnfaip8l2,-0.018472942889491698
4692,Tnfaip8l3,0.048194788356833475
4693,Tnfrsf11a,0.1005869794409551
4694,Tnfrsf11b,-0.1511020352043643
4695,Tnfrsf13b,0.011187495096634645
4696,Tnfrsf14,0.0472510378899037
4697,Tnfrsf18,-0.0018234708586973296
4698,Tnfrsf1b,0.2973638570319237
4699,Tnfrsf21,-0.16128575244601578
4700,Tnfrsf26,0.16439976686370097
4701,Tnfsf10,-0.17999206168893508
4702,Tnfsf11,0.014949036856638577
4703,Tnfsf12,-0.04220254939821167
4704,Tnfsf13,-0.08468773992297823
4705,Tnfsf13b,0.017155817261465235
4706,Tnfsf14,0.01839009054558107
4707,Tnfsf15,0.03697392387489787
4708,Tnfsf18,0.0002955194184307026
4709,Tnfsf8,0.02957199905052341
4710,Tnfsf9,-0.025049121272978793
4711,Tnik,0.08845120028416373
4712,Tnk1,0.1814958892893934
4713,Tnnc1,0.009349553628470977
4714,Tnni2,0.0419296477436463
4715,Tnni3k,0.0467527015332682
4716,Tnnt3,-0.0847144050745105
4717,Tns4,0.013835791866640317
4718,Tomm7,0.021618229340566168
4719,Top2a,0.034182360727144534
4720,Tox,2.0224714080949235
4721,Tox2,0.14775808018063827
4722,Tox3,0.09109155699436333
4723,Tp63,0.0030079237629354084
4724,Tp73,-0.002051410743468516
4725,Tpd52,0.06509023875729283
4726,Tpd52l3,0.09540266592962937
4727,Tpm1,1.0221571112688363
4728,Tpm2,0.10107788366785499
4729,Tpm4,0.7879577843469341
4730,Tpst1,0.11982696614988841
4731,Tpt1,-0.5451897023758643
4732,Tpte2,-0.026467172988399665
4733,Tpx2,-0.07976595995901095
4734,Trabd2b,-0.14736540648144825
4735,Traf1,-0.007324053594050767
4736,Traf3ip2,-0.14496427855093896
4737,Traf3ip3,0.03909322550722143
4738,Traf5,0.1274231079806817
4739,Traip,0.005019343057414484
4740,Tram2,-0.16468346468507605
4741,Trank1,-0.03166765570119141
4742,Trat1,0.06381761886403459
4743,Trdn,-0.087461076035558
4744,Trem1,0.002578408643848542
4745,Trem2,-0.027206448351667578
4746,Treml2,0.03901362527723581
4747,Treml4,-0.33858287745347415
4748,Trerf1,0.7023266149886608
4749,Trex1,0.026405224549205623
4750,Trhde,-0.4674619960114048
4751,Trib2,0.007785922380718464
4752,Tril,-0.09346422025338341
4753,Trim24,-0.2569356567853767
4754,Trim25,0.3738989016594465
4755,Trim30c,-0.021946645143373536
4756,Trim37,0.5609903094790779
4757,Trim40,-0.0089881781360295
4758,Trim47,0.12029887468520997
4759,Trim52,0.0034305406381507537
4760,Trim59,0.06103573414219942
4761,Trim72,-0.009352177245375674
4762,Triobp,-0.051071161393718985
4763,Trip6,-0.017564187046668706
4764,Trnp1,0.02356691644280145
4765,Tro,-0.011068065055907121
4766,Trpc3,-0.013845190686292698
4767,Trpc4,0.007525493920577067
4768,Trpc5,-0.015853796283691393
4769,Trpc6,-0.02792320035553441
4770,Trpc7,-0.35731794452343624
4771,Trpm2,0.008133329613700755
4772,Trpm3,-0.31991311295537794
4773,Trpm6,-0.0117095734403792
4774,Trpv2,0.030421279928271518
4775,Trpv4,0.5298580052788341
4776,Tsacc,0.00776168689046554
4777,Tshr,-0.3374836908608832
4778,Tshz2,0.30233752973047545
4779,Tshz3,0.09333196873790987
4780,Tspan11,-0.017216619935002744
4781,Tspan13,0.34892235885878065
4782,Tspan15,0.05537859027877749
4783,Tspan2,1.016768591770814
4784,Tspan32,-0.022886546654624015
4785,Tspan33,0.005777180172577008
4786,Tspan5,0.6842571373336042
4787,Tspan7,-0.22011921824204395
4788,Tspan8,-0.17449847944290814
4789,Tspan9,0.31755429778784977
4790,Tspear,-0.03555611910561457
4791,Tspy26,-0.0012266654406957356
4792,Tstd1,0.0437230685010203
4793,Tsx,0.0780552843751722
4794,Ttc21b,0.008293796508818008
4795,Ttc23l,-0.06581308770481935
4796,Ttc3,0.7674369774876304
4797,Ttc34,-0.029069219961750367
4798,Ttc6,-0.04782986021435471
4799,Ttc7a,-0.006041012352331579
4800,Ttk,-0.015123290813958842
4801,Ttll10,0.01642480490672386
4802,Ttll7,0.32510230405279583
4803,Ttn,0.024664224906010442
4804,Ttyh1,0.023382758820854898
4805,Ttyh2,0.036665842098925115
4806,Ttyh3,-0.4414674441683119
4807,Tuba1a,-0.21164758610223178
4808,Tuba1c-1,-0.04270930369979106
4809,Tuba3b,0.011240142497570821
4810,Tubb2a,0.24586186494212697
4811,Tubb4a,-0.0010563393436178606
4812,Tuft1,0.5588928115748041
4813,Tusc3,0.08350684386238938
4814,Tvp23a,-0.03804650465875177
4815,Twf1-ps1,-0.004844013586515519
4816,Twf2,0.11959040310472095
4817,Twist2,0.011877239153940518
4818,Txk,0.09220834887033975
4819,Txndc2,-0.008400064945314823
4820,Txndc5,0.08735142080782365
4821,Tyr,0.010587468784119116
4822,Tyrobp,-0.09697077369432121
4823,UST4r,0.006196157203634079
4824,Uaca,1.1983258470440608
4825,Uap1,0.686666329650567
4826,Uba7,-0.0580015599289695
4827,Ubash3a,-0.004634787896247007
4828,Ubash3b,0.9555468577797478
4829,Ubb,-0.1703747783774481
4830,Ube2u,-0.005649524586681619
4831,Ubqln2,-0.022099618458406085
4832,Ubtd2,0.05883944642249461
4833,Uchl1,0.006840712922714875
4834,Ucma,-0.007722254087707767
4835,Ucp2,-0.21201647874459964
4836,Ugcg,0.010450080364621264
4837,Ugdh,-0.24287159755194526
4838,Ugt2b,0.0006948311426781531
4839,Unc119,0.016931175819742177
4840,Unc13b,0.5666683092275504
4841,Unc13d,0.043824982243300184
4842,Unc5b,0.31844056749742067
4843,Unc5c,-0.4954407869463515
4844,Unc5d,0.025934850750922247
4845,Unc79,0.04907382562881736
4846,Unc93a,-0.00916955887243582
4847,Unc93b1,-0.14798239446256278
4848,Upb1,-0.01236140217631835
4849,Upk1b,0.07571273696253933
4850,Upk3b,0.0029866012239000046
4851,Upp1,0.023333818255545036
4852,Uqcr10,-0.1001060457641196
4853,Ushbp1,0.5864236764064298
4854,Usp11,-0.02103360528256057
4855,Usp26,-0.004245832186451459
4856,Usp43,0.08427771010322384
4857,Usp44,0.009335479583091132
4858,Usp54,2.1289047576610542
4859,Usp9y,0.02541708351829669
4860,Ust,0.0707358215188279
4861,Vamp4,-0.024691525025986538
4862,Vamp5,0.014125190783555307
4863,Vangl2,0.0184549751573543
4864,Vash1,0.0955608616355529
4865,Vasn,-0.03592685586028256
4866,Vat1,0.26199438493663124
4867,Vav1,0.0313799449088331
4868,Vav3,1.196535743322824
4869,Vax2,-0.03886331483857327
4870,Vcam1,-0.005471617671320801
4871,Vcan,0.005599728942332398
4872,Vcl,5.116794442099335
4873,Vdr,0.034436581797955015
4874,Vegfc,1.3062444426902622
4875,Vegfd,-0.04833869867543512
4876,Veph1,-0.25073237251044456
4877,Vgll3,-0.013048124564900478
4878,Vipr1,-0.016856560769021738
4879,Vipr2,0.02250723358485883
4880,Vit,0.022357677968058497
4881,Vom2r1,0.07888443455782429
4882,Vom2r27,-0.00310581800762126
4883,Vom2r53,-0.007773914563828326
4884,Vom2r58,0.02665131767066134
4885,Vom2r72,-0.00943747917209058
4886,Vom2r76,-0.021008028922902884
4887,Vom2r77,0.030764905266105983
4888,Vom2r79,0.001263589627192961
4889,Vopp1,-0.01679953264618482
4890,Vps37b,0.26988227611328325
4891,Vsig10,0.17164145306515716
4892,Vsig10l2,0.0032245996752267164
4893,Vsig4,-0.024454133931333753
4894,Vsir,-0.11398309853477745
4895,Vsnl1,-0.0001741099453157432
4896,Vstm2l,-0.009320353393142291
4897,Vstm4,0.0034729359778231453
4898,Vstm5,-0.006444414970648384
4899,Vsx1,0.012545365500418593
4900,Vtn,-0.0196784190974815
4901,Vwa1,-0.11715074110130566
4902,Vwc2,-0.006268184097423414
4903,Vwc2l,-0.01526849345166278
4904,Vwf,0.7167760442536331
4905,Was,0.005088545152315252
4906,Wdfy4,0.018608439356305857
4907,Wdr17,0.014672291883824653
4908,Wdr49,0.016819712082604674
4909,Wdr62,0.02837684207868088
4910,Wdr72,0.05647860779158076
4911,Wdr86,-0.022740816869234546
4912,Wee1,0.18752668323544835
4913,Wfdc2,0.04233004396597634
4914,Wfdc21,0.023821604259200276
4915,Wfdc3,0.002437663186446579
4916,Wif1,-0.4544933922385413
4917,Wipf1,0.2320907000645743
4918,Wipf3,0.3788014156805713
4919,Wnt10b,-0.01788700421293325
4920,Wnt2b,0.049734614383570734
4921,Wnt3a,-0.016268788407907978
4922,Wnt4,0.049001914133323984
4923,Wsb1,1.2680075408757043
4924,Wscd1,-0.005854391177514007
4925,Wscd2,-0.04410886964430191
4926,Wt1,0.019072687219639853
4927,Wtip,0.12265509067024331
4928,Wwc1,0.023472133542709668
4929,Wwc3,-0.09950409166132614
4930,Wwtr1,2.921678863466549
4931,Xcl1,-0.003156882838177207
4932,Xdh,-0.6031760994336179
4933,Xirp2,-0.009543616929432522
4934,Xkr4,-0.3394979881913751
4935,Xkrx,0.0363766690193601
4936,Xylt1,-0.06436550490657014
4937,Ydjc,0.004095306717720475
4938,Yes1,0.5481571257809705
4939,Ywhah,0.25968059948005995
4940,Zan,0.0345808083103856
4941,Zap70,0.030786650396380937
4942,Zbbx,-0.009189892846140697
4943,Zbp1,-0.006614179250668508
4944,Zbtb16,0.2717491282791298
4945,Zbtb20,1.8475574425460883
4946,Zbtb32,-0.0056530076341095
4947,Zbtb42,0.029026185133840626
4948,Zbtb46,-0.5384142386299067
4949,Zc3h10,0.001810449456248836
4950,Zc3h12b,-0.11149603585379807
4951,Zc3h12d,-0.10242254656365735
4952,Zc3hav1l,-0.03980721216106415
4953,Zcchc24,-0.26520752855622554
4954,Zdbf2,-0.012415731700026737
4955,Zdhhc14,0.34378766277785955
4956,Zdhhc15,0.26894436539287386
4957,Zdhhc18,0.5617692025807819
4958,Zdhhc2,-0.12262396996938177
4959,Zfand1,0.000759523851792541
4960,Zfand2a,0.17743008366578594
4961,Zfhx4,-0.22782439286363895
4962,Zfp13,0.01631843073356289
4963,Zfp185,0.037823532450652564
4964,Zfp287,-0.03152873882166835
4965,Zfp334,0.028213730562755453
4966,Zfp36,-0.06306855795572489
4967,Zfp366,-0.149994636370391
4968,Zfp36l1,-0.39821895500391014
4969,Zfp36l2,-0.1856120659449345
4970,Zfp382,0.06377516343310308
4971,Zfp385b,0.12403609850498457
4972,Zfp385d,-0.2034413631710543
4973,Zfp420-ps2,-0.07999467605448435
4974,Zfp428,-0.01539886991580456
4975,Zfp462,-0.3448456066484058
4976,Zfp496,0.245253946544692
4977,Zfp512b,-0.018684552398457597
4978,Zfp518b,-0.045219018077831075
4979,Zfp521,0.2635710647483934
4980,Zfp536,-0.011798014951654823
4981,Zfp57,0.0915391015982885
4982,Zfp593,-0.003441867540641328
4983,Zfp608,-0.3837653598291805
4984,Zfp622,-0.5113325826850758
4985,Zfp683,-0.01047637645318765
4986,Zfp804b,-0.032814753859402995
4987,Zfp821,-0.14820854279265594
4988,Zfp868,0.08834086083701115
4989,Zfp939,0.009420395220085457
4990,Zfpm1,-0.14258328816645072
4991,Zfpm2,-0.5548185002917867
4992,Zfyve28,-0.010168804616317258
4993,Zmat4,0.03012624138952518
4994,Zmynd15,-0.04612179076707937
4995,Znrf1,0.7607236581045183
4996,Zp2,-0.03384361958904935
4997,Zpbp,-0.005656682331599071
4998,Zswim6,1.7094373645166114
4999,Zyx,1.316703295442315
