LINE 241 : 2025-07-14 12:05:42,025 [DEBUG   ] Starting new HTTP connection (1): maayanlab.cloud:80
LINE 544 : 2025-07-14 12:05:42,218 [DEBUG   ] http://maayanlab.cloud:80 "GET /Enrichr/datasetStatistics HTTP/1.1" 308 164
LINE 1049: 2025-07-14 12:05:42,219 [DEBUG   ] Starting new HTTPS connection (1): maayanlab.cloud:443
LINE 544 : 2025-07-14 12:05:42,313 [DEBUG   ] https://maayanlab.cloud:443 "GET /Enrichr/datasetStatistics HTTP/1.1" 200 None
LINE 385 : 2025-07-14 12:05:42,395 [INFO    ] Connecting to Enrichr Server to get latest library names
LINE 403 : 2025-07-14 12:05:42,396 [DEBUG   ] Start Enrichr using library: WikiPathways_2019_Mouse
LINE 404 : 2025-07-14 12:05:42,396 [INFO    ] Analysis name: adipocytes_brown_top100, Enrichr Library: WikiPathways_2019_Mouse
LINE 241 : 2025-07-14 12:05:42,397 [DEBUG   ] Starting new HTTP connection (1): maayanlab.cloud:80
LINE 544 : 2025-07-14 12:05:42,460 [DEBUG   ] http://maayanlab.cloud:80 "POST /Enrichr/addList HTTP/1.1" 308 164
LINE 1049: 2025-07-14 12:05:42,461 [DEBUG   ] Starting new HTTPS connection (1): maayanlab.cloud:443
LINE 544 : 2025-07-14 12:05:42,790 [DEBUG   ] https://maayanlab.cloud:443 "POST /Enrichr/addList HTTP/1.1" 200 74
LINE 241 : 2025-07-14 12:05:43,797 [DEBUG   ] Starting new HTTP connection (1): maayanlab.cloud:80
LINE 544 : 2025-07-14 12:05:43,860 [DEBUG   ] http://maayanlab.cloud:80 "GET /Enrichr/export?userListId=96914180&filename=WikiPathways_2019_Mouse.adipocytes_brown_top100.reports&backgroundType=WikiPathways_2019_Mouse HTTP/1.1" 308 164
LINE 1049: 2025-07-14 12:05:43,861 [DEBUG   ] Starting new HTTPS connection (1): maayanlab.cloud:443
LINE 544 : 2025-07-14 12:05:43,978 [DEBUG   ] https://maayanlab.cloud:443 "GET /Enrichr/export?userListId=96914180&filename=WikiPathways_2019_Mouse.adipocytes_brown_top100.reports&backgroundType=WikiPathways_2019_Mouse HTTP/1.1" 200 6335
LINE 412 : 2025-07-14 12:05:43,997 [INFO    ] Save file of enrichment results: Job Id:a335826ce6fb7b6d58dc5e249e3c0ad1
LINE 1467: 2025-07-14 12:05:44,209 [DEBUG   ] findfont: Matching sans\-serif:style=normal:variant=normal:weight=normal:stretch=normal:size=16.0.
LINE 1479: 2025-07-14 12:05:44,209 [DEBUG   ] findfont: score(FontEntry(fname='/usr/local/lib/python3.9/site-packages/matplotlib/mpl-data/fonts/ttf/STIXSizFourSymBol.ttf', name='STIXSizeFourSym', style='normal', variant='normal', weight=700, stretch='normal', size='scalable')) = 10.335
LINE 1479: 2025-07-14 12:05:44,209 [DEBUG   ] findfont: score(FontEntry(fname='/usr/local/lib/python3.9/site-packages/matplotlib/mpl-data/fonts/ttf/DejaVuSansDisplay.ttf', name='DejaVu Sans Display', style='normal', variant='normal', weight=400, stretch='normal', size='scalable')) = 10.05
LINE 1479: 2025-07-14 12:05:44,209 [DEBUG   ] findfont: score(FontEntry(fname='/usr/local/lib/python3.9/site-packages/matplotlib/mpl-data/fonts/ttf/cmr10.ttf', name='cmr10', style='normal', variant='normal', weight=400, stretch='normal', size='scalable')) = 10.05
LINE 1479: 2025-07-14 12:05:44,209 [DEBUG   ] findfont: score(FontEntry(fname='/usr/local/lib/python3.9/site-packages/matplotlib/mpl-data/fonts/ttf/DejaVuSans-Oblique.ttf', name='DejaVu Sans', style='oblique', variant='normal', weight=400, stretch='normal', size='scalable')) = 1.05
LINE 1479: 2025-07-14 12:05:44,209 [DEBUG   ] findfont: score(FontEntry(fname='/usr/local/lib/python3.9/site-packages/matplotlib/mpl-data/fonts/ttf/DejaVuSerifDisplay.ttf', name='DejaVu Serif Display', style='normal', variant='normal', weight=400, stretch='normal', size='scalable')) = 10.05
LINE 1479: 2025-07-14 12:05:44,209 [DEBUG   ] findfont: score(FontEntry(fname='/usr/local/lib/python3.9/site-packages/matplotlib/mpl-data/fonts/ttf/DejaVuSansMono-BoldOblique.ttf', name='DejaVu Sans Mono', style='oblique', variant='normal', weight=700, stretch='normal', size='scalable')) = 11.335
LINE 1479: 2025-07-14 12:05:44,209 [DEBUG   ] findfont: score(FontEntry(fname='/usr/local/lib/python3.9/site-packages/matplotlib/mpl-data/fonts/ttf/STIXNonUniBol.ttf', name='STIXNonUnicode', style='normal', variant='normal', weight=700, stretch='normal', size='scalable')) = 10.335
LINE 1479: 2025-07-14 12:05:44,210 [DEBUG   ] findfont: score(FontEntry(fname='/usr/local/lib/python3.9/site-packages/matplotlib/mpl-data/fonts/ttf/DejaVuSerif-Italic.ttf', name='DejaVu Serif', style='italic', variant='normal', weight=400, stretch='normal', size='scalable')) = 11.05
LINE 1479: 2025-07-14 12:05:44,210 [DEBUG   ] findfont: score(FontEntry(fname='/usr/local/lib/python3.9/site-packages/matplotlib/mpl-data/fonts/ttf/DejaVuSerif.ttf', name='DejaVu Serif', style='normal', variant='normal', weight=400, stretch='normal', size='scalable')) = 10.05
LINE 1479: 2025-07-14 12:05:44,210 [DEBUG   ] findfont: score(FontEntry(fname='/usr/local/lib/python3.9/site-packages/matplotlib/mpl-data/fonts/ttf/cmex10.ttf', name='cmex10', style='normal', variant='normal', weight=400, stretch='normal', size='scalable')) = 10.05
LINE 1479: 2025-07-14 12:05:44,210 [DEBUG   ] findfont: score(FontEntry(fname='/usr/local/lib/python3.9/site-packages/matplotlib/mpl-data/fonts/ttf/DejaVuSansMono.ttf', name='DejaVu Sans Mono', style='normal', variant='normal', weight=400, stretch='normal', size='scalable')) = 10.05
LINE 1479: 2025-07-14 12:05:44,210 [DEBUG   ] findfont: score(FontEntry(fname='/usr/local/lib/python3.9/site-packages/matplotlib/mpl-data/fonts/ttf/STIXSizFourSymReg.ttf', name='STIXSizeFourSym', style='normal', variant='normal', weight=400, stretch='normal', size='scalable')) = 10.05
LINE 1479: 2025-07-14 12:05:44,210 [DEBUG   ] findfont: score(FontEntry(fname='/usr/local/lib/python3.9/site-packages/matplotlib/mpl-data/fonts/ttf/DejaVuSerif-BoldItalic.ttf', name='DejaVu Serif', style='italic', variant='normal', weight=700, stretch='normal', size='scalable')) = 11.335
LINE 1479: 2025-07-14 12:05:44,210 [DEBUG   ] findfont: score(FontEntry(fname='/usr/local/lib/python3.9/site-packages/matplotlib/mpl-data/fonts/ttf/cmb10.ttf', name='cmb10', style='normal', variant='normal', weight=400, stretch='normal', size='scalable')) = 10.05
LINE 1479: 2025-07-14 12:05:44,211 [DEBUG   ] findfont: score(FontEntry(fname='/usr/local/lib/python3.9/site-packages/matplotlib/mpl-data/fonts/ttf/STIXNonUni.ttf', name='STIXNonUnicode', style='normal', variant='normal', weight=400, stretch='normal', size='scalable')) = 10.05
LINE 1479: 2025-07-14 12:05:44,211 [DEBUG   ] findfont: score(FontEntry(fname='/usr/local/lib/python3.9/site-packages/matplotlib/mpl-data/fonts/ttf/DejaVuSerif-Bold.ttf', name='DejaVu Serif', style='normal', variant='normal', weight=700, stretch='normal', size='scalable')) = 10.335
LINE 1479: 2025-07-14 12:05:44,211 [DEBUG   ] findfont: score(FontEntry(fname='/usr/local/lib/python3.9/site-packages/matplotlib/mpl-data/fonts/ttf/DejaVuSansMono-Bold.ttf', name='DejaVu Sans Mono', style='normal', variant='normal', weight=700, stretch='normal', size='scalable')) = 10.335
LINE 1479: 2025-07-14 12:05:44,211 [DEBUG   ] findfont: score(FontEntry(fname='/usr/local/lib/python3.9/site-packages/matplotlib/mpl-data/fonts/ttf/STIXSizThreeSymReg.ttf', name='STIXSizeThreeSym', style='normal', variant='normal', weight=400, stretch='normal', size='scalable')) = 10.05
LINE 1479: 2025-07-14 12:05:44,211 [DEBUG   ] findfont: score(FontEntry(fname='/usr/local/lib/python3.9/site-packages/matplotlib/mpl-data/fonts/ttf/STIXSizFiveSymReg.ttf', name='STIXSizeFiveSym', style='normal', variant='normal', weight=400, stretch='normal', size='scalable')) = 10.05
LINE 1479: 2025-07-14 12:05:44,211 [DEBUG   ] findfont: score(FontEntry(fname='/usr/local/lib/python3.9/site-packages/matplotlib/mpl-data/fonts/ttf/cmsy10.ttf', name='cmsy10', style='normal', variant='normal', weight=400, stretch='normal', size='scalable')) = 10.05
LINE 1479: 2025-07-14 12:05:44,211 [DEBUG   ] findfont: score(FontEntry(fname='/usr/local/lib/python3.9/site-packages/matplotlib/mpl-data/fonts/ttf/cmmi10.ttf', name='cmmi10', style='normal', variant='normal', weight=400, stretch='normal', size='scalable')) = 10.05
LINE 1479: 2025-07-14 12:05:44,211 [DEBUG   ] findfont: score(FontEntry(fname='/usr/local/lib/python3.9/site-packages/matplotlib/mpl-data/fonts/ttf/STIXSizTwoSymBol.ttf', name='STIXSizeTwoSym', style='normal', variant='normal', weight=700, stretch='normal', size='scalable')) = 10.335
LINE 1479: 2025-07-14 12:05:44,211 [DEBUG   ] findfont: score(FontEntry(fname='/usr/local/lib/python3.9/site-packages/matplotlib/mpl-data/fonts/ttf/STIXNonUniIta.ttf', name='STIXNonUnicode', style='italic', variant='normal', weight=400, stretch='normal', size='scalable')) = 11.05
LINE 1479: 2025-07-14 12:05:44,211 [DEBUG   ] findfont: score(FontEntry(fname='/usr/local/lib/python3.9/site-packages/matplotlib/mpl-data/fonts/ttf/STIXGeneralItalic.ttf', name='STIXGeneral', style='italic', variant='normal', weight=400, stretch='normal', size='scalable')) = 11.05
LINE 1479: 2025-07-14 12:05:44,211 [DEBUG   ] findfont: score(FontEntry(fname='/usr/local/lib/python3.9/site-packages/matplotlib/mpl-data/fonts/ttf/DejaVuSans-Bold.ttf', name='DejaVu Sans', style='normal', variant='normal', weight=700, stretch='normal', size='scalable')) = 0.33499999999999996
LINE 1479: 2025-07-14 12:05:44,211 [DEBUG   ] findfont: score(FontEntry(fname='/usr/local/lib/python3.9/site-packages/matplotlib/mpl-data/fonts/ttf/cmtt10.ttf', name='cmtt10', style='normal', variant='normal', weight=400, stretch='normal', size='scalable')) = 10.05
LINE 1479: 2025-07-14 12:05:44,211 [DEBUG   ] findfont: score(FontEntry(fname='/usr/local/lib/python3.9/site-packages/matplotlib/mpl-data/fonts/ttf/STIXSizTwoSymReg.ttf', name='STIXSizeTwoSym', style='normal', variant='normal', weight=400, stretch='normal', size='scalable')) = 10.05
LINE 1479: 2025-07-14 12:05:44,211 [DEBUG   ] findfont: score(FontEntry(fname='/usr/local/lib/python3.9/site-packages/matplotlib/mpl-data/fonts/ttf/DejaVuSans.ttf', name='DejaVu Sans', style='normal', variant='normal', weight=400, stretch='normal', size='scalable')) = 0.05
LINE 1479: 2025-07-14 12:05:44,211 [DEBUG   ] findfont: score(FontEntry(fname='/usr/local/lib/python3.9/site-packages/matplotlib/mpl-data/fonts/ttf/STIXGeneralBol.ttf', name='STIXGeneral', style='normal', variant='normal', weight=700, stretch='normal', size='scalable')) = 10.335
LINE 1479: 2025-07-14 12:05:44,211 [DEBUG   ] findfont: score(FontEntry(fname='/usr/local/lib/python3.9/site-packages/matplotlib/mpl-data/fonts/ttf/DejaVuSansMono-Oblique.ttf', name='DejaVu Sans Mono', style='oblique', variant='normal', weight=400, stretch='normal', size='scalable')) = 11.05
LINE 1479: 2025-07-14 12:05:44,211 [DEBUG   ] findfont: score(FontEntry(fname='/usr/local/lib/python3.9/site-packages/matplotlib/mpl-data/fonts/ttf/STIXGeneral.ttf', name='STIXGeneral', style='normal', variant='normal', weight=400, stretch='normal', size='scalable')) = 10.05
LINE 1479: 2025-07-14 12:05:44,211 [DEBUG   ] findfont: score(FontEntry(fname='/usr/local/lib/python3.9/site-packages/matplotlib/mpl-data/fonts/ttf/STIXGeneralBolIta.ttf', name='STIXGeneral', style='italic', variant='normal', weight=700, stretch='normal', size='scalable')) = 11.335
LINE 1479: 2025-07-14 12:05:44,211 [DEBUG   ] findfont: score(FontEntry(fname='/usr/local/lib/python3.9/site-packages/matplotlib/mpl-data/fonts/ttf/cmss10.ttf', name='cmss10', style='normal', variant='normal', weight=400, stretch='normal', size='scalable')) = 10.05
LINE 1479: 2025-07-14 12:05:44,211 [DEBUG   ] findfont: score(FontEntry(fname='/usr/local/lib/python3.9/site-packages/matplotlib/mpl-data/fonts/ttf/DejaVuSans-BoldOblique.ttf', name='DejaVu Sans', style='oblique', variant='normal', weight=700, stretch='normal', size='scalable')) = 1.335
LINE 1479: 2025-07-14 12:05:44,211 [DEBUG   ] findfont: score(FontEntry(fname='/usr/local/lib/python3.9/site-packages/matplotlib/mpl-data/fonts/ttf/STIXSizOneSymBol.ttf', name='STIXSizeOneSym', style='normal', variant='normal', weight=700, stretch='normal', size='scalable')) = 10.335
LINE 1479: 2025-07-14 12:05:44,211 [DEBUG   ] findfont: score(FontEntry(fname='/usr/local/lib/python3.9/site-packages/matplotlib/mpl-data/fonts/ttf/STIXSizThreeSymBol.ttf', name='STIXSizeThreeSym', style='normal', variant='normal', weight=700, stretch='normal', size='scalable')) = 10.335
LINE 1479: 2025-07-14 12:05:44,211 [DEBUG   ] findfont: score(FontEntry(fname='/usr/local/lib/python3.9/site-packages/matplotlib/mpl-data/fonts/ttf/STIXSizOneSymReg.ttf', name='STIXSizeOneSym', style='normal', variant='normal', weight=400, stretch='normal', size='scalable')) = 10.05
LINE 1479: 2025-07-14 12:05:44,211 [DEBUG   ] findfont: score(FontEntry(fname='/usr/local/lib/python3.9/site-packages/matplotlib/mpl-data/fonts/ttf/STIXNonUniBolIta.ttf', name='STIXNonUnicode', style='italic', variant='normal', weight=700, stretch='normal', size='scalable')) = 11.335
LINE 1479: 2025-07-14 12:05:44,211 [DEBUG   ] findfont: score(FontEntry(fname='/usr/share/fonts/truetype/dejavu/DejaVuSansMono-Bold.ttf', name='DejaVu Sans Mono', style='normal', variant='normal', weight=700, stretch='normal', size='scalable')) = 10.335
LINE 1479: 2025-07-14 12:05:44,211 [DEBUG   ] findfont: score(FontEntry(fname='/usr/share/fonts/truetype/dejavu/DejaVuSansMono.ttf', name='DejaVu Sans Mono', style='normal', variant='normal', weight=400, stretch='normal', size='scalable')) = 10.05
LINE 1479: 2025-07-14 12:05:44,211 [DEBUG   ] findfont: score(FontEntry(fname='/usr/share/fonts/truetype/dejavu/DejaVuSans-Bold.ttf', name='DejaVu Sans', style='normal', variant='normal', weight=700, stretch='normal', size='scalable')) = 0.33499999999999996
LINE 1479: 2025-07-14 12:05:44,211 [DEBUG   ] findfont: score(FontEntry(fname='/usr/share/fonts/truetype/dejavu/DejaVuSerif-Bold.ttf', name='DejaVu Serif', style='normal', variant='normal', weight=700, stretch='normal', size='scalable')) = 10.335
LINE 1479: 2025-07-14 12:05:44,211 [DEBUG   ] findfont: score(FontEntry(fname='/usr/share/fonts/truetype/dejavu/DejaVuSerif.ttf', name='DejaVu Serif', style='normal', variant='normal', weight=400, stretch='normal', size='scalable')) = 10.05
LINE 1479: 2025-07-14 12:05:44,211 [DEBUG   ] findfont: score(FontEntry(fname='/usr/share/fonts/truetype/dejavu/DejaVuSans.ttf', name='DejaVu Sans', style='normal', variant='normal', weight=400, stretch='normal', size='scalable')) = 0.05
LINE 1508: 2025-07-14 12:05:44,211 [DEBUG   ] findfont: Matching sans\-serif:style=normal:variant=normal:weight=normal:stretch=normal:size=16.0 to DejaVu Sans ('/usr/local/lib/python3.9/site-packages/matplotlib/mpl-data/fonts/ttf/DejaVuSans.ttf') with score of 0.050000.
LINE 1467: 2025-07-14 12:05:44,218 [DEBUG   ] findfont: Matching sans\-serif:style=normal:variant=normal:weight=bold:stretch=normal:size=24.0.
LINE 1479: 2025-07-14 12:05:44,218 [DEBUG   ] findfont: score(FontEntry(fname='/usr/local/lib/python3.9/site-packages/matplotlib/mpl-data/fonts/ttf/STIXSizFourSymBol.ttf', name='STIXSizeFourSym', style='normal', variant='normal', weight=700, stretch='normal', size='scalable')) = 10.05
LINE 1479: 2025-07-14 12:05:44,218 [DEBUG   ] findfont: score(FontEntry(fname='/usr/local/lib/python3.9/site-packages/matplotlib/mpl-data/fonts/ttf/DejaVuSansDisplay.ttf', name='DejaVu Sans Display', style='normal', variant='normal', weight=400, stretch='normal', size='scalable')) = 10.335
LINE 1479: 2025-07-14 12:05:44,218 [DEBUG   ] findfont: score(FontEntry(fname='/usr/local/lib/python3.9/site-packages/matplotlib/mpl-data/fonts/ttf/cmr10.ttf', name='cmr10', style='normal', variant='normal', weight=400, stretch='normal', size='scalable')) = 10.335
LINE 1479: 2025-07-14 12:05:44,218 [DEBUG   ] findfont: score(FontEntry(fname='/usr/local/lib/python3.9/site-packages/matplotlib/mpl-data/fonts/ttf/DejaVuSans-Oblique.ttf', name='DejaVu Sans', style='oblique', variant='normal', weight=400, stretch='normal', size='scalable')) = 1.335
LINE 1479: 2025-07-14 12:05:44,219 [DEBUG   ] findfont: score(FontEntry(fname='/usr/local/lib/python3.9/site-packages/matplotlib/mpl-data/fonts/ttf/DejaVuSerifDisplay.ttf', name='DejaVu Serif Display', style='normal', variant='normal', weight=400, stretch='normal', size='scalable')) = 10.335
LINE 1479: 2025-07-14 12:05:44,219 [DEBUG   ] findfont: score(FontEntry(fname='/usr/local/lib/python3.9/site-packages/matplotlib/mpl-data/fonts/ttf/DejaVuSansMono-BoldOblique.ttf', name='DejaVu Sans Mono', style='oblique', variant='normal', weight=700, stretch='normal', size='scalable')) = 11.05
LINE 1479: 2025-07-14 12:05:44,219 [DEBUG   ] findfont: score(FontEntry(fname='/usr/local/lib/python3.9/site-packages/matplotlib/mpl-data/fonts/ttf/STIXNonUniBol.ttf', name='STIXNonUnicode', style='normal', variant='normal', weight=700, stretch='normal', size='scalable')) = 10.05
LINE 1479: 2025-07-14 12:05:44,219 [DEBUG   ] findfont: score(FontEntry(fname='/usr/local/lib/python3.9/site-packages/matplotlib/mpl-data/fonts/ttf/DejaVuSerif-Italic.ttf', name='DejaVu Serif', style='italic', variant='normal', weight=400, stretch='normal', size='scalable')) = 11.335
LINE 1479: 2025-07-14 12:05:44,219 [DEBUG   ] findfont: score(FontEntry(fname='/usr/local/lib/python3.9/site-packages/matplotlib/mpl-data/fonts/ttf/DejaVuSerif.ttf', name='DejaVu Serif', style='normal', variant='normal', weight=400, stretch='normal', size='scalable')) = 10.335
LINE 1479: 2025-07-14 12:05:44,219 [DEBUG   ] findfont: score(FontEntry(fname='/usr/local/lib/python3.9/site-packages/matplotlib/mpl-data/fonts/ttf/cmex10.ttf', name='cmex10', style='normal', variant='normal', weight=400, stretch='normal', size='scalable')) = 10.335
LINE 1479: 2025-07-14 12:05:44,219 [DEBUG   ] findfont: score(FontEntry(fname='/usr/local/lib/python3.9/site-packages/matplotlib/mpl-data/fonts/ttf/DejaVuSansMono.ttf', name='DejaVu Sans Mono', style='normal', variant='normal', weight=400, stretch='normal', size='scalable')) = 10.335
LINE 1479: 2025-07-14 12:05:44,219 [DEBUG   ] findfont: score(FontEntry(fname='/usr/local/lib/python3.9/site-packages/matplotlib/mpl-data/fonts/ttf/STIXSizFourSymReg.ttf', name='STIXSizeFourSym', style='normal', variant='normal', weight=400, stretch='normal', size='scalable')) = 10.335
LINE 1479: 2025-07-14 12:05:44,219 [DEBUG   ] findfont: score(FontEntry(fname='/usr/local/lib/python3.9/site-packages/matplotlib/mpl-data/fonts/ttf/DejaVuSerif-BoldItalic.ttf', name='DejaVu Serif', style='italic', variant='normal', weight=700, stretch='normal', size='scalable')) = 11.05
LINE 1479: 2025-07-14 12:05:44,219 [DEBUG   ] findfont: score(FontEntry(fname='/usr/local/lib/python3.9/site-packages/matplotlib/mpl-data/fonts/ttf/cmb10.ttf', name='cmb10', style='normal', variant='normal', weight=400, stretch='normal', size='scalable')) = 10.335
LINE 1479: 2025-07-14 12:05:44,219 [DEBUG   ] findfont: score(FontEntry(fname='/usr/local/lib/python3.9/site-packages/matplotlib/mpl-data/fonts/ttf/STIXNonUni.ttf', name='STIXNonUnicode', style='normal', variant='normal', weight=400, stretch='normal', size='scalable')) = 10.335
LINE 1479: 2025-07-14 12:05:44,219 [DEBUG   ] findfont: score(FontEntry(fname='/usr/local/lib/python3.9/site-packages/matplotlib/mpl-data/fonts/ttf/DejaVuSerif-Bold.ttf', name='DejaVu Serif', style='normal', variant='normal', weight=700, stretch='normal', size='scalable')) = 10.05
LINE 1479: 2025-07-14 12:05:44,219 [DEBUG   ] findfont: score(FontEntry(fname='/usr/local/lib/python3.9/site-packages/matplotlib/mpl-data/fonts/ttf/DejaVuSansMono-Bold.ttf', name='DejaVu Sans Mono', style='normal', variant='normal', weight=700, stretch='normal', size='scalable')) = 10.05
LINE 1479: 2025-07-14 12:05:44,219 [DEBUG   ] findfont: score(FontEntry(fname='/usr/local/lib/python3.9/site-packages/matplotlib/mpl-data/fonts/ttf/STIXSizThreeSymReg.ttf', name='STIXSizeThreeSym', style='normal', variant='normal', weight=400, stretch='normal', size='scalable')) = 10.335
LINE 1479: 2025-07-14 12:05:44,219 [DEBUG   ] findfont: score(FontEntry(fname='/usr/local/lib/python3.9/site-packages/matplotlib/mpl-data/fonts/ttf/STIXSizFiveSymReg.ttf', name='STIXSizeFiveSym', style='normal', variant='normal', weight=400, stretch='normal', size='scalable')) = 10.335
LINE 1479: 2025-07-14 12:05:44,219 [DEBUG   ] findfont: score(FontEntry(fname='/usr/local/lib/python3.9/site-packages/matplotlib/mpl-data/fonts/ttf/cmsy10.ttf', name='cmsy10', style='normal', variant='normal', weight=400, stretch='normal', size='scalable')) = 10.335
LINE 1479: 2025-07-14 12:05:44,219 [DEBUG   ] findfont: score(FontEntry(fname='/usr/local/lib/python3.9/site-packages/matplotlib/mpl-data/fonts/ttf/cmmi10.ttf', name='cmmi10', style='normal', variant='normal', weight=400, stretch='normal', size='scalable')) = 10.335
LINE 1479: 2025-07-14 12:05:44,219 [DEBUG   ] findfont: score(FontEntry(fname='/usr/local/lib/python3.9/site-packages/matplotlib/mpl-data/fonts/ttf/STIXSizTwoSymBol.ttf', name='STIXSizeTwoSym', style='normal', variant='normal', weight=700, stretch='normal', size='scalable')) = 10.05
LINE 1479: 2025-07-14 12:05:44,219 [DEBUG   ] findfont: score(FontEntry(fname='/usr/local/lib/python3.9/site-packages/matplotlib/mpl-data/fonts/ttf/STIXNonUniIta.ttf', name='STIXNonUnicode', style='italic', variant='normal', weight=400, stretch='normal', size='scalable')) = 11.335
LINE 1479: 2025-07-14 12:05:44,219 [DEBUG   ] findfont: score(FontEntry(fname='/usr/local/lib/python3.9/site-packages/matplotlib/mpl-data/fonts/ttf/STIXGeneralItalic.ttf', name='STIXGeneral', style='italic', variant='normal', weight=400, stretch='normal', size='scalable')) = 11.335
LINE 1479: 2025-07-14 12:05:44,219 [DEBUG   ] findfont: score(FontEntry(fname='/usr/local/lib/python3.9/site-packages/matplotlib/mpl-data/fonts/ttf/DejaVuSans-Bold.ttf', name='DejaVu Sans', style='normal', variant='normal', weight=700, stretch='normal', size='scalable')) = 0.05
LINE 1479: 2025-07-14 12:05:44,219 [DEBUG   ] findfont: score(FontEntry(fname='/usr/local/lib/python3.9/site-packages/matplotlib/mpl-data/fonts/ttf/cmtt10.ttf', name='cmtt10', style='normal', variant='normal', weight=400, stretch='normal', size='scalable')) = 10.335
LINE 1479: 2025-07-14 12:05:44,219 [DEBUG   ] findfont: score(FontEntry(fname='/usr/local/lib/python3.9/site-packages/matplotlib/mpl-data/fonts/ttf/STIXSizTwoSymReg.ttf', name='STIXSizeTwoSym', style='normal', variant='normal', weight=400, stretch='normal', size='scalable')) = 10.335
LINE 1479: 2025-07-14 12:05:44,219 [DEBUG   ] findfont: score(FontEntry(fname='/usr/local/lib/python3.9/site-packages/matplotlib/mpl-data/fonts/ttf/DejaVuSans.ttf', name='DejaVu Sans', style='normal', variant='normal', weight=400, stretch='normal', size='scalable')) = 0.33499999999999996
LINE 1479: 2025-07-14 12:05:44,219 [DEBUG   ] findfont: score(FontEntry(fname='/usr/local/lib/python3.9/site-packages/matplotlib/mpl-data/fonts/ttf/STIXGeneralBol.ttf', name='STIXGeneral', style='normal', variant='normal', weight=700, stretch='normal', size='scalable')) = 10.05
LINE 1479: 2025-07-14 12:05:44,219 [DEBUG   ] findfont: score(FontEntry(fname='/usr/local/lib/python3.9/site-packages/matplotlib/mpl-data/fonts/ttf/DejaVuSansMono-Oblique.ttf', name='DejaVu Sans Mono', style='oblique', variant='normal', weight=400, stretch='normal', size='scalable')) = 11.335
LINE 1479: 2025-07-14 12:05:44,219 [DEBUG   ] findfont: score(FontEntry(fname='/usr/local/lib/python3.9/site-packages/matplotlib/mpl-data/fonts/ttf/STIXGeneral.ttf', name='STIXGeneral', style='normal', variant='normal', weight=400, stretch='normal', size='scalable')) = 10.335
LINE 1479: 2025-07-14 12:05:44,219 [DEBUG   ] findfont: score(FontEntry(fname='/usr/local/lib/python3.9/site-packages/matplotlib/mpl-data/fonts/ttf/STIXGeneralBolIta.ttf', name='STIXGeneral', style='italic', variant='normal', weight=700, stretch='normal', size='scalable')) = 11.05
LINE 1479: 2025-07-14 12:05:44,219 [DEBUG   ] findfont: score(FontEntry(fname='/usr/local/lib/python3.9/site-packages/matplotlib/mpl-data/fonts/ttf/cmss10.ttf', name='cmss10', style='normal', variant='normal', weight=400, stretch='normal', size='scalable')) = 10.335
LINE 1479: 2025-07-14 12:05:44,219 [DEBUG   ] findfont: score(FontEntry(fname='/usr/local/lib/python3.9/site-packages/matplotlib/mpl-data/fonts/ttf/DejaVuSans-BoldOblique.ttf', name='DejaVu Sans', style='oblique', variant='normal', weight=700, stretch='normal', size='scalable')) = 1.05
LINE 1479: 2025-07-14 12:05:44,219 [DEBUG   ] findfont: score(FontEntry(fname='/usr/local/lib/python3.9/site-packages/matplotlib/mpl-data/fonts/ttf/STIXSizOneSymBol.ttf', name='STIXSizeOneSym', style='normal', variant='normal', weight=700, stretch='normal', size='scalable')) = 10.05
LINE 1479: 2025-07-14 12:05:44,219 [DEBUG   ] findfont: score(FontEntry(fname='/usr/local/lib/python3.9/site-packages/matplotlib/mpl-data/fonts/ttf/STIXSizThreeSymBol.ttf', name='STIXSizeThreeSym', style='normal', variant='normal', weight=700, stretch='normal', size='scalable')) = 10.05
LINE 1479: 2025-07-14 12:05:44,219 [DEBUG   ] findfont: score(FontEntry(fname='/usr/local/lib/python3.9/site-packages/matplotlib/mpl-data/fonts/ttf/STIXSizOneSymReg.ttf', name='STIXSizeOneSym', style='normal', variant='normal', weight=400, stretch='normal', size='scalable')) = 10.335
LINE 1479: 2025-07-14 12:05:44,219 [DEBUG   ] findfont: score(FontEntry(fname='/usr/local/lib/python3.9/site-packages/matplotlib/mpl-data/fonts/ttf/STIXNonUniBolIta.ttf', name='STIXNonUnicode', style='italic', variant='normal', weight=700, stretch='normal', size='scalable')) = 11.05
LINE 1479: 2025-07-14 12:05:44,219 [DEBUG   ] findfont: score(FontEntry(fname='/usr/share/fonts/truetype/dejavu/DejaVuSansMono-Bold.ttf', name='DejaVu Sans Mono', style='normal', variant='normal', weight=700, stretch='normal', size='scalable')) = 10.05
LINE 1479: 2025-07-14 12:05:44,219 [DEBUG   ] findfont: score(FontEntry(fname='/usr/share/fonts/truetype/dejavu/DejaVuSansMono.ttf', name='DejaVu Sans Mono', style='normal', variant='normal', weight=400, stretch='normal', size='scalable')) = 10.335
LINE 1479: 2025-07-14 12:05:44,220 [DEBUG   ] findfont: score(FontEntry(fname='/usr/share/fonts/truetype/dejavu/DejaVuSans-Bold.ttf', name='DejaVu Sans', style='normal', variant='normal', weight=700, stretch='normal', size='scalable')) = 0.05
LINE 1479: 2025-07-14 12:05:44,220 [DEBUG   ] findfont: score(FontEntry(fname='/usr/share/fonts/truetype/dejavu/DejaVuSerif-Bold.ttf', name='DejaVu Serif', style='normal', variant='normal', weight=700, stretch='normal', size='scalable')) = 10.05
LINE 1479: 2025-07-14 12:05:44,220 [DEBUG   ] findfont: score(FontEntry(fname='/usr/share/fonts/truetype/dejavu/DejaVuSerif.ttf', name='DejaVu Serif', style='normal', variant='normal', weight=400, stretch='normal', size='scalable')) = 10.335
LINE 1479: 2025-07-14 12:05:44,220 [DEBUG   ] findfont: score(FontEntry(fname='/usr/share/fonts/truetype/dejavu/DejaVuSans.ttf', name='DejaVu Sans', style='normal', variant='normal', weight=400, stretch='normal', size='scalable')) = 0.33499999999999996
LINE 1508: 2025-07-14 12:05:44,220 [DEBUG   ] findfont: Matching sans\-serif:style=normal:variant=normal:weight=bold:stretch=normal:size=24.0 to DejaVu Sans ('/usr/local/lib/python3.9/site-packages/matplotlib/mpl-data/fonts/ttf/DejaVuSans-Bold.ttf') with score of 0.050000.
LINE 1467: 2025-07-14 12:05:44,225 [DEBUG   ] findfont: Matching sans\-serif:style=normal:variant=normal:weight=bold:stretch=normal:size=16.0.
LINE 1479: 2025-07-14 12:05:44,225 [DEBUG   ] findfont: score(FontEntry(fname='/usr/local/lib/python3.9/site-packages/matplotlib/mpl-data/fonts/ttf/STIXSizFourSymBol.ttf', name='STIXSizeFourSym', style='normal', variant='normal', weight=700, stretch='normal', size='scalable')) = 10.05
LINE 1479: 2025-07-14 12:05:44,225 [DEBUG   ] findfont: score(FontEntry(fname='/usr/local/lib/python3.9/site-packages/matplotlib/mpl-data/fonts/ttf/DejaVuSansDisplay.ttf', name='DejaVu Sans Display', style='normal', variant='normal', weight=400, stretch='normal', size='scalable')) = 10.335
LINE 1479: 2025-07-14 12:05:44,225 [DEBUG   ] findfont: score(FontEntry(fname='/usr/local/lib/python3.9/site-packages/matplotlib/mpl-data/fonts/ttf/cmr10.ttf', name='cmr10', style='normal', variant='normal', weight=400, stretch='normal', size='scalable')) = 10.335
LINE 1479: 2025-07-14 12:05:44,225 [DEBUG   ] findfont: score(FontEntry(fname='/usr/local/lib/python3.9/site-packages/matplotlib/mpl-data/fonts/ttf/DejaVuSans-Oblique.ttf', name='DejaVu Sans', style='oblique', variant='normal', weight=400, stretch='normal', size='scalable')) = 1.335
LINE 1479: 2025-07-14 12:05:44,225 [DEBUG   ] findfont: score(FontEntry(fname='/usr/local/lib/python3.9/site-packages/matplotlib/mpl-data/fonts/ttf/DejaVuSerifDisplay.ttf', name='DejaVu Serif Display', style='normal', variant='normal', weight=400, stretch='normal', size='scalable')) = 10.335
LINE 1479: 2025-07-14 12:05:44,225 [DEBUG   ] findfont: score(FontEntry(fname='/usr/local/lib/python3.9/site-packages/matplotlib/mpl-data/fonts/ttf/DejaVuSansMono-BoldOblique.ttf', name='DejaVu Sans Mono', style='oblique', variant='normal', weight=700, stretch='normal', size='scalable')) = 11.05
LINE 1479: 2025-07-14 12:05:44,225 [DEBUG   ] findfont: score(FontEntry(fname='/usr/local/lib/python3.9/site-packages/matplotlib/mpl-data/fonts/ttf/STIXNonUniBol.ttf', name='STIXNonUnicode', style='normal', variant='normal', weight=700, stretch='normal', size='scalable')) = 10.05
LINE 1479: 2025-07-14 12:05:44,225 [DEBUG   ] findfont: score(FontEntry(fname='/usr/local/lib/python3.9/site-packages/matplotlib/mpl-data/fonts/ttf/DejaVuSerif-Italic.ttf', name='DejaVu Serif', style='italic', variant='normal', weight=400, stretch='normal', size='scalable')) = 11.335
LINE 1479: 2025-07-14 12:05:44,225 [DEBUG   ] findfont: score(FontEntry(fname='/usr/local/lib/python3.9/site-packages/matplotlib/mpl-data/fonts/ttf/DejaVuSerif.ttf', name='DejaVu Serif', style='normal', variant='normal', weight=400, stretch='normal', size='scalable')) = 10.335
LINE 1479: 2025-07-14 12:05:44,225 [DEBUG   ] findfont: score(FontEntry(fname='/usr/local/lib/python3.9/site-packages/matplotlib/mpl-data/fonts/ttf/cmex10.ttf', name='cmex10', style='normal', variant='normal', weight=400, stretch='normal', size='scalable')) = 10.335
LINE 1479: 2025-07-14 12:05:44,225 [DEBUG   ] findfont: score(FontEntry(fname='/usr/local/lib/python3.9/site-packages/matplotlib/mpl-data/fonts/ttf/DejaVuSansMono.ttf', name='DejaVu Sans Mono', style='normal', variant='normal', weight=400, stretch='normal', size='scalable')) = 10.335
LINE 1479: 2025-07-14 12:05:44,225 [DEBUG   ] findfont: score(FontEntry(fname='/usr/local/lib/python3.9/site-packages/matplotlib/mpl-data/fonts/ttf/STIXSizFourSymReg.ttf', name='STIXSizeFourSym', style='normal', variant='normal', weight=400, stretch='normal', size='scalable')) = 10.335
LINE 1479: 2025-07-14 12:05:44,225 [DEBUG   ] findfont: score(FontEntry(fname='/usr/local/lib/python3.9/site-packages/matplotlib/mpl-data/fonts/ttf/DejaVuSerif-BoldItalic.ttf', name='DejaVu Serif', style='italic', variant='normal', weight=700, stretch='normal', size='scalable')) = 11.05
LINE 1479: 2025-07-14 12:05:44,226 [DEBUG   ] findfont: score(FontEntry(fname='/usr/local/lib/python3.9/site-packages/matplotlib/mpl-data/fonts/ttf/cmb10.ttf', name='cmb10', style='normal', variant='normal', weight=400, stretch='normal', size='scalable')) = 10.335
LINE 1479: 2025-07-14 12:05:44,226 [DEBUG   ] findfont: score(FontEntry(fname='/usr/local/lib/python3.9/site-packages/matplotlib/mpl-data/fonts/ttf/STIXNonUni.ttf', name='STIXNonUnicode', style='normal', variant='normal', weight=400, stretch='normal', size='scalable')) = 10.335
LINE 1479: 2025-07-14 12:05:44,226 [DEBUG   ] findfont: score(FontEntry(fname='/usr/local/lib/python3.9/site-packages/matplotlib/mpl-data/fonts/ttf/DejaVuSerif-Bold.ttf', name='DejaVu Serif', style='normal', variant='normal', weight=700, stretch='normal', size='scalable')) = 10.05
LINE 1479: 2025-07-14 12:05:44,226 [DEBUG   ] findfont: score(FontEntry(fname='/usr/local/lib/python3.9/site-packages/matplotlib/mpl-data/fonts/ttf/DejaVuSansMono-Bold.ttf', name='DejaVu Sans Mono', style='normal', variant='normal', weight=700, stretch='normal', size='scalable')) = 10.05
LINE 1479: 2025-07-14 12:05:44,226 [DEBUG   ] findfont: score(FontEntry(fname='/usr/local/lib/python3.9/site-packages/matplotlib/mpl-data/fonts/ttf/STIXSizThreeSymReg.ttf', name='STIXSizeThreeSym', style='normal', variant='normal', weight=400, stretch='normal', size='scalable')) = 10.335
LINE 1479: 2025-07-14 12:05:44,226 [DEBUG   ] findfont: score(FontEntry(fname='/usr/local/lib/python3.9/site-packages/matplotlib/mpl-data/fonts/ttf/STIXSizFiveSymReg.ttf', name='STIXSizeFiveSym', style='normal', variant='normal', weight=400, stretch='normal', size='scalable')) = 10.335
LINE 1479: 2025-07-14 12:05:44,226 [DEBUG   ] findfont: score(FontEntry(fname='/usr/local/lib/python3.9/site-packages/matplotlib/mpl-data/fonts/ttf/cmsy10.ttf', name='cmsy10', style='normal', variant='normal', weight=400, stretch='normal', size='scalable')) = 10.335
LINE 1479: 2025-07-14 12:05:44,226 [DEBUG   ] findfont: score(FontEntry(fname='/usr/local/lib/python3.9/site-packages/matplotlib/mpl-data/fonts/ttf/cmmi10.ttf', name='cmmi10', style='normal', variant='normal', weight=400, stretch='normal', size='scalable')) = 10.335
LINE 1479: 2025-07-14 12:05:44,226 [DEBUG   ] findfont: score(FontEntry(fname='/usr/local/lib/python3.9/site-packages/matplotlib/mpl-data/fonts/ttf/STIXSizTwoSymBol.ttf', name='STIXSizeTwoSym', style='normal', variant='normal', weight=700, stretch='normal', size='scalable')) = 10.05
LINE 1479: 2025-07-14 12:05:44,226 [DEBUG   ] findfont: score(FontEntry(fname='/usr/local/lib/python3.9/site-packages/matplotlib/mpl-data/fonts/ttf/STIXNonUniIta.ttf', name='STIXNonUnicode', style='italic', variant='normal', weight=400, stretch='normal', size='scalable')) = 11.335
LINE 1479: 2025-07-14 12:05:44,226 [DEBUG   ] findfont: score(FontEntry(fname='/usr/local/lib/python3.9/site-packages/matplotlib/mpl-data/fonts/ttf/STIXGeneralItalic.ttf', name='STIXGeneral', style='italic', variant='normal', weight=400, stretch='normal', size='scalable')) = 11.335
LINE 1479: 2025-07-14 12:05:44,226 [DEBUG   ] findfont: score(FontEntry(fname='/usr/local/lib/python3.9/site-packages/matplotlib/mpl-data/fonts/ttf/DejaVuSans-Bold.ttf', name='DejaVu Sans', style='normal', variant='normal', weight=700, stretch='normal', size='scalable')) = 0.05
LINE 1479: 2025-07-14 12:05:44,226 [DEBUG   ] findfont: score(FontEntry(fname='/usr/local/lib/python3.9/site-packages/matplotlib/mpl-data/fonts/ttf/cmtt10.ttf', name='cmtt10', style='normal', variant='normal', weight=400, stretch='normal', size='scalable')) = 10.335
LINE 1479: 2025-07-14 12:05:44,226 [DEBUG   ] findfont: score(FontEntry(fname='/usr/local/lib/python3.9/site-packages/matplotlib/mpl-data/fonts/ttf/STIXSizTwoSymReg.ttf', name='STIXSizeTwoSym', style='normal', variant='normal', weight=400, stretch='normal', size='scalable')) = 10.335
LINE 1479: 2025-07-14 12:05:44,226 [DEBUG   ] findfont: score(FontEntry(fname='/usr/local/lib/python3.9/site-packages/matplotlib/mpl-data/fonts/ttf/DejaVuSans.ttf', name='DejaVu Sans', style='normal', variant='normal', weight=400, stretch='normal', size='scalable')) = 0.33499999999999996
LINE 1479: 2025-07-14 12:05:44,226 [DEBUG   ] findfont: score(FontEntry(fname='/usr/local/lib/python3.9/site-packages/matplotlib/mpl-data/fonts/ttf/STIXGeneralBol.ttf', name='STIXGeneral', style='normal', variant='normal', weight=700, stretch='normal', size='scalable')) = 10.05
LINE 1479: 2025-07-14 12:05:44,226 [DEBUG   ] findfont: score(FontEntry(fname='/usr/local/lib/python3.9/site-packages/matplotlib/mpl-data/fonts/ttf/DejaVuSansMono-Oblique.ttf', name='DejaVu Sans Mono', style='oblique', variant='normal', weight=400, stretch='normal', size='scalable')) = 11.335
LINE 1479: 2025-07-14 12:05:44,226 [DEBUG   ] findfont: score(FontEntry(fname='/usr/local/lib/python3.9/site-packages/matplotlib/mpl-data/fonts/ttf/STIXGeneral.ttf', name='STIXGeneral', style='normal', variant='normal', weight=400, stretch='normal', size='scalable')) = 10.335
LINE 1479: 2025-07-14 12:05:44,226 [DEBUG   ] findfont: score(FontEntry(fname='/usr/local/lib/python3.9/site-packages/matplotlib/mpl-data/fonts/ttf/STIXGeneralBolIta.ttf', name='STIXGeneral', style='italic', variant='normal', weight=700, stretch='normal', size='scalable')) = 11.05
LINE 1479: 2025-07-14 12:05:44,226 [DEBUG   ] findfont: score(FontEntry(fname='/usr/local/lib/python3.9/site-packages/matplotlib/mpl-data/fonts/ttf/cmss10.ttf', name='cmss10', style='normal', variant='normal', weight=400, stretch='normal', size='scalable')) = 10.335
LINE 1479: 2025-07-14 12:05:44,226 [DEBUG   ] findfont: score(FontEntry(fname='/usr/local/lib/python3.9/site-packages/matplotlib/mpl-data/fonts/ttf/DejaVuSans-BoldOblique.ttf', name='DejaVu Sans', style='oblique', variant='normal', weight=700, stretch='normal', size='scalable')) = 1.05
LINE 1479: 2025-07-14 12:05:44,226 [DEBUG   ] findfont: score(FontEntry(fname='/usr/local/lib/python3.9/site-packages/matplotlib/mpl-data/fonts/ttf/STIXSizOneSymBol.ttf', name='STIXSizeOneSym', style='normal', variant='normal', weight=700, stretch='normal', size='scalable')) = 10.05
LINE 1479: 2025-07-14 12:05:44,226 [DEBUG   ] findfont: score(FontEntry(fname='/usr/local/lib/python3.9/site-packages/matplotlib/mpl-data/fonts/ttf/STIXSizThreeSymBol.ttf', name='STIXSizeThreeSym', style='normal', variant='normal', weight=700, stretch='normal', size='scalable')) = 10.05
LINE 1479: 2025-07-14 12:05:44,226 [DEBUG   ] findfont: score(FontEntry(fname='/usr/local/lib/python3.9/site-packages/matplotlib/mpl-data/fonts/ttf/STIXSizOneSymReg.ttf', name='STIXSizeOneSym', style='normal', variant='normal', weight=400, stretch='normal', size='scalable')) = 10.335
LINE 1479: 2025-07-14 12:05:44,226 [DEBUG   ] findfont: score(FontEntry(fname='/usr/local/lib/python3.9/site-packages/matplotlib/mpl-data/fonts/ttf/STIXNonUniBolIta.ttf', name='STIXNonUnicode', style='italic', variant='normal', weight=700, stretch='normal', size='scalable')) = 11.05
LINE 1479: 2025-07-14 12:05:44,226 [DEBUG   ] findfont: score(FontEntry(fname='/usr/share/fonts/truetype/dejavu/DejaVuSansMono-Bold.ttf', name='DejaVu Sans Mono', style='normal', variant='normal', weight=700, stretch='normal', size='scalable')) = 10.05
LINE 1479: 2025-07-14 12:05:44,226 [DEBUG   ] findfont: score(FontEntry(fname='/usr/share/fonts/truetype/dejavu/DejaVuSansMono.ttf', name='DejaVu Sans Mono', style='normal', variant='normal', weight=400, stretch='normal', size='scalable')) = 10.335
LINE 1479: 2025-07-14 12:05:44,226 [DEBUG   ] findfont: score(FontEntry(fname='/usr/share/fonts/truetype/dejavu/DejaVuSans-Bold.ttf', name='DejaVu Sans', style='normal', variant='normal', weight=700, stretch='normal', size='scalable')) = 0.05
LINE 1479: 2025-07-14 12:05:44,226 [DEBUG   ] findfont: score(FontEntry(fname='/usr/share/fonts/truetype/dejavu/DejaVuSerif-Bold.ttf', name='DejaVu Serif', style='normal', variant='normal', weight=700, stretch='normal', size='scalable')) = 10.05
LINE 1479: 2025-07-14 12:05:44,226 [DEBUG   ] findfont: score(FontEntry(fname='/usr/share/fonts/truetype/dejavu/DejaVuSerif.ttf', name='DejaVu Serif', style='normal', variant='normal', weight=400, stretch='normal', size='scalable')) = 10.335
LINE 1479: 2025-07-14 12:05:44,226 [DEBUG   ] findfont: score(FontEntry(fname='/usr/share/fonts/truetype/dejavu/DejaVuSans.ttf', name='DejaVu Sans', style='normal', variant='normal', weight=400, stretch='normal', size='scalable')) = 0.33499999999999996
LINE 1508: 2025-07-14 12:05:44,226 [DEBUG   ] findfont: Matching sans\-serif:style=normal:variant=normal:weight=bold:stretch=normal:size=16.0 to DejaVu Sans ('/usr/local/lib/python3.9/site-packages/matplotlib/mpl-data/fonts/ttf/DejaVuSans-Bold.ttf') with score of 0.050000.
LINE 1467: 2025-07-14 12:05:44,227 [DEBUG   ] findfont: Matching sans\-serif:style=normal:variant=normal:weight=bold:stretch=normal:size=16.0.
LINE 1479: 2025-07-14 12:05:44,227 [DEBUG   ] findfont: score(FontEntry(fname='/usr/local/lib/python3.9/site-packages/matplotlib/mpl-data/fonts/ttf/STIXSizFourSymBol.ttf', name='STIXSizeFourSym', style='normal', variant='normal', weight=700, stretch='normal', size='scalable')) = 10.05
LINE 1479: 2025-07-14 12:05:44,227 [DEBUG   ] findfont: score(FontEntry(fname='/usr/local/lib/python3.9/site-packages/matplotlib/mpl-data/fonts/ttf/DejaVuSansDisplay.ttf', name='DejaVu Sans Display', style='normal', variant='normal', weight=400, stretch='normal', size='scalable')) = 10.335
LINE 1479: 2025-07-14 12:05:44,227 [DEBUG   ] findfont: score(FontEntry(fname='/usr/local/lib/python3.9/site-packages/matplotlib/mpl-data/fonts/ttf/cmr10.ttf', name='cmr10', style='normal', variant='normal', weight=400, stretch='normal', size='scalable')) = 10.335
LINE 1479: 2025-07-14 12:05:44,227 [DEBUG   ] findfont: score(FontEntry(fname='/usr/local/lib/python3.9/site-packages/matplotlib/mpl-data/fonts/ttf/DejaVuSans-Oblique.ttf', name='DejaVu Sans', style='oblique', variant='normal', weight=400, stretch='normal', size='scalable')) = 1.335
LINE 1479: 2025-07-14 12:05:44,227 [DEBUG   ] findfont: score(FontEntry(fname='/usr/local/lib/python3.9/site-packages/matplotlib/mpl-data/fonts/ttf/DejaVuSerifDisplay.ttf', name='DejaVu Serif Display', style='normal', variant='normal', weight=400, stretch='normal', size='scalable')) = 10.335
LINE 1479: 2025-07-14 12:05:44,227 [DEBUG   ] findfont: score(FontEntry(fname='/usr/local/lib/python3.9/site-packages/matplotlib/mpl-data/fonts/ttf/DejaVuSansMono-BoldOblique.ttf', name='DejaVu Sans Mono', style='oblique', variant='normal', weight=700, stretch='normal', size='scalable')) = 11.05
LINE 1479: 2025-07-14 12:05:44,227 [DEBUG   ] findfont: score(FontEntry(fname='/usr/local/lib/python3.9/site-packages/matplotlib/mpl-data/fonts/ttf/STIXNonUniBol.ttf', name='STIXNonUnicode', style='normal', variant='normal', weight=700, stretch='normal', size='scalable')) = 10.05
LINE 1479: 2025-07-14 12:05:44,227 [DEBUG   ] findfont: score(FontEntry(fname='/usr/local/lib/python3.9/site-packages/matplotlib/mpl-data/fonts/ttf/DejaVuSerif-Italic.ttf', name='DejaVu Serif', style='italic', variant='normal', weight=400, stretch='normal', size='scalable')) = 11.335
LINE 1479: 2025-07-14 12:05:44,227 [DEBUG   ] findfont: score(FontEntry(fname='/usr/local/lib/python3.9/site-packages/matplotlib/mpl-data/fonts/ttf/DejaVuSerif.ttf', name='DejaVu Serif', style='normal', variant='normal', weight=400, stretch='normal', size='scalable')) = 10.335
LINE 1479: 2025-07-14 12:05:44,227 [DEBUG   ] findfont: score(FontEntry(fname='/usr/local/lib/python3.9/site-packages/matplotlib/mpl-data/fonts/ttf/cmex10.ttf', name='cmex10', style='normal', variant='normal', weight=400, stretch='normal', size='scalable')) = 10.335
LINE 1479: 2025-07-14 12:05:44,227 [DEBUG   ] findfont: score(FontEntry(fname='/usr/local/lib/python3.9/site-packages/matplotlib/mpl-data/fonts/ttf/DejaVuSansMono.ttf', name='DejaVu Sans Mono', style='normal', variant='normal', weight=400, stretch='normal', size='scalable')) = 10.335
LINE 1479: 2025-07-14 12:05:44,227 [DEBUG   ] findfont: score(FontEntry(fname='/usr/local/lib/python3.9/site-packages/matplotlib/mpl-data/fonts/ttf/STIXSizFourSymReg.ttf', name='STIXSizeFourSym', style='normal', variant='normal', weight=400, stretch='normal', size='scalable')) = 10.335
LINE 1479: 2025-07-14 12:05:44,227 [DEBUG   ] findfont: score(FontEntry(fname='/usr/local/lib/python3.9/site-packages/matplotlib/mpl-data/fonts/ttf/DejaVuSerif-BoldItalic.ttf', name='DejaVu Serif', style='italic', variant='normal', weight=700, stretch='normal', size='scalable')) = 11.05
LINE 1479: 2025-07-14 12:05:44,227 [DEBUG   ] findfont: score(FontEntry(fname='/usr/local/lib/python3.9/site-packages/matplotlib/mpl-data/fonts/ttf/cmb10.ttf', name='cmb10', style='normal', variant='normal', weight=400, stretch='normal', size='scalable')) = 10.335
LINE 1479: 2025-07-14 12:05:44,227 [DEBUG   ] findfont: score(FontEntry(fname='/usr/local/lib/python3.9/site-packages/matplotlib/mpl-data/fonts/ttf/STIXNonUni.ttf', name='STIXNonUnicode', style='normal', variant='normal', weight=400, stretch='normal', size='scalable')) = 10.335
LINE 1479: 2025-07-14 12:05:44,227 [DEBUG   ] findfont: score(FontEntry(fname='/usr/local/lib/python3.9/site-packages/matplotlib/mpl-data/fonts/ttf/DejaVuSerif-Bold.ttf', name='DejaVu Serif', style='normal', variant='normal', weight=700, stretch='normal', size='scalable')) = 10.05
LINE 1479: 2025-07-14 12:05:44,227 [DEBUG   ] findfont: score(FontEntry(fname='/usr/local/lib/python3.9/site-packages/matplotlib/mpl-data/fonts/ttf/DejaVuSansMono-Bold.ttf', name='DejaVu Sans Mono', style='normal', variant='normal', weight=700, stretch='normal', size='scalable')) = 10.05
LINE 1479: 2025-07-14 12:05:44,227 [DEBUG   ] findfont: score(FontEntry(fname='/usr/local/lib/python3.9/site-packages/matplotlib/mpl-data/fonts/ttf/STIXSizThreeSymReg.ttf', name='STIXSizeThreeSym', style='normal', variant='normal', weight=400, stretch='normal', size='scalable')) = 10.335
LINE 1479: 2025-07-14 12:05:44,227 [DEBUG   ] findfont: score(FontEntry(fname='/usr/local/lib/python3.9/site-packages/matplotlib/mpl-data/fonts/ttf/STIXSizFiveSymReg.ttf', name='STIXSizeFiveSym', style='normal', variant='normal', weight=400, stretch='normal', size='scalable')) = 10.335
LINE 1479: 2025-07-14 12:05:44,227 [DEBUG   ] findfont: score(FontEntry(fname='/usr/local/lib/python3.9/site-packages/matplotlib/mpl-data/fonts/ttf/cmsy10.ttf', name='cmsy10', style='normal', variant='normal', weight=400, stretch='normal', size='scalable')) = 10.335
LINE 1479: 2025-07-14 12:05:44,227 [DEBUG   ] findfont: score(FontEntry(fname='/usr/local/lib/python3.9/site-packages/matplotlib/mpl-data/fonts/ttf/cmmi10.ttf', name='cmmi10', style='normal', variant='normal', weight=400, stretch='normal', size='scalable')) = 10.335
LINE 1479: 2025-07-14 12:05:44,227 [DEBUG   ] findfont: score(FontEntry(fname='/usr/local/lib/python3.9/site-packages/matplotlib/mpl-data/fonts/ttf/STIXSizTwoSymBol.ttf', name='STIXSizeTwoSym', style='normal', variant='normal', weight=700, stretch='normal', size='scalable')) = 10.05
LINE 1479: 2025-07-14 12:05:44,227 [DEBUG   ] findfont: score(FontEntry(fname='/usr/local/lib/python3.9/site-packages/matplotlib/mpl-data/fonts/ttf/STIXNonUniIta.ttf', name='STIXNonUnicode', style='italic', variant='normal', weight=400, stretch='normal', size='scalable')) = 11.335
LINE 1479: 2025-07-14 12:05:44,227 [DEBUG   ] findfont: score(FontEntry(fname='/usr/local/lib/python3.9/site-packages/matplotlib/mpl-data/fonts/ttf/STIXGeneralItalic.ttf', name='STIXGeneral', style='italic', variant='normal', weight=400, stretch='normal', size='scalable')) = 11.335
LINE 1479: 2025-07-14 12:05:44,227 [DEBUG   ] findfont: score(FontEntry(fname='/usr/local/lib/python3.9/site-packages/matplotlib/mpl-data/fonts/ttf/DejaVuSans-Bold.ttf', name='DejaVu Sans', style='normal', variant='normal', weight=700, stretch='normal', size='scalable')) = 0.05
LINE 1479: 2025-07-14 12:05:44,227 [DEBUG   ] findfont: score(FontEntry(fname='/usr/local/lib/python3.9/site-packages/matplotlib/mpl-data/fonts/ttf/cmtt10.ttf', name='cmtt10', style='normal', variant='normal', weight=400, stretch='normal', size='scalable')) = 10.335
LINE 1479: 2025-07-14 12:05:44,227 [DEBUG   ] findfont: score(FontEntry(fname='/usr/local/lib/python3.9/site-packages/matplotlib/mpl-data/fonts/ttf/STIXSizTwoSymReg.ttf', name='STIXSizeTwoSym', style='normal', variant='normal', weight=400, stretch='normal', size='scalable')) = 10.335
LINE 1479: 2025-07-14 12:05:44,227 [DEBUG   ] findfont: score(FontEntry(fname='/usr/local/lib/python3.9/site-packages/matplotlib/mpl-data/fonts/ttf/DejaVuSans.ttf', name='DejaVu Sans', style='normal', variant='normal', weight=400, stretch='normal', size='scalable')) = 0.33499999999999996
LINE 1479: 2025-07-14 12:05:44,227 [DEBUG   ] findfont: score(FontEntry(fname='/usr/local/lib/python3.9/site-packages/matplotlib/mpl-data/fonts/ttf/STIXGeneralBol.ttf', name='STIXGeneral', style='normal', variant='normal', weight=700, stretch='normal', size='scalable')) = 10.05
LINE 1479: 2025-07-14 12:05:44,227 [DEBUG   ] findfont: score(FontEntry(fname='/usr/local/lib/python3.9/site-packages/matplotlib/mpl-data/fonts/ttf/DejaVuSansMono-Oblique.ttf', name='DejaVu Sans Mono', style='oblique', variant='normal', weight=400, stretch='normal', size='scalable')) = 11.335
LINE 1479: 2025-07-14 12:05:44,227 [DEBUG   ] findfont: score(FontEntry(fname='/usr/local/lib/python3.9/site-packages/matplotlib/mpl-data/fonts/ttf/STIXGeneral.ttf', name='STIXGeneral', style='normal', variant='normal', weight=400, stretch='normal', size='scalable')) = 10.335
LINE 1479: 2025-07-14 12:05:44,227 [DEBUG   ] findfont: score(FontEntry(fname='/usr/local/lib/python3.9/site-packages/matplotlib/mpl-data/fonts/ttf/STIXGeneralBolIta.ttf', name='STIXGeneral', style='italic', variant='normal', weight=700, stretch='normal', size='scalable')) = 11.05
LINE 1479: 2025-07-14 12:05:44,227 [DEBUG   ] findfont: score(FontEntry(fname='/usr/local/lib/python3.9/site-packages/matplotlib/mpl-data/fonts/ttf/cmss10.ttf', name='cmss10', style='normal', variant='normal', weight=400, stretch='normal', size='scalable')) = 10.335
LINE 1479: 2025-07-14 12:05:44,228 [DEBUG   ] findfont: score(FontEntry(fname='/usr/local/lib/python3.9/site-packages/matplotlib/mpl-data/fonts/ttf/DejaVuSans-BoldOblique.ttf', name='DejaVu Sans', style='oblique', variant='normal', weight=700, stretch='normal', size='scalable')) = 1.05
LINE 1479: 2025-07-14 12:05:44,228 [DEBUG   ] findfont: score(FontEntry(fname='/usr/local/lib/python3.9/site-packages/matplotlib/mpl-data/fonts/ttf/STIXSizOneSymBol.ttf', name='STIXSizeOneSym', style='normal', variant='normal', weight=700, stretch='normal', size='scalable')) = 10.05
LINE 1479: 2025-07-14 12:05:44,228 [DEBUG   ] findfont: score(FontEntry(fname='/usr/local/lib/python3.9/site-packages/matplotlib/mpl-data/fonts/ttf/STIXSizThreeSymBol.ttf', name='STIXSizeThreeSym', style='normal', variant='normal', weight=700, stretch='normal', size='scalable')) = 10.05
LINE 1479: 2025-07-14 12:05:44,228 [DEBUG   ] findfont: score(FontEntry(fname='/usr/local/lib/python3.9/site-packages/matplotlib/mpl-data/fonts/ttf/STIXSizOneSymReg.ttf', name='STIXSizeOneSym', style='normal', variant='normal', weight=400, stretch='normal', size='scalable')) = 10.335
LINE 1479: 2025-07-14 12:05:44,228 [DEBUG   ] findfont: score(FontEntry(fname='/usr/local/lib/python3.9/site-packages/matplotlib/mpl-data/fonts/ttf/STIXNonUniBolIta.ttf', name='STIXNonUnicode', style='italic', variant='normal', weight=700, stretch='normal', size='scalable')) = 11.05
LINE 1479: 2025-07-14 12:05:44,228 [DEBUG   ] findfont: score(FontEntry(fname='/usr/share/fonts/truetype/dejavu/DejaVuSansMono-Bold.ttf', name='DejaVu Sans Mono', style='normal', variant='normal', weight=700, stretch='normal', size='scalable')) = 10.05
LINE 1479: 2025-07-14 12:05:44,228 [DEBUG   ] findfont: score(FontEntry(fname='/usr/share/fonts/truetype/dejavu/DejaVuSansMono.ttf', name='DejaVu Sans Mono', style='normal', variant='normal', weight=400, stretch='normal', size='scalable')) = 10.335
LINE 1479: 2025-07-14 12:05:44,228 [DEBUG   ] findfont: score(FontEntry(fname='/usr/share/fonts/truetype/dejavu/DejaVuSans-Bold.ttf', name='DejaVu Sans', style='normal', variant='normal', weight=700, stretch='normal', size='scalable')) = 0.05
LINE 1479: 2025-07-14 12:05:44,228 [DEBUG   ] findfont: score(FontEntry(fname='/usr/share/fonts/truetype/dejavu/DejaVuSerif-Bold.ttf', name='DejaVu Serif', style='normal', variant='normal', weight=700, stretch='normal', size='scalable')) = 10.05
LINE 1479: 2025-07-14 12:05:44,228 [DEBUG   ] findfont: score(FontEntry(fname='/usr/share/fonts/truetype/dejavu/DejaVuSerif.ttf', name='DejaVu Serif', style='normal', variant='normal', weight=400, stretch='normal', size='scalable')) = 10.335
LINE 1479: 2025-07-14 12:05:44,228 [DEBUG   ] findfont: score(FontEntry(fname='/usr/share/fonts/truetype/dejavu/DejaVuSans.ttf', name='DejaVu Sans', style='normal', variant='normal', weight=400, stretch='normal', size='scalable')) = 0.33499999999999996
LINE 1508: 2025-07-14 12:05:44,228 [DEBUG   ] findfont: Matching sans\-serif:style=normal:variant=normal:weight=bold:stretch=normal:size=16.0 to DejaVu Sans ('/usr/local/lib/python3.9/site-packages/matplotlib/mpl-data/fonts/ttf/DejaVuSans-Bold.ttf') with score of 0.050000.
LINE 1467: 2025-07-14 12:05:44,228 [DEBUG   ] findfont: Matching STIXGeneral:style=normal:variant=normal:weight=normal:stretch=normal:size=10.0.
LINE 1479: 2025-07-14 12:05:44,228 [DEBUG   ] findfont: score(FontEntry(fname='/usr/local/lib/python3.9/site-packages/matplotlib/mpl-data/fonts/ttf/STIXSizFourSymBol.ttf', name='STIXSizeFourSym', style='normal', variant='normal', weight=700, stretch='normal', size='scalable')) = 10.335
LINE 1479: 2025-07-14 12:05:44,228 [DEBUG   ] findfont: score(FontEntry(fname='/usr/local/lib/python3.9/site-packages/matplotlib/mpl-data/fonts/ttf/DejaVuSansDisplay.ttf', name='DejaVu Sans Display', style='normal', variant='normal', weight=400, stretch='normal', size='scalable')) = 10.05
LINE 1479: 2025-07-14 12:05:44,228 [DEBUG   ] findfont: score(FontEntry(fname='/usr/local/lib/python3.9/site-packages/matplotlib/mpl-data/fonts/ttf/cmr10.ttf', name='cmr10', style='normal', variant='normal', weight=400, stretch='normal', size='scalable')) = 10.05
LINE 1479: 2025-07-14 12:05:44,228 [DEBUG   ] findfont: score(FontEntry(fname='/usr/local/lib/python3.9/site-packages/matplotlib/mpl-data/fonts/ttf/DejaVuSans-Oblique.ttf', name='DejaVu Sans', style='oblique', variant='normal', weight=400, stretch='normal', size='scalable')) = 11.05
LINE 1479: 2025-07-14 12:05:44,228 [DEBUG   ] findfont: score(FontEntry(fname='/usr/local/lib/python3.9/site-packages/matplotlib/mpl-data/fonts/ttf/DejaVuSerifDisplay.ttf', name='DejaVu Serif Display', style='normal', variant='normal', weight=400, stretch='normal', size='scalable')) = 10.05
LINE 1479: 2025-07-14 12:05:44,228 [DEBUG   ] findfont: score(FontEntry(fname='/usr/local/lib/python3.9/site-packages/matplotlib/mpl-data/fonts/ttf/DejaVuSansMono-BoldOblique.ttf', name='DejaVu Sans Mono', style='oblique', variant='normal', weight=700, stretch='normal', size='scalable')) = 11.335
LINE 1479: 2025-07-14 12:05:44,228 [DEBUG   ] findfont: score(FontEntry(fname='/usr/local/lib/python3.9/site-packages/matplotlib/mpl-data/fonts/ttf/STIXNonUniBol.ttf', name='STIXNonUnicode', style='normal', variant='normal', weight=700, stretch='normal', size='scalable')) = 10.335
LINE 1479: 2025-07-14 12:05:44,228 [DEBUG   ] findfont: score(FontEntry(fname='/usr/local/lib/python3.9/site-packages/matplotlib/mpl-data/fonts/ttf/DejaVuSerif-Italic.ttf', name='DejaVu Serif', style='italic', variant='normal', weight=400, stretch='normal', size='scalable')) = 11.05
LINE 1479: 2025-07-14 12:05:44,228 [DEBUG   ] findfont: score(FontEntry(fname='/usr/local/lib/python3.9/site-packages/matplotlib/mpl-data/fonts/ttf/DejaVuSerif.ttf', name='DejaVu Serif', style='normal', variant='normal', weight=400, stretch='normal', size='scalable')) = 10.05
LINE 1479: 2025-07-14 12:05:44,228 [DEBUG   ] findfont: score(FontEntry(fname='/usr/local/lib/python3.9/site-packages/matplotlib/mpl-data/fonts/ttf/cmex10.ttf', name='cmex10', style='normal', variant='normal', weight=400, stretch='normal', size='scalable')) = 10.05
LINE 1479: 2025-07-14 12:05:44,228 [DEBUG   ] findfont: score(FontEntry(fname='/usr/local/lib/python3.9/site-packages/matplotlib/mpl-data/fonts/ttf/DejaVuSansMono.ttf', name='DejaVu Sans Mono', style='normal', variant='normal', weight=400, stretch='normal', size='scalable')) = 10.05
LINE 1479: 2025-07-14 12:05:44,229 [DEBUG   ] findfont: score(FontEntry(fname='/usr/local/lib/python3.9/site-packages/matplotlib/mpl-data/fonts/ttf/STIXSizFourSymReg.ttf', name='STIXSizeFourSym', style='normal', variant='normal', weight=400, stretch='normal', size='scalable')) = 10.05
LINE 1479: 2025-07-14 12:05:44,229 [DEBUG   ] findfont: score(FontEntry(fname='/usr/local/lib/python3.9/site-packages/matplotlib/mpl-data/fonts/ttf/DejaVuSerif-BoldItalic.ttf', name='DejaVu Serif', style='italic', variant='normal', weight=700, stretch='normal', size='scalable')) = 11.335
LINE 1479: 2025-07-14 12:05:44,229 [DEBUG   ] findfont: score(FontEntry(fname='/usr/local/lib/python3.9/site-packages/matplotlib/mpl-data/fonts/ttf/cmb10.ttf', name='cmb10', style='normal', variant='normal', weight=400, stretch='normal', size='scalable')) = 10.05
LINE 1479: 2025-07-14 12:05:44,229 [DEBUG   ] findfont: score(FontEntry(fname='/usr/local/lib/python3.9/site-packages/matplotlib/mpl-data/fonts/ttf/STIXNonUni.ttf', name='STIXNonUnicode', style='normal', variant='normal', weight=400, stretch='normal', size='scalable')) = 10.05
LINE 1479: 2025-07-14 12:05:44,229 [DEBUG   ] findfont: score(FontEntry(fname='/usr/local/lib/python3.9/site-packages/matplotlib/mpl-data/fonts/ttf/DejaVuSerif-Bold.ttf', name='DejaVu Serif', style='normal', variant='normal', weight=700, stretch='normal', size='scalable')) = 10.335
LINE 1479: 2025-07-14 12:05:44,229 [DEBUG   ] findfont: score(FontEntry(fname='/usr/local/lib/python3.9/site-packages/matplotlib/mpl-data/fonts/ttf/DejaVuSansMono-Bold.ttf', name='DejaVu Sans Mono', style='normal', variant='normal', weight=700, stretch='normal', size='scalable')) = 10.335
LINE 1479: 2025-07-14 12:05:44,229 [DEBUG   ] findfont: score(FontEntry(fname='/usr/local/lib/python3.9/site-packages/matplotlib/mpl-data/fonts/ttf/STIXSizThreeSymReg.ttf', name='STIXSizeThreeSym', style='normal', variant='normal', weight=400, stretch='normal', size='scalable')) = 10.05
LINE 1479: 2025-07-14 12:05:44,229 [DEBUG   ] findfont: score(FontEntry(fname='/usr/local/lib/python3.9/site-packages/matplotlib/mpl-data/fonts/ttf/STIXSizFiveSymReg.ttf', name='STIXSizeFiveSym', style='normal', variant='normal', weight=400, stretch='normal', size='scalable')) = 10.05
LINE 1479: 2025-07-14 12:05:44,229 [DEBUG   ] findfont: score(FontEntry(fname='/usr/local/lib/python3.9/site-packages/matplotlib/mpl-data/fonts/ttf/cmsy10.ttf', name='cmsy10', style='normal', variant='normal', weight=400, stretch='normal', size='scalable')) = 10.05
LINE 1479: 2025-07-14 12:05:44,229 [DEBUG   ] findfont: score(FontEntry(fname='/usr/local/lib/python3.9/site-packages/matplotlib/mpl-data/fonts/ttf/cmmi10.ttf', name='cmmi10', style='normal', variant='normal', weight=400, stretch='normal', size='scalable')) = 10.05
LINE 1479: 2025-07-14 12:05:44,229 [DEBUG   ] findfont: score(FontEntry(fname='/usr/local/lib/python3.9/site-packages/matplotlib/mpl-data/fonts/ttf/STIXSizTwoSymBol.ttf', name='STIXSizeTwoSym', style='normal', variant='normal', weight=700, stretch='normal', size='scalable')) = 10.335
LINE 1479: 2025-07-14 12:05:44,229 [DEBUG   ] findfont: score(FontEntry(fname='/usr/local/lib/python3.9/site-packages/matplotlib/mpl-data/fonts/ttf/STIXNonUniIta.ttf', name='STIXNonUnicode', style='italic', variant='normal', weight=400, stretch='normal', size='scalable')) = 11.05
LINE 1479: 2025-07-14 12:05:44,229 [DEBUG   ] findfont: score(FontEntry(fname='/usr/local/lib/python3.9/site-packages/matplotlib/mpl-data/fonts/ttf/STIXGeneralItalic.ttf', name='STIXGeneral', style='italic', variant='normal', weight=400, stretch='normal', size='scalable')) = 1.05
LINE 1479: 2025-07-14 12:05:44,229 [DEBUG   ] findfont: score(FontEntry(fname='/usr/local/lib/python3.9/site-packages/matplotlib/mpl-data/fonts/ttf/DejaVuSans-Bold.ttf', name='DejaVu Sans', style='normal', variant='normal', weight=700, stretch='normal', size='scalable')) = 10.335
LINE 1479: 2025-07-14 12:05:44,229 [DEBUG   ] findfont: score(FontEntry(fname='/usr/local/lib/python3.9/site-packages/matplotlib/mpl-data/fonts/ttf/cmtt10.ttf', name='cmtt10', style='normal', variant='normal', weight=400, stretch='normal', size='scalable')) = 10.05
LINE 1479: 2025-07-14 12:05:44,229 [DEBUG   ] findfont: score(FontEntry(fname='/usr/local/lib/python3.9/site-packages/matplotlib/mpl-data/fonts/ttf/STIXSizTwoSymReg.ttf', name='STIXSizeTwoSym', style='normal', variant='normal', weight=400, stretch='normal', size='scalable')) = 10.05
LINE 1479: 2025-07-14 12:05:44,229 [DEBUG   ] findfont: score(FontEntry(fname='/usr/local/lib/python3.9/site-packages/matplotlib/mpl-data/fonts/ttf/DejaVuSans.ttf', name='DejaVu Sans', style='normal', variant='normal', weight=400, stretch='normal', size='scalable')) = 10.05
LINE 1479: 2025-07-14 12:05:44,229 [DEBUG   ] findfont: score(FontEntry(fname='/usr/local/lib/python3.9/site-packages/matplotlib/mpl-data/fonts/ttf/STIXGeneralBol.ttf', name='STIXGeneral', style='normal', variant='normal', weight=700, stretch='normal', size='scalable')) = 0.33499999999999996
LINE 1479: 2025-07-14 12:05:44,229 [DEBUG   ] findfont: score(FontEntry(fname='/usr/local/lib/python3.9/site-packages/matplotlib/mpl-data/fonts/ttf/DejaVuSansMono-Oblique.ttf', name='DejaVu Sans Mono', style='oblique', variant='normal', weight=400, stretch='normal', size='scalable')) = 11.05
LINE 1479: 2025-07-14 12:05:44,229 [DEBUG   ] findfont: score(FontEntry(fname='/usr/local/lib/python3.9/site-packages/matplotlib/mpl-data/fonts/ttf/STIXGeneral.ttf', name='STIXGeneral', style='normal', variant='normal', weight=400, stretch='normal', size='scalable')) = 0.05
LINE 1479: 2025-07-14 12:05:44,229 [DEBUG   ] findfont: score(FontEntry(fname='/usr/local/lib/python3.9/site-packages/matplotlib/mpl-data/fonts/ttf/STIXGeneralBolIta.ttf', name='STIXGeneral', style='italic', variant='normal', weight=700, stretch='normal', size='scalable')) = 1.335
LINE 1479: 2025-07-14 12:05:44,229 [DEBUG   ] findfont: score(FontEntry(fname='/usr/local/lib/python3.9/site-packages/matplotlib/mpl-data/fonts/ttf/cmss10.ttf', name='cmss10', style='normal', variant='normal', weight=400, stretch='normal', size='scalable')) = 10.05
LINE 1479: 2025-07-14 12:05:44,229 [DEBUG   ] findfont: score(FontEntry(fname='/usr/local/lib/python3.9/site-packages/matplotlib/mpl-data/fonts/ttf/DejaVuSans-BoldOblique.ttf', name='DejaVu Sans', style='oblique', variant='normal', weight=700, stretch='normal', size='scalable')) = 11.335
LINE 1479: 2025-07-14 12:05:44,229 [DEBUG   ] findfont: score(FontEntry(fname='/usr/local/lib/python3.9/site-packages/matplotlib/mpl-data/fonts/ttf/STIXSizOneSymBol.ttf', name='STIXSizeOneSym', style='normal', variant='normal', weight=700, stretch='normal', size='scalable')) = 10.335
LINE 1479: 2025-07-14 12:05:44,229 [DEBUG   ] findfont: score(FontEntry(fname='/usr/local/lib/python3.9/site-packages/matplotlib/mpl-data/fonts/ttf/STIXSizThreeSymBol.ttf', name='STIXSizeThreeSym', style='normal', variant='normal', weight=700, stretch='normal', size='scalable')) = 10.335
LINE 1479: 2025-07-14 12:05:44,229 [DEBUG   ] findfont: score(FontEntry(fname='/usr/local/lib/python3.9/site-packages/matplotlib/mpl-data/fonts/ttf/STIXSizOneSymReg.ttf', name='STIXSizeOneSym', style='normal', variant='normal', weight=400, stretch='normal', size='scalable')) = 10.05
LINE 1479: 2025-07-14 12:05:44,229 [DEBUG   ] findfont: score(FontEntry(fname='/usr/local/lib/python3.9/site-packages/matplotlib/mpl-data/fonts/ttf/STIXNonUniBolIta.ttf', name='STIXNonUnicode', style='italic', variant='normal', weight=700, stretch='normal', size='scalable')) = 11.335
LINE 1479: 2025-07-14 12:05:44,229 [DEBUG   ] findfont: score(FontEntry(fname='/usr/share/fonts/truetype/dejavu/DejaVuSansMono-Bold.ttf', name='DejaVu Sans Mono', style='normal', variant='normal', weight=700, stretch='normal', size='scalable')) = 10.335
LINE 1479: 2025-07-14 12:05:44,229 [DEBUG   ] findfont: score(FontEntry(fname='/usr/share/fonts/truetype/dejavu/DejaVuSansMono.ttf', name='DejaVu Sans Mono', style='normal', variant='normal', weight=400, stretch='normal', size='scalable')) = 10.05
LINE 1479: 2025-07-14 12:05:44,229 [DEBUG   ] findfont: score(FontEntry(fname='/usr/share/fonts/truetype/dejavu/DejaVuSans-Bold.ttf', name='DejaVu Sans', style='normal', variant='normal', weight=700, stretch='normal', size='scalable')) = 10.335
LINE 1479: 2025-07-14 12:05:44,229 [DEBUG   ] findfont: score(FontEntry(fname='/usr/share/fonts/truetype/dejavu/DejaVuSerif-Bold.ttf', name='DejaVu Serif', style='normal', variant='normal', weight=700, stretch='normal', size='scalable')) = 10.335
LINE 1479: 2025-07-14 12:05:44,229 [DEBUG   ] findfont: score(FontEntry(fname='/usr/share/fonts/truetype/dejavu/DejaVuSerif.ttf', name='DejaVu Serif', style='normal', variant='normal', weight=400, stretch='normal', size='scalable')) = 10.05
LINE 1479: 2025-07-14 12:05:44,229 [DEBUG   ] findfont: score(FontEntry(fname='/usr/share/fonts/truetype/dejavu/DejaVuSans.ttf', name='DejaVu Sans', style='normal', variant='normal', weight=400, stretch='normal', size='scalable')) = 10.05
LINE 1508: 2025-07-14 12:05:44,229 [DEBUG   ] findfont: Matching STIXGeneral:style=normal:variant=normal:weight=normal:stretch=normal:size=10.0 to STIXGeneral ('/usr/local/lib/python3.9/site-packages/matplotlib/mpl-data/fonts/ttf/STIXGeneral.ttf') with score of 0.050000.
LINE 1467: 2025-07-14 12:05:44,230 [DEBUG   ] findfont: Matching STIXGeneral:style=italic:variant=normal:weight=normal:stretch=normal:size=10.0.
LINE 1479: 2025-07-14 12:05:44,230 [DEBUG   ] findfont: score(FontEntry(fname='/usr/local/lib/python3.9/site-packages/matplotlib/mpl-data/fonts/ttf/STIXSizFourSymBol.ttf', name='STIXSizeFourSym', style='normal', variant='normal', weight=700, stretch='normal', size='scalable')) = 11.335
LINE 1479: 2025-07-14 12:05:44,230 [DEBUG   ] findfont: score(FontEntry(fname='/usr/local/lib/python3.9/site-packages/matplotlib/mpl-data/fonts/ttf/DejaVuSansDisplay.ttf', name='DejaVu Sans Display', style='normal', variant='normal', weight=400, stretch='normal', size='scalable')) = 11.05
LINE 1479: 2025-07-14 12:05:44,230 [DEBUG   ] findfont: score(FontEntry(fname='/usr/local/lib/python3.9/site-packages/matplotlib/mpl-data/fonts/ttf/cmr10.ttf', name='cmr10', style='normal', variant='normal', weight=400, stretch='normal', size='scalable')) = 11.05
LINE 1479: 2025-07-14 12:05:44,230 [DEBUG   ] findfont: score(FontEntry(fname='/usr/local/lib/python3.9/site-packages/matplotlib/mpl-data/fonts/ttf/DejaVuSans-Oblique.ttf', name='DejaVu Sans', style='oblique', variant='normal', weight=400, stretch='normal', size='scalable')) = 10.15
LINE 1479: 2025-07-14 12:05:44,230 [DEBUG   ] findfont: score(FontEntry(fname='/usr/local/lib/python3.9/site-packages/matplotlib/mpl-data/fonts/ttf/DejaVuSerifDisplay.ttf', name='DejaVu Serif Display', style='normal', variant='normal', weight=400, stretch='normal', size='scalable')) = 11.05
LINE 1479: 2025-07-14 12:05:44,230 [DEBUG   ] findfont: score(FontEntry(fname='/usr/local/lib/python3.9/site-packages/matplotlib/mpl-data/fonts/ttf/DejaVuSansMono-BoldOblique.ttf', name='DejaVu Sans Mono', style='oblique', variant='normal', weight=700, stretch='normal', size='scalable')) = 10.434999999999999
LINE 1479: 2025-07-14 12:05:44,230 [DEBUG   ] findfont: score(FontEntry(fname='/usr/local/lib/python3.9/site-packages/matplotlib/mpl-data/fonts/ttf/STIXNonUniBol.ttf', name='STIXNonUnicode', style='normal', variant='normal', weight=700, stretch='normal', size='scalable')) = 11.335
LINE 1479: 2025-07-14 12:05:44,230 [DEBUG   ] findfont: score(FontEntry(fname='/usr/local/lib/python3.9/site-packages/matplotlib/mpl-data/fonts/ttf/DejaVuSerif-Italic.ttf', name='DejaVu Serif', style='italic', variant='normal', weight=400, stretch='normal', size='scalable')) = 10.05
LINE 1479: 2025-07-14 12:05:44,230 [DEBUG   ] findfont: score(FontEntry(fname='/usr/local/lib/python3.9/site-packages/matplotlib/mpl-data/fonts/ttf/DejaVuSerif.ttf', name='DejaVu Serif', style='normal', variant='normal', weight=400, stretch='normal', size='scalable')) = 11.05
LINE 1479: 2025-07-14 12:05:44,230 [DEBUG   ] findfont: score(FontEntry(fname='/usr/local/lib/python3.9/site-packages/matplotlib/mpl-data/fonts/ttf/cmex10.ttf', name='cmex10', style='normal', variant='normal', weight=400, stretch='normal', size='scalable')) = 11.05
LINE 1479: 2025-07-14 12:05:44,230 [DEBUG   ] findfont: score(FontEntry(fname='/usr/local/lib/python3.9/site-packages/matplotlib/mpl-data/fonts/ttf/DejaVuSansMono.ttf', name='DejaVu Sans Mono', style='normal', variant='normal', weight=400, stretch='normal', size='scalable')) = 11.05
LINE 1479: 2025-07-14 12:05:44,230 [DEBUG   ] findfont: score(FontEntry(fname='/usr/local/lib/python3.9/site-packages/matplotlib/mpl-data/fonts/ttf/STIXSizFourSymReg.ttf', name='STIXSizeFourSym', style='normal', variant='normal', weight=400, stretch='normal', size='scalable')) = 11.05
LINE 1479: 2025-07-14 12:05:44,230 [DEBUG   ] findfont: score(FontEntry(fname='/usr/local/lib/python3.9/site-packages/matplotlib/mpl-data/fonts/ttf/DejaVuSerif-BoldItalic.ttf', name='DejaVu Serif', style='italic', variant='normal', weight=700, stretch='normal', size='scalable')) = 10.335
LINE 1479: 2025-07-14 12:05:44,230 [DEBUG   ] findfont: score(FontEntry(fname='/usr/local/lib/python3.9/site-packages/matplotlib/mpl-data/fonts/ttf/cmb10.ttf', name='cmb10', style='normal', variant='normal', weight=400, stretch='normal', size='scalable')) = 11.05
LINE 1479: 2025-07-14 12:05:44,230 [DEBUG   ] findfont: score(FontEntry(fname='/usr/local/lib/python3.9/site-packages/matplotlib/mpl-data/fonts/ttf/STIXNonUni.ttf', name='STIXNonUnicode', style='normal', variant='normal', weight=400, stretch='normal', size='scalable')) = 11.05
LINE 1479: 2025-07-14 12:05:44,230 [DEBUG   ] findfont: score(FontEntry(fname='/usr/local/lib/python3.9/site-packages/matplotlib/mpl-data/fonts/ttf/DejaVuSerif-Bold.ttf', name='DejaVu Serif', style='normal', variant='normal', weight=700, stretch='normal', size='scalable')) = 11.335
LINE 1479: 2025-07-14 12:05:44,230 [DEBUG   ] findfont: score(FontEntry(fname='/usr/local/lib/python3.9/site-packages/matplotlib/mpl-data/fonts/ttf/DejaVuSansMono-Bold.ttf', name='DejaVu Sans Mono', style='normal', variant='normal', weight=700, stretch='normal', size='scalable')) = 11.335
LINE 1479: 2025-07-14 12:05:44,230 [DEBUG   ] findfont: score(FontEntry(fname='/usr/local/lib/python3.9/site-packages/matplotlib/mpl-data/fonts/ttf/STIXSizThreeSymReg.ttf', name='STIXSizeThreeSym', style='normal', variant='normal', weight=400, stretch='normal', size='scalable')) = 11.05
LINE 1479: 2025-07-14 12:05:44,230 [DEBUG   ] findfont: score(FontEntry(fname='/usr/local/lib/python3.9/site-packages/matplotlib/mpl-data/fonts/ttf/STIXSizFiveSymReg.ttf', name='STIXSizeFiveSym', style='normal', variant='normal', weight=400, stretch='normal', size='scalable')) = 11.05
LINE 1479: 2025-07-14 12:05:44,230 [DEBUG   ] findfont: score(FontEntry(fname='/usr/local/lib/python3.9/site-packages/matplotlib/mpl-data/fonts/ttf/cmsy10.ttf', name='cmsy10', style='normal', variant='normal', weight=400, stretch='normal', size='scalable')) = 11.05
LINE 1479: 2025-07-14 12:05:44,230 [DEBUG   ] findfont: score(FontEntry(fname='/usr/local/lib/python3.9/site-packages/matplotlib/mpl-data/fonts/ttf/cmmi10.ttf', name='cmmi10', style='normal', variant='normal', weight=400, stretch='normal', size='scalable')) = 11.05
LINE 1479: 2025-07-14 12:05:44,230 [DEBUG   ] findfont: score(FontEntry(fname='/usr/local/lib/python3.9/site-packages/matplotlib/mpl-data/fonts/ttf/STIXSizTwoSymBol.ttf', name='STIXSizeTwoSym', style='normal', variant='normal', weight=700, stretch='normal', size='scalable')) = 11.335
LINE 1479: 2025-07-14 12:05:44,230 [DEBUG   ] findfont: score(FontEntry(fname='/usr/local/lib/python3.9/site-packages/matplotlib/mpl-data/fonts/ttf/STIXNonUniIta.ttf', name='STIXNonUnicode', style='italic', variant='normal', weight=400, stretch='normal', size='scalable')) = 10.05
LINE 1479: 2025-07-14 12:05:44,230 [DEBUG   ] findfont: score(FontEntry(fname='/usr/local/lib/python3.9/site-packages/matplotlib/mpl-data/fonts/ttf/STIXGeneralItalic.ttf', name='STIXGeneral', style='italic', variant='normal', weight=400, stretch='normal', size='scalable')) = 0.05
LINE 1479: 2025-07-14 12:05:44,230 [DEBUG   ] findfont: score(FontEntry(fname='/usr/local/lib/python3.9/site-packages/matplotlib/mpl-data/fonts/ttf/DejaVuSans-Bold.ttf', name='DejaVu Sans', style='normal', variant='normal', weight=700, stretch='normal', size='scalable')) = 11.335
LINE 1479: 2025-07-14 12:05:44,230 [DEBUG   ] findfont: score(FontEntry(fname='/usr/local/lib/python3.9/site-packages/matplotlib/mpl-data/fonts/ttf/cmtt10.ttf', name='cmtt10', style='normal', variant='normal', weight=400, stretch='normal', size='scalable')) = 11.05
LINE 1479: 2025-07-14 12:05:44,230 [DEBUG   ] findfont: score(FontEntry(fname='/usr/local/lib/python3.9/site-packages/matplotlib/mpl-data/fonts/ttf/STIXSizTwoSymReg.ttf', name='STIXSizeTwoSym', style='normal', variant='normal', weight=400, stretch='normal', size='scalable')) = 11.05
LINE 1479: 2025-07-14 12:05:44,230 [DEBUG   ] findfont: score(FontEntry(fname='/usr/local/lib/python3.9/site-packages/matplotlib/mpl-data/fonts/ttf/DejaVuSans.ttf', name='DejaVu Sans', style='normal', variant='normal', weight=400, stretch='normal', size='scalable')) = 11.05
LINE 1479: 2025-07-14 12:05:44,230 [DEBUG   ] findfont: score(FontEntry(fname='/usr/local/lib/python3.9/site-packages/matplotlib/mpl-data/fonts/ttf/STIXGeneralBol.ttf', name='STIXGeneral', style='normal', variant='normal', weight=700, stretch='normal', size='scalable')) = 1.335
LINE 1479: 2025-07-14 12:05:44,230 [DEBUG   ] findfont: score(FontEntry(fname='/usr/local/lib/python3.9/site-packages/matplotlib/mpl-data/fonts/ttf/DejaVuSansMono-Oblique.ttf', name='DejaVu Sans Mono', style='oblique', variant='normal', weight=400, stretch='normal', size='scalable')) = 10.15
LINE 1479: 2025-07-14 12:05:44,231 [DEBUG   ] findfont: score(FontEntry(fname='/usr/local/lib/python3.9/site-packages/matplotlib/mpl-data/fonts/ttf/STIXGeneral.ttf', name='STIXGeneral', style='normal', variant='normal', weight=400, stretch='normal', size='scalable')) = 1.05
LINE 1479: 2025-07-14 12:05:44,231 [DEBUG   ] findfont: score(FontEntry(fname='/usr/local/lib/python3.9/site-packages/matplotlib/mpl-data/fonts/ttf/STIXGeneralBolIta.ttf', name='STIXGeneral', style='italic', variant='normal', weight=700, stretch='normal', size='scalable')) = 0.33499999999999996
LINE 1479: 2025-07-14 12:05:44,231 [DEBUG   ] findfont: score(FontEntry(fname='/usr/local/lib/python3.9/site-packages/matplotlib/mpl-data/fonts/ttf/cmss10.ttf', name='cmss10', style='normal', variant='normal', weight=400, stretch='normal', size='scalable')) = 11.05
LINE 1479: 2025-07-14 12:05:44,231 [DEBUG   ] findfont: score(FontEntry(fname='/usr/local/lib/python3.9/site-packages/matplotlib/mpl-data/fonts/ttf/DejaVuSans-BoldOblique.ttf', name='DejaVu Sans', style='oblique', variant='normal', weight=700, stretch='normal', size='scalable')) = 10.434999999999999
LINE 1479: 2025-07-14 12:05:44,231 [DEBUG   ] findfont: score(FontEntry(fname='/usr/local/lib/python3.9/site-packages/matplotlib/mpl-data/fonts/ttf/STIXSizOneSymBol.ttf', name='STIXSizeOneSym', style='normal', variant='normal', weight=700, stretch='normal', size='scalable')) = 11.335
LINE 1479: 2025-07-14 12:05:44,231 [DEBUG   ] findfont: score(FontEntry(fname='/usr/local/lib/python3.9/site-packages/matplotlib/mpl-data/fonts/ttf/STIXSizThreeSymBol.ttf', name='STIXSizeThreeSym', style='normal', variant='normal', weight=700, stretch='normal', size='scalable')) = 11.335
LINE 1479: 2025-07-14 12:05:44,231 [DEBUG   ] findfont: score(FontEntry(fname='/usr/local/lib/python3.9/site-packages/matplotlib/mpl-data/fonts/ttf/STIXSizOneSymReg.ttf', name='STIXSizeOneSym', style='normal', variant='normal', weight=400, stretch='normal', size='scalable')) = 11.05
LINE 1479: 2025-07-14 12:05:44,231 [DEBUG   ] findfont: score(FontEntry(fname='/usr/local/lib/python3.9/site-packages/matplotlib/mpl-data/fonts/ttf/STIXNonUniBolIta.ttf', name='STIXNonUnicode', style='italic', variant='normal', weight=700, stretch='normal', size='scalable')) = 10.335
LINE 1479: 2025-07-14 12:05:44,231 [DEBUG   ] findfont: score(FontEntry(fname='/usr/share/fonts/truetype/dejavu/DejaVuSansMono-Bold.ttf', name='DejaVu Sans Mono', style='normal', variant='normal', weight=700, stretch='normal', size='scalable')) = 11.335
LINE 1479: 2025-07-14 12:05:44,231 [DEBUG   ] findfont: score(FontEntry(fname='/usr/share/fonts/truetype/dejavu/DejaVuSansMono.ttf', name='DejaVu Sans Mono', style='normal', variant='normal', weight=400, stretch='normal', size='scalable')) = 11.05
LINE 1479: 2025-07-14 12:05:44,231 [DEBUG   ] findfont: score(FontEntry(fname='/usr/share/fonts/truetype/dejavu/DejaVuSans-Bold.ttf', name='DejaVu Sans', style='normal', variant='normal', weight=700, stretch='normal', size='scalable')) = 11.335
LINE 1479: 2025-07-14 12:05:44,231 [DEBUG   ] findfont: score(FontEntry(fname='/usr/share/fonts/truetype/dejavu/DejaVuSerif-Bold.ttf', name='DejaVu Serif', style='normal', variant='normal', weight=700, stretch='normal', size='scalable')) = 11.335
LINE 1479: 2025-07-14 12:05:44,231 [DEBUG   ] findfont: score(FontEntry(fname='/usr/share/fonts/truetype/dejavu/DejaVuSerif.ttf', name='DejaVu Serif', style='normal', variant='normal', weight=400, stretch='normal', size='scalable')) = 11.05
LINE 1479: 2025-07-14 12:05:44,231 [DEBUG   ] findfont: score(FontEntry(fname='/usr/share/fonts/truetype/dejavu/DejaVuSans.ttf', name='DejaVu Sans', style='normal', variant='normal', weight=400, stretch='normal', size='scalable')) = 11.05
LINE 1508: 2025-07-14 12:05:44,231 [DEBUG   ] findfont: Matching STIXGeneral:style=italic:variant=normal:weight=normal:stretch=normal:size=10.0 to STIXGeneral ('/usr/local/lib/python3.9/site-packages/matplotlib/mpl-data/fonts/ttf/STIXGeneralItalic.ttf') with score of 0.050000.
LINE 1467: 2025-07-14 12:05:44,231 [DEBUG   ] findfont: Matching STIXGeneral:style=normal:variant=normal:weight=bold:stretch=normal:size=10.0.
LINE 1479: 2025-07-14 12:05:44,231 [DEBUG   ] findfont: score(FontEntry(fname='/usr/local/lib/python3.9/site-packages/matplotlib/mpl-data/fonts/ttf/STIXSizFourSymBol.ttf', name='STIXSizeFourSym', style='normal', variant='normal', weight=700, stretch='normal', size='scalable')) = 10.05
LINE 1479: 2025-07-14 12:05:44,231 [DEBUG   ] findfont: score(FontEntry(fname='/usr/local/lib/python3.9/site-packages/matplotlib/mpl-data/fonts/ttf/DejaVuSansDisplay.ttf', name='DejaVu Sans Display', style='normal', variant='normal', weight=400, stretch='normal', size='scalable')) = 10.335
LINE 1479: 2025-07-14 12:05:44,231 [DEBUG   ] findfont: score(FontEntry(fname='/usr/local/lib/python3.9/site-packages/matplotlib/mpl-data/fonts/ttf/cmr10.ttf', name='cmr10', style='normal', variant='normal', weight=400, stretch='normal', size='scalable')) = 10.335
LINE 1479: 2025-07-14 12:05:44,231 [DEBUG   ] findfont: score(FontEntry(fname='/usr/local/lib/python3.9/site-packages/matplotlib/mpl-data/fonts/ttf/DejaVuSans-Oblique.ttf', name='DejaVu Sans', style='oblique', variant='normal', weight=400, stretch='normal', size='scalable')) = 11.335
LINE 1479: 2025-07-14 12:05:44,232 [DEBUG   ] findfont: score(FontEntry(fname='/usr/local/lib/python3.9/site-packages/matplotlib/mpl-data/fonts/ttf/DejaVuSerifDisplay.ttf', name='DejaVu Serif Display', style='normal', variant='normal', weight=400, stretch='normal', size='scalable')) = 10.335
LINE 1479: 2025-07-14 12:05:44,232 [DEBUG   ] findfont: score(FontEntry(fname='/usr/local/lib/python3.9/site-packages/matplotlib/mpl-data/fonts/ttf/DejaVuSansMono-BoldOblique.ttf', name='DejaVu Sans Mono', style='oblique', variant='normal', weight=700, stretch='normal', size='scalable')) = 11.05
LINE 1479: 2025-07-14 12:05:44,232 [DEBUG   ] findfont: score(FontEntry(fname='/usr/local/lib/python3.9/site-packages/matplotlib/mpl-data/fonts/ttf/STIXNonUniBol.ttf', name='STIXNonUnicode', style='normal', variant='normal', weight=700, stretch='normal', size='scalable')) = 10.05
LINE 1479: 2025-07-14 12:05:44,232 [DEBUG   ] findfont: score(FontEntry(fname='/usr/local/lib/python3.9/site-packages/matplotlib/mpl-data/fonts/ttf/DejaVuSerif-Italic.ttf', name='DejaVu Serif', style='italic', variant='normal', weight=400, stretch='normal', size='scalable')) = 11.335
LINE 1479: 2025-07-14 12:05:44,232 [DEBUG   ] findfont: score(FontEntry(fname='/usr/local/lib/python3.9/site-packages/matplotlib/mpl-data/fonts/ttf/DejaVuSerif.ttf', name='DejaVu Serif', style='normal', variant='normal', weight=400, stretch='normal', size='scalable')) = 10.335
LINE 1479: 2025-07-14 12:05:44,232 [DEBUG   ] findfont: score(FontEntry(fname='/usr/local/lib/python3.9/site-packages/matplotlib/mpl-data/fonts/ttf/cmex10.ttf', name='cmex10', style='normal', variant='normal', weight=400, stretch='normal', size='scalable')) = 10.335
LINE 1479: 2025-07-14 12:05:44,232 [DEBUG   ] findfont: score(FontEntry(fname='/usr/local/lib/python3.9/site-packages/matplotlib/mpl-data/fonts/ttf/DejaVuSansMono.ttf', name='DejaVu Sans Mono', style='normal', variant='normal', weight=400, stretch='normal', size='scalable')) = 10.335
LINE 1479: 2025-07-14 12:05:44,232 [DEBUG   ] findfont: score(FontEntry(fname='/usr/local/lib/python3.9/site-packages/matplotlib/mpl-data/fonts/ttf/STIXSizFourSymReg.ttf', name='STIXSizeFourSym', style='normal', variant='normal', weight=400, stretch='normal', size='scalable')) = 10.335
LINE 1479: 2025-07-14 12:05:44,232 [DEBUG   ] findfont: score(FontEntry(fname='/usr/local/lib/python3.9/site-packages/matplotlib/mpl-data/fonts/ttf/DejaVuSerif-BoldItalic.ttf', name='DejaVu Serif', style='italic', variant='normal', weight=700, stretch='normal', size='scalable')) = 11.05
LINE 1479: 2025-07-14 12:05:44,232 [DEBUG   ] findfont: score(FontEntry(fname='/usr/local/lib/python3.9/site-packages/matplotlib/mpl-data/fonts/ttf/cmb10.ttf', name='cmb10', style='normal', variant='normal', weight=400, stretch='normal', size='scalable')) = 10.335
LINE 1479: 2025-07-14 12:05:44,232 [DEBUG   ] findfont: score(FontEntry(fname='/usr/local/lib/python3.9/site-packages/matplotlib/mpl-data/fonts/ttf/STIXNonUni.ttf', name='STIXNonUnicode', style='normal', variant='normal', weight=400, stretch='normal', size='scalable')) = 10.335
LINE 1479: 2025-07-14 12:05:44,232 [DEBUG   ] findfont: score(FontEntry(fname='/usr/local/lib/python3.9/site-packages/matplotlib/mpl-data/fonts/ttf/DejaVuSerif-Bold.ttf', name='DejaVu Serif', style='normal', variant='normal', weight=700, stretch='normal', size='scalable')) = 10.05
LINE 1479: 2025-07-14 12:05:44,232 [DEBUG   ] findfont: score(FontEntry(fname='/usr/local/lib/python3.9/site-packages/matplotlib/mpl-data/fonts/ttf/DejaVuSansMono-Bold.ttf', name='DejaVu Sans Mono', style='normal', variant='normal', weight=700, stretch='normal', size='scalable')) = 10.05
LINE 1479: 2025-07-14 12:05:44,232 [DEBUG   ] findfont: score(FontEntry(fname='/usr/local/lib/python3.9/site-packages/matplotlib/mpl-data/fonts/ttf/STIXSizThreeSymReg.ttf', name='STIXSizeThreeSym', style='normal', variant='normal', weight=400, stretch='normal', size='scalable')) = 10.335
LINE 1479: 2025-07-14 12:05:44,232 [DEBUG   ] findfont: score(FontEntry(fname='/usr/local/lib/python3.9/site-packages/matplotlib/mpl-data/fonts/ttf/STIXSizFiveSymReg.ttf', name='STIXSizeFiveSym', style='normal', variant='normal', weight=400, stretch='normal', size='scalable')) = 10.335
LINE 1479: 2025-07-14 12:05:44,232 [DEBUG   ] findfont: score(FontEntry(fname='/usr/local/lib/python3.9/site-packages/matplotlib/mpl-data/fonts/ttf/cmsy10.ttf', name='cmsy10', style='normal', variant='normal', weight=400, stretch='normal', size='scalable')) = 10.335
LINE 1479: 2025-07-14 12:05:44,232 [DEBUG   ] findfont: score(FontEntry(fname='/usr/local/lib/python3.9/site-packages/matplotlib/mpl-data/fonts/ttf/cmmi10.ttf', name='cmmi10', style='normal', variant='normal', weight=400, stretch='normal', size='scalable')) = 10.335
LINE 1479: 2025-07-14 12:05:44,232 [DEBUG   ] findfont: score(FontEntry(fname='/usr/local/lib/python3.9/site-packages/matplotlib/mpl-data/fonts/ttf/STIXSizTwoSymBol.ttf', name='STIXSizeTwoSym', style='normal', variant='normal', weight=700, stretch='normal', size='scalable')) = 10.05
LINE 1479: 2025-07-14 12:05:44,232 [DEBUG   ] findfont: score(FontEntry(fname='/usr/local/lib/python3.9/site-packages/matplotlib/mpl-data/fonts/ttf/STIXNonUniIta.ttf', name='STIXNonUnicode', style='italic', variant='normal', weight=400, stretch='normal', size='scalable')) = 11.335
LINE 1479: 2025-07-14 12:05:44,232 [DEBUG   ] findfont: score(FontEntry(fname='/usr/local/lib/python3.9/site-packages/matplotlib/mpl-data/fonts/ttf/STIXGeneralItalic.ttf', name='STIXGeneral', style='italic', variant='normal', weight=400, stretch='normal', size='scalable')) = 1.335
LINE 1479: 2025-07-14 12:05:44,232 [DEBUG   ] findfont: score(FontEntry(fname='/usr/local/lib/python3.9/site-packages/matplotlib/mpl-data/fonts/ttf/DejaVuSans-Bold.ttf', name='DejaVu Sans', style='normal', variant='normal', weight=700, stretch='normal', size='scalable')) = 10.05
LINE 1479: 2025-07-14 12:05:44,232 [DEBUG   ] findfont: score(FontEntry(fname='/usr/local/lib/python3.9/site-packages/matplotlib/mpl-data/fonts/ttf/cmtt10.ttf', name='cmtt10', style='normal', variant='normal', weight=400, stretch='normal', size='scalable')) = 10.335
LINE 1479: 2025-07-14 12:05:44,232 [DEBUG   ] findfont: score(FontEntry(fname='/usr/local/lib/python3.9/site-packages/matplotlib/mpl-data/fonts/ttf/STIXSizTwoSymReg.ttf', name='STIXSizeTwoSym', style='normal', variant='normal', weight=400, stretch='normal', size='scalable')) = 10.335
LINE 1479: 2025-07-14 12:05:44,232 [DEBUG   ] findfont: score(FontEntry(fname='/usr/local/lib/python3.9/site-packages/matplotlib/mpl-data/fonts/ttf/DejaVuSans.ttf', name='DejaVu Sans', style='normal', variant='normal', weight=400, stretch='normal', size='scalable')) = 10.335
LINE 1479: 2025-07-14 12:05:44,232 [DEBUG   ] findfont: score(FontEntry(fname='/usr/local/lib/python3.9/site-packages/matplotlib/mpl-data/fonts/ttf/STIXGeneralBol.ttf', name='STIXGeneral', style='normal', variant='normal', weight=700, stretch='normal', size='scalable')) = 0.05
LINE 1479: 2025-07-14 12:05:44,232 [DEBUG   ] findfont: score(FontEntry(fname='/usr/local/lib/python3.9/site-packages/matplotlib/mpl-data/fonts/ttf/DejaVuSansMono-Oblique.ttf', name='DejaVu Sans Mono', style='oblique', variant='normal', weight=400, stretch='normal', size='scalable')) = 11.335
LINE 1479: 2025-07-14 12:05:44,232 [DEBUG   ] findfont: score(FontEntry(fname='/usr/local/lib/python3.9/site-packages/matplotlib/mpl-data/fonts/ttf/STIXGeneral.ttf', name='STIXGeneral', style='normal', variant='normal', weight=400, stretch='normal', size='scalable')) = 0.33499999999999996
LINE 1479: 2025-07-14 12:05:44,232 [DEBUG   ] findfont: score(FontEntry(fname='/usr/local/lib/python3.9/site-packages/matplotlib/mpl-data/fonts/ttf/STIXGeneralBolIta.ttf', name='STIXGeneral', style='italic', variant='normal', weight=700, stretch='normal', size='scalable')) = 1.05
LINE 1479: 2025-07-14 12:05:44,232 [DEBUG   ] findfont: score(FontEntry(fname='/usr/local/lib/python3.9/site-packages/matplotlib/mpl-data/fonts/ttf/cmss10.ttf', name='cmss10', style='normal', variant='normal', weight=400, stretch='normal', size='scalable')) = 10.335
LINE 1479: 2025-07-14 12:05:44,232 [DEBUG   ] findfont: score(FontEntry(fname='/usr/local/lib/python3.9/site-packages/matplotlib/mpl-data/fonts/ttf/DejaVuSans-BoldOblique.ttf', name='DejaVu Sans', style='oblique', variant='normal', weight=700, stretch='normal', size='scalable')) = 11.05
LINE 1479: 2025-07-14 12:05:44,232 [DEBUG   ] findfont: score(FontEntry(fname='/usr/local/lib/python3.9/site-packages/matplotlib/mpl-data/fonts/ttf/STIXSizOneSymBol.ttf', name='STIXSizeOneSym', style='normal', variant='normal', weight=700, stretch='normal', size='scalable')) = 10.05
LINE 1479: 2025-07-14 12:05:44,232 [DEBUG   ] findfont: score(FontEntry(fname='/usr/local/lib/python3.9/site-packages/matplotlib/mpl-data/fonts/ttf/STIXSizThreeSymBol.ttf', name='STIXSizeThreeSym', style='normal', variant='normal', weight=700, stretch='normal', size='scalable')) = 10.05
LINE 1479: 2025-07-14 12:05:44,232 [DEBUG   ] findfont: score(FontEntry(fname='/usr/local/lib/python3.9/site-packages/matplotlib/mpl-data/fonts/ttf/STIXSizOneSymReg.ttf', name='STIXSizeOneSym', style='normal', variant='normal', weight=400, stretch='normal', size='scalable')) = 10.335
LINE 1479: 2025-07-14 12:05:44,232 [DEBUG   ] findfont: score(FontEntry(fname='/usr/local/lib/python3.9/site-packages/matplotlib/mpl-data/fonts/ttf/STIXNonUniBolIta.ttf', name='STIXNonUnicode', style='italic', variant='normal', weight=700, stretch='normal', size='scalable')) = 11.05
LINE 1479: 2025-07-14 12:05:44,232 [DEBUG   ] findfont: score(FontEntry(fname='/usr/share/fonts/truetype/dejavu/DejaVuSansMono-Bold.ttf', name='DejaVu Sans Mono', style='normal', variant='normal', weight=700, stretch='normal', size='scalable')) = 10.05
LINE 1479: 2025-07-14 12:05:44,232 [DEBUG   ] findfont: score(FontEntry(fname='/usr/share/fonts/truetype/dejavu/DejaVuSansMono.ttf', name='DejaVu Sans Mono', style='normal', variant='normal', weight=400, stretch='normal', size='scalable')) = 10.335
LINE 1479: 2025-07-14 12:05:44,232 [DEBUG   ] findfont: score(FontEntry(fname='/usr/share/fonts/truetype/dejavu/DejaVuSans-Bold.ttf', name='DejaVu Sans', style='normal', variant='normal', weight=700, stretch='normal', size='scalable')) = 10.05
LINE 1479: 2025-07-14 12:05:44,232 [DEBUG   ] findfont: score(FontEntry(fname='/usr/share/fonts/truetype/dejavu/DejaVuSerif-Bold.ttf', name='DejaVu Serif', style='normal', variant='normal', weight=700, stretch='normal', size='scalable')) = 10.05
LINE 1479: 2025-07-14 12:05:44,232 [DEBUG   ] findfont: score(FontEntry(fname='/usr/share/fonts/truetype/dejavu/DejaVuSerif.ttf', name='DejaVu Serif', style='normal', variant='normal', weight=400, stretch='normal', size='scalable')) = 10.335
LINE 1479: 2025-07-14 12:05:44,233 [DEBUG   ] findfont: score(FontEntry(fname='/usr/share/fonts/truetype/dejavu/DejaVuSans.ttf', name='DejaVu Sans', style='normal', variant='normal', weight=400, stretch='normal', size='scalable')) = 10.335
LINE 1508: 2025-07-14 12:05:44,233 [DEBUG   ] findfont: Matching STIXGeneral:style=normal:variant=normal:weight=bold:stretch=normal:size=10.0 to STIXGeneral ('/usr/local/lib/python3.9/site-packages/matplotlib/mpl-data/fonts/ttf/STIXGeneralBol.ttf') with score of 0.050000.
LINE 1467: 2025-07-14 12:05:44,233 [DEBUG   ] findfont: Matching STIXNonUnicode:style=normal:variant=normal:weight=normal:stretch=normal:size=10.0.
LINE 1479: 2025-07-14 12:05:44,233 [DEBUG   ] findfont: score(FontEntry(fname='/usr/local/lib/python3.9/site-packages/matplotlib/mpl-data/fonts/ttf/STIXSizFourSymBol.ttf', name='STIXSizeFourSym', style='normal', variant='normal', weight=700, stretch='normal', size='scalable')) = 10.335
LINE 1479: 2025-07-14 12:05:44,233 [DEBUG   ] findfont: score(FontEntry(fname='/usr/local/lib/python3.9/site-packages/matplotlib/mpl-data/fonts/ttf/DejaVuSansDisplay.ttf', name='DejaVu Sans Display', style='normal', variant='normal', weight=400, stretch='normal', size='scalable')) = 10.05
LINE 1479: 2025-07-14 12:05:44,233 [DEBUG   ] findfont: score(FontEntry(fname='/usr/local/lib/python3.9/site-packages/matplotlib/mpl-data/fonts/ttf/cmr10.ttf', name='cmr10', style='normal', variant='normal', weight=400, stretch='normal', size='scalable')) = 10.05
LINE 1479: 2025-07-14 12:05:44,233 [DEBUG   ] findfont: score(FontEntry(fname='/usr/local/lib/python3.9/site-packages/matplotlib/mpl-data/fonts/ttf/DejaVuSans-Oblique.ttf', name='DejaVu Sans', style='oblique', variant='normal', weight=400, stretch='normal', size='scalable')) = 11.05
LINE 1479: 2025-07-14 12:05:44,233 [DEBUG   ] findfont: score(FontEntry(fname='/usr/local/lib/python3.9/site-packages/matplotlib/mpl-data/fonts/ttf/DejaVuSerifDisplay.ttf', name='DejaVu Serif Display', style='normal', variant='normal', weight=400, stretch='normal', size='scalable')) = 10.05
LINE 1479: 2025-07-14 12:05:44,233 [DEBUG   ] findfont: score(FontEntry(fname='/usr/local/lib/python3.9/site-packages/matplotlib/mpl-data/fonts/ttf/DejaVuSansMono-BoldOblique.ttf', name='DejaVu Sans Mono', style='oblique', variant='normal', weight=700, stretch='normal', size='scalable')) = 11.335
LINE 1479: 2025-07-14 12:05:44,233 [DEBUG   ] findfont: score(FontEntry(fname='/usr/local/lib/python3.9/site-packages/matplotlib/mpl-data/fonts/ttf/STIXNonUniBol.ttf', name='STIXNonUnicode', style='normal', variant='normal', weight=700, stretch='normal', size='scalable')) = 0.33499999999999996
LINE 1479: 2025-07-14 12:05:44,233 [DEBUG   ] findfont: score(FontEntry(fname='/usr/local/lib/python3.9/site-packages/matplotlib/mpl-data/fonts/ttf/DejaVuSerif-Italic.ttf', name='DejaVu Serif', style='italic', variant='normal', weight=400, stretch='normal', size='scalable')) = 11.05
LINE 1479: 2025-07-14 12:05:44,233 [DEBUG   ] findfont: score(FontEntry(fname='/usr/local/lib/python3.9/site-packages/matplotlib/mpl-data/fonts/ttf/DejaVuSerif.ttf', name='DejaVu Serif', style='normal', variant='normal', weight=400, stretch='normal', size='scalable')) = 10.05
LINE 1479: 2025-07-14 12:05:44,233 [DEBUG   ] findfont: score(FontEntry(fname='/usr/local/lib/python3.9/site-packages/matplotlib/mpl-data/fonts/ttf/cmex10.ttf', name='cmex10', style='normal', variant='normal', weight=400, stretch='normal', size='scalable')) = 10.05
LINE 1479: 2025-07-14 12:05:44,233 [DEBUG   ] findfont: score(FontEntry(fname='/usr/local/lib/python3.9/site-packages/matplotlib/mpl-data/fonts/ttf/DejaVuSansMono.ttf', name='DejaVu Sans Mono', style='normal', variant='normal', weight=400, stretch='normal', size='scalable')) = 10.05
LINE 1479: 2025-07-14 12:05:44,233 [DEBUG   ] findfont: score(FontEntry(fname='/usr/local/lib/python3.9/site-packages/matplotlib/mpl-data/fonts/ttf/STIXSizFourSymReg.ttf', name='STIXSizeFourSym', style='normal', variant='normal', weight=400, stretch='normal', size='scalable')) = 10.05
LINE 1479: 2025-07-14 12:05:44,233 [DEBUG   ] findfont: score(FontEntry(fname='/usr/local/lib/python3.9/site-packages/matplotlib/mpl-data/fonts/ttf/DejaVuSerif-BoldItalic.ttf', name='DejaVu Serif', style='italic', variant='normal', weight=700, stretch='normal', size='scalable')) = 11.335
LINE 1479: 2025-07-14 12:05:44,233 [DEBUG   ] findfont: score(FontEntry(fname='/usr/local/lib/python3.9/site-packages/matplotlib/mpl-data/fonts/ttf/cmb10.ttf', name='cmb10', style='normal', variant='normal', weight=400, stretch='normal', size='scalable')) = 10.05
LINE 1479: 2025-07-14 12:05:44,233 [DEBUG   ] findfont: score(FontEntry(fname='/usr/local/lib/python3.9/site-packages/matplotlib/mpl-data/fonts/ttf/STIXNonUni.ttf', name='STIXNonUnicode', style='normal', variant='normal', weight=400, stretch='normal', size='scalable')) = 0.05
LINE 1479: 2025-07-14 12:05:44,233 [DEBUG   ] findfont: score(FontEntry(fname='/usr/local/lib/python3.9/site-packages/matplotlib/mpl-data/fonts/ttf/DejaVuSerif-Bold.ttf', name='DejaVu Serif', style='normal', variant='normal', weight=700, stretch='normal', size='scalable')) = 10.335
LINE 1479: 2025-07-14 12:05:44,233 [DEBUG   ] findfont: score(FontEntry(fname='/usr/local/lib/python3.9/site-packages/matplotlib/mpl-data/fonts/ttf/DejaVuSansMono-Bold.ttf', name='DejaVu Sans Mono', style='normal', variant='normal', weight=700, stretch='normal', size='scalable')) = 10.335
LINE 1479: 2025-07-14 12:05:44,233 [DEBUG   ] findfont: score(FontEntry(fname='/usr/local/lib/python3.9/site-packages/matplotlib/mpl-data/fonts/ttf/STIXSizThreeSymReg.ttf', name='STIXSizeThreeSym', style='normal', variant='normal', weight=400, stretch='normal', size='scalable')) = 10.05
LINE 1479: 2025-07-14 12:05:44,233 [DEBUG   ] findfont: score(FontEntry(fname='/usr/local/lib/python3.9/site-packages/matplotlib/mpl-data/fonts/ttf/STIXSizFiveSymReg.ttf', name='STIXSizeFiveSym', style='normal', variant='normal', weight=400, stretch='normal', size='scalable')) = 10.05
LINE 1479: 2025-07-14 12:05:44,233 [DEBUG   ] findfont: score(FontEntry(fname='/usr/local/lib/python3.9/site-packages/matplotlib/mpl-data/fonts/ttf/cmsy10.ttf', name='cmsy10', style='normal', variant='normal', weight=400, stretch='normal', size='scalable')) = 10.05
LINE 1479: 2025-07-14 12:05:44,233 [DEBUG   ] findfont: score(FontEntry(fname='/usr/local/lib/python3.9/site-packages/matplotlib/mpl-data/fonts/ttf/cmmi10.ttf', name='cmmi10', style='normal', variant='normal', weight=400, stretch='normal', size='scalable')) = 10.05
LINE 1479: 2025-07-14 12:05:44,233 [DEBUG   ] findfont: score(FontEntry(fname='/usr/local/lib/python3.9/site-packages/matplotlib/mpl-data/fonts/ttf/STIXSizTwoSymBol.ttf', name='STIXSizeTwoSym', style='normal', variant='normal', weight=700, stretch='normal', size='scalable')) = 10.335
LINE 1479: 2025-07-14 12:05:44,233 [DEBUG   ] findfont: score(FontEntry(fname='/usr/local/lib/python3.9/site-packages/matplotlib/mpl-data/fonts/ttf/STIXNonUniIta.ttf', name='STIXNonUnicode', style='italic', variant='normal', weight=400, stretch='normal', size='scalable')) = 1.05
LINE 1479: 2025-07-14 12:05:44,233 [DEBUG   ] findfont: score(FontEntry(fname='/usr/local/lib/python3.9/site-packages/matplotlib/mpl-data/fonts/ttf/STIXGeneralItalic.ttf', name='STIXGeneral', style='italic', variant='normal', weight=400, stretch='normal', size='scalable')) = 11.05
LINE 1479: 2025-07-14 12:05:44,233 [DEBUG   ] findfont: score(FontEntry(fname='/usr/local/lib/python3.9/site-packages/matplotlib/mpl-data/fonts/ttf/DejaVuSans-Bold.ttf', name='DejaVu Sans', style='normal', variant='normal', weight=700, stretch='normal', size='scalable')) = 10.335
LINE 1479: 2025-07-14 12:05:44,233 [DEBUG   ] findfont: score(FontEntry(fname='/usr/local/lib/python3.9/site-packages/matplotlib/mpl-data/fonts/ttf/cmtt10.ttf', name='cmtt10', style='normal', variant='normal', weight=400, stretch='normal', size='scalable')) = 10.05
LINE 1479: 2025-07-14 12:05:44,234 [DEBUG   ] findfont: score(FontEntry(fname='/usr/local/lib/python3.9/site-packages/matplotlib/mpl-data/fonts/ttf/STIXSizTwoSymReg.ttf', name='STIXSizeTwoSym', style='normal', variant='normal', weight=400, stretch='normal', size='scalable')) = 10.05
LINE 1479: 2025-07-14 12:05:44,234 [DEBUG   ] findfont: score(FontEntry(fname='/usr/local/lib/python3.9/site-packages/matplotlib/mpl-data/fonts/ttf/DejaVuSans.ttf', name='DejaVu Sans', style='normal', variant='normal', weight=400, stretch='normal', size='scalable')) = 10.05
LINE 1479: 2025-07-14 12:05:44,234 [DEBUG   ] findfont: score(FontEntry(fname='/usr/local/lib/python3.9/site-packages/matplotlib/mpl-data/fonts/ttf/STIXGeneralBol.ttf', name='STIXGeneral', style='normal', variant='normal', weight=700, stretch='normal', size='scalable')) = 10.335
LINE 1479: 2025-07-14 12:05:44,234 [DEBUG   ] findfont: score(FontEntry(fname='/usr/local/lib/python3.9/site-packages/matplotlib/mpl-data/fonts/ttf/DejaVuSansMono-Oblique.ttf', name='DejaVu Sans Mono', style='oblique', variant='normal', weight=400, stretch='normal', size='scalable')) = 11.05
LINE 1479: 2025-07-14 12:05:44,234 [DEBUG   ] findfont: score(FontEntry(fname='/usr/local/lib/python3.9/site-packages/matplotlib/mpl-data/fonts/ttf/STIXGeneral.ttf', name='STIXGeneral', style='normal', variant='normal', weight=400, stretch='normal', size='scalable')) = 10.05
LINE 1479: 2025-07-14 12:05:44,234 [DEBUG   ] findfont: score(FontEntry(fname='/usr/local/lib/python3.9/site-packages/matplotlib/mpl-data/fonts/ttf/STIXGeneralBolIta.ttf', name='STIXGeneral', style='italic', variant='normal', weight=700, stretch='normal', size='scalable')) = 11.335
LINE 1479: 2025-07-14 12:05:44,234 [DEBUG   ] findfont: score(FontEntry(fname='/usr/local/lib/python3.9/site-packages/matplotlib/mpl-data/fonts/ttf/cmss10.ttf', name='cmss10', style='normal', variant='normal', weight=400, stretch='normal', size='scalable')) = 10.05
LINE 1479: 2025-07-14 12:05:44,234 [DEBUG   ] findfont: score(FontEntry(fname='/usr/local/lib/python3.9/site-packages/matplotlib/mpl-data/fonts/ttf/DejaVuSans-BoldOblique.ttf', name='DejaVu Sans', style='oblique', variant='normal', weight=700, stretch='normal', size='scalable')) = 11.335
LINE 1479: 2025-07-14 12:05:44,234 [DEBUG   ] findfont: score(FontEntry(fname='/usr/local/lib/python3.9/site-packages/matplotlib/mpl-data/fonts/ttf/STIXSizOneSymBol.ttf', name='STIXSizeOneSym', style='normal', variant='normal', weight=700, stretch='normal', size='scalable')) = 10.335
LINE 1479: 2025-07-14 12:05:44,234 [DEBUG   ] findfont: score(FontEntry(fname='/usr/local/lib/python3.9/site-packages/matplotlib/mpl-data/fonts/ttf/STIXSizThreeSymBol.ttf', name='STIXSizeThreeSym', style='normal', variant='normal', weight=700, stretch='normal', size='scalable')) = 10.335
LINE 1479: 2025-07-14 12:05:44,234 [DEBUG   ] findfont: score(FontEntry(fname='/usr/local/lib/python3.9/site-packages/matplotlib/mpl-data/fonts/ttf/STIXSizOneSymReg.ttf', name='STIXSizeOneSym', style='normal', variant='normal', weight=400, stretch='normal', size='scalable')) = 10.05
LINE 1479: 2025-07-14 12:05:44,234 [DEBUG   ] findfont: score(FontEntry(fname='/usr/local/lib/python3.9/site-packages/matplotlib/mpl-data/fonts/ttf/STIXNonUniBolIta.ttf', name='STIXNonUnicode', style='italic', variant='normal', weight=700, stretch='normal', size='scalable')) = 1.335
LINE 1479: 2025-07-14 12:05:44,234 [DEBUG   ] findfont: score(FontEntry(fname='/usr/share/fonts/truetype/dejavu/DejaVuSansMono-Bold.ttf', name='DejaVu Sans Mono', style='normal', variant='normal', weight=700, stretch='normal', size='scalable')) = 10.335
LINE 1479: 2025-07-14 12:05:44,234 [DEBUG   ] findfont: score(FontEntry(fname='/usr/share/fonts/truetype/dejavu/DejaVuSansMono.ttf', name='DejaVu Sans Mono', style='normal', variant='normal', weight=400, stretch='normal', size='scalable')) = 10.05
LINE 1479: 2025-07-14 12:05:44,234 [DEBUG   ] findfont: score(FontEntry(fname='/usr/share/fonts/truetype/dejavu/DejaVuSans-Bold.ttf', name='DejaVu Sans', style='normal', variant='normal', weight=700, stretch='normal', size='scalable')) = 10.335
LINE 1479: 2025-07-14 12:05:44,234 [DEBUG   ] findfont: score(FontEntry(fname='/usr/share/fonts/truetype/dejavu/DejaVuSerif-Bold.ttf', name='DejaVu Serif', style='normal', variant='normal', weight=700, stretch='normal', size='scalable')) = 10.335
LINE 1479: 2025-07-14 12:05:44,234 [DEBUG   ] findfont: score(FontEntry(fname='/usr/share/fonts/truetype/dejavu/DejaVuSerif.ttf', name='DejaVu Serif', style='normal', variant='normal', weight=400, stretch='normal', size='scalable')) = 10.05
LINE 1479: 2025-07-14 12:05:44,234 [DEBUG   ] findfont: score(FontEntry(fname='/usr/share/fonts/truetype/dejavu/DejaVuSans.ttf', name='DejaVu Sans', style='normal', variant='normal', weight=400, stretch='normal', size='scalable')) = 10.05
LINE 1508: 2025-07-14 12:05:44,234 [DEBUG   ] findfont: Matching STIXNonUnicode:style=normal:variant=normal:weight=normal:stretch=normal:size=10.0 to STIXNonUnicode ('/usr/local/lib/python3.9/site-packages/matplotlib/mpl-data/fonts/ttf/STIXNonUni.ttf') with score of 0.050000.
LINE 1467: 2025-07-14 12:05:44,234 [DEBUG   ] findfont: Matching STIXNonUnicode:style=italic:variant=normal:weight=normal:stretch=normal:size=10.0.
LINE 1479: 2025-07-14 12:05:44,234 [DEBUG   ] findfont: score(FontEntry(fname='/usr/local/lib/python3.9/site-packages/matplotlib/mpl-data/fonts/ttf/STIXSizFourSymBol.ttf', name='STIXSizeFourSym', style='normal', variant='normal', weight=700, stretch='normal', size='scalable')) = 11.335
LINE 1479: 2025-07-14 12:05:44,234 [DEBUG   ] findfont: score(FontEntry(fname='/usr/local/lib/python3.9/site-packages/matplotlib/mpl-data/fonts/ttf/DejaVuSansDisplay.ttf', name='DejaVu Sans Display', style='normal', variant='normal', weight=400, stretch='normal', size='scalable')) = 11.05
LINE 1479: 2025-07-14 12:05:44,234 [DEBUG   ] findfont: score(FontEntry(fname='/usr/local/lib/python3.9/site-packages/matplotlib/mpl-data/fonts/ttf/cmr10.ttf', name='cmr10', style='normal', variant='normal', weight=400, stretch='normal', size='scalable')) = 11.05
LINE 1479: 2025-07-14 12:05:44,234 [DEBUG   ] findfont: score(FontEntry(fname='/usr/local/lib/python3.9/site-packages/matplotlib/mpl-data/fonts/ttf/DejaVuSans-Oblique.ttf', name='DejaVu Sans', style='oblique', variant='normal', weight=400, stretch='normal', size='scalable')) = 10.15
LINE 1479: 2025-07-14 12:05:44,234 [DEBUG   ] findfont: score(FontEntry(fname='/usr/local/lib/python3.9/site-packages/matplotlib/mpl-data/fonts/ttf/DejaVuSerifDisplay.ttf', name='DejaVu Serif Display', style='normal', variant='normal', weight=400, stretch='normal', size='scalable')) = 11.05
LINE 1479: 2025-07-14 12:05:44,234 [DEBUG   ] findfont: score(FontEntry(fname='/usr/local/lib/python3.9/site-packages/matplotlib/mpl-data/fonts/ttf/DejaVuSansMono-BoldOblique.ttf', name='DejaVu Sans Mono', style='oblique', variant='normal', weight=700, stretch='normal', size='scalable')) = 10.434999999999999
LINE 1479: 2025-07-14 12:05:44,234 [DEBUG   ] findfont: score(FontEntry(fname='/usr/local/lib/python3.9/site-packages/matplotlib/mpl-data/fonts/ttf/STIXNonUniBol.ttf', name='STIXNonUnicode', style='normal', variant='normal', weight=700, stretch='normal', size='scalable')) = 1.335
LINE 1479: 2025-07-14 12:05:44,235 [DEBUG   ] findfont: score(FontEntry(fname='/usr/local/lib/python3.9/site-packages/matplotlib/mpl-data/fonts/ttf/DejaVuSerif-Italic.ttf', name='DejaVu Serif', style='italic', variant='normal', weight=400, stretch='normal', size='scalable')) = 10.05
LINE 1479: 2025-07-14 12:05:44,235 [DEBUG   ] findfont: score(FontEntry(fname='/usr/local/lib/python3.9/site-packages/matplotlib/mpl-data/fonts/ttf/DejaVuSerif.ttf', name='DejaVu Serif', style='normal', variant='normal', weight=400, stretch='normal', size='scalable')) = 11.05
LINE 1479: 2025-07-14 12:05:44,235 [DEBUG   ] findfont: score(FontEntry(fname='/usr/local/lib/python3.9/site-packages/matplotlib/mpl-data/fonts/ttf/cmex10.ttf', name='cmex10', style='normal', variant='normal', weight=400, stretch='normal', size='scalable')) = 11.05
LINE 1479: 2025-07-14 12:05:44,235 [DEBUG   ] findfont: score(FontEntry(fname='/usr/local/lib/python3.9/site-packages/matplotlib/mpl-data/fonts/ttf/DejaVuSansMono.ttf', name='DejaVu Sans Mono', style='normal', variant='normal', weight=400, stretch='normal', size='scalable')) = 11.05
LINE 1479: 2025-07-14 12:05:44,235 [DEBUG   ] findfont: score(FontEntry(fname='/usr/local/lib/python3.9/site-packages/matplotlib/mpl-data/fonts/ttf/STIXSizFourSymReg.ttf', name='STIXSizeFourSym', style='normal', variant='normal', weight=400, stretch='normal', size='scalable')) = 11.05
LINE 1479: 2025-07-14 12:05:44,235 [DEBUG   ] findfont: score(FontEntry(fname='/usr/local/lib/python3.9/site-packages/matplotlib/mpl-data/fonts/ttf/DejaVuSerif-BoldItalic.ttf', name='DejaVu Serif', style='italic', variant='normal', weight=700, stretch='normal', size='scalable')) = 10.335
LINE 1479: 2025-07-14 12:05:44,235 [DEBUG   ] findfont: score(FontEntry(fname='/usr/local/lib/python3.9/site-packages/matplotlib/mpl-data/fonts/ttf/cmb10.ttf', name='cmb10', style='normal', variant='normal', weight=400, stretch='normal', size='scalable')) = 11.05
LINE 1479: 2025-07-14 12:05:44,235 [DEBUG   ] findfont: score(FontEntry(fname='/usr/local/lib/python3.9/site-packages/matplotlib/mpl-data/fonts/ttf/STIXNonUni.ttf', name='STIXNonUnicode', style='normal', variant='normal', weight=400, stretch='normal', size='scalable')) = 1.05
LINE 1479: 2025-07-14 12:05:44,235 [DEBUG   ] findfont: score(FontEntry(fname='/usr/local/lib/python3.9/site-packages/matplotlib/mpl-data/fonts/ttf/DejaVuSerif-Bold.ttf', name='DejaVu Serif', style='normal', variant='normal', weight=700, stretch='normal', size='scalable')) = 11.335
LINE 1479: 2025-07-14 12:05:44,235 [DEBUG   ] findfont: score(FontEntry(fname='/usr/local/lib/python3.9/site-packages/matplotlib/mpl-data/fonts/ttf/DejaVuSansMono-Bold.ttf', name='DejaVu Sans Mono', style='normal', variant='normal', weight=700, stretch='normal', size='scalable')) = 11.335
LINE 1479: 2025-07-14 12:05:44,235 [DEBUG   ] findfont: score(FontEntry(fname='/usr/local/lib/python3.9/site-packages/matplotlib/mpl-data/fonts/ttf/STIXSizThreeSymReg.ttf', name='STIXSizeThreeSym', style='normal', variant='normal', weight=400, stretch='normal', size='scalable')) = 11.05
LINE 1479: 2025-07-14 12:05:44,235 [DEBUG   ] findfont: score(FontEntry(fname='/usr/local/lib/python3.9/site-packages/matplotlib/mpl-data/fonts/ttf/STIXSizFiveSymReg.ttf', name='STIXSizeFiveSym', style='normal', variant='normal', weight=400, stretch='normal', size='scalable')) = 11.05
LINE 1479: 2025-07-14 12:05:44,235 [DEBUG   ] findfont: score(FontEntry(fname='/usr/local/lib/python3.9/site-packages/matplotlib/mpl-data/fonts/ttf/cmsy10.ttf', name='cmsy10', style='normal', variant='normal', weight=400, stretch='normal', size='scalable')) = 11.05
LINE 1479: 2025-07-14 12:05:44,235 [DEBUG   ] findfont: score(FontEntry(fname='/usr/local/lib/python3.9/site-packages/matplotlib/mpl-data/fonts/ttf/cmmi10.ttf', name='cmmi10', style='normal', variant='normal', weight=400, stretch='normal', size='scalable')) = 11.05
LINE 1479: 2025-07-14 12:05:44,235 [DEBUG   ] findfont: score(FontEntry(fname='/usr/local/lib/python3.9/site-packages/matplotlib/mpl-data/fonts/ttf/STIXSizTwoSymBol.ttf', name='STIXSizeTwoSym', style='normal', variant='normal', weight=700, stretch='normal', size='scalable')) = 11.335
LINE 1479: 2025-07-14 12:05:44,235 [DEBUG   ] findfont: score(FontEntry(fname='/usr/local/lib/python3.9/site-packages/matplotlib/mpl-data/fonts/ttf/STIXNonUniIta.ttf', name='STIXNonUnicode', style='italic', variant='normal', weight=400, stretch='normal', size='scalable')) = 0.05
LINE 1479: 2025-07-14 12:05:44,235 [DEBUG   ] findfont: score(FontEntry(fname='/usr/local/lib/python3.9/site-packages/matplotlib/mpl-data/fonts/ttf/STIXGeneralItalic.ttf', name='STIXGeneral', style='italic', variant='normal', weight=400, stretch='normal', size='scalable')) = 10.05
LINE 1479: 2025-07-14 12:05:44,235 [DEBUG   ] findfont: score(FontEntry(fname='/usr/local/lib/python3.9/site-packages/matplotlib/mpl-data/fonts/ttf/DejaVuSans-Bold.ttf', name='DejaVu Sans', style='normal', variant='normal', weight=700, stretch='normal', size='scalable')) = 11.335
LINE 1479: 2025-07-14 12:05:44,235 [DEBUG   ] findfont: score(FontEntry(fname='/usr/local/lib/python3.9/site-packages/matplotlib/mpl-data/fonts/ttf/cmtt10.ttf', name='cmtt10', style='normal', variant='normal', weight=400, stretch='normal', size='scalable')) = 11.05
LINE 1479: 2025-07-14 12:05:44,235 [DEBUG   ] findfont: score(FontEntry(fname='/usr/local/lib/python3.9/site-packages/matplotlib/mpl-data/fonts/ttf/STIXSizTwoSymReg.ttf', name='STIXSizeTwoSym', style='normal', variant='normal', weight=400, stretch='normal', size='scalable')) = 11.05
LINE 1479: 2025-07-14 12:05:44,235 [DEBUG   ] findfont: score(FontEntry(fname='/usr/local/lib/python3.9/site-packages/matplotlib/mpl-data/fonts/ttf/DejaVuSans.ttf', name='DejaVu Sans', style='normal', variant='normal', weight=400, stretch='normal', size='scalable')) = 11.05
LINE 1479: 2025-07-14 12:05:44,235 [DEBUG   ] findfont: score(FontEntry(fname='/usr/local/lib/python3.9/site-packages/matplotlib/mpl-data/fonts/ttf/STIXGeneralBol.ttf', name='STIXGeneral', style='normal', variant='normal', weight=700, stretch='normal', size='scalable')) = 11.335
LINE 1479: 2025-07-14 12:05:44,235 [DEBUG   ] findfont: score(FontEntry(fname='/usr/local/lib/python3.9/site-packages/matplotlib/mpl-data/fonts/ttf/DejaVuSansMono-Oblique.ttf', name='DejaVu Sans Mono', style='oblique', variant='normal', weight=400, stretch='normal', size='scalable')) = 10.15
LINE 1479: 2025-07-14 12:05:44,235 [DEBUG   ] findfont: score(FontEntry(fname='/usr/local/lib/python3.9/site-packages/matplotlib/mpl-data/fonts/ttf/STIXGeneral.ttf', name='STIXGeneral', style='normal', variant='normal', weight=400, stretch='normal', size='scalable')) = 11.05
LINE 1479: 2025-07-14 12:05:44,235 [DEBUG   ] findfont: score(FontEntry(fname='/usr/local/lib/python3.9/site-packages/matplotlib/mpl-data/fonts/ttf/STIXGeneralBolIta.ttf', name='STIXGeneral', style='italic', variant='normal', weight=700, stretch='normal', size='scalable')) = 10.335
LINE 1479: 2025-07-14 12:05:44,235 [DEBUG   ] findfont: score(FontEntry(fname='/usr/local/lib/python3.9/site-packages/matplotlib/mpl-data/fonts/ttf/cmss10.ttf', name='cmss10', style='normal', variant='normal', weight=400, stretch='normal', size='scalable')) = 11.05
LINE 1479: 2025-07-14 12:05:44,235 [DEBUG   ] findfont: score(FontEntry(fname='/usr/local/lib/python3.9/site-packages/matplotlib/mpl-data/fonts/ttf/DejaVuSans-BoldOblique.ttf', name='DejaVu Sans', style='oblique', variant='normal', weight=700, stretch='normal', size='scalable')) = 10.434999999999999
LINE 1479: 2025-07-14 12:05:44,235 [DEBUG   ] findfont: score(FontEntry(fname='/usr/local/lib/python3.9/site-packages/matplotlib/mpl-data/fonts/ttf/STIXSizOneSymBol.ttf', name='STIXSizeOneSym', style='normal', variant='normal', weight=700, stretch='normal', size='scalable')) = 11.335
LINE 1479: 2025-07-14 12:05:44,235 [DEBUG   ] findfont: score(FontEntry(fname='/usr/local/lib/python3.9/site-packages/matplotlib/mpl-data/fonts/ttf/STIXSizThreeSymBol.ttf', name='STIXSizeThreeSym', style='normal', variant='normal', weight=700, stretch='normal', size='scalable')) = 11.335
LINE 1479: 2025-07-14 12:05:44,235 [DEBUG   ] findfont: score(FontEntry(fname='/usr/local/lib/python3.9/site-packages/matplotlib/mpl-data/fonts/ttf/STIXSizOneSymReg.ttf', name='STIXSizeOneSym', style='normal', variant='normal', weight=400, stretch='normal', size='scalable')) = 11.05
LINE 1479: 2025-07-14 12:05:44,235 [DEBUG   ] findfont: score(FontEntry(fname='/usr/local/lib/python3.9/site-packages/matplotlib/mpl-data/fonts/ttf/STIXNonUniBolIta.ttf', name='STIXNonUnicode', style='italic', variant='normal', weight=700, stretch='normal', size='scalable')) = 0.33499999999999996
LINE 1479: 2025-07-14 12:05:44,235 [DEBUG   ] findfont: score(FontEntry(fname='/usr/share/fonts/truetype/dejavu/DejaVuSansMono-Bold.ttf', name='DejaVu Sans Mono', style='normal', variant='normal', weight=700, stretch='normal', size='scalable')) = 11.335
LINE 1479: 2025-07-14 12:05:44,235 [DEBUG   ] findfont: score(FontEntry(fname='/usr/share/fonts/truetype/dejavu/DejaVuSansMono.ttf', name='DejaVu Sans Mono', style='normal', variant='normal', weight=400, stretch='normal', size='scalable')) = 11.05
LINE 1479: 2025-07-14 12:05:44,235 [DEBUG   ] findfont: score(FontEntry(fname='/usr/share/fonts/truetype/dejavu/DejaVuSans-Bold.ttf', name='DejaVu Sans', style='normal', variant='normal', weight=700, stretch='normal', size='scalable')) = 11.335
LINE 1479: 2025-07-14 12:05:44,235 [DEBUG   ] findfont: score(FontEntry(fname='/usr/share/fonts/truetype/dejavu/DejaVuSerif-Bold.ttf', name='DejaVu Serif', style='normal', variant='normal', weight=700, stretch='normal', size='scalable')) = 11.335
LINE 1479: 2025-07-14 12:05:44,235 [DEBUG   ] findfont: score(FontEntry(fname='/usr/share/fonts/truetype/dejavu/DejaVuSerif.ttf', name='DejaVu Serif', style='normal', variant='normal', weight=400, stretch='normal', size='scalable')) = 11.05
LINE 1479: 2025-07-14 12:05:44,235 [DEBUG   ] findfont: score(FontEntry(fname='/usr/share/fonts/truetype/dejavu/DejaVuSans.ttf', name='DejaVu Sans', style='normal', variant='normal', weight=400, stretch='normal', size='scalable')) = 11.05
LINE 1508: 2025-07-14 12:05:44,235 [DEBUG   ] findfont: Matching STIXNonUnicode:style=italic:variant=normal:weight=normal:stretch=normal:size=10.0 to STIXNonUnicode ('/usr/local/lib/python3.9/site-packages/matplotlib/mpl-data/fonts/ttf/STIXNonUniIta.ttf') with score of 0.050000.
LINE 1467: 2025-07-14 12:05:44,236 [DEBUG   ] findfont: Matching STIXNonUnicode:style=normal:variant=normal:weight=bold:stretch=normal:size=10.0.
LINE 1479: 2025-07-14 12:05:44,236 [DEBUG   ] findfont: score(FontEntry(fname='/usr/local/lib/python3.9/site-packages/matplotlib/mpl-data/fonts/ttf/STIXSizFourSymBol.ttf', name='STIXSizeFourSym', style='normal', variant='normal', weight=700, stretch='normal', size='scalable')) = 10.05
LINE 1479: 2025-07-14 12:05:44,236 [DEBUG   ] findfont: score(FontEntry(fname='/usr/local/lib/python3.9/site-packages/matplotlib/mpl-data/fonts/ttf/DejaVuSansDisplay.ttf', name='DejaVu Sans Display', style='normal', variant='normal', weight=400, stretch='normal', size='scalable')) = 10.335
LINE 1479: 2025-07-14 12:05:44,236 [DEBUG   ] findfont: score(FontEntry(fname='/usr/local/lib/python3.9/site-packages/matplotlib/mpl-data/fonts/ttf/cmr10.ttf', name='cmr10', style='normal', variant='normal', weight=400, stretch='normal', size='scalable')) = 10.335
LINE 1479: 2025-07-14 12:05:44,236 [DEBUG   ] findfont: score(FontEntry(fname='/usr/local/lib/python3.9/site-packages/matplotlib/mpl-data/fonts/ttf/DejaVuSans-Oblique.ttf', name='DejaVu Sans', style='oblique', variant='normal', weight=400, stretch='normal', size='scalable')) = 11.335
LINE 1479: 2025-07-14 12:05:44,236 [DEBUG   ] findfont: score(FontEntry(fname='/usr/local/lib/python3.9/site-packages/matplotlib/mpl-data/fonts/ttf/DejaVuSerifDisplay.ttf', name='DejaVu Serif Display', style='normal', variant='normal', weight=400, stretch='normal', size='scalable')) = 10.335
LINE 1479: 2025-07-14 12:05:44,236 [DEBUG   ] findfont: score(FontEntry(fname='/usr/local/lib/python3.9/site-packages/matplotlib/mpl-data/fonts/ttf/DejaVuSansMono-BoldOblique.ttf', name='DejaVu Sans Mono', style='oblique', variant='normal', weight=700, stretch='normal', size='scalable')) = 11.05
LINE 1479: 2025-07-14 12:05:44,236 [DEBUG   ] findfont: score(FontEntry(fname='/usr/local/lib/python3.9/site-packages/matplotlib/mpl-data/fonts/ttf/STIXNonUniBol.ttf', name='STIXNonUnicode', style='normal', variant='normal', weight=700, stretch='normal', size='scalable')) = 0.05
LINE 1479: 2025-07-14 12:05:44,236 [DEBUG   ] findfont: score(FontEntry(fname='/usr/local/lib/python3.9/site-packages/matplotlib/mpl-data/fonts/ttf/DejaVuSerif-Italic.ttf', name='DejaVu Serif', style='italic', variant='normal', weight=400, stretch='normal', size='scalable')) = 11.335
LINE 1479: 2025-07-14 12:05:44,236 [DEBUG   ] findfont: score(FontEntry(fname='/usr/local/lib/python3.9/site-packages/matplotlib/mpl-data/fonts/ttf/DejaVuSerif.ttf', name='DejaVu Serif', style='normal', variant='normal', weight=400, stretch='normal', size='scalable')) = 10.335
LINE 1479: 2025-07-14 12:05:44,236 [DEBUG   ] findfont: score(FontEntry(fname='/usr/local/lib/python3.9/site-packages/matplotlib/mpl-data/fonts/ttf/cmex10.ttf', name='cmex10', style='normal', variant='normal', weight=400, stretch='normal', size='scalable')) = 10.335
LINE 1479: 2025-07-14 12:05:44,236 [DEBUG   ] findfont: score(FontEntry(fname='/usr/local/lib/python3.9/site-packages/matplotlib/mpl-data/fonts/ttf/DejaVuSansMono.ttf', name='DejaVu Sans Mono', style='normal', variant='normal', weight=400, stretch='normal', size='scalable')) = 10.335
LINE 1479: 2025-07-14 12:05:44,236 [DEBUG   ] findfont: score(FontEntry(fname='/usr/local/lib/python3.9/site-packages/matplotlib/mpl-data/fonts/ttf/STIXSizFourSymReg.ttf', name='STIXSizeFourSym', style='normal', variant='normal', weight=400, stretch='normal', size='scalable')) = 10.335
LINE 1479: 2025-07-14 12:05:44,236 [DEBUG   ] findfont: score(FontEntry(fname='/usr/local/lib/python3.9/site-packages/matplotlib/mpl-data/fonts/ttf/DejaVuSerif-BoldItalic.ttf', name='DejaVu Serif', style='italic', variant='normal', weight=700, stretch='normal', size='scalable')) = 11.05
LINE 1479: 2025-07-14 12:05:44,236 [DEBUG   ] findfont: score(FontEntry(fname='/usr/local/lib/python3.9/site-packages/matplotlib/mpl-data/fonts/ttf/cmb10.ttf', name='cmb10', style='normal', variant='normal', weight=400, stretch='normal', size='scalable')) = 10.335
LINE 1479: 2025-07-14 12:05:44,236 [DEBUG   ] findfont: score(FontEntry(fname='/usr/local/lib/python3.9/site-packages/matplotlib/mpl-data/fonts/ttf/STIXNonUni.ttf', name='STIXNonUnicode', style='normal', variant='normal', weight=400, stretch='normal', size='scalable')) = 0.33499999999999996
LINE 1479: 2025-07-14 12:05:44,236 [DEBUG   ] findfont: score(FontEntry(fname='/usr/local/lib/python3.9/site-packages/matplotlib/mpl-data/fonts/ttf/DejaVuSerif-Bold.ttf', name='DejaVu Serif', style='normal', variant='normal', weight=700, stretch='normal', size='scalable')) = 10.05
LINE 1479: 2025-07-14 12:05:44,236 [DEBUG   ] findfont: score(FontEntry(fname='/usr/local/lib/python3.9/site-packages/matplotlib/mpl-data/fonts/ttf/DejaVuSansMono-Bold.ttf', name='DejaVu Sans Mono', style='normal', variant='normal', weight=700, stretch='normal', size='scalable')) = 10.05
LINE 1479: 2025-07-14 12:05:44,236 [DEBUG   ] findfont: score(FontEntry(fname='/usr/local/lib/python3.9/site-packages/matplotlib/mpl-data/fonts/ttf/STIXSizThreeSymReg.ttf', name='STIXSizeThreeSym', style='normal', variant='normal', weight=400, stretch='normal', size='scalable')) = 10.335
LINE 1479: 2025-07-14 12:05:44,236 [DEBUG   ] findfont: score(FontEntry(fname='/usr/local/lib/python3.9/site-packages/matplotlib/mpl-data/fonts/ttf/STIXSizFiveSymReg.ttf', name='STIXSizeFiveSym', style='normal', variant='normal', weight=400, stretch='normal', size='scalable')) = 10.335
LINE 1479: 2025-07-14 12:05:44,236 [DEBUG   ] findfont: score(FontEntry(fname='/usr/local/lib/python3.9/site-packages/matplotlib/mpl-data/fonts/ttf/cmsy10.ttf', name='cmsy10', style='normal', variant='normal', weight=400, stretch='normal', size='scalable')) = 10.335
LINE 1479: 2025-07-14 12:05:44,236 [DEBUG   ] findfont: score(FontEntry(fname='/usr/local/lib/python3.9/site-packages/matplotlib/mpl-data/fonts/ttf/cmmi10.ttf', name='cmmi10', style='normal', variant='normal', weight=400, stretch='normal', size='scalable')) = 10.335
LINE 1479: 2025-07-14 12:05:44,236 [DEBUG   ] findfont: score(FontEntry(fname='/usr/local/lib/python3.9/site-packages/matplotlib/mpl-data/fonts/ttf/STIXSizTwoSymBol.ttf', name='STIXSizeTwoSym', style='normal', variant='normal', weight=700, stretch='normal', size='scalable')) = 10.05
LINE 1479: 2025-07-14 12:05:44,236 [DEBUG   ] findfont: score(FontEntry(fname='/usr/local/lib/python3.9/site-packages/matplotlib/mpl-data/fonts/ttf/STIXNonUniIta.ttf', name='STIXNonUnicode', style='italic', variant='normal', weight=400, stretch='normal', size='scalable')) = 1.335
LINE 1479: 2025-07-14 12:05:44,236 [DEBUG   ] findfont: score(FontEntry(fname='/usr/local/lib/python3.9/site-packages/matplotlib/mpl-data/fonts/ttf/STIXGeneralItalic.ttf', name='STIXGeneral', style='italic', variant='normal', weight=400, stretch='normal', size='scalable')) = 11.335
LINE 1479: 2025-07-14 12:05:44,236 [DEBUG   ] findfont: score(FontEntry(fname='/usr/local/lib/python3.9/site-packages/matplotlib/mpl-data/fonts/ttf/DejaVuSans-Bold.ttf', name='DejaVu Sans', style='normal', variant='normal', weight=700, stretch='normal', size='scalable')) = 10.05
LINE 1479: 2025-07-14 12:05:44,236 [DEBUG   ] findfont: score(FontEntry(fname='/usr/local/lib/python3.9/site-packages/matplotlib/mpl-data/fonts/ttf/cmtt10.ttf', name='cmtt10', style='normal', variant='normal', weight=400, stretch='normal', size='scalable')) = 10.335
LINE 1479: 2025-07-14 12:05:44,236 [DEBUG   ] findfont: score(FontEntry(fname='/usr/local/lib/python3.9/site-packages/matplotlib/mpl-data/fonts/ttf/STIXSizTwoSymReg.ttf', name='STIXSizeTwoSym', style='normal', variant='normal', weight=400, stretch='normal', size='scalable')) = 10.335
LINE 1479: 2025-07-14 12:05:44,237 [DEBUG   ] findfont: score(FontEntry(fname='/usr/local/lib/python3.9/site-packages/matplotlib/mpl-data/fonts/ttf/DejaVuSans.ttf', name='DejaVu Sans', style='normal', variant='normal', weight=400, stretch='normal', size='scalable')) = 10.335
LINE 1479: 2025-07-14 12:05:44,237 [DEBUG   ] findfont: score(FontEntry(fname='/usr/local/lib/python3.9/site-packages/matplotlib/mpl-data/fonts/ttf/STIXGeneralBol.ttf', name='STIXGeneral', style='normal', variant='normal', weight=700, stretch='normal', size='scalable')) = 10.05
LINE 1479: 2025-07-14 12:05:44,237 [DEBUG   ] findfont: score(FontEntry(fname='/usr/local/lib/python3.9/site-packages/matplotlib/mpl-data/fonts/ttf/DejaVuSansMono-Oblique.ttf', name='DejaVu Sans Mono', style='oblique', variant='normal', weight=400, stretch='normal', size='scalable')) = 11.335
LINE 1479: 2025-07-14 12:05:44,237 [DEBUG   ] findfont: score(FontEntry(fname='/usr/local/lib/python3.9/site-packages/matplotlib/mpl-data/fonts/ttf/STIXGeneral.ttf', name='STIXGeneral', style='normal', variant='normal', weight=400, stretch='normal', size='scalable')) = 10.335
LINE 1479: 2025-07-14 12:05:44,237 [DEBUG   ] findfont: score(FontEntry(fname='/usr/local/lib/python3.9/site-packages/matplotlib/mpl-data/fonts/ttf/STIXGeneralBolIta.ttf', name='STIXGeneral', style='italic', variant='normal', weight=700, stretch='normal', size='scalable')) = 11.05
LINE 1479: 2025-07-14 12:05:44,237 [DEBUG   ] findfont: score(FontEntry(fname='/usr/local/lib/python3.9/site-packages/matplotlib/mpl-data/fonts/ttf/cmss10.ttf', name='cmss10', style='normal', variant='normal', weight=400, stretch='normal', size='scalable')) = 10.335
LINE 1479: 2025-07-14 12:05:44,237 [DEBUG   ] findfont: score(FontEntry(fname='/usr/local/lib/python3.9/site-packages/matplotlib/mpl-data/fonts/ttf/DejaVuSans-BoldOblique.ttf', name='DejaVu Sans', style='oblique', variant='normal', weight=700, stretch='normal', size='scalable')) = 11.05
LINE 1479: 2025-07-14 12:05:44,237 [DEBUG   ] findfont: score(FontEntry(fname='/usr/local/lib/python3.9/site-packages/matplotlib/mpl-data/fonts/ttf/STIXSizOneSymBol.ttf', name='STIXSizeOneSym', style='normal', variant='normal', weight=700, stretch='normal', size='scalable')) = 10.05
LINE 1479: 2025-07-14 12:05:44,237 [DEBUG   ] findfont: score(FontEntry(fname='/usr/local/lib/python3.9/site-packages/matplotlib/mpl-data/fonts/ttf/STIXSizThreeSymBol.ttf', name='STIXSizeThreeSym', style='normal', variant='normal', weight=700, stretch='normal', size='scalable')) = 10.05
LINE 1479: 2025-07-14 12:05:44,237 [DEBUG   ] findfont: score(FontEntry(fname='/usr/local/lib/python3.9/site-packages/matplotlib/mpl-data/fonts/ttf/STIXSizOneSymReg.ttf', name='STIXSizeOneSym', style='normal', variant='normal', weight=400, stretch='normal', size='scalable')) = 10.335
LINE 1479: 2025-07-14 12:05:44,237 [DEBUG   ] findfont: score(FontEntry(fname='/usr/local/lib/python3.9/site-packages/matplotlib/mpl-data/fonts/ttf/STIXNonUniBolIta.ttf', name='STIXNonUnicode', style='italic', variant='normal', weight=700, stretch='normal', size='scalable')) = 1.05
LINE 1479: 2025-07-14 12:05:44,237 [DEBUG   ] findfont: score(FontEntry(fname='/usr/share/fonts/truetype/dejavu/DejaVuSansMono-Bold.ttf', name='DejaVu Sans Mono', style='normal', variant='normal', weight=700, stretch='normal', size='scalable')) = 10.05
LINE 1479: 2025-07-14 12:05:44,237 [DEBUG   ] findfont: score(FontEntry(fname='/usr/share/fonts/truetype/dejavu/DejaVuSansMono.ttf', name='DejaVu Sans Mono', style='normal', variant='normal', weight=400, stretch='normal', size='scalable')) = 10.335
LINE 1479: 2025-07-14 12:05:44,237 [DEBUG   ] findfont: score(FontEntry(fname='/usr/share/fonts/truetype/dejavu/DejaVuSans-Bold.ttf', name='DejaVu Sans', style='normal', variant='normal', weight=700, stretch='normal', size='scalable')) = 10.05
LINE 1479: 2025-07-14 12:05:44,237 [DEBUG   ] findfont: score(FontEntry(fname='/usr/share/fonts/truetype/dejavu/DejaVuSerif-Bold.ttf', name='DejaVu Serif', style='normal', variant='normal', weight=700, stretch='normal', size='scalable')) = 10.05
LINE 1479: 2025-07-14 12:05:44,237 [DEBUG   ] findfont: score(FontEntry(fname='/usr/share/fonts/truetype/dejavu/DejaVuSerif.ttf', name='DejaVu Serif', style='normal', variant='normal', weight=400, stretch='normal', size='scalable')) = 10.335
LINE 1479: 2025-07-14 12:05:44,237 [DEBUG   ] findfont: score(FontEntry(fname='/usr/share/fonts/truetype/dejavu/DejaVuSans.ttf', name='DejaVu Sans', style='normal', variant='normal', weight=400, stretch='normal', size='scalable')) = 10.335
LINE 1508: 2025-07-14 12:05:44,237 [DEBUG   ] findfont: Matching STIXNonUnicode:style=normal:variant=normal:weight=bold:stretch=normal:size=10.0 to STIXNonUnicode ('/usr/local/lib/python3.9/site-packages/matplotlib/mpl-data/fonts/ttf/STIXNonUniBol.ttf') with score of 0.050000.
LINE 1467: 2025-07-14 12:05:44,237 [DEBUG   ] findfont: Matching STIXSizeOneSym:style=normal:variant=normal:weight=normal:stretch=normal:size=10.0.
LINE 1479: 2025-07-14 12:05:44,237 [DEBUG   ] findfont: score(FontEntry(fname='/usr/local/lib/python3.9/site-packages/matplotlib/mpl-data/fonts/ttf/STIXSizFourSymBol.ttf', name='STIXSizeFourSym', style='normal', variant='normal', weight=700, stretch='normal', size='scalable')) = 10.335
LINE 1479: 2025-07-14 12:05:44,237 [DEBUG   ] findfont: score(FontEntry(fname='/usr/local/lib/python3.9/site-packages/matplotlib/mpl-data/fonts/ttf/DejaVuSansDisplay.ttf', name='DejaVu Sans Display', style='normal', variant='normal', weight=400, stretch='normal', size='scalable')) = 10.05
LINE 1479: 2025-07-14 12:05:44,237 [DEBUG   ] findfont: score(FontEntry(fname='/usr/local/lib/python3.9/site-packages/matplotlib/mpl-data/fonts/ttf/cmr10.ttf', name='cmr10', style='normal', variant='normal', weight=400, stretch='normal', size='scalable')) = 10.05
LINE 1479: 2025-07-14 12:05:44,237 [DEBUG   ] findfont: score(FontEntry(fname='/usr/local/lib/python3.9/site-packages/matplotlib/mpl-data/fonts/ttf/DejaVuSans-Oblique.ttf', name='DejaVu Sans', style='oblique', variant='normal', weight=400, stretch='normal', size='scalable')) = 11.05
LINE 1479: 2025-07-14 12:05:44,237 [DEBUG   ] findfont: score(FontEntry(fname='/usr/local/lib/python3.9/site-packages/matplotlib/mpl-data/fonts/ttf/DejaVuSerifDisplay.ttf', name='DejaVu Serif Display', style='normal', variant='normal', weight=400, stretch='normal', size='scalable')) = 10.05
LINE 1479: 2025-07-14 12:05:44,237 [DEBUG   ] findfont: score(FontEntry(fname='/usr/local/lib/python3.9/site-packages/matplotlib/mpl-data/fonts/ttf/DejaVuSansMono-BoldOblique.ttf', name='DejaVu Sans Mono', style='oblique', variant='normal', weight=700, stretch='normal', size='scalable')) = 11.335
LINE 1479: 2025-07-14 12:05:44,237 [DEBUG   ] findfont: score(FontEntry(fname='/usr/local/lib/python3.9/site-packages/matplotlib/mpl-data/fonts/ttf/STIXNonUniBol.ttf', name='STIXNonUnicode', style='normal', variant='normal', weight=700, stretch='normal', size='scalable')) = 10.335
LINE 1479: 2025-07-14 12:05:44,237 [DEBUG   ] findfont: score(FontEntry(fname='/usr/local/lib/python3.9/site-packages/matplotlib/mpl-data/fonts/ttf/DejaVuSerif-Italic.ttf', name='DejaVu Serif', style='italic', variant='normal', weight=400, stretch='normal', size='scalable')) = 11.05
LINE 1479: 2025-07-14 12:05:44,237 [DEBUG   ] findfont: score(FontEntry(fname='/usr/local/lib/python3.9/site-packages/matplotlib/mpl-data/fonts/ttf/DejaVuSerif.ttf', name='DejaVu Serif', style='normal', variant='normal', weight=400, stretch='normal', size='scalable')) = 10.05
LINE 1479: 2025-07-14 12:05:44,237 [DEBUG   ] findfont: score(FontEntry(fname='/usr/local/lib/python3.9/site-packages/matplotlib/mpl-data/fonts/ttf/cmex10.ttf', name='cmex10', style='normal', variant='normal', weight=400, stretch='normal', size='scalable')) = 10.05
LINE 1479: 2025-07-14 12:05:44,237 [DEBUG   ] findfont: score(FontEntry(fname='/usr/local/lib/python3.9/site-packages/matplotlib/mpl-data/fonts/ttf/DejaVuSansMono.ttf', name='DejaVu Sans Mono', style='normal', variant='normal', weight=400, stretch='normal', size='scalable')) = 10.05
LINE 1479: 2025-07-14 12:05:44,238 [DEBUG   ] findfont: score(FontEntry(fname='/usr/local/lib/python3.9/site-packages/matplotlib/mpl-data/fonts/ttf/STIXSizFourSymReg.ttf', name='STIXSizeFourSym', style='normal', variant='normal', weight=400, stretch='normal', size='scalable')) = 10.05
LINE 1479: 2025-07-14 12:05:44,238 [DEBUG   ] findfont: score(FontEntry(fname='/usr/local/lib/python3.9/site-packages/matplotlib/mpl-data/fonts/ttf/DejaVuSerif-BoldItalic.ttf', name='DejaVu Serif', style='italic', variant='normal', weight=700, stretch='normal', size='scalable')) = 11.335
LINE 1479: 2025-07-14 12:05:44,238 [DEBUG   ] findfont: score(FontEntry(fname='/usr/local/lib/python3.9/site-packages/matplotlib/mpl-data/fonts/ttf/cmb10.ttf', name='cmb10', style='normal', variant='normal', weight=400, stretch='normal', size='scalable')) = 10.05
LINE 1479: 2025-07-14 12:05:44,238 [DEBUG   ] findfont: score(FontEntry(fname='/usr/local/lib/python3.9/site-packages/matplotlib/mpl-data/fonts/ttf/STIXNonUni.ttf', name='STIXNonUnicode', style='normal', variant='normal', weight=400, stretch='normal', size='scalable')) = 10.05
LINE 1479: 2025-07-14 12:05:44,238 [DEBUG   ] findfont: score(FontEntry(fname='/usr/local/lib/python3.9/site-packages/matplotlib/mpl-data/fonts/ttf/DejaVuSerif-Bold.ttf', name='DejaVu Serif', style='normal', variant='normal', weight=700, stretch='normal', size='scalable')) = 10.335
LINE 1479: 2025-07-14 12:05:44,238 [DEBUG   ] findfont: score(FontEntry(fname='/usr/local/lib/python3.9/site-packages/matplotlib/mpl-data/fonts/ttf/DejaVuSansMono-Bold.ttf', name='DejaVu Sans Mono', style='normal', variant='normal', weight=700, stretch='normal', size='scalable')) = 10.335
LINE 1479: 2025-07-14 12:05:44,238 [DEBUG   ] findfont: score(FontEntry(fname='/usr/local/lib/python3.9/site-packages/matplotlib/mpl-data/fonts/ttf/STIXSizThreeSymReg.ttf', name='STIXSizeThreeSym', style='normal', variant='normal', weight=400, stretch='normal', size='scalable')) = 10.05
LINE 1479: 2025-07-14 12:05:44,238 [DEBUG   ] findfont: score(FontEntry(fname='/usr/local/lib/python3.9/site-packages/matplotlib/mpl-data/fonts/ttf/STIXSizFiveSymReg.ttf', name='STIXSizeFiveSym', style='normal', variant='normal', weight=400, stretch='normal', size='scalable')) = 10.05
LINE 1479: 2025-07-14 12:05:44,238 [DEBUG   ] findfont: score(FontEntry(fname='/usr/local/lib/python3.9/site-packages/matplotlib/mpl-data/fonts/ttf/cmsy10.ttf', name='cmsy10', style='normal', variant='normal', weight=400, stretch='normal', size='scalable')) = 10.05
LINE 1479: 2025-07-14 12:05:44,238 [DEBUG   ] findfont: score(FontEntry(fname='/usr/local/lib/python3.9/site-packages/matplotlib/mpl-data/fonts/ttf/cmmi10.ttf', name='cmmi10', style='normal', variant='normal', weight=400, stretch='normal', size='scalable')) = 10.05
LINE 1479: 2025-07-14 12:05:44,238 [DEBUG   ] findfont: score(FontEntry(fname='/usr/local/lib/python3.9/site-packages/matplotlib/mpl-data/fonts/ttf/STIXSizTwoSymBol.ttf', name='STIXSizeTwoSym', style='normal', variant='normal', weight=700, stretch='normal', size='scalable')) = 10.335
LINE 1479: 2025-07-14 12:05:44,238 [DEBUG   ] findfont: score(FontEntry(fname='/usr/local/lib/python3.9/site-packages/matplotlib/mpl-data/fonts/ttf/STIXNonUniIta.ttf', name='STIXNonUnicode', style='italic', variant='normal', weight=400, stretch='normal', size='scalable')) = 11.05
LINE 1479: 2025-07-14 12:05:44,238 [DEBUG   ] findfont: score(FontEntry(fname='/usr/local/lib/python3.9/site-packages/matplotlib/mpl-data/fonts/ttf/STIXGeneralItalic.ttf', name='STIXGeneral', style='italic', variant='normal', weight=400, stretch='normal', size='scalable')) = 11.05
LINE 1479: 2025-07-14 12:05:44,238 [DEBUG   ] findfont: score(FontEntry(fname='/usr/local/lib/python3.9/site-packages/matplotlib/mpl-data/fonts/ttf/DejaVuSans-Bold.ttf', name='DejaVu Sans', style='normal', variant='normal', weight=700, stretch='normal', size='scalable')) = 10.335
LINE 1479: 2025-07-14 12:05:44,238 [DEBUG   ] findfont: score(FontEntry(fname='/usr/local/lib/python3.9/site-packages/matplotlib/mpl-data/fonts/ttf/cmtt10.ttf', name='cmtt10', style='normal', variant='normal', weight=400, stretch='normal', size='scalable')) = 10.05
LINE 1479: 2025-07-14 12:05:44,238 [DEBUG   ] findfont: score(FontEntry(fname='/usr/local/lib/python3.9/site-packages/matplotlib/mpl-data/fonts/ttf/STIXSizTwoSymReg.ttf', name='STIXSizeTwoSym', style='normal', variant='normal', weight=400, stretch='normal', size='scalable')) = 10.05
LINE 1479: 2025-07-14 12:05:44,238 [DEBUG   ] findfont: score(FontEntry(fname='/usr/local/lib/python3.9/site-packages/matplotlib/mpl-data/fonts/ttf/DejaVuSans.ttf', name='DejaVu Sans', style='normal', variant='normal', weight=400, stretch='normal', size='scalable')) = 10.05
LINE 1479: 2025-07-14 12:05:44,238 [DEBUG   ] findfont: score(FontEntry(fname='/usr/local/lib/python3.9/site-packages/matplotlib/mpl-data/fonts/ttf/STIXGeneralBol.ttf', name='STIXGeneral', style='normal', variant='normal', weight=700, stretch='normal', size='scalable')) = 10.335
LINE 1479: 2025-07-14 12:05:44,238 [DEBUG   ] findfont: score(FontEntry(fname='/usr/local/lib/python3.9/site-packages/matplotlib/mpl-data/fonts/ttf/DejaVuSansMono-Oblique.ttf', name='DejaVu Sans Mono', style='oblique', variant='normal', weight=400, stretch='normal', size='scalable')) = 11.05
LINE 1479: 2025-07-14 12:05:44,238 [DEBUG   ] findfont: score(FontEntry(fname='/usr/local/lib/python3.9/site-packages/matplotlib/mpl-data/fonts/ttf/STIXGeneral.ttf', name='STIXGeneral', style='normal', variant='normal', weight=400, stretch='normal', size='scalable')) = 10.05
LINE 1479: 2025-07-14 12:05:44,238 [DEBUG   ] findfont: score(FontEntry(fname='/usr/local/lib/python3.9/site-packages/matplotlib/mpl-data/fonts/ttf/STIXGeneralBolIta.ttf', name='STIXGeneral', style='italic', variant='normal', weight=700, stretch='normal', size='scalable')) = 11.335
LINE 1479: 2025-07-14 12:05:44,238 [DEBUG   ] findfont: score(FontEntry(fname='/usr/local/lib/python3.9/site-packages/matplotlib/mpl-data/fonts/ttf/cmss10.ttf', name='cmss10', style='normal', variant='normal', weight=400, stretch='normal', size='scalable')) = 10.05
LINE 1479: 2025-07-14 12:05:44,238 [DEBUG   ] findfont: score(FontEntry(fname='/usr/local/lib/python3.9/site-packages/matplotlib/mpl-data/fonts/ttf/DejaVuSans-BoldOblique.ttf', name='DejaVu Sans', style='oblique', variant='normal', weight=700, stretch='normal', size='scalable')) = 11.335
LINE 1479: 2025-07-14 12:05:44,238 [DEBUG   ] findfont: score(FontEntry(fname='/usr/local/lib/python3.9/site-packages/matplotlib/mpl-data/fonts/ttf/STIXSizOneSymBol.ttf', name='STIXSizeOneSym', style='normal', variant='normal', weight=700, stretch='normal', size='scalable')) = 0.33499999999999996
LINE 1479: 2025-07-14 12:05:44,238 [DEBUG   ] findfont: score(FontEntry(fname='/usr/local/lib/python3.9/site-packages/matplotlib/mpl-data/fonts/ttf/STIXSizThreeSymBol.ttf', name='STIXSizeThreeSym', style='normal', variant='normal', weight=700, stretch='normal', size='scalable')) = 10.335
LINE 1479: 2025-07-14 12:05:44,238 [DEBUG   ] findfont: score(FontEntry(fname='/usr/local/lib/python3.9/site-packages/matplotlib/mpl-data/fonts/ttf/STIXSizOneSymReg.ttf', name='STIXSizeOneSym', style='normal', variant='normal', weight=400, stretch='normal', size='scalable')) = 0.05
LINE 1479: 2025-07-14 12:05:44,238 [DEBUG   ] findfont: score(FontEntry(fname='/usr/local/lib/python3.9/site-packages/matplotlib/mpl-data/fonts/ttf/STIXNonUniBolIta.ttf', name='STIXNonUnicode', style='italic', variant='normal', weight=700, stretch='normal', size='scalable')) = 11.335
LINE 1479: 2025-07-14 12:05:44,238 [DEBUG   ] findfont: score(FontEntry(fname='/usr/share/fonts/truetype/dejavu/DejaVuSansMono-Bold.ttf', name='DejaVu Sans Mono', style='normal', variant='normal', weight=700, stretch='normal', size='scalable')) = 10.335
LINE 1479: 2025-07-14 12:05:44,238 [DEBUG   ] findfont: score(FontEntry(fname='/usr/share/fonts/truetype/dejavu/DejaVuSansMono.ttf', name='DejaVu Sans Mono', style='normal', variant='normal', weight=400, stretch='normal', size='scalable')) = 10.05
LINE 1479: 2025-07-14 12:05:44,238 [DEBUG   ] findfont: score(FontEntry(fname='/usr/share/fonts/truetype/dejavu/DejaVuSans-Bold.ttf', name='DejaVu Sans', style='normal', variant='normal', weight=700, stretch='normal', size='scalable')) = 10.335
LINE 1479: 2025-07-14 12:05:44,238 [DEBUG   ] findfont: score(FontEntry(fname='/usr/share/fonts/truetype/dejavu/DejaVuSerif-Bold.ttf', name='DejaVu Serif', style='normal', variant='normal', weight=700, stretch='normal', size='scalable')) = 10.335
LINE 1479: 2025-07-14 12:05:44,238 [DEBUG   ] findfont: score(FontEntry(fname='/usr/share/fonts/truetype/dejavu/DejaVuSerif.ttf', name='DejaVu Serif', style='normal', variant='normal', weight=400, stretch='normal', size='scalable')) = 10.05
LINE 1479: 2025-07-14 12:05:44,238 [DEBUG   ] findfont: score(FontEntry(fname='/usr/share/fonts/truetype/dejavu/DejaVuSans.ttf', name='DejaVu Sans', style='normal', variant='normal', weight=400, stretch='normal', size='scalable')) = 10.05
LINE 1508: 2025-07-14 12:05:44,238 [DEBUG   ] findfont: Matching STIXSizeOneSym:style=normal:variant=normal:weight=normal:stretch=normal:size=10.0 to STIXSizeOneSym ('/usr/local/lib/python3.9/site-packages/matplotlib/mpl-data/fonts/ttf/STIXSizOneSymReg.ttf') with score of 0.050000.
LINE 1467: 2025-07-14 12:05:44,239 [DEBUG   ] findfont: Matching STIXSizeTwoSym:style=normal:variant=normal:weight=normal:stretch=normal:size=10.0.
LINE 1479: 2025-07-14 12:05:44,239 [DEBUG   ] findfont: score(FontEntry(fname='/usr/local/lib/python3.9/site-packages/matplotlib/mpl-data/fonts/ttf/STIXSizFourSymBol.ttf', name='STIXSizeFourSym', style='normal', variant='normal', weight=700, stretch='normal', size='scalable')) = 10.335
LINE 1479: 2025-07-14 12:05:44,239 [DEBUG   ] findfont: score(FontEntry(fname='/usr/local/lib/python3.9/site-packages/matplotlib/mpl-data/fonts/ttf/DejaVuSansDisplay.ttf', name='DejaVu Sans Display', style='normal', variant='normal', weight=400, stretch='normal', size='scalable')) = 10.05
LINE 1479: 2025-07-14 12:05:44,239 [DEBUG   ] findfont: score(FontEntry(fname='/usr/local/lib/python3.9/site-packages/matplotlib/mpl-data/fonts/ttf/cmr10.ttf', name='cmr10', style='normal', variant='normal', weight=400, stretch='normal', size='scalable')) = 10.05
LINE 1479: 2025-07-14 12:05:44,239 [DEBUG   ] findfont: score(FontEntry(fname='/usr/local/lib/python3.9/site-packages/matplotlib/mpl-data/fonts/ttf/DejaVuSans-Oblique.ttf', name='DejaVu Sans', style='oblique', variant='normal', weight=400, stretch='normal', size='scalable')) = 11.05
LINE 1479: 2025-07-14 12:05:44,239 [DEBUG   ] findfont: score(FontEntry(fname='/usr/local/lib/python3.9/site-packages/matplotlib/mpl-data/fonts/ttf/DejaVuSerifDisplay.ttf', name='DejaVu Serif Display', style='normal', variant='normal', weight=400, stretch='normal', size='scalable')) = 10.05
LINE 1479: 2025-07-14 12:05:44,239 [DEBUG   ] findfont: score(FontEntry(fname='/usr/local/lib/python3.9/site-packages/matplotlib/mpl-data/fonts/ttf/DejaVuSansMono-BoldOblique.ttf', name='DejaVu Sans Mono', style='oblique', variant='normal', weight=700, stretch='normal', size='scalable')) = 11.335
LINE 1479: 2025-07-14 12:05:44,239 [DEBUG   ] findfont: score(FontEntry(fname='/usr/local/lib/python3.9/site-packages/matplotlib/mpl-data/fonts/ttf/STIXNonUniBol.ttf', name='STIXNonUnicode', style='normal', variant='normal', weight=700, stretch='normal', size='scalable')) = 10.335
LINE 1479: 2025-07-14 12:05:44,239 [DEBUG   ] findfont: score(FontEntry(fname='/usr/local/lib/python3.9/site-packages/matplotlib/mpl-data/fonts/ttf/DejaVuSerif-Italic.ttf', name='DejaVu Serif', style='italic', variant='normal', weight=400, stretch='normal', size='scalable')) = 11.05
LINE 1479: 2025-07-14 12:05:44,239 [DEBUG   ] findfont: score(FontEntry(fname='/usr/local/lib/python3.9/site-packages/matplotlib/mpl-data/fonts/ttf/DejaVuSerif.ttf', name='DejaVu Serif', style='normal', variant='normal', weight=400, stretch='normal', size='scalable')) = 10.05
LINE 1479: 2025-07-14 12:05:44,239 [DEBUG   ] findfont: score(FontEntry(fname='/usr/local/lib/python3.9/site-packages/matplotlib/mpl-data/fonts/ttf/cmex10.ttf', name='cmex10', style='normal', variant='normal', weight=400, stretch='normal', size='scalable')) = 10.05
LINE 1479: 2025-07-14 12:05:44,239 [DEBUG   ] findfont: score(FontEntry(fname='/usr/local/lib/python3.9/site-packages/matplotlib/mpl-data/fonts/ttf/DejaVuSansMono.ttf', name='DejaVu Sans Mono', style='normal', variant='normal', weight=400, stretch='normal', size='scalable')) = 10.05
LINE 1479: 2025-07-14 12:05:44,239 [DEBUG   ] findfont: score(FontEntry(fname='/usr/local/lib/python3.9/site-packages/matplotlib/mpl-data/fonts/ttf/STIXSizFourSymReg.ttf', name='STIXSizeFourSym', style='normal', variant='normal', weight=400, stretch='normal', size='scalable')) = 10.05
LINE 1479: 2025-07-14 12:05:44,239 [DEBUG   ] findfont: score(FontEntry(fname='/usr/local/lib/python3.9/site-packages/matplotlib/mpl-data/fonts/ttf/DejaVuSerif-BoldItalic.ttf', name='DejaVu Serif', style='italic', variant='normal', weight=700, stretch='normal', size='scalable')) = 11.335
LINE 1479: 2025-07-14 12:05:44,239 [DEBUG   ] findfont: score(FontEntry(fname='/usr/local/lib/python3.9/site-packages/matplotlib/mpl-data/fonts/ttf/cmb10.ttf', name='cmb10', style='normal', variant='normal', weight=400, stretch='normal', size='scalable')) = 10.05
LINE 1479: 2025-07-14 12:05:44,239 [DEBUG   ] findfont: score(FontEntry(fname='/usr/local/lib/python3.9/site-packages/matplotlib/mpl-data/fonts/ttf/STIXNonUni.ttf', name='STIXNonUnicode', style='normal', variant='normal', weight=400, stretch='normal', size='scalable')) = 10.05
LINE 1479: 2025-07-14 12:05:44,239 [DEBUG   ] findfont: score(FontEntry(fname='/usr/local/lib/python3.9/site-packages/matplotlib/mpl-data/fonts/ttf/DejaVuSerif-Bold.ttf', name='DejaVu Serif', style='normal', variant='normal', weight=700, stretch='normal', size='scalable')) = 10.335
LINE 1479: 2025-07-14 12:05:44,239 [DEBUG   ] findfont: score(FontEntry(fname='/usr/local/lib/python3.9/site-packages/matplotlib/mpl-data/fonts/ttf/DejaVuSansMono-Bold.ttf', name='DejaVu Sans Mono', style='normal', variant='normal', weight=700, stretch='normal', size='scalable')) = 10.335
LINE 1479: 2025-07-14 12:05:44,239 [DEBUG   ] findfont: score(FontEntry(fname='/usr/local/lib/python3.9/site-packages/matplotlib/mpl-data/fonts/ttf/STIXSizThreeSymReg.ttf', name='STIXSizeThreeSym', style='normal', variant='normal', weight=400, stretch='normal', size='scalable')) = 10.05
LINE 1479: 2025-07-14 12:05:44,239 [DEBUG   ] findfont: score(FontEntry(fname='/usr/local/lib/python3.9/site-packages/matplotlib/mpl-data/fonts/ttf/STIXSizFiveSymReg.ttf', name='STIXSizeFiveSym', style='normal', variant='normal', weight=400, stretch='normal', size='scalable')) = 10.05
LINE 1479: 2025-07-14 12:05:44,239 [DEBUG   ] findfont: score(FontEntry(fname='/usr/local/lib/python3.9/site-packages/matplotlib/mpl-data/fonts/ttf/cmsy10.ttf', name='cmsy10', style='normal', variant='normal', weight=400, stretch='normal', size='scalable')) = 10.05
LINE 1479: 2025-07-14 12:05:44,239 [DEBUG   ] findfont: score(FontEntry(fname='/usr/local/lib/python3.9/site-packages/matplotlib/mpl-data/fonts/ttf/cmmi10.ttf', name='cmmi10', style='normal', variant='normal', weight=400, stretch='normal', size='scalable')) = 10.05
LINE 1479: 2025-07-14 12:05:44,239 [DEBUG   ] findfont: score(FontEntry(fname='/usr/local/lib/python3.9/site-packages/matplotlib/mpl-data/fonts/ttf/STIXSizTwoSymBol.ttf', name='STIXSizeTwoSym', style='normal', variant='normal', weight=700, stretch='normal', size='scalable')) = 0.33499999999999996
LINE 1479: 2025-07-14 12:05:44,239 [DEBUG   ] findfont: score(FontEntry(fname='/usr/local/lib/python3.9/site-packages/matplotlib/mpl-data/fonts/ttf/STIXNonUniIta.ttf', name='STIXNonUnicode', style='italic', variant='normal', weight=400, stretch='normal', size='scalable')) = 11.05
LINE 1479: 2025-07-14 12:05:44,239 [DEBUG   ] findfont: score(FontEntry(fname='/usr/local/lib/python3.9/site-packages/matplotlib/mpl-data/fonts/ttf/STIXGeneralItalic.ttf', name='STIXGeneral', style='italic', variant='normal', weight=400, stretch='normal', size='scalable')) = 11.05
LINE 1479: 2025-07-14 12:05:44,239 [DEBUG   ] findfont: score(FontEntry(fname='/usr/local/lib/python3.9/site-packages/matplotlib/mpl-data/fonts/ttf/DejaVuSans-Bold.ttf', name='DejaVu Sans', style='normal', variant='normal', weight=700, stretch='normal', size='scalable')) = 10.335
LINE 1479: 2025-07-14 12:05:44,239 [DEBUG   ] findfont: score(FontEntry(fname='/usr/local/lib/python3.9/site-packages/matplotlib/mpl-data/fonts/ttf/cmtt10.ttf', name='cmtt10', style='normal', variant='normal', weight=400, stretch='normal', size='scalable')) = 10.05
LINE 1479: 2025-07-14 12:05:44,239 [DEBUG   ] findfont: score(FontEntry(fname='/usr/local/lib/python3.9/site-packages/matplotlib/mpl-data/fonts/ttf/STIXSizTwoSymReg.ttf', name='STIXSizeTwoSym', style='normal', variant='normal', weight=400, stretch='normal', size='scalable')) = 0.05
LINE 1479: 2025-07-14 12:05:44,239 [DEBUG   ] findfont: score(FontEntry(fname='/usr/local/lib/python3.9/site-packages/matplotlib/mpl-data/fonts/ttf/DejaVuSans.ttf', name='DejaVu Sans', style='normal', variant='normal', weight=400, stretch='normal', size='scalable')) = 10.05
LINE 1479: 2025-07-14 12:05:44,239 [DEBUG   ] findfont: score(FontEntry(fname='/usr/local/lib/python3.9/site-packages/matplotlib/mpl-data/fonts/ttf/STIXGeneralBol.ttf', name='STIXGeneral', style='normal', variant='normal', weight=700, stretch='normal', size='scalable')) = 10.335
LINE 1479: 2025-07-14 12:05:44,239 [DEBUG   ] findfont: score(FontEntry(fname='/usr/local/lib/python3.9/site-packages/matplotlib/mpl-data/fonts/ttf/DejaVuSansMono-Oblique.ttf', name='DejaVu Sans Mono', style='oblique', variant='normal', weight=400, stretch='normal', size='scalable')) = 11.05
LINE 1479: 2025-07-14 12:05:44,239 [DEBUG   ] findfont: score(FontEntry(fname='/usr/local/lib/python3.9/site-packages/matplotlib/mpl-data/fonts/ttf/STIXGeneral.ttf', name='STIXGeneral', style='normal', variant='normal', weight=400, stretch='normal', size='scalable')) = 10.05
LINE 1479: 2025-07-14 12:05:44,239 [DEBUG   ] findfont: score(FontEntry(fname='/usr/local/lib/python3.9/site-packages/matplotlib/mpl-data/fonts/ttf/STIXGeneralBolIta.ttf', name='STIXGeneral', style='italic', variant='normal', weight=700, stretch='normal', size='scalable')) = 11.335
LINE 1479: 2025-07-14 12:05:44,239 [DEBUG   ] findfont: score(FontEntry(fname='/usr/local/lib/python3.9/site-packages/matplotlib/mpl-data/fonts/ttf/cmss10.ttf', name='cmss10', style='normal', variant='normal', weight=400, stretch='normal', size='scalable')) = 10.05
LINE 1479: 2025-07-14 12:05:44,239 [DEBUG   ] findfont: score(FontEntry(fname='/usr/local/lib/python3.9/site-packages/matplotlib/mpl-data/fonts/ttf/DejaVuSans-BoldOblique.ttf', name='DejaVu Sans', style='oblique', variant='normal', weight=700, stretch='normal', size='scalable')) = 11.335
LINE 1479: 2025-07-14 12:05:44,239 [DEBUG   ] findfont: score(FontEntry(fname='/usr/local/lib/python3.9/site-packages/matplotlib/mpl-data/fonts/ttf/STIXSizOneSymBol.ttf', name='STIXSizeOneSym', style='normal', variant='normal', weight=700, stretch='normal', size='scalable')) = 10.335
LINE 1479: 2025-07-14 12:05:44,239 [DEBUG   ] findfont: score(FontEntry(fname='/usr/local/lib/python3.9/site-packages/matplotlib/mpl-data/fonts/ttf/STIXSizThreeSymBol.ttf', name='STIXSizeThreeSym', style='normal', variant='normal', weight=700, stretch='normal', size='scalable')) = 10.335
LINE 1479: 2025-07-14 12:05:44,240 [DEBUG   ] findfont: score(FontEntry(fname='/usr/local/lib/python3.9/site-packages/matplotlib/mpl-data/fonts/ttf/STIXSizOneSymReg.ttf', name='STIXSizeOneSym', style='normal', variant='normal', weight=400, stretch='normal', size='scalable')) = 10.05
LINE 1479: 2025-07-14 12:05:44,240 [DEBUG   ] findfont: score(FontEntry(fname='/usr/local/lib/python3.9/site-packages/matplotlib/mpl-data/fonts/ttf/STIXNonUniBolIta.ttf', name='STIXNonUnicode', style='italic', variant='normal', weight=700, stretch='normal', size='scalable')) = 11.335
LINE 1479: 2025-07-14 12:05:44,240 [DEBUG   ] findfont: score(FontEntry(fname='/usr/share/fonts/truetype/dejavu/DejaVuSansMono-Bold.ttf', name='DejaVu Sans Mono', style='normal', variant='normal', weight=700, stretch='normal', size='scalable')) = 10.335
LINE 1479: 2025-07-14 12:05:44,240 [DEBUG   ] findfont: score(FontEntry(fname='/usr/share/fonts/truetype/dejavu/DejaVuSansMono.ttf', name='DejaVu Sans Mono', style='normal', variant='normal', weight=400, stretch='normal', size='scalable')) = 10.05
LINE 1479: 2025-07-14 12:05:44,240 [DEBUG   ] findfont: score(FontEntry(fname='/usr/share/fonts/truetype/dejavu/DejaVuSans-Bold.ttf', name='DejaVu Sans', style='normal', variant='normal', weight=700, stretch='normal', size='scalable')) = 10.335
LINE 1479: 2025-07-14 12:05:44,240 [DEBUG   ] findfont: score(FontEntry(fname='/usr/share/fonts/truetype/dejavu/DejaVuSerif-Bold.ttf', name='DejaVu Serif', style='normal', variant='normal', weight=700, stretch='normal', size='scalable')) = 10.335
LINE 1479: 2025-07-14 12:05:44,240 [DEBUG   ] findfont: score(FontEntry(fname='/usr/share/fonts/truetype/dejavu/DejaVuSerif.ttf', name='DejaVu Serif', style='normal', variant='normal', weight=400, stretch='normal', size='scalable')) = 10.05
LINE 1479: 2025-07-14 12:05:44,240 [DEBUG   ] findfont: score(FontEntry(fname='/usr/share/fonts/truetype/dejavu/DejaVuSans.ttf', name='DejaVu Sans', style='normal', variant='normal', weight=400, stretch='normal', size='scalable')) = 10.05
LINE 1508: 2025-07-14 12:05:44,240 [DEBUG   ] findfont: Matching STIXSizeTwoSym:style=normal:variant=normal:weight=normal:stretch=normal:size=10.0 to STIXSizeTwoSym ('/usr/local/lib/python3.9/site-packages/matplotlib/mpl-data/fonts/ttf/STIXSizTwoSymReg.ttf') with score of 0.050000.
LINE 1467: 2025-07-14 12:05:44,240 [DEBUG   ] findfont: Matching STIXSizeThreeSym:style=normal:variant=normal:weight=normal:stretch=normal:size=10.0.
LINE 1479: 2025-07-14 12:05:44,240 [DEBUG   ] findfont: score(FontEntry(fname='/usr/local/lib/python3.9/site-packages/matplotlib/mpl-data/fonts/ttf/STIXSizFourSymBol.ttf', name='STIXSizeFourSym', style='normal', variant='normal', weight=700, stretch='normal', size='scalable')) = 10.335
LINE 1479: 2025-07-14 12:05:44,240 [DEBUG   ] findfont: score(FontEntry(fname='/usr/local/lib/python3.9/site-packages/matplotlib/mpl-data/fonts/ttf/DejaVuSansDisplay.ttf', name='DejaVu Sans Display', style='normal', variant='normal', weight=400, stretch='normal', size='scalable')) = 10.05
LINE 1479: 2025-07-14 12:05:44,240 [DEBUG   ] findfont: score(FontEntry(fname='/usr/local/lib/python3.9/site-packages/matplotlib/mpl-data/fonts/ttf/cmr10.ttf', name='cmr10', style='normal', variant='normal', weight=400, stretch='normal', size='scalable')) = 10.05
LINE 1479: 2025-07-14 12:05:44,240 [DEBUG   ] findfont: score(FontEntry(fname='/usr/local/lib/python3.9/site-packages/matplotlib/mpl-data/fonts/ttf/DejaVuSans-Oblique.ttf', name='DejaVu Sans', style='oblique', variant='normal', weight=400, stretch='normal', size='scalable')) = 11.05
LINE 1479: 2025-07-14 12:05:44,240 [DEBUG   ] findfont: score(FontEntry(fname='/usr/local/lib/python3.9/site-packages/matplotlib/mpl-data/fonts/ttf/DejaVuSerifDisplay.ttf', name='DejaVu Serif Display', style='normal', variant='normal', weight=400, stretch='normal', size='scalable')) = 10.05
LINE 1479: 2025-07-14 12:05:44,240 [DEBUG   ] findfont: score(FontEntry(fname='/usr/local/lib/python3.9/site-packages/matplotlib/mpl-data/fonts/ttf/DejaVuSansMono-BoldOblique.ttf', name='DejaVu Sans Mono', style='oblique', variant='normal', weight=700, stretch='normal', size='scalable')) = 11.335
LINE 1479: 2025-07-14 12:05:44,240 [DEBUG   ] findfont: score(FontEntry(fname='/usr/local/lib/python3.9/site-packages/matplotlib/mpl-data/fonts/ttf/STIXNonUniBol.ttf', name='STIXNonUnicode', style='normal', variant='normal', weight=700, stretch='normal', size='scalable')) = 10.335
LINE 1479: 2025-07-14 12:05:44,240 [DEBUG   ] findfont: score(FontEntry(fname='/usr/local/lib/python3.9/site-packages/matplotlib/mpl-data/fonts/ttf/DejaVuSerif-Italic.ttf', name='DejaVu Serif', style='italic', variant='normal', weight=400, stretch='normal', size='scalable')) = 11.05
LINE 1479: 2025-07-14 12:05:44,240 [DEBUG   ] findfont: score(FontEntry(fname='/usr/local/lib/python3.9/site-packages/matplotlib/mpl-data/fonts/ttf/DejaVuSerif.ttf', name='DejaVu Serif', style='normal', variant='normal', weight=400, stretch='normal', size='scalable')) = 10.05
LINE 1479: 2025-07-14 12:05:44,240 [DEBUG   ] findfont: score(FontEntry(fname='/usr/local/lib/python3.9/site-packages/matplotlib/mpl-data/fonts/ttf/cmex10.ttf', name='cmex10', style='normal', variant='normal', weight=400, stretch='normal', size='scalable')) = 10.05
LINE 1479: 2025-07-14 12:05:44,240 [DEBUG   ] findfont: score(FontEntry(fname='/usr/local/lib/python3.9/site-packages/matplotlib/mpl-data/fonts/ttf/DejaVuSansMono.ttf', name='DejaVu Sans Mono', style='normal', variant='normal', weight=400, stretch='normal', size='scalable')) = 10.05
LINE 1479: 2025-07-14 12:05:44,240 [DEBUG   ] findfont: score(FontEntry(fname='/usr/local/lib/python3.9/site-packages/matplotlib/mpl-data/fonts/ttf/STIXSizFourSymReg.ttf', name='STIXSizeFourSym', style='normal', variant='normal', weight=400, stretch='normal', size='scalable')) = 10.05
LINE 1479: 2025-07-14 12:05:44,240 [DEBUG   ] findfont: score(FontEntry(fname='/usr/local/lib/python3.9/site-packages/matplotlib/mpl-data/fonts/ttf/DejaVuSerif-BoldItalic.ttf', name='DejaVu Serif', style='italic', variant='normal', weight=700, stretch='normal', size='scalable')) = 11.335
LINE 1479: 2025-07-14 12:05:44,240 [DEBUG   ] findfont: score(FontEntry(fname='/usr/local/lib/python3.9/site-packages/matplotlib/mpl-data/fonts/ttf/cmb10.ttf', name='cmb10', style='normal', variant='normal', weight=400, stretch='normal', size='scalable')) = 10.05
LINE 1479: 2025-07-14 12:05:44,240 [DEBUG   ] findfont: score(FontEntry(fname='/usr/local/lib/python3.9/site-packages/matplotlib/mpl-data/fonts/ttf/STIXNonUni.ttf', name='STIXNonUnicode', style='normal', variant='normal', weight=400, stretch='normal', size='scalable')) = 10.05
LINE 1479: 2025-07-14 12:05:44,240 [DEBUG   ] findfont: score(FontEntry(fname='/usr/local/lib/python3.9/site-packages/matplotlib/mpl-data/fonts/ttf/DejaVuSerif-Bold.ttf', name='DejaVu Serif', style='normal', variant='normal', weight=700, stretch='normal', size='scalable')) = 10.335
LINE 1479: 2025-07-14 12:05:44,240 [DEBUG   ] findfont: score(FontEntry(fname='/usr/local/lib/python3.9/site-packages/matplotlib/mpl-data/fonts/ttf/DejaVuSansMono-Bold.ttf', name='DejaVu Sans Mono', style='normal', variant='normal', weight=700, stretch='normal', size='scalable')) = 10.335
LINE 1479: 2025-07-14 12:05:44,241 [DEBUG   ] findfont: score(FontEntry(fname='/usr/local/lib/python3.9/site-packages/matplotlib/mpl-data/fonts/ttf/STIXSizThreeSymReg.ttf', name='STIXSizeThreeSym', style='normal', variant='normal', weight=400, stretch='normal', size='scalable')) = 0.05
LINE 1479: 2025-07-14 12:05:44,241 [DEBUG   ] findfont: score(FontEntry(fname='/usr/local/lib/python3.9/site-packages/matplotlib/mpl-data/fonts/ttf/STIXSizFiveSymReg.ttf', name='STIXSizeFiveSym', style='normal', variant='normal', weight=400, stretch='normal', size='scalable')) = 10.05
LINE 1479: 2025-07-14 12:05:44,241 [DEBUG   ] findfont: score(FontEntry(fname='/usr/local/lib/python3.9/site-packages/matplotlib/mpl-data/fonts/ttf/cmsy10.ttf', name='cmsy10', style='normal', variant='normal', weight=400, stretch='normal', size='scalable')) = 10.05
LINE 1479: 2025-07-14 12:05:44,241 [DEBUG   ] findfont: score(FontEntry(fname='/usr/local/lib/python3.9/site-packages/matplotlib/mpl-data/fonts/ttf/cmmi10.ttf', name='cmmi10', style='normal', variant='normal', weight=400, stretch='normal', size='scalable')) = 10.05
LINE 1479: 2025-07-14 12:05:44,241 [DEBUG   ] findfont: score(FontEntry(fname='/usr/local/lib/python3.9/site-packages/matplotlib/mpl-data/fonts/ttf/STIXSizTwoSymBol.ttf', name='STIXSizeTwoSym', style='normal', variant='normal', weight=700, stretch='normal', size='scalable')) = 10.335
LINE 1479: 2025-07-14 12:05:44,241 [DEBUG   ] findfont: score(FontEntry(fname='/usr/local/lib/python3.9/site-packages/matplotlib/mpl-data/fonts/ttf/STIXNonUniIta.ttf', name='STIXNonUnicode', style='italic', variant='normal', weight=400, stretch='normal', size='scalable')) = 11.05
LINE 1479: 2025-07-14 12:05:44,241 [DEBUG   ] findfont: score(FontEntry(fname='/usr/local/lib/python3.9/site-packages/matplotlib/mpl-data/fonts/ttf/STIXGeneralItalic.ttf', name='STIXGeneral', style='italic', variant='normal', weight=400, stretch='normal', size='scalable')) = 11.05
LINE 1479: 2025-07-14 12:05:44,241 [DEBUG   ] findfont: score(FontEntry(fname='/usr/local/lib/python3.9/site-packages/matplotlib/mpl-data/fonts/ttf/DejaVuSans-Bold.ttf', name='DejaVu Sans', style='normal', variant='normal', weight=700, stretch='normal', size='scalable')) = 10.335
LINE 1479: 2025-07-14 12:05:44,241 [DEBUG   ] findfont: score(FontEntry(fname='/usr/local/lib/python3.9/site-packages/matplotlib/mpl-data/fonts/ttf/cmtt10.ttf', name='cmtt10', style='normal', variant='normal', weight=400, stretch='normal', size='scalable')) = 10.05
LINE 1479: 2025-07-14 12:05:44,241 [DEBUG   ] findfont: score(FontEntry(fname='/usr/local/lib/python3.9/site-packages/matplotlib/mpl-data/fonts/ttf/STIXSizTwoSymReg.ttf', name='STIXSizeTwoSym', style='normal', variant='normal', weight=400, stretch='normal', size='scalable')) = 10.05
LINE 1479: 2025-07-14 12:05:44,241 [DEBUG   ] findfont: score(FontEntry(fname='/usr/local/lib/python3.9/site-packages/matplotlib/mpl-data/fonts/ttf/DejaVuSans.ttf', name='DejaVu Sans', style='normal', variant='normal', weight=400, stretch='normal', size='scalable')) = 10.05
LINE 1479: 2025-07-14 12:05:44,241 [DEBUG   ] findfont: score(FontEntry(fname='/usr/local/lib/python3.9/site-packages/matplotlib/mpl-data/fonts/ttf/STIXGeneralBol.ttf', name='STIXGeneral', style='normal', variant='normal', weight=700, stretch='normal', size='scalable')) = 10.335
LINE 1479: 2025-07-14 12:05:44,241 [DEBUG   ] findfont: score(FontEntry(fname='/usr/local/lib/python3.9/site-packages/matplotlib/mpl-data/fonts/ttf/DejaVuSansMono-Oblique.ttf', name='DejaVu Sans Mono', style='oblique', variant='normal', weight=400, stretch='normal', size='scalable')) = 11.05
LINE 1479: 2025-07-14 12:05:44,241 [DEBUG   ] findfont: score(FontEntry(fname='/usr/local/lib/python3.9/site-packages/matplotlib/mpl-data/fonts/ttf/STIXGeneral.ttf', name='STIXGeneral', style='normal', variant='normal', weight=400, stretch='normal', size='scalable')) = 10.05
LINE 1479: 2025-07-14 12:05:44,241 [DEBUG   ] findfont: score(FontEntry(fname='/usr/local/lib/python3.9/site-packages/matplotlib/mpl-data/fonts/ttf/STIXGeneralBolIta.ttf', name='STIXGeneral', style='italic', variant='normal', weight=700, stretch='normal', size='scalable')) = 11.335
LINE 1479: 2025-07-14 12:05:44,241 [DEBUG   ] findfont: score(FontEntry(fname='/usr/local/lib/python3.9/site-packages/matplotlib/mpl-data/fonts/ttf/cmss10.ttf', name='cmss10', style='normal', variant='normal', weight=400, stretch='normal', size='scalable')) = 10.05
LINE 1479: 2025-07-14 12:05:44,241 [DEBUG   ] findfont: score(FontEntry(fname='/usr/local/lib/python3.9/site-packages/matplotlib/mpl-data/fonts/ttf/DejaVuSans-BoldOblique.ttf', name='DejaVu Sans', style='oblique', variant='normal', weight=700, stretch='normal', size='scalable')) = 11.335
LINE 1479: 2025-07-14 12:05:44,241 [DEBUG   ] findfont: score(FontEntry(fname='/usr/local/lib/python3.9/site-packages/matplotlib/mpl-data/fonts/ttf/STIXSizOneSymBol.ttf', name='STIXSizeOneSym', style='normal', variant='normal', weight=700, stretch='normal', size='scalable')) = 10.335
LINE 1479: 2025-07-14 12:05:44,241 [DEBUG   ] findfont: score(FontEntry(fname='/usr/local/lib/python3.9/site-packages/matplotlib/mpl-data/fonts/ttf/STIXSizThreeSymBol.ttf', name='STIXSizeThreeSym', style='normal', variant='normal', weight=700, stretch='normal', size='scalable')) = 0.33499999999999996
LINE 1479: 2025-07-14 12:05:44,241 [DEBUG   ] findfont: score(FontEntry(fname='/usr/local/lib/python3.9/site-packages/matplotlib/mpl-data/fonts/ttf/STIXSizOneSymReg.ttf', name='STIXSizeOneSym', style='normal', variant='normal', weight=400, stretch='normal', size='scalable')) = 10.05
LINE 1479: 2025-07-14 12:05:44,241 [DEBUG   ] findfont: score(FontEntry(fname='/usr/local/lib/python3.9/site-packages/matplotlib/mpl-data/fonts/ttf/STIXNonUniBolIta.ttf', name='STIXNonUnicode', style='italic', variant='normal', weight=700, stretch='normal', size='scalable')) = 11.335
LINE 1479: 2025-07-14 12:05:44,241 [DEBUG   ] findfont: score(FontEntry(fname='/usr/share/fonts/truetype/dejavu/DejaVuSansMono-Bold.ttf', name='DejaVu Sans Mono', style='normal', variant='normal', weight=700, stretch='normal', size='scalable')) = 10.335
LINE 1479: 2025-07-14 12:05:44,241 [DEBUG   ] findfont: score(FontEntry(fname='/usr/share/fonts/truetype/dejavu/DejaVuSansMono.ttf', name='DejaVu Sans Mono', style='normal', variant='normal', weight=400, stretch='normal', size='scalable')) = 10.05
LINE 1479: 2025-07-14 12:05:44,241 [DEBUG   ] findfont: score(FontEntry(fname='/usr/share/fonts/truetype/dejavu/DejaVuSans-Bold.ttf', name='DejaVu Sans', style='normal', variant='normal', weight=700, stretch='normal', size='scalable')) = 10.335
LINE 1479: 2025-07-14 12:05:44,241 [DEBUG   ] findfont: score(FontEntry(fname='/usr/share/fonts/truetype/dejavu/DejaVuSerif-Bold.ttf', name='DejaVu Serif', style='normal', variant='normal', weight=700, stretch='normal', size='scalable')) = 10.335
LINE 1479: 2025-07-14 12:05:44,241 [DEBUG   ] findfont: score(FontEntry(fname='/usr/share/fonts/truetype/dejavu/DejaVuSerif.ttf', name='DejaVu Serif', style='normal', variant='normal', weight=400, stretch='normal', size='scalable')) = 10.05
LINE 1479: 2025-07-14 12:05:44,241 [DEBUG   ] findfont: score(FontEntry(fname='/usr/share/fonts/truetype/dejavu/DejaVuSans.ttf', name='DejaVu Sans', style='normal', variant='normal', weight=400, stretch='normal', size='scalable')) = 10.05
LINE 1508: 2025-07-14 12:05:44,241 [DEBUG   ] findfont: Matching STIXSizeThreeSym:style=normal:variant=normal:weight=normal:stretch=normal:size=10.0 to STIXSizeThreeSym ('/usr/local/lib/python3.9/site-packages/matplotlib/mpl-data/fonts/ttf/STIXSizThreeSymReg.ttf') with score of 0.050000.
LINE 1467: 2025-07-14 12:05:44,241 [DEBUG   ] findfont: Matching STIXSizeFourSym:style=normal:variant=normal:weight=normal:stretch=normal:size=10.0.
LINE 1479: 2025-07-14 12:05:44,241 [DEBUG   ] findfont: score(FontEntry(fname='/usr/local/lib/python3.9/site-packages/matplotlib/mpl-data/fonts/ttf/STIXSizFourSymBol.ttf', name='STIXSizeFourSym', style='normal', variant='normal', weight=700, stretch='normal', size='scalable')) = 0.33499999999999996
LINE 1479: 2025-07-14 12:05:44,241 [DEBUG   ] findfont: score(FontEntry(fname='/usr/local/lib/python3.9/site-packages/matplotlib/mpl-data/fonts/ttf/DejaVuSansDisplay.ttf', name='DejaVu Sans Display', style='normal', variant='normal', weight=400, stretch='normal', size='scalable')) = 10.05
LINE 1479: 2025-07-14 12:05:44,242 [DEBUG   ] findfont: score(FontEntry(fname='/usr/local/lib/python3.9/site-packages/matplotlib/mpl-data/fonts/ttf/cmr10.ttf', name='cmr10', style='normal', variant='normal', weight=400, stretch='normal', size='scalable')) = 10.05
LINE 1479: 2025-07-14 12:05:44,242 [DEBUG   ] findfont: score(FontEntry(fname='/usr/local/lib/python3.9/site-packages/matplotlib/mpl-data/fonts/ttf/DejaVuSans-Oblique.ttf', name='DejaVu Sans', style='oblique', variant='normal', weight=400, stretch='normal', size='scalable')) = 11.05
LINE 1479: 2025-07-14 12:05:44,242 [DEBUG   ] findfont: score(FontEntry(fname='/usr/local/lib/python3.9/site-packages/matplotlib/mpl-data/fonts/ttf/DejaVuSerifDisplay.ttf', name='DejaVu Serif Display', style='normal', variant='normal', weight=400, stretch='normal', size='scalable')) = 10.05
LINE 1479: 2025-07-14 12:05:44,242 [DEBUG   ] findfont: score(FontEntry(fname='/usr/local/lib/python3.9/site-packages/matplotlib/mpl-data/fonts/ttf/DejaVuSansMono-BoldOblique.ttf', name='DejaVu Sans Mono', style='oblique', variant='normal', weight=700, stretch='normal', size='scalable')) = 11.335
LINE 1479: 2025-07-14 12:05:44,242 [DEBUG   ] findfont: score(FontEntry(fname='/usr/local/lib/python3.9/site-packages/matplotlib/mpl-data/fonts/ttf/STIXNonUniBol.ttf', name='STIXNonUnicode', style='normal', variant='normal', weight=700, stretch='normal', size='scalable')) = 10.335
LINE 1479: 2025-07-14 12:05:44,242 [DEBUG   ] findfont: score(FontEntry(fname='/usr/local/lib/python3.9/site-packages/matplotlib/mpl-data/fonts/ttf/DejaVuSerif-Italic.ttf', name='DejaVu Serif', style='italic', variant='normal', weight=400, stretch='normal', size='scalable')) = 11.05
LINE 1479: 2025-07-14 12:05:44,242 [DEBUG   ] findfont: score(FontEntry(fname='/usr/local/lib/python3.9/site-packages/matplotlib/mpl-data/fonts/ttf/DejaVuSerif.ttf', name='DejaVu Serif', style='normal', variant='normal', weight=400, stretch='normal', size='scalable')) = 10.05
LINE 1479: 2025-07-14 12:05:44,242 [DEBUG   ] findfont: score(FontEntry(fname='/usr/local/lib/python3.9/site-packages/matplotlib/mpl-data/fonts/ttf/cmex10.ttf', name='cmex10', style='normal', variant='normal', weight=400, stretch='normal', size='scalable')) = 10.05
LINE 1479: 2025-07-14 12:05:44,242 [DEBUG   ] findfont: score(FontEntry(fname='/usr/local/lib/python3.9/site-packages/matplotlib/mpl-data/fonts/ttf/DejaVuSansMono.ttf', name='DejaVu Sans Mono', style='normal', variant='normal', weight=400, stretch='normal', size='scalable')) = 10.05
LINE 1479: 2025-07-14 12:05:44,242 [DEBUG   ] findfont: score(FontEntry(fname='/usr/local/lib/python3.9/site-packages/matplotlib/mpl-data/fonts/ttf/STIXSizFourSymReg.ttf', name='STIXSizeFourSym', style='normal', variant='normal', weight=400, stretch='normal', size='scalable')) = 0.05
LINE 1479: 2025-07-14 12:05:44,242 [DEBUG   ] findfont: score(FontEntry(fname='/usr/local/lib/python3.9/site-packages/matplotlib/mpl-data/fonts/ttf/DejaVuSerif-BoldItalic.ttf', name='DejaVu Serif', style='italic', variant='normal', weight=700, stretch='normal', size='scalable')) = 11.335
LINE 1479: 2025-07-14 12:05:44,242 [DEBUG   ] findfont: score(FontEntry(fname='/usr/local/lib/python3.9/site-packages/matplotlib/mpl-data/fonts/ttf/cmb10.ttf', name='cmb10', style='normal', variant='normal', weight=400, stretch='normal', size='scalable')) = 10.05
LINE 1479: 2025-07-14 12:05:44,242 [DEBUG   ] findfont: score(FontEntry(fname='/usr/local/lib/python3.9/site-packages/matplotlib/mpl-data/fonts/ttf/STIXNonUni.ttf', name='STIXNonUnicode', style='normal', variant='normal', weight=400, stretch='normal', size='scalable')) = 10.05
LINE 1479: 2025-07-14 12:05:44,242 [DEBUG   ] findfont: score(FontEntry(fname='/usr/local/lib/python3.9/site-packages/matplotlib/mpl-data/fonts/ttf/DejaVuSerif-Bold.ttf', name='DejaVu Serif', style='normal', variant='normal', weight=700, stretch='normal', size='scalable')) = 10.335
LINE 1479: 2025-07-14 12:05:44,242 [DEBUG   ] findfont: score(FontEntry(fname='/usr/local/lib/python3.9/site-packages/matplotlib/mpl-data/fonts/ttf/DejaVuSansMono-Bold.ttf', name='DejaVu Sans Mono', style='normal', variant='normal', weight=700, stretch='normal', size='scalable')) = 10.335
LINE 1479: 2025-07-14 12:05:44,242 [DEBUG   ] findfont: score(FontEntry(fname='/usr/local/lib/python3.9/site-packages/matplotlib/mpl-data/fonts/ttf/STIXSizThreeSymReg.ttf', name='STIXSizeThreeSym', style='normal', variant='normal', weight=400, stretch='normal', size='scalable')) = 10.05
LINE 1479: 2025-07-14 12:05:44,242 [DEBUG   ] findfont: score(FontEntry(fname='/usr/local/lib/python3.9/site-packages/matplotlib/mpl-data/fonts/ttf/STIXSizFiveSymReg.ttf', name='STIXSizeFiveSym', style='normal', variant='normal', weight=400, stretch='normal', size='scalable')) = 10.05
LINE 1479: 2025-07-14 12:05:44,242 [DEBUG   ] findfont: score(FontEntry(fname='/usr/local/lib/python3.9/site-packages/matplotlib/mpl-data/fonts/ttf/cmsy10.ttf', name='cmsy10', style='normal', variant='normal', weight=400, stretch='normal', size='scalable')) = 10.05
LINE 1479: 2025-07-14 12:05:44,242 [DEBUG   ] findfont: score(FontEntry(fname='/usr/local/lib/python3.9/site-packages/matplotlib/mpl-data/fonts/ttf/cmmi10.ttf', name='cmmi10', style='normal', variant='normal', weight=400, stretch='normal', size='scalable')) = 10.05
LINE 1479: 2025-07-14 12:05:44,242 [DEBUG   ] findfont: score(FontEntry(fname='/usr/local/lib/python3.9/site-packages/matplotlib/mpl-data/fonts/ttf/STIXSizTwoSymBol.ttf', name='STIXSizeTwoSym', style='normal', variant='normal', weight=700, stretch='normal', size='scalable')) = 10.335
LINE 1479: 2025-07-14 12:05:44,242 [DEBUG   ] findfont: score(FontEntry(fname='/usr/local/lib/python3.9/site-packages/matplotlib/mpl-data/fonts/ttf/STIXNonUniIta.ttf', name='STIXNonUnicode', style='italic', variant='normal', weight=400, stretch='normal', size='scalable')) = 11.05
LINE 1479: 2025-07-14 12:05:44,242 [DEBUG   ] findfont: score(FontEntry(fname='/usr/local/lib/python3.9/site-packages/matplotlib/mpl-data/fonts/ttf/STIXGeneralItalic.ttf', name='STIXGeneral', style='italic', variant='normal', weight=400, stretch='normal', size='scalable')) = 11.05
LINE 1479: 2025-07-14 12:05:44,242 [DEBUG   ] findfont: score(FontEntry(fname='/usr/local/lib/python3.9/site-packages/matplotlib/mpl-data/fonts/ttf/DejaVuSans-Bold.ttf', name='DejaVu Sans', style='normal', variant='normal', weight=700, stretch='normal', size='scalable')) = 10.335
LINE 1479: 2025-07-14 12:05:44,242 [DEBUG   ] findfont: score(FontEntry(fname='/usr/local/lib/python3.9/site-packages/matplotlib/mpl-data/fonts/ttf/cmtt10.ttf', name='cmtt10', style='normal', variant='normal', weight=400, stretch='normal', size='scalable')) = 10.05
LINE 1479: 2025-07-14 12:05:44,242 [DEBUG   ] findfont: score(FontEntry(fname='/usr/local/lib/python3.9/site-packages/matplotlib/mpl-data/fonts/ttf/STIXSizTwoSymReg.ttf', name='STIXSizeTwoSym', style='normal', variant='normal', weight=400, stretch='normal', size='scalable')) = 10.05
LINE 1479: 2025-07-14 12:05:44,242 [DEBUG   ] findfont: score(FontEntry(fname='/usr/local/lib/python3.9/site-packages/matplotlib/mpl-data/fonts/ttf/DejaVuSans.ttf', name='DejaVu Sans', style='normal', variant='normal', weight=400, stretch='normal', size='scalable')) = 10.05
LINE 1479: 2025-07-14 12:05:44,242 [DEBUG   ] findfont: score(FontEntry(fname='/usr/local/lib/python3.9/site-packages/matplotlib/mpl-data/fonts/ttf/STIXGeneralBol.ttf', name='STIXGeneral', style='normal', variant='normal', weight=700, stretch='normal', size='scalable')) = 10.335
LINE 1479: 2025-07-14 12:05:44,242 [DEBUG   ] findfont: score(FontEntry(fname='/usr/local/lib/python3.9/site-packages/matplotlib/mpl-data/fonts/ttf/DejaVuSansMono-Oblique.ttf', name='DejaVu Sans Mono', style='oblique', variant='normal', weight=400, stretch='normal', size='scalable')) = 11.05
LINE 1479: 2025-07-14 12:05:44,242 [DEBUG   ] findfont: score(FontEntry(fname='/usr/local/lib/python3.9/site-packages/matplotlib/mpl-data/fonts/ttf/STIXGeneral.ttf', name='STIXGeneral', style='normal', variant='normal', weight=400, stretch='normal', size='scalable')) = 10.05
LINE 1479: 2025-07-14 12:05:44,242 [DEBUG   ] findfont: score(FontEntry(fname='/usr/local/lib/python3.9/site-packages/matplotlib/mpl-data/fonts/ttf/STIXGeneralBolIta.ttf', name='STIXGeneral', style='italic', variant='normal', weight=700, stretch='normal', size='scalable')) = 11.335
LINE 1479: 2025-07-14 12:05:44,242 [DEBUG   ] findfont: score(FontEntry(fname='/usr/local/lib/python3.9/site-packages/matplotlib/mpl-data/fonts/ttf/cmss10.ttf', name='cmss10', style='normal', variant='normal', weight=400, stretch='normal', size='scalable')) = 10.05
LINE 1479: 2025-07-14 12:05:44,242 [DEBUG   ] findfont: score(FontEntry(fname='/usr/local/lib/python3.9/site-packages/matplotlib/mpl-data/fonts/ttf/DejaVuSans-BoldOblique.ttf', name='DejaVu Sans', style='oblique', variant='normal', weight=700, stretch='normal', size='scalable')) = 11.335
LINE 1479: 2025-07-14 12:05:44,242 [DEBUG   ] findfont: score(FontEntry(fname='/usr/local/lib/python3.9/site-packages/matplotlib/mpl-data/fonts/ttf/STIXSizOneSymBol.ttf', name='STIXSizeOneSym', style='normal', variant='normal', weight=700, stretch='normal', size='scalable')) = 10.335
LINE 1479: 2025-07-14 12:05:44,242 [DEBUG   ] findfont: score(FontEntry(fname='/usr/local/lib/python3.9/site-packages/matplotlib/mpl-data/fonts/ttf/STIXSizThreeSymBol.ttf', name='STIXSizeThreeSym', style='normal', variant='normal', weight=700, stretch='normal', size='scalable')) = 10.335
LINE 1479: 2025-07-14 12:05:44,242 [DEBUG   ] findfont: score(FontEntry(fname='/usr/local/lib/python3.9/site-packages/matplotlib/mpl-data/fonts/ttf/STIXSizOneSymReg.ttf', name='STIXSizeOneSym', style='normal', variant='normal', weight=400, stretch='normal', size='scalable')) = 10.05
LINE 1479: 2025-07-14 12:05:44,242 [DEBUG   ] findfont: score(FontEntry(fname='/usr/local/lib/python3.9/site-packages/matplotlib/mpl-data/fonts/ttf/STIXNonUniBolIta.ttf', name='STIXNonUnicode', style='italic', variant='normal', weight=700, stretch='normal', size='scalable')) = 11.335
LINE 1479: 2025-07-14 12:05:44,242 [DEBUG   ] findfont: score(FontEntry(fname='/usr/share/fonts/truetype/dejavu/DejaVuSansMono-Bold.ttf', name='DejaVu Sans Mono', style='normal', variant='normal', weight=700, stretch='normal', size='scalable')) = 10.335
LINE 1479: 2025-07-14 12:05:44,242 [DEBUG   ] findfont: score(FontEntry(fname='/usr/share/fonts/truetype/dejavu/DejaVuSansMono.ttf', name='DejaVu Sans Mono', style='normal', variant='normal', weight=400, stretch='normal', size='scalable')) = 10.05
LINE 1479: 2025-07-14 12:05:44,242 [DEBUG   ] findfont: score(FontEntry(fname='/usr/share/fonts/truetype/dejavu/DejaVuSans-Bold.ttf', name='DejaVu Sans', style='normal', variant='normal', weight=700, stretch='normal', size='scalable')) = 10.335
LINE 1479: 2025-07-14 12:05:44,242 [DEBUG   ] findfont: score(FontEntry(fname='/usr/share/fonts/truetype/dejavu/DejaVuSerif-Bold.ttf', name='DejaVu Serif', style='normal', variant='normal', weight=700, stretch='normal', size='scalable')) = 10.335
LINE 1479: 2025-07-14 12:05:44,243 [DEBUG   ] findfont: score(FontEntry(fname='/usr/share/fonts/truetype/dejavu/DejaVuSerif.ttf', name='DejaVu Serif', style='normal', variant='normal', weight=400, stretch='normal', size='scalable')) = 10.05
LINE 1479: 2025-07-14 12:05:44,243 [DEBUG   ] findfont: score(FontEntry(fname='/usr/share/fonts/truetype/dejavu/DejaVuSans.ttf', name='DejaVu Sans', style='normal', variant='normal', weight=400, stretch='normal', size='scalable')) = 10.05
LINE 1508: 2025-07-14 12:05:44,243 [DEBUG   ] findfont: Matching STIXSizeFourSym:style=normal:variant=normal:weight=normal:stretch=normal:size=10.0 to STIXSizeFourSym ('/usr/local/lib/python3.9/site-packages/matplotlib/mpl-data/fonts/ttf/STIXSizFourSymReg.ttf') with score of 0.050000.
LINE 1467: 2025-07-14 12:05:44,243 [DEBUG   ] findfont: Matching STIXSizeFiveSym:style=normal:variant=normal:weight=normal:stretch=normal:size=10.0.
LINE 1479: 2025-07-14 12:05:44,243 [DEBUG   ] findfont: score(FontEntry(fname='/usr/local/lib/python3.9/site-packages/matplotlib/mpl-data/fonts/ttf/STIXSizFourSymBol.ttf', name='STIXSizeFourSym', style='normal', variant='normal', weight=700, stretch='normal', size='scalable')) = 10.335
LINE 1479: 2025-07-14 12:05:44,243 [DEBUG   ] findfont: score(FontEntry(fname='/usr/local/lib/python3.9/site-packages/matplotlib/mpl-data/fonts/ttf/DejaVuSansDisplay.ttf', name='DejaVu Sans Display', style='normal', variant='normal', weight=400, stretch='normal', size='scalable')) = 10.05
LINE 1479: 2025-07-14 12:05:44,243 [DEBUG   ] findfont: score(FontEntry(fname='/usr/local/lib/python3.9/site-packages/matplotlib/mpl-data/fonts/ttf/cmr10.ttf', name='cmr10', style='normal', variant='normal', weight=400, stretch='normal', size='scalable')) = 10.05
LINE 1479: 2025-07-14 12:05:44,243 [DEBUG   ] findfont: score(FontEntry(fname='/usr/local/lib/python3.9/site-packages/matplotlib/mpl-data/fonts/ttf/DejaVuSans-Oblique.ttf', name='DejaVu Sans', style='oblique', variant='normal', weight=400, stretch='normal', size='scalable')) = 11.05
LINE 1479: 2025-07-14 12:05:44,243 [DEBUG   ] findfont: score(FontEntry(fname='/usr/local/lib/python3.9/site-packages/matplotlib/mpl-data/fonts/ttf/DejaVuSerifDisplay.ttf', name='DejaVu Serif Display', style='normal', variant='normal', weight=400, stretch='normal', size='scalable')) = 10.05
LINE 1479: 2025-07-14 12:05:44,243 [DEBUG   ] findfont: score(FontEntry(fname='/usr/local/lib/python3.9/site-packages/matplotlib/mpl-data/fonts/ttf/DejaVuSansMono-BoldOblique.ttf', name='DejaVu Sans Mono', style='oblique', variant='normal', weight=700, stretch='normal', size='scalable')) = 11.335
LINE 1479: 2025-07-14 12:05:44,243 [DEBUG   ] findfont: score(FontEntry(fname='/usr/local/lib/python3.9/site-packages/matplotlib/mpl-data/fonts/ttf/STIXNonUniBol.ttf', name='STIXNonUnicode', style='normal', variant='normal', weight=700, stretch='normal', size='scalable')) = 10.335
LINE 1479: 2025-07-14 12:05:44,243 [DEBUG   ] findfont: score(FontEntry(fname='/usr/local/lib/python3.9/site-packages/matplotlib/mpl-data/fonts/ttf/DejaVuSerif-Italic.ttf', name='DejaVu Serif', style='italic', variant='normal', weight=400, stretch='normal', size='scalable')) = 11.05
LINE 1479: 2025-07-14 12:05:44,243 [DEBUG   ] findfont: score(FontEntry(fname='/usr/local/lib/python3.9/site-packages/matplotlib/mpl-data/fonts/ttf/DejaVuSerif.ttf', name='DejaVu Serif', style='normal', variant='normal', weight=400, stretch='normal', size='scalable')) = 10.05
LINE 1479: 2025-07-14 12:05:44,243 [DEBUG   ] findfont: score(FontEntry(fname='/usr/local/lib/python3.9/site-packages/matplotlib/mpl-data/fonts/ttf/cmex10.ttf', name='cmex10', style='normal', variant='normal', weight=400, stretch='normal', size='scalable')) = 10.05
LINE 1479: 2025-07-14 12:05:44,243 [DEBUG   ] findfont: score(FontEntry(fname='/usr/local/lib/python3.9/site-packages/matplotlib/mpl-data/fonts/ttf/DejaVuSansMono.ttf', name='DejaVu Sans Mono', style='normal', variant='normal', weight=400, stretch='normal', size='scalable')) = 10.05
LINE 1479: 2025-07-14 12:05:44,243 [DEBUG   ] findfont: score(FontEntry(fname='/usr/local/lib/python3.9/site-packages/matplotlib/mpl-data/fonts/ttf/STIXSizFourSymReg.ttf', name='STIXSizeFourSym', style='normal', variant='normal', weight=400, stretch='normal', size='scalable')) = 10.05
LINE 1479: 2025-07-14 12:05:44,243 [DEBUG   ] findfont: score(FontEntry(fname='/usr/local/lib/python3.9/site-packages/matplotlib/mpl-data/fonts/ttf/DejaVuSerif-BoldItalic.ttf', name='DejaVu Serif', style='italic', variant='normal', weight=700, stretch='normal', size='scalable')) = 11.335
LINE 1479: 2025-07-14 12:05:44,243 [DEBUG   ] findfont: score(FontEntry(fname='/usr/local/lib/python3.9/site-packages/matplotlib/mpl-data/fonts/ttf/cmb10.ttf', name='cmb10', style='normal', variant='normal', weight=400, stretch='normal', size='scalable')) = 10.05
LINE 1479: 2025-07-14 12:05:44,243 [DEBUG   ] findfont: score(FontEntry(fname='/usr/local/lib/python3.9/site-packages/matplotlib/mpl-data/fonts/ttf/STIXNonUni.ttf', name='STIXNonUnicode', style='normal', variant='normal', weight=400, stretch='normal', size='scalable')) = 10.05
LINE 1479: 2025-07-14 12:05:44,243 [DEBUG   ] findfont: score(FontEntry(fname='/usr/local/lib/python3.9/site-packages/matplotlib/mpl-data/fonts/ttf/DejaVuSerif-Bold.ttf', name='DejaVu Serif', style='normal', variant='normal', weight=700, stretch='normal', size='scalable')) = 10.335
LINE 1479: 2025-07-14 12:05:44,243 [DEBUG   ] findfont: score(FontEntry(fname='/usr/local/lib/python3.9/site-packages/matplotlib/mpl-data/fonts/ttf/DejaVuSansMono-Bold.ttf', name='DejaVu Sans Mono', style='normal', variant='normal', weight=700, stretch='normal', size='scalable')) = 10.335
LINE 1479: 2025-07-14 12:05:44,243 [DEBUG   ] findfont: score(FontEntry(fname='/usr/local/lib/python3.9/site-packages/matplotlib/mpl-data/fonts/ttf/STIXSizThreeSymReg.ttf', name='STIXSizeThreeSym', style='normal', variant='normal', weight=400, stretch='normal', size='scalable')) = 10.05
LINE 1479: 2025-07-14 12:05:44,243 [DEBUG   ] findfont: score(FontEntry(fname='/usr/local/lib/python3.9/site-packages/matplotlib/mpl-data/fonts/ttf/STIXSizFiveSymReg.ttf', name='STIXSizeFiveSym', style='normal', variant='normal', weight=400, stretch='normal', size='scalable')) = 0.05
LINE 1479: 2025-07-14 12:05:44,243 [DEBUG   ] findfont: score(FontEntry(fname='/usr/local/lib/python3.9/site-packages/matplotlib/mpl-data/fonts/ttf/cmsy10.ttf', name='cmsy10', style='normal', variant='normal', weight=400, stretch='normal', size='scalable')) = 10.05
LINE 1479: 2025-07-14 12:05:44,243 [DEBUG   ] findfont: score(FontEntry(fname='/usr/local/lib/python3.9/site-packages/matplotlib/mpl-data/fonts/ttf/cmmi10.ttf', name='cmmi10', style='normal', variant='normal', weight=400, stretch='normal', size='scalable')) = 10.05
LINE 1479: 2025-07-14 12:05:44,243 [DEBUG   ] findfont: score(FontEntry(fname='/usr/local/lib/python3.9/site-packages/matplotlib/mpl-data/fonts/ttf/STIXSizTwoSymBol.ttf', name='STIXSizeTwoSym', style='normal', variant='normal', weight=700, stretch='normal', size='scalable')) = 10.335
LINE 1479: 2025-07-14 12:05:44,243 [DEBUG   ] findfont: score(FontEntry(fname='/usr/local/lib/python3.9/site-packages/matplotlib/mpl-data/fonts/ttf/STIXNonUniIta.ttf', name='STIXNonUnicode', style='italic', variant='normal', weight=400, stretch='normal', size='scalable')) = 11.05
LINE 1479: 2025-07-14 12:05:44,243 [DEBUG   ] findfont: score(FontEntry(fname='/usr/local/lib/python3.9/site-packages/matplotlib/mpl-data/fonts/ttf/STIXGeneralItalic.ttf', name='STIXGeneral', style='italic', variant='normal', weight=400, stretch='normal', size='scalable')) = 11.05
LINE 1479: 2025-07-14 12:05:44,243 [DEBUG   ] findfont: score(FontEntry(fname='/usr/local/lib/python3.9/site-packages/matplotlib/mpl-data/fonts/ttf/DejaVuSans-Bold.ttf', name='DejaVu Sans', style='normal', variant='normal', weight=700, stretch='normal', size='scalable')) = 10.335
LINE 1479: 2025-07-14 12:05:44,243 [DEBUG   ] findfont: score(FontEntry(fname='/usr/local/lib/python3.9/site-packages/matplotlib/mpl-data/fonts/ttf/cmtt10.ttf', name='cmtt10', style='normal', variant='normal', weight=400, stretch='normal', size='scalable')) = 10.05
LINE 1479: 2025-07-14 12:05:44,244 [DEBUG   ] findfont: score(FontEntry(fname='/usr/local/lib/python3.9/site-packages/matplotlib/mpl-data/fonts/ttf/STIXSizTwoSymReg.ttf', name='STIXSizeTwoSym', style='normal', variant='normal', weight=400, stretch='normal', size='scalable')) = 10.05
LINE 1479: 2025-07-14 12:05:44,244 [DEBUG   ] findfont: score(FontEntry(fname='/usr/local/lib/python3.9/site-packages/matplotlib/mpl-data/fonts/ttf/DejaVuSans.ttf', name='DejaVu Sans', style='normal', variant='normal', weight=400, stretch='normal', size='scalable')) = 10.05
LINE 1479: 2025-07-14 12:05:44,244 [DEBUG   ] findfont: score(FontEntry(fname='/usr/local/lib/python3.9/site-packages/matplotlib/mpl-data/fonts/ttf/STIXGeneralBol.ttf', name='STIXGeneral', style='normal', variant='normal', weight=700, stretch='normal', size='scalable')) = 10.335
LINE 1479: 2025-07-14 12:05:44,244 [DEBUG   ] findfont: score(FontEntry(fname='/usr/local/lib/python3.9/site-packages/matplotlib/mpl-data/fonts/ttf/DejaVuSansMono-Oblique.ttf', name='DejaVu Sans Mono', style='oblique', variant='normal', weight=400, stretch='normal', size='scalable')) = 11.05
LINE 1479: 2025-07-14 12:05:44,244 [DEBUG   ] findfont: score(FontEntry(fname='/usr/local/lib/python3.9/site-packages/matplotlib/mpl-data/fonts/ttf/STIXGeneral.ttf', name='STIXGeneral', style='normal', variant='normal', weight=400, stretch='normal', size='scalable')) = 10.05
LINE 1479: 2025-07-14 12:05:44,244 [DEBUG   ] findfont: score(FontEntry(fname='/usr/local/lib/python3.9/site-packages/matplotlib/mpl-data/fonts/ttf/STIXGeneralBolIta.ttf', name='STIXGeneral', style='italic', variant='normal', weight=700, stretch='normal', size='scalable')) = 11.335
LINE 1479: 2025-07-14 12:05:44,244 [DEBUG   ] findfont: score(FontEntry(fname='/usr/local/lib/python3.9/site-packages/matplotlib/mpl-data/fonts/ttf/cmss10.ttf', name='cmss10', style='normal', variant='normal', weight=400, stretch='normal', size='scalable')) = 10.05
LINE 1479: 2025-07-14 12:05:44,244 [DEBUG   ] findfont: score(FontEntry(fname='/usr/local/lib/python3.9/site-packages/matplotlib/mpl-data/fonts/ttf/DejaVuSans-BoldOblique.ttf', name='DejaVu Sans', style='oblique', variant='normal', weight=700, stretch='normal', size='scalable')) = 11.335
LINE 1479: 2025-07-14 12:05:44,244 [DEBUG   ] findfont: score(FontEntry(fname='/usr/local/lib/python3.9/site-packages/matplotlib/mpl-data/fonts/ttf/STIXSizOneSymBol.ttf', name='STIXSizeOneSym', style='normal', variant='normal', weight=700, stretch='normal', size='scalable')) = 10.335
LINE 1479: 2025-07-14 12:05:44,244 [DEBUG   ] findfont: score(FontEntry(fname='/usr/local/lib/python3.9/site-packages/matplotlib/mpl-data/fonts/ttf/STIXSizThreeSymBol.ttf', name='STIXSizeThreeSym', style='normal', variant='normal', weight=700, stretch='normal', size='scalable')) = 10.335
LINE 1479: 2025-07-14 12:05:44,244 [DEBUG   ] findfont: score(FontEntry(fname='/usr/local/lib/python3.9/site-packages/matplotlib/mpl-data/fonts/ttf/STIXSizOneSymReg.ttf', name='STIXSizeOneSym', style='normal', variant='normal', weight=400, stretch='normal', size='scalable')) = 10.05
LINE 1479: 2025-07-14 12:05:44,244 [DEBUG   ] findfont: score(FontEntry(fname='/usr/local/lib/python3.9/site-packages/matplotlib/mpl-data/fonts/ttf/STIXNonUniBolIta.ttf', name='STIXNonUnicode', style='italic', variant='normal', weight=700, stretch='normal', size='scalable')) = 11.335
LINE 1479: 2025-07-14 12:05:44,244 [DEBUG   ] findfont: score(FontEntry(fname='/usr/share/fonts/truetype/dejavu/DejaVuSansMono-Bold.ttf', name='DejaVu Sans Mono', style='normal', variant='normal', weight=700, stretch='normal', size='scalable')) = 10.335
LINE 1479: 2025-07-14 12:05:44,244 [DEBUG   ] findfont: score(FontEntry(fname='/usr/share/fonts/truetype/dejavu/DejaVuSansMono.ttf', name='DejaVu Sans Mono', style='normal', variant='normal', weight=400, stretch='normal', size='scalable')) = 10.05
LINE 1479: 2025-07-14 12:05:44,244 [DEBUG   ] findfont: score(FontEntry(fname='/usr/share/fonts/truetype/dejavu/DejaVuSans-Bold.ttf', name='DejaVu Sans', style='normal', variant='normal', weight=700, stretch='normal', size='scalable')) = 10.335
LINE 1479: 2025-07-14 12:05:44,244 [DEBUG   ] findfont: score(FontEntry(fname='/usr/share/fonts/truetype/dejavu/DejaVuSerif-Bold.ttf', name='DejaVu Serif', style='normal', variant='normal', weight=700, stretch='normal', size='scalable')) = 10.335
LINE 1479: 2025-07-14 12:05:44,244 [DEBUG   ] findfont: score(FontEntry(fname='/usr/share/fonts/truetype/dejavu/DejaVuSerif.ttf', name='DejaVu Serif', style='normal', variant='normal', weight=400, stretch='normal', size='scalable')) = 10.05
LINE 1479: 2025-07-14 12:05:44,244 [DEBUG   ] findfont: score(FontEntry(fname='/usr/share/fonts/truetype/dejavu/DejaVuSans.ttf', name='DejaVu Sans', style='normal', variant='normal', weight=400, stretch='normal', size='scalable')) = 10.05
LINE 1508: 2025-07-14 12:05:44,244 [DEBUG   ] findfont: Matching STIXSizeFiveSym:style=normal:variant=normal:weight=normal:stretch=normal:size=10.0 to STIXSizeFiveSym ('/usr/local/lib/python3.9/site-packages/matplotlib/mpl-data/fonts/ttf/STIXSizFiveSymReg.ttf') with score of 0.050000.
LINE 1467: 2025-07-14 12:05:44,244 [DEBUG   ] findfont: Matching cmsy10:style=normal:variant=normal:weight=normal:stretch=normal:size=10.0.
LINE 1479: 2025-07-14 12:05:44,244 [DEBUG   ] findfont: score(FontEntry(fname='/usr/local/lib/python3.9/site-packages/matplotlib/mpl-data/fonts/ttf/STIXSizFourSymBol.ttf', name='STIXSizeFourSym', style='normal', variant='normal', weight=700, stretch='normal', size='scalable')) = 10.335
LINE 1479: 2025-07-14 12:05:44,244 [DEBUG   ] findfont: score(FontEntry(fname='/usr/local/lib/python3.9/site-packages/matplotlib/mpl-data/fonts/ttf/DejaVuSansDisplay.ttf', name='DejaVu Sans Display', style='normal', variant='normal', weight=400, stretch='normal', size='scalable')) = 10.05
LINE 1479: 2025-07-14 12:05:44,244 [DEBUG   ] findfont: score(FontEntry(fname='/usr/local/lib/python3.9/site-packages/matplotlib/mpl-data/fonts/ttf/cmr10.ttf', name='cmr10', style='normal', variant='normal', weight=400, stretch='normal', size='scalable')) = 10.05
LINE 1479: 2025-07-14 12:05:44,244 [DEBUG   ] findfont: score(FontEntry(fname='/usr/local/lib/python3.9/site-packages/matplotlib/mpl-data/fonts/ttf/DejaVuSans-Oblique.ttf', name='DejaVu Sans', style='oblique', variant='normal', weight=400, stretch='normal', size='scalable')) = 11.05
LINE 1479: 2025-07-14 12:05:44,244 [DEBUG   ] findfont: score(FontEntry(fname='/usr/local/lib/python3.9/site-packages/matplotlib/mpl-data/fonts/ttf/DejaVuSerifDisplay.ttf', name='DejaVu Serif Display', style='normal', variant='normal', weight=400, stretch='normal', size='scalable')) = 10.05
LINE 1479: 2025-07-14 12:05:44,244 [DEBUG   ] findfont: score(FontEntry(fname='/usr/local/lib/python3.9/site-packages/matplotlib/mpl-data/fonts/ttf/DejaVuSansMono-BoldOblique.ttf', name='DejaVu Sans Mono', style='oblique', variant='normal', weight=700, stretch='normal', size='scalable')) = 11.335
LINE 1479: 2025-07-14 12:05:44,244 [DEBUG   ] findfont: score(FontEntry(fname='/usr/local/lib/python3.9/site-packages/matplotlib/mpl-data/fonts/ttf/STIXNonUniBol.ttf', name='STIXNonUnicode', style='normal', variant='normal', weight=700, stretch='normal', size='scalable')) = 10.335
LINE 1479: 2025-07-14 12:05:44,245 [DEBUG   ] findfont: score(FontEntry(fname='/usr/local/lib/python3.9/site-packages/matplotlib/mpl-data/fonts/ttf/DejaVuSerif-Italic.ttf', name='DejaVu Serif', style='italic', variant='normal', weight=400, stretch='normal', size='scalable')) = 11.05
LINE 1479: 2025-07-14 12:05:44,245 [DEBUG   ] findfont: score(FontEntry(fname='/usr/local/lib/python3.9/site-packages/matplotlib/mpl-data/fonts/ttf/DejaVuSerif.ttf', name='DejaVu Serif', style='normal', variant='normal', weight=400, stretch='normal', size='scalable')) = 10.05
LINE 1479: 2025-07-14 12:05:44,245 [DEBUG   ] findfont: score(FontEntry(fname='/usr/local/lib/python3.9/site-packages/matplotlib/mpl-data/fonts/ttf/cmex10.ttf', name='cmex10', style='normal', variant='normal', weight=400, stretch='normal', size='scalable')) = 10.05
LINE 1479: 2025-07-14 12:05:44,245 [DEBUG   ] findfont: score(FontEntry(fname='/usr/local/lib/python3.9/site-packages/matplotlib/mpl-data/fonts/ttf/DejaVuSansMono.ttf', name='DejaVu Sans Mono', style='normal', variant='normal', weight=400, stretch='normal', size='scalable')) = 10.05
LINE 1479: 2025-07-14 12:05:44,245 [DEBUG   ] findfont: score(FontEntry(fname='/usr/local/lib/python3.9/site-packages/matplotlib/mpl-data/fonts/ttf/STIXSizFourSymReg.ttf', name='STIXSizeFourSym', style='normal', variant='normal', weight=400, stretch='normal', size='scalable')) = 10.05
LINE 1479: 2025-07-14 12:05:44,245 [DEBUG   ] findfont: score(FontEntry(fname='/usr/local/lib/python3.9/site-packages/matplotlib/mpl-data/fonts/ttf/DejaVuSerif-BoldItalic.ttf', name='DejaVu Serif', style='italic', variant='normal', weight=700, stretch='normal', size='scalable')) = 11.335
LINE 1479: 2025-07-14 12:05:44,245 [DEBUG   ] findfont: score(FontEntry(fname='/usr/local/lib/python3.9/site-packages/matplotlib/mpl-data/fonts/ttf/cmb10.ttf', name='cmb10', style='normal', variant='normal', weight=400, stretch='normal', size='scalable')) = 10.05
LINE 1479: 2025-07-14 12:05:44,245 [DEBUG   ] findfont: score(FontEntry(fname='/usr/local/lib/python3.9/site-packages/matplotlib/mpl-data/fonts/ttf/STIXNonUni.ttf', name='STIXNonUnicode', style='normal', variant='normal', weight=400, stretch='normal', size='scalable')) = 10.05
LINE 1479: 2025-07-14 12:05:44,245 [DEBUG   ] findfont: score(FontEntry(fname='/usr/local/lib/python3.9/site-packages/matplotlib/mpl-data/fonts/ttf/DejaVuSerif-Bold.ttf', name='DejaVu Serif', style='normal', variant='normal', weight=700, stretch='normal', size='scalable')) = 10.335
LINE 1479: 2025-07-14 12:05:44,245 [DEBUG   ] findfont: score(FontEntry(fname='/usr/local/lib/python3.9/site-packages/matplotlib/mpl-data/fonts/ttf/DejaVuSansMono-Bold.ttf', name='DejaVu Sans Mono', style='normal', variant='normal', weight=700, stretch='normal', size='scalable')) = 10.335
LINE 1479: 2025-07-14 12:05:44,245 [DEBUG   ] findfont: score(FontEntry(fname='/usr/local/lib/python3.9/site-packages/matplotlib/mpl-data/fonts/ttf/STIXSizThreeSymReg.ttf', name='STIXSizeThreeSym', style='normal', variant='normal', weight=400, stretch='normal', size='scalable')) = 10.05
LINE 1479: 2025-07-14 12:05:44,245 [DEBUG   ] findfont: score(FontEntry(fname='/usr/local/lib/python3.9/site-packages/matplotlib/mpl-data/fonts/ttf/STIXSizFiveSymReg.ttf', name='STIXSizeFiveSym', style='normal', variant='normal', weight=400, stretch='normal', size='scalable')) = 10.05
LINE 1479: 2025-07-14 12:05:44,245 [DEBUG   ] findfont: score(FontEntry(fname='/usr/local/lib/python3.9/site-packages/matplotlib/mpl-data/fonts/ttf/cmsy10.ttf', name='cmsy10', style='normal', variant='normal', weight=400, stretch='normal', size='scalable')) = 0.05
LINE 1479: 2025-07-14 12:05:44,245 [DEBUG   ] findfont: score(FontEntry(fname='/usr/local/lib/python3.9/site-packages/matplotlib/mpl-data/fonts/ttf/cmmi10.ttf', name='cmmi10', style='normal', variant='normal', weight=400, stretch='normal', size='scalable')) = 10.05
LINE 1479: 2025-07-14 12:05:44,245 [DEBUG   ] findfont: score(FontEntry(fname='/usr/local/lib/python3.9/site-packages/matplotlib/mpl-data/fonts/ttf/STIXSizTwoSymBol.ttf', name='STIXSizeTwoSym', style='normal', variant='normal', weight=700, stretch='normal', size='scalable')) = 10.335
LINE 1479: 2025-07-14 12:05:44,245 [DEBUG   ] findfont: score(FontEntry(fname='/usr/local/lib/python3.9/site-packages/matplotlib/mpl-data/fonts/ttf/STIXNonUniIta.ttf', name='STIXNonUnicode', style='italic', variant='normal', weight=400, stretch='normal', size='scalable')) = 11.05
LINE 1479: 2025-07-14 12:05:44,245 [DEBUG   ] findfont: score(FontEntry(fname='/usr/local/lib/python3.9/site-packages/matplotlib/mpl-data/fonts/ttf/STIXGeneralItalic.ttf', name='STIXGeneral', style='italic', variant='normal', weight=400, stretch='normal', size='scalable')) = 11.05
LINE 1479: 2025-07-14 12:05:44,245 [DEBUG   ] findfont: score(FontEntry(fname='/usr/local/lib/python3.9/site-packages/matplotlib/mpl-data/fonts/ttf/DejaVuSans-Bold.ttf', name='DejaVu Sans', style='normal', variant='normal', weight=700, stretch='normal', size='scalable')) = 10.335
LINE 1479: 2025-07-14 12:05:44,245 [DEBUG   ] findfont: score(FontEntry(fname='/usr/local/lib/python3.9/site-packages/matplotlib/mpl-data/fonts/ttf/cmtt10.ttf', name='cmtt10', style='normal', variant='normal', weight=400, stretch='normal', size='scalable')) = 10.05
LINE 1479: 2025-07-14 12:05:44,245 [DEBUG   ] findfont: score(FontEntry(fname='/usr/local/lib/python3.9/site-packages/matplotlib/mpl-data/fonts/ttf/STIXSizTwoSymReg.ttf', name='STIXSizeTwoSym', style='normal', variant='normal', weight=400, stretch='normal', size='scalable')) = 10.05
LINE 1479: 2025-07-14 12:05:44,245 [DEBUG   ] findfont: score(FontEntry(fname='/usr/local/lib/python3.9/site-packages/matplotlib/mpl-data/fonts/ttf/DejaVuSans.ttf', name='DejaVu Sans', style='normal', variant='normal', weight=400, stretch='normal', size='scalable')) = 10.05
LINE 1479: 2025-07-14 12:05:44,245 [DEBUG   ] findfont: score(FontEntry(fname='/usr/local/lib/python3.9/site-packages/matplotlib/mpl-data/fonts/ttf/STIXGeneralBol.ttf', name='STIXGeneral', style='normal', variant='normal', weight=700, stretch='normal', size='scalable')) = 10.335
LINE 1479: 2025-07-14 12:05:44,245 [DEBUG   ] findfont: score(FontEntry(fname='/usr/local/lib/python3.9/site-packages/matplotlib/mpl-data/fonts/ttf/DejaVuSansMono-Oblique.ttf', name='DejaVu Sans Mono', style='oblique', variant='normal', weight=400, stretch='normal', size='scalable')) = 11.05
LINE 1479: 2025-07-14 12:05:44,245 [DEBUG   ] findfont: score(FontEntry(fname='/usr/local/lib/python3.9/site-packages/matplotlib/mpl-data/fonts/ttf/STIXGeneral.ttf', name='STIXGeneral', style='normal', variant='normal', weight=400, stretch='normal', size='scalable')) = 10.05
LINE 1479: 2025-07-14 12:05:44,245 [DEBUG   ] findfont: score(FontEntry(fname='/usr/local/lib/python3.9/site-packages/matplotlib/mpl-data/fonts/ttf/STIXGeneralBolIta.ttf', name='STIXGeneral', style='italic', variant='normal', weight=700, stretch='normal', size='scalable')) = 11.335
LINE 1479: 2025-07-14 12:05:44,245 [DEBUG   ] findfont: score(FontEntry(fname='/usr/local/lib/python3.9/site-packages/matplotlib/mpl-data/fonts/ttf/cmss10.ttf', name='cmss10', style='normal', variant='normal', weight=400, stretch='normal', size='scalable')) = 10.05
LINE 1479: 2025-07-14 12:05:44,245 [DEBUG   ] findfont: score(FontEntry(fname='/usr/local/lib/python3.9/site-packages/matplotlib/mpl-data/fonts/ttf/DejaVuSans-BoldOblique.ttf', name='DejaVu Sans', style='oblique', variant='normal', weight=700, stretch='normal', size='scalable')) = 11.335
LINE 1479: 2025-07-14 12:05:44,245 [DEBUG   ] findfont: score(FontEntry(fname='/usr/local/lib/python3.9/site-packages/matplotlib/mpl-data/fonts/ttf/STIXSizOneSymBol.ttf', name='STIXSizeOneSym', style='normal', variant='normal', weight=700, stretch='normal', size='scalable')) = 10.335
LINE 1479: 2025-07-14 12:05:44,245 [DEBUG   ] findfont: score(FontEntry(fname='/usr/local/lib/python3.9/site-packages/matplotlib/mpl-data/fonts/ttf/STIXSizThreeSymBol.ttf', name='STIXSizeThreeSym', style='normal', variant='normal', weight=700, stretch='normal', size='scalable')) = 10.335
LINE 1479: 2025-07-14 12:05:44,245 [DEBUG   ] findfont: score(FontEntry(fname='/usr/local/lib/python3.9/site-packages/matplotlib/mpl-data/fonts/ttf/STIXSizOneSymReg.ttf', name='STIXSizeOneSym', style='normal', variant='normal', weight=400, stretch='normal', size='scalable')) = 10.05
LINE 1479: 2025-07-14 12:05:44,245 [DEBUG   ] findfont: score(FontEntry(fname='/usr/local/lib/python3.9/site-packages/matplotlib/mpl-data/fonts/ttf/STIXNonUniBolIta.ttf', name='STIXNonUnicode', style='italic', variant='normal', weight=700, stretch='normal', size='scalable')) = 11.335
LINE 1479: 2025-07-14 12:05:44,245 [DEBUG   ] findfont: score(FontEntry(fname='/usr/share/fonts/truetype/dejavu/DejaVuSansMono-Bold.ttf', name='DejaVu Sans Mono', style='normal', variant='normal', weight=700, stretch='normal', size='scalable')) = 10.335
LINE 1479: 2025-07-14 12:05:44,245 [DEBUG   ] findfont: score(FontEntry(fname='/usr/share/fonts/truetype/dejavu/DejaVuSansMono.ttf', name='DejaVu Sans Mono', style='normal', variant='normal', weight=400, stretch='normal', size='scalable')) = 10.05
LINE 1479: 2025-07-14 12:05:44,245 [DEBUG   ] findfont: score(FontEntry(fname='/usr/share/fonts/truetype/dejavu/DejaVuSans-Bold.ttf', name='DejaVu Sans', style='normal', variant='normal', weight=700, stretch='normal', size='scalable')) = 10.335
LINE 1479: 2025-07-14 12:05:44,245 [DEBUG   ] findfont: score(FontEntry(fname='/usr/share/fonts/truetype/dejavu/DejaVuSerif-Bold.ttf', name='DejaVu Serif', style='normal', variant='normal', weight=700, stretch='normal', size='scalable')) = 10.335
LINE 1479: 2025-07-14 12:05:44,245 [DEBUG   ] findfont: score(FontEntry(fname='/usr/share/fonts/truetype/dejavu/DejaVuSerif.ttf', name='DejaVu Serif', style='normal', variant='normal', weight=400, stretch='normal', size='scalable')) = 10.05
LINE 1479: 2025-07-14 12:05:44,245 [DEBUG   ] findfont: score(FontEntry(fname='/usr/share/fonts/truetype/dejavu/DejaVuSans.ttf', name='DejaVu Sans', style='normal', variant='normal', weight=400, stretch='normal', size='scalable')) = 10.05
LINE 1508: 2025-07-14 12:05:44,245 [DEBUG   ] findfont: Matching cmsy10:style=normal:variant=normal:weight=normal:stretch=normal:size=10.0 to cmsy10 ('/usr/local/lib/python3.9/site-packages/matplotlib/mpl-data/fonts/ttf/cmsy10.ttf') with score of 0.050000.
LINE 1467: 2025-07-14 12:05:44,246 [DEBUG   ] findfont: Matching cmr10:style=normal:variant=normal:weight=normal:stretch=normal:size=10.0.
LINE 1479: 2025-07-14 12:05:44,246 [DEBUG   ] findfont: score(FontEntry(fname='/usr/local/lib/python3.9/site-packages/matplotlib/mpl-data/fonts/ttf/STIXSizFourSymBol.ttf', name='STIXSizeFourSym', style='normal', variant='normal', weight=700, stretch='normal', size='scalable')) = 10.335
LINE 1479: 2025-07-14 12:05:44,246 [DEBUG   ] findfont: score(FontEntry(fname='/usr/local/lib/python3.9/site-packages/matplotlib/mpl-data/fonts/ttf/DejaVuSansDisplay.ttf', name='DejaVu Sans Display', style='normal', variant='normal', weight=400, stretch='normal', size='scalable')) = 10.05
LINE 1479: 2025-07-14 12:05:44,246 [DEBUG   ] findfont: score(FontEntry(fname='/usr/local/lib/python3.9/site-packages/matplotlib/mpl-data/fonts/ttf/cmr10.ttf', name='cmr10', style='normal', variant='normal', weight=400, stretch='normal', size='scalable')) = 0.05
LINE 1479: 2025-07-14 12:05:44,246 [DEBUG   ] findfont: score(FontEntry(fname='/usr/local/lib/python3.9/site-packages/matplotlib/mpl-data/fonts/ttf/DejaVuSans-Oblique.ttf', name='DejaVu Sans', style='oblique', variant='normal', weight=400, stretch='normal', size='scalable')) = 11.05
LINE 1479: 2025-07-14 12:05:44,246 [DEBUG   ] findfont: score(FontEntry(fname='/usr/local/lib/python3.9/site-packages/matplotlib/mpl-data/fonts/ttf/DejaVuSerifDisplay.ttf', name='DejaVu Serif Display', style='normal', variant='normal', weight=400, stretch='normal', size='scalable')) = 10.05
LINE 1479: 2025-07-14 12:05:44,246 [DEBUG   ] findfont: score(FontEntry(fname='/usr/local/lib/python3.9/site-packages/matplotlib/mpl-data/fonts/ttf/DejaVuSansMono-BoldOblique.ttf', name='DejaVu Sans Mono', style='oblique', variant='normal', weight=700, stretch='normal', size='scalable')) = 11.335
LINE 1479: 2025-07-14 12:05:44,246 [DEBUG   ] findfont: score(FontEntry(fname='/usr/local/lib/python3.9/site-packages/matplotlib/mpl-data/fonts/ttf/STIXNonUniBol.ttf', name='STIXNonUnicode', style='normal', variant='normal', weight=700, stretch='normal', size='scalable')) = 10.335
LINE 1479: 2025-07-14 12:05:44,246 [DEBUG   ] findfont: score(FontEntry(fname='/usr/local/lib/python3.9/site-packages/matplotlib/mpl-data/fonts/ttf/DejaVuSerif-Italic.ttf', name='DejaVu Serif', style='italic', variant='normal', weight=400, stretch='normal', size='scalable')) = 11.05
LINE 1479: 2025-07-14 12:05:44,246 [DEBUG   ] findfont: score(FontEntry(fname='/usr/local/lib/python3.9/site-packages/matplotlib/mpl-data/fonts/ttf/DejaVuSerif.ttf', name='DejaVu Serif', style='normal', variant='normal', weight=400, stretch='normal', size='scalable')) = 10.05
LINE 1479: 2025-07-14 12:05:44,246 [DEBUG   ] findfont: score(FontEntry(fname='/usr/local/lib/python3.9/site-packages/matplotlib/mpl-data/fonts/ttf/cmex10.ttf', name='cmex10', style='normal', variant='normal', weight=400, stretch='normal', size='scalable')) = 10.05
LINE 1479: 2025-07-14 12:05:44,246 [DEBUG   ] findfont: score(FontEntry(fname='/usr/local/lib/python3.9/site-packages/matplotlib/mpl-data/fonts/ttf/DejaVuSansMono.ttf', name='DejaVu Sans Mono', style='normal', variant='normal', weight=400, stretch='normal', size='scalable')) = 10.05
LINE 1479: 2025-07-14 12:05:44,246 [DEBUG   ] findfont: score(FontEntry(fname='/usr/local/lib/python3.9/site-packages/matplotlib/mpl-data/fonts/ttf/STIXSizFourSymReg.ttf', name='STIXSizeFourSym', style='normal', variant='normal', weight=400, stretch='normal', size='scalable')) = 10.05
LINE 1479: 2025-07-14 12:05:44,246 [DEBUG   ] findfont: score(FontEntry(fname='/usr/local/lib/python3.9/site-packages/matplotlib/mpl-data/fonts/ttf/DejaVuSerif-BoldItalic.ttf', name='DejaVu Serif', style='italic', variant='normal', weight=700, stretch='normal', size='scalable')) = 11.335
LINE 1479: 2025-07-14 12:05:44,246 [DEBUG   ] findfont: score(FontEntry(fname='/usr/local/lib/python3.9/site-packages/matplotlib/mpl-data/fonts/ttf/cmb10.ttf', name='cmb10', style='normal', variant='normal', weight=400, stretch='normal', size='scalable')) = 10.05
LINE 1479: 2025-07-14 12:05:44,246 [DEBUG   ] findfont: score(FontEntry(fname='/usr/local/lib/python3.9/site-packages/matplotlib/mpl-data/fonts/ttf/STIXNonUni.ttf', name='STIXNonUnicode', style='normal', variant='normal', weight=400, stretch='normal', size='scalable')) = 10.05
LINE 1479: 2025-07-14 12:05:44,246 [DEBUG   ] findfont: score(FontEntry(fname='/usr/local/lib/python3.9/site-packages/matplotlib/mpl-data/fonts/ttf/DejaVuSerif-Bold.ttf', name='DejaVu Serif', style='normal', variant='normal', weight=700, stretch='normal', size='scalable')) = 10.335
LINE 1479: 2025-07-14 12:05:44,246 [DEBUG   ] findfont: score(FontEntry(fname='/usr/local/lib/python3.9/site-packages/matplotlib/mpl-data/fonts/ttf/DejaVuSansMono-Bold.ttf', name='DejaVu Sans Mono', style='normal', variant='normal', weight=700, stretch='normal', size='scalable')) = 10.335
LINE 1479: 2025-07-14 12:05:44,246 [DEBUG   ] findfont: score(FontEntry(fname='/usr/local/lib/python3.9/site-packages/matplotlib/mpl-data/fonts/ttf/STIXSizThreeSymReg.ttf', name='STIXSizeThreeSym', style='normal', variant='normal', weight=400, stretch='normal', size='scalable')) = 10.05
LINE 1479: 2025-07-14 12:05:44,246 [DEBUG   ] findfont: score(FontEntry(fname='/usr/local/lib/python3.9/site-packages/matplotlib/mpl-data/fonts/ttf/STIXSizFiveSymReg.ttf', name='STIXSizeFiveSym', style='normal', variant='normal', weight=400, stretch='normal', size='scalable')) = 10.05
LINE 1479: 2025-07-14 12:05:44,246 [DEBUG   ] findfont: score(FontEntry(fname='/usr/local/lib/python3.9/site-packages/matplotlib/mpl-data/fonts/ttf/cmsy10.ttf', name='cmsy10', style='normal', variant='normal', weight=400, stretch='normal', size='scalable')) = 10.05
LINE 1479: 2025-07-14 12:05:44,246 [DEBUG   ] findfont: score(FontEntry(fname='/usr/local/lib/python3.9/site-packages/matplotlib/mpl-data/fonts/ttf/cmmi10.ttf', name='cmmi10', style='normal', variant='normal', weight=400, stretch='normal', size='scalable')) = 10.05
LINE 1479: 2025-07-14 12:05:44,246 [DEBUG   ] findfont: score(FontEntry(fname='/usr/local/lib/python3.9/site-packages/matplotlib/mpl-data/fonts/ttf/STIXSizTwoSymBol.ttf', name='STIXSizeTwoSym', style='normal', variant='normal', weight=700, stretch='normal', size='scalable')) = 10.335
LINE 1479: 2025-07-14 12:05:44,246 [DEBUG   ] findfont: score(FontEntry(fname='/usr/local/lib/python3.9/site-packages/matplotlib/mpl-data/fonts/ttf/STIXNonUniIta.ttf', name='STIXNonUnicode', style='italic', variant='normal', weight=400, stretch='normal', size='scalable')) = 11.05
LINE 1479: 2025-07-14 12:05:44,246 [DEBUG   ] findfont: score(FontEntry(fname='/usr/local/lib/python3.9/site-packages/matplotlib/mpl-data/fonts/ttf/STIXGeneralItalic.ttf', name='STIXGeneral', style='italic', variant='normal', weight=400, stretch='normal', size='scalable')) = 11.05
LINE 1479: 2025-07-14 12:05:44,246 [DEBUG   ] findfont: score(FontEntry(fname='/usr/local/lib/python3.9/site-packages/matplotlib/mpl-data/fonts/ttf/DejaVuSans-Bold.ttf', name='DejaVu Sans', style='normal', variant='normal', weight=700, stretch='normal', size='scalable')) = 10.335
LINE 1479: 2025-07-14 12:05:44,246 [DEBUG   ] findfont: score(FontEntry(fname='/usr/local/lib/python3.9/site-packages/matplotlib/mpl-data/fonts/ttf/cmtt10.ttf', name='cmtt10', style='normal', variant='normal', weight=400, stretch='normal', size='scalable')) = 10.05
LINE 1479: 2025-07-14 12:05:44,246 [DEBUG   ] findfont: score(FontEntry(fname='/usr/local/lib/python3.9/site-packages/matplotlib/mpl-data/fonts/ttf/STIXSizTwoSymReg.ttf', name='STIXSizeTwoSym', style='normal', variant='normal', weight=400, stretch='normal', size='scalable')) = 10.05
LINE 1479: 2025-07-14 12:05:44,246 [DEBUG   ] findfont: score(FontEntry(fname='/usr/local/lib/python3.9/site-packages/matplotlib/mpl-data/fonts/ttf/DejaVuSans.ttf', name='DejaVu Sans', style='normal', variant='normal', weight=400, stretch='normal', size='scalable')) = 10.05
LINE 1479: 2025-07-14 12:05:44,246 [DEBUG   ] findfont: score(FontEntry(fname='/usr/local/lib/python3.9/site-packages/matplotlib/mpl-data/fonts/ttf/STIXGeneralBol.ttf', name='STIXGeneral', style='normal', variant='normal', weight=700, stretch='normal', size='scalable')) = 10.335
LINE 1479: 2025-07-14 12:05:44,246 [DEBUG   ] findfont: score(FontEntry(fname='/usr/local/lib/python3.9/site-packages/matplotlib/mpl-data/fonts/ttf/DejaVuSansMono-Oblique.ttf', name='DejaVu Sans Mono', style='oblique', variant='normal', weight=400, stretch='normal', size='scalable')) = 11.05
LINE 1479: 2025-07-14 12:05:44,246 [DEBUG   ] findfont: score(FontEntry(fname='/usr/local/lib/python3.9/site-packages/matplotlib/mpl-data/fonts/ttf/STIXGeneral.ttf', name='STIXGeneral', style='normal', variant='normal', weight=400, stretch='normal', size='scalable')) = 10.05
LINE 1479: 2025-07-14 12:05:44,247 [DEBUG   ] findfont: score(FontEntry(fname='/usr/local/lib/python3.9/site-packages/matplotlib/mpl-data/fonts/ttf/STIXGeneralBolIta.ttf', name='STIXGeneral', style='italic', variant='normal', weight=700, stretch='normal', size='scalable')) = 11.335
LINE 1479: 2025-07-14 12:05:44,247 [DEBUG   ] findfont: score(FontEntry(fname='/usr/local/lib/python3.9/site-packages/matplotlib/mpl-data/fonts/ttf/cmss10.ttf', name='cmss10', style='normal', variant='normal', weight=400, stretch='normal', size='scalable')) = 10.05
LINE 1479: 2025-07-14 12:05:44,247 [DEBUG   ] findfont: score(FontEntry(fname='/usr/local/lib/python3.9/site-packages/matplotlib/mpl-data/fonts/ttf/DejaVuSans-BoldOblique.ttf', name='DejaVu Sans', style='oblique', variant='normal', weight=700, stretch='normal', size='scalable')) = 11.335
LINE 1479: 2025-07-14 12:05:44,247 [DEBUG   ] findfont: score(FontEntry(fname='/usr/local/lib/python3.9/site-packages/matplotlib/mpl-data/fonts/ttf/STIXSizOneSymBol.ttf', name='STIXSizeOneSym', style='normal', variant='normal', weight=700, stretch='normal', size='scalable')) = 10.335
LINE 1479: 2025-07-14 12:05:44,247 [DEBUG   ] findfont: score(FontEntry(fname='/usr/local/lib/python3.9/site-packages/matplotlib/mpl-data/fonts/ttf/STIXSizThreeSymBol.ttf', name='STIXSizeThreeSym', style='normal', variant='normal', weight=700, stretch='normal', size='scalable')) = 10.335
LINE 1479: 2025-07-14 12:05:44,247 [DEBUG   ] findfont: score(FontEntry(fname='/usr/local/lib/python3.9/site-packages/matplotlib/mpl-data/fonts/ttf/STIXSizOneSymReg.ttf', name='STIXSizeOneSym', style='normal', variant='normal', weight=400, stretch='normal', size='scalable')) = 10.05
LINE 1479: 2025-07-14 12:05:44,247 [DEBUG   ] findfont: score(FontEntry(fname='/usr/local/lib/python3.9/site-packages/matplotlib/mpl-data/fonts/ttf/STIXNonUniBolIta.ttf', name='STIXNonUnicode', style='italic', variant='normal', weight=700, stretch='normal', size='scalable')) = 11.335
LINE 1479: 2025-07-14 12:05:44,247 [DEBUG   ] findfont: score(FontEntry(fname='/usr/share/fonts/truetype/dejavu/DejaVuSansMono-Bold.ttf', name='DejaVu Sans Mono', style='normal', variant='normal', weight=700, stretch='normal', size='scalable')) = 10.335
LINE 1479: 2025-07-14 12:05:44,247 [DEBUG   ] findfont: score(FontEntry(fname='/usr/share/fonts/truetype/dejavu/DejaVuSansMono.ttf', name='DejaVu Sans Mono', style='normal', variant='normal', weight=400, stretch='normal', size='scalable')) = 10.05
LINE 1479: 2025-07-14 12:05:44,247 [DEBUG   ] findfont: score(FontEntry(fname='/usr/share/fonts/truetype/dejavu/DejaVuSans-Bold.ttf', name='DejaVu Sans', style='normal', variant='normal', weight=700, stretch='normal', size='scalable')) = 10.335
LINE 1479: 2025-07-14 12:05:44,247 [DEBUG   ] findfont: score(FontEntry(fname='/usr/share/fonts/truetype/dejavu/DejaVuSerif-Bold.ttf', name='DejaVu Serif', style='normal', variant='normal', weight=700, stretch='normal', size='scalable')) = 10.335
LINE 1479: 2025-07-14 12:05:44,247 [DEBUG   ] findfont: score(FontEntry(fname='/usr/share/fonts/truetype/dejavu/DejaVuSerif.ttf', name='DejaVu Serif', style='normal', variant='normal', weight=400, stretch='normal', size='scalable')) = 10.05
LINE 1479: 2025-07-14 12:05:44,247 [DEBUG   ] findfont: score(FontEntry(fname='/usr/share/fonts/truetype/dejavu/DejaVuSans.ttf', name='DejaVu Sans', style='normal', variant='normal', weight=400, stretch='normal', size='scalable')) = 10.05
LINE 1508: 2025-07-14 12:05:44,247 [DEBUG   ] findfont: Matching cmr10:style=normal:variant=normal:weight=normal:stretch=normal:size=10.0 to cmr10 ('/usr/local/lib/python3.9/site-packages/matplotlib/mpl-data/fonts/ttf/cmr10.ttf') with score of 0.050000.
LINE 1467: 2025-07-14 12:05:44,247 [DEBUG   ] findfont: Matching cmtt10:style=normal:variant=normal:weight=normal:stretch=normal:size=10.0.
LINE 1479: 2025-07-14 12:05:44,247 [DEBUG   ] findfont: score(FontEntry(fname='/usr/local/lib/python3.9/site-packages/matplotlib/mpl-data/fonts/ttf/STIXSizFourSymBol.ttf', name='STIXSizeFourSym', style='normal', variant='normal', weight=700, stretch='normal', size='scalable')) = 10.335
LINE 1479: 2025-07-14 12:05:44,247 [DEBUG   ] findfont: score(FontEntry(fname='/usr/local/lib/python3.9/site-packages/matplotlib/mpl-data/fonts/ttf/DejaVuSansDisplay.ttf', name='DejaVu Sans Display', style='normal', variant='normal', weight=400, stretch='normal', size='scalable')) = 10.05
LINE 1479: 2025-07-14 12:05:44,247 [DEBUG   ] findfont: score(FontEntry(fname='/usr/local/lib/python3.9/site-packages/matplotlib/mpl-data/fonts/ttf/cmr10.ttf', name='cmr10', style='normal', variant='normal', weight=400, stretch='normal', size='scalable')) = 10.05
LINE 1479: 2025-07-14 12:05:44,247 [DEBUG   ] findfont: score(FontEntry(fname='/usr/local/lib/python3.9/site-packages/matplotlib/mpl-data/fonts/ttf/DejaVuSans-Oblique.ttf', name='DejaVu Sans', style='oblique', variant='normal', weight=400, stretch='normal', size='scalable')) = 11.05
LINE 1479: 2025-07-14 12:05:44,247 [DEBUG   ] findfont: score(FontEntry(fname='/usr/local/lib/python3.9/site-packages/matplotlib/mpl-data/fonts/ttf/DejaVuSerifDisplay.ttf', name='DejaVu Serif Display', style='normal', variant='normal', weight=400, stretch='normal', size='scalable')) = 10.05
LINE 1479: 2025-07-14 12:05:44,247 [DEBUG   ] findfont: score(FontEntry(fname='/usr/local/lib/python3.9/site-packages/matplotlib/mpl-data/fonts/ttf/DejaVuSansMono-BoldOblique.ttf', name='DejaVu Sans Mono', style='oblique', variant='normal', weight=700, stretch='normal', size='scalable')) = 11.335
LINE 1479: 2025-07-14 12:05:44,247 [DEBUG   ] findfont: score(FontEntry(fname='/usr/local/lib/python3.9/site-packages/matplotlib/mpl-data/fonts/ttf/STIXNonUniBol.ttf', name='STIXNonUnicode', style='normal', variant='normal', weight=700, stretch='normal', size='scalable')) = 10.335
LINE 1479: 2025-07-14 12:05:44,247 [DEBUG   ] findfont: score(FontEntry(fname='/usr/local/lib/python3.9/site-packages/matplotlib/mpl-data/fonts/ttf/DejaVuSerif-Italic.ttf', name='DejaVu Serif', style='italic', variant='normal', weight=400, stretch='normal', size='scalable')) = 11.05
LINE 1479: 2025-07-14 12:05:44,247 [DEBUG   ] findfont: score(FontEntry(fname='/usr/local/lib/python3.9/site-packages/matplotlib/mpl-data/fonts/ttf/DejaVuSerif.ttf', name='DejaVu Serif', style='normal', variant='normal', weight=400, stretch='normal', size='scalable')) = 10.05
LINE 1479: 2025-07-14 12:05:44,247 [DEBUG   ] findfont: score(FontEntry(fname='/usr/local/lib/python3.9/site-packages/matplotlib/mpl-data/fonts/ttf/cmex10.ttf', name='cmex10', style='normal', variant='normal', weight=400, stretch='normal', size='scalable')) = 10.05
LINE 1479: 2025-07-14 12:05:44,247 [DEBUG   ] findfont: score(FontEntry(fname='/usr/local/lib/python3.9/site-packages/matplotlib/mpl-data/fonts/ttf/DejaVuSansMono.ttf', name='DejaVu Sans Mono', style='normal', variant='normal', weight=400, stretch='normal', size='scalable')) = 10.05
LINE 1479: 2025-07-14 12:05:44,247 [DEBUG   ] findfont: score(FontEntry(fname='/usr/local/lib/python3.9/site-packages/matplotlib/mpl-data/fonts/ttf/STIXSizFourSymReg.ttf', name='STIXSizeFourSym', style='normal', variant='normal', weight=400, stretch='normal', size='scalable')) = 10.05
LINE 1479: 2025-07-14 12:05:44,247 [DEBUG   ] findfont: score(FontEntry(fname='/usr/local/lib/python3.9/site-packages/matplotlib/mpl-data/fonts/ttf/DejaVuSerif-BoldItalic.ttf', name='DejaVu Serif', style='italic', variant='normal', weight=700, stretch='normal', size='scalable')) = 11.335
LINE 1479: 2025-07-14 12:05:44,247 [DEBUG   ] findfont: score(FontEntry(fname='/usr/local/lib/python3.9/site-packages/matplotlib/mpl-data/fonts/ttf/cmb10.ttf', name='cmb10', style='normal', variant='normal', weight=400, stretch='normal', size='scalable')) = 10.05
LINE 1479: 2025-07-14 12:05:44,247 [DEBUG   ] findfont: score(FontEntry(fname='/usr/local/lib/python3.9/site-packages/matplotlib/mpl-data/fonts/ttf/STIXNonUni.ttf', name='STIXNonUnicode', style='normal', variant='normal', weight=400, stretch='normal', size='scalable')) = 10.05
LINE 1479: 2025-07-14 12:05:44,248 [DEBUG   ] findfont: score(FontEntry(fname='/usr/local/lib/python3.9/site-packages/matplotlib/mpl-data/fonts/ttf/DejaVuSerif-Bold.ttf', name='DejaVu Serif', style='normal', variant='normal', weight=700, stretch='normal', size='scalable')) = 10.335
LINE 1479: 2025-07-14 12:05:44,248 [DEBUG   ] findfont: score(FontEntry(fname='/usr/local/lib/python3.9/site-packages/matplotlib/mpl-data/fonts/ttf/DejaVuSansMono-Bold.ttf', name='DejaVu Sans Mono', style='normal', variant='normal', weight=700, stretch='normal', size='scalable')) = 10.335
LINE 1479: 2025-07-14 12:05:44,248 [DEBUG   ] findfont: score(FontEntry(fname='/usr/local/lib/python3.9/site-packages/matplotlib/mpl-data/fonts/ttf/STIXSizThreeSymReg.ttf', name='STIXSizeThreeSym', style='normal', variant='normal', weight=400, stretch='normal', size='scalable')) = 10.05
LINE 1479: 2025-07-14 12:05:44,248 [DEBUG   ] findfont: score(FontEntry(fname='/usr/local/lib/python3.9/site-packages/matplotlib/mpl-data/fonts/ttf/STIXSizFiveSymReg.ttf', name='STIXSizeFiveSym', style='normal', variant='normal', weight=400, stretch='normal', size='scalable')) = 10.05
LINE 1479: 2025-07-14 12:05:44,248 [DEBUG   ] findfont: score(FontEntry(fname='/usr/local/lib/python3.9/site-packages/matplotlib/mpl-data/fonts/ttf/cmsy10.ttf', name='cmsy10', style='normal', variant='normal', weight=400, stretch='normal', size='scalable')) = 10.05
LINE 1479: 2025-07-14 12:05:44,248 [DEBUG   ] findfont: score(FontEntry(fname='/usr/local/lib/python3.9/site-packages/matplotlib/mpl-data/fonts/ttf/cmmi10.ttf', name='cmmi10', style='normal', variant='normal', weight=400, stretch='normal', size='scalable')) = 10.05
LINE 1479: 2025-07-14 12:05:44,248 [DEBUG   ] findfont: score(FontEntry(fname='/usr/local/lib/python3.9/site-packages/matplotlib/mpl-data/fonts/ttf/STIXSizTwoSymBol.ttf', name='STIXSizeTwoSym', style='normal', variant='normal', weight=700, stretch='normal', size='scalable')) = 10.335
LINE 1479: 2025-07-14 12:05:44,248 [DEBUG   ] findfont: score(FontEntry(fname='/usr/local/lib/python3.9/site-packages/matplotlib/mpl-data/fonts/ttf/STIXNonUniIta.ttf', name='STIXNonUnicode', style='italic', variant='normal', weight=400, stretch='normal', size='scalable')) = 11.05
LINE 1479: 2025-07-14 12:05:44,248 [DEBUG   ] findfont: score(FontEntry(fname='/usr/local/lib/python3.9/site-packages/matplotlib/mpl-data/fonts/ttf/STIXGeneralItalic.ttf', name='STIXGeneral', style='italic', variant='normal', weight=400, stretch='normal', size='scalable')) = 11.05
LINE 1479: 2025-07-14 12:05:44,248 [DEBUG   ] findfont: score(FontEntry(fname='/usr/local/lib/python3.9/site-packages/matplotlib/mpl-data/fonts/ttf/DejaVuSans-Bold.ttf', name='DejaVu Sans', style='normal', variant='normal', weight=700, stretch='normal', size='scalable')) = 10.335
LINE 1479: 2025-07-14 12:05:44,248 [DEBUG   ] findfont: score(FontEntry(fname='/usr/local/lib/python3.9/site-packages/matplotlib/mpl-data/fonts/ttf/cmtt10.ttf', name='cmtt10', style='normal', variant='normal', weight=400, stretch='normal', size='scalable')) = 0.05
LINE 1479: 2025-07-14 12:05:44,248 [DEBUG   ] findfont: score(FontEntry(fname='/usr/local/lib/python3.9/site-packages/matplotlib/mpl-data/fonts/ttf/STIXSizTwoSymReg.ttf', name='STIXSizeTwoSym', style='normal', variant='normal', weight=400, stretch='normal', size='scalable')) = 10.05
LINE 1479: 2025-07-14 12:05:44,248 [DEBUG   ] findfont: score(FontEntry(fname='/usr/local/lib/python3.9/site-packages/matplotlib/mpl-data/fonts/ttf/DejaVuSans.ttf', name='DejaVu Sans', style='normal', variant='normal', weight=400, stretch='normal', size='scalable')) = 10.05
LINE 1479: 2025-07-14 12:05:44,248 [DEBUG   ] findfont: score(FontEntry(fname='/usr/local/lib/python3.9/site-packages/matplotlib/mpl-data/fonts/ttf/STIXGeneralBol.ttf', name='STIXGeneral', style='normal', variant='normal', weight=700, stretch='normal', size='scalable')) = 10.335
LINE 1479: 2025-07-14 12:05:44,248 [DEBUG   ] findfont: score(FontEntry(fname='/usr/local/lib/python3.9/site-packages/matplotlib/mpl-data/fonts/ttf/DejaVuSansMono-Oblique.ttf', name='DejaVu Sans Mono', style='oblique', variant='normal', weight=400, stretch='normal', size='scalable')) = 11.05
LINE 1479: 2025-07-14 12:05:44,248 [DEBUG   ] findfont: score(FontEntry(fname='/usr/local/lib/python3.9/site-packages/matplotlib/mpl-data/fonts/ttf/STIXGeneral.ttf', name='STIXGeneral', style='normal', variant='normal', weight=400, stretch='normal', size='scalable')) = 10.05
LINE 1479: 2025-07-14 12:05:44,248 [DEBUG   ] findfont: score(FontEntry(fname='/usr/local/lib/python3.9/site-packages/matplotlib/mpl-data/fonts/ttf/STIXGeneralBolIta.ttf', name='STIXGeneral', style='italic', variant='normal', weight=700, stretch='normal', size='scalable')) = 11.335
LINE 1479: 2025-07-14 12:05:44,248 [DEBUG   ] findfont: score(FontEntry(fname='/usr/local/lib/python3.9/site-packages/matplotlib/mpl-data/fonts/ttf/cmss10.ttf', name='cmss10', style='normal', variant='normal', weight=400, stretch='normal', size='scalable')) = 10.05
LINE 1479: 2025-07-14 12:05:44,248 [DEBUG   ] findfont: score(FontEntry(fname='/usr/local/lib/python3.9/site-packages/matplotlib/mpl-data/fonts/ttf/DejaVuSans-BoldOblique.ttf', name='DejaVu Sans', style='oblique', variant='normal', weight=700, stretch='normal', size='scalable')) = 11.335
LINE 1479: 2025-07-14 12:05:44,248 [DEBUG   ] findfont: score(FontEntry(fname='/usr/local/lib/python3.9/site-packages/matplotlib/mpl-data/fonts/ttf/STIXSizOneSymBol.ttf', name='STIXSizeOneSym', style='normal', variant='normal', weight=700, stretch='normal', size='scalable')) = 10.335
LINE 1479: 2025-07-14 12:05:44,248 [DEBUG   ] findfont: score(FontEntry(fname='/usr/local/lib/python3.9/site-packages/matplotlib/mpl-data/fonts/ttf/STIXSizThreeSymBol.ttf', name='STIXSizeThreeSym', style='normal', variant='normal', weight=700, stretch='normal', size='scalable')) = 10.335
LINE 1479: 2025-07-14 12:05:44,248 [DEBUG   ] findfont: score(FontEntry(fname='/usr/local/lib/python3.9/site-packages/matplotlib/mpl-data/fonts/ttf/STIXSizOneSymReg.ttf', name='STIXSizeOneSym', style='normal', variant='normal', weight=400, stretch='normal', size='scalable')) = 10.05
LINE 1479: 2025-07-14 12:05:44,248 [DEBUG   ] findfont: score(FontEntry(fname='/usr/local/lib/python3.9/site-packages/matplotlib/mpl-data/fonts/ttf/STIXNonUniBolIta.ttf', name='STIXNonUnicode', style='italic', variant='normal', weight=700, stretch='normal', size='scalable')) = 11.335
LINE 1479: 2025-07-14 12:05:44,248 [DEBUG   ] findfont: score(FontEntry(fname='/usr/share/fonts/truetype/dejavu/DejaVuSansMono-Bold.ttf', name='DejaVu Sans Mono', style='normal', variant='normal', weight=700, stretch='normal', size='scalable')) = 10.335
LINE 1479: 2025-07-14 12:05:44,248 [DEBUG   ] findfont: score(FontEntry(fname='/usr/share/fonts/truetype/dejavu/DejaVuSansMono.ttf', name='DejaVu Sans Mono', style='normal', variant='normal', weight=400, stretch='normal', size='scalable')) = 10.05
LINE 1479: 2025-07-14 12:05:44,248 [DEBUG   ] findfont: score(FontEntry(fname='/usr/share/fonts/truetype/dejavu/DejaVuSans-Bold.ttf', name='DejaVu Sans', style='normal', variant='normal', weight=700, stretch='normal', size='scalable')) = 10.335
LINE 1479: 2025-07-14 12:05:44,248 [DEBUG   ] findfont: score(FontEntry(fname='/usr/share/fonts/truetype/dejavu/DejaVuSerif-Bold.ttf', name='DejaVu Serif', style='normal', variant='normal', weight=700, stretch='normal', size='scalable')) = 10.335
LINE 1479: 2025-07-14 12:05:44,248 [DEBUG   ] findfont: score(FontEntry(fname='/usr/share/fonts/truetype/dejavu/DejaVuSerif.ttf', name='DejaVu Serif', style='normal', variant='normal', weight=400, stretch='normal', size='scalable')) = 10.05
LINE 1479: 2025-07-14 12:05:44,248 [DEBUG   ] findfont: score(FontEntry(fname='/usr/share/fonts/truetype/dejavu/DejaVuSans.ttf', name='DejaVu Sans', style='normal', variant='normal', weight=400, stretch='normal', size='scalable')) = 10.05
LINE 1508: 2025-07-14 12:05:44,248 [DEBUG   ] findfont: Matching cmtt10:style=normal:variant=normal:weight=normal:stretch=normal:size=10.0 to cmtt10 ('/usr/local/lib/python3.9/site-packages/matplotlib/mpl-data/fonts/ttf/cmtt10.ttf') with score of 0.050000.
LINE 1467: 2025-07-14 12:05:44,248 [DEBUG   ] findfont: Matching cmmi10:style=normal:variant=normal:weight=normal:stretch=normal:size=10.0.
LINE 1479: 2025-07-14 12:05:44,249 [DEBUG   ] findfont: score(FontEntry(fname='/usr/local/lib/python3.9/site-packages/matplotlib/mpl-data/fonts/ttf/STIXSizFourSymBol.ttf', name='STIXSizeFourSym', style='normal', variant='normal', weight=700, stretch='normal', size='scalable')) = 10.335
LINE 1479: 2025-07-14 12:05:44,249 [DEBUG   ] findfont: score(FontEntry(fname='/usr/local/lib/python3.9/site-packages/matplotlib/mpl-data/fonts/ttf/DejaVuSansDisplay.ttf', name='DejaVu Sans Display', style='normal', variant='normal', weight=400, stretch='normal', size='scalable')) = 10.05
LINE 1479: 2025-07-14 12:05:44,249 [DEBUG   ] findfont: score(FontEntry(fname='/usr/local/lib/python3.9/site-packages/matplotlib/mpl-data/fonts/ttf/cmr10.ttf', name='cmr10', style='normal', variant='normal', weight=400, stretch='normal', size='scalable')) = 10.05
LINE 1479: 2025-07-14 12:05:44,249 [DEBUG   ] findfont: score(FontEntry(fname='/usr/local/lib/python3.9/site-packages/matplotlib/mpl-data/fonts/ttf/DejaVuSans-Oblique.ttf', name='DejaVu Sans', style='oblique', variant='normal', weight=400, stretch='normal', size='scalable')) = 11.05
LINE 1479: 2025-07-14 12:05:44,249 [DEBUG   ] findfont: score(FontEntry(fname='/usr/local/lib/python3.9/site-packages/matplotlib/mpl-data/fonts/ttf/DejaVuSerifDisplay.ttf', name='DejaVu Serif Display', style='normal', variant='normal', weight=400, stretch='normal', size='scalable')) = 10.05
LINE 1479: 2025-07-14 12:05:44,249 [DEBUG   ] findfont: score(FontEntry(fname='/usr/local/lib/python3.9/site-packages/matplotlib/mpl-data/fonts/ttf/DejaVuSansMono-BoldOblique.ttf', name='DejaVu Sans Mono', style='oblique', variant='normal', weight=700, stretch='normal', size='scalable')) = 11.335
LINE 1479: 2025-07-14 12:05:44,249 [DEBUG   ] findfont: score(FontEntry(fname='/usr/local/lib/python3.9/site-packages/matplotlib/mpl-data/fonts/ttf/STIXNonUniBol.ttf', name='STIXNonUnicode', style='normal', variant='normal', weight=700, stretch='normal', size='scalable')) = 10.335
LINE 1479: 2025-07-14 12:05:44,249 [DEBUG   ] findfont: score(FontEntry(fname='/usr/local/lib/python3.9/site-packages/matplotlib/mpl-data/fonts/ttf/DejaVuSerif-Italic.ttf', name='DejaVu Serif', style='italic', variant='normal', weight=400, stretch='normal', size='scalable')) = 11.05
LINE 1479: 2025-07-14 12:05:44,249 [DEBUG   ] findfont: score(FontEntry(fname='/usr/local/lib/python3.9/site-packages/matplotlib/mpl-data/fonts/ttf/DejaVuSerif.ttf', name='DejaVu Serif', style='normal', variant='normal', weight=400, stretch='normal', size='scalable')) = 10.05
LINE 1479: 2025-07-14 12:05:44,249 [DEBUG   ] findfont: score(FontEntry(fname='/usr/local/lib/python3.9/site-packages/matplotlib/mpl-data/fonts/ttf/cmex10.ttf', name='cmex10', style='normal', variant='normal', weight=400, stretch='normal', size='scalable')) = 10.05
LINE 1479: 2025-07-14 12:05:44,249 [DEBUG   ] findfont: score(FontEntry(fname='/usr/local/lib/python3.9/site-packages/matplotlib/mpl-data/fonts/ttf/DejaVuSansMono.ttf', name='DejaVu Sans Mono', style='normal', variant='normal', weight=400, stretch='normal', size='scalable')) = 10.05
LINE 1479: 2025-07-14 12:05:44,249 [DEBUG   ] findfont: score(FontEntry(fname='/usr/local/lib/python3.9/site-packages/matplotlib/mpl-data/fonts/ttf/STIXSizFourSymReg.ttf', name='STIXSizeFourSym', style='normal', variant='normal', weight=400, stretch='normal', size='scalable')) = 10.05
LINE 1479: 2025-07-14 12:05:44,249 [DEBUG   ] findfont: score(FontEntry(fname='/usr/local/lib/python3.9/site-packages/matplotlib/mpl-data/fonts/ttf/DejaVuSerif-BoldItalic.ttf', name='DejaVu Serif', style='italic', variant='normal', weight=700, stretch='normal', size='scalable')) = 11.335
LINE 1479: 2025-07-14 12:05:44,249 [DEBUG   ] findfont: score(FontEntry(fname='/usr/local/lib/python3.9/site-packages/matplotlib/mpl-data/fonts/ttf/cmb10.ttf', name='cmb10', style='normal', variant='normal', weight=400, stretch='normal', size='scalable')) = 10.05
LINE 1479: 2025-07-14 12:05:44,249 [DEBUG   ] findfont: score(FontEntry(fname='/usr/local/lib/python3.9/site-packages/matplotlib/mpl-data/fonts/ttf/STIXNonUni.ttf', name='STIXNonUnicode', style='normal', variant='normal', weight=400, stretch='normal', size='scalable')) = 10.05
LINE 1479: 2025-07-14 12:05:44,249 [DEBUG   ] findfont: score(FontEntry(fname='/usr/local/lib/python3.9/site-packages/matplotlib/mpl-data/fonts/ttf/DejaVuSerif-Bold.ttf', name='DejaVu Serif', style='normal', variant='normal', weight=700, stretch='normal', size='scalable')) = 10.335
LINE 1479: 2025-07-14 12:05:44,249 [DEBUG   ] findfont: score(FontEntry(fname='/usr/local/lib/python3.9/site-packages/matplotlib/mpl-data/fonts/ttf/DejaVuSansMono-Bold.ttf', name='DejaVu Sans Mono', style='normal', variant='normal', weight=700, stretch='normal', size='scalable')) = 10.335
LINE 1479: 2025-07-14 12:05:44,249 [DEBUG   ] findfont: score(FontEntry(fname='/usr/local/lib/python3.9/site-packages/matplotlib/mpl-data/fonts/ttf/STIXSizThreeSymReg.ttf', name='STIXSizeThreeSym', style='normal', variant='normal', weight=400, stretch='normal', size='scalable')) = 10.05
LINE 1479: 2025-07-14 12:05:44,249 [DEBUG   ] findfont: score(FontEntry(fname='/usr/local/lib/python3.9/site-packages/matplotlib/mpl-data/fonts/ttf/STIXSizFiveSymReg.ttf', name='STIXSizeFiveSym', style='normal', variant='normal', weight=400, stretch='normal', size='scalable')) = 10.05
LINE 1479: 2025-07-14 12:05:44,249 [DEBUG   ] findfont: score(FontEntry(fname='/usr/local/lib/python3.9/site-packages/matplotlib/mpl-data/fonts/ttf/cmsy10.ttf', name='cmsy10', style='normal', variant='normal', weight=400, stretch='normal', size='scalable')) = 10.05
LINE 1479: 2025-07-14 12:05:44,249 [DEBUG   ] findfont: score(FontEntry(fname='/usr/local/lib/python3.9/site-packages/matplotlib/mpl-data/fonts/ttf/cmmi10.ttf', name='cmmi10', style='normal', variant='normal', weight=400, stretch='normal', size='scalable')) = 0.05
LINE 1479: 2025-07-14 12:05:44,249 [DEBUG   ] findfont: score(FontEntry(fname='/usr/local/lib/python3.9/site-packages/matplotlib/mpl-data/fonts/ttf/STIXSizTwoSymBol.ttf', name='STIXSizeTwoSym', style='normal', variant='normal', weight=700, stretch='normal', size='scalable')) = 10.335
LINE 1479: 2025-07-14 12:05:44,249 [DEBUG   ] findfont: score(FontEntry(fname='/usr/local/lib/python3.9/site-packages/matplotlib/mpl-data/fonts/ttf/STIXNonUniIta.ttf', name='STIXNonUnicode', style='italic', variant='normal', weight=400, stretch='normal', size='scalable')) = 11.05
LINE 1479: 2025-07-14 12:05:44,249 [DEBUG   ] findfont: score(FontEntry(fname='/usr/local/lib/python3.9/site-packages/matplotlib/mpl-data/fonts/ttf/STIXGeneralItalic.ttf', name='STIXGeneral', style='italic', variant='normal', weight=400, stretch='normal', size='scalable')) = 11.05
LINE 1479: 2025-07-14 12:05:44,249 [DEBUG   ] findfont: score(FontEntry(fname='/usr/local/lib/python3.9/site-packages/matplotlib/mpl-data/fonts/ttf/DejaVuSans-Bold.ttf', name='DejaVu Sans', style='normal', variant='normal', weight=700, stretch='normal', size='scalable')) = 10.335
LINE 1479: 2025-07-14 12:05:44,249 [DEBUG   ] findfont: score(FontEntry(fname='/usr/local/lib/python3.9/site-packages/matplotlib/mpl-data/fonts/ttf/cmtt10.ttf', name='cmtt10', style='normal', variant='normal', weight=400, stretch='normal', size='scalable')) = 10.05
LINE 1479: 2025-07-14 12:05:44,249 [DEBUG   ] findfont: score(FontEntry(fname='/usr/local/lib/python3.9/site-packages/matplotlib/mpl-data/fonts/ttf/STIXSizTwoSymReg.ttf', name='STIXSizeTwoSym', style='normal', variant='normal', weight=400, stretch='normal', size='scalable')) = 10.05
LINE 1479: 2025-07-14 12:05:44,249 [DEBUG   ] findfont: score(FontEntry(fname='/usr/local/lib/python3.9/site-packages/matplotlib/mpl-data/fonts/ttf/DejaVuSans.ttf', name='DejaVu Sans', style='normal', variant='normal', weight=400, stretch='normal', size='scalable')) = 10.05
LINE 1479: 2025-07-14 12:05:44,249 [DEBUG   ] findfont: score(FontEntry(fname='/usr/local/lib/python3.9/site-packages/matplotlib/mpl-data/fonts/ttf/STIXGeneralBol.ttf', name='STIXGeneral', style='normal', variant='normal', weight=700, stretch='normal', size='scalable')) = 10.335
LINE 1479: 2025-07-14 12:05:44,249 [DEBUG   ] findfont: score(FontEntry(fname='/usr/local/lib/python3.9/site-packages/matplotlib/mpl-data/fonts/ttf/DejaVuSansMono-Oblique.ttf', name='DejaVu Sans Mono', style='oblique', variant='normal', weight=400, stretch='normal', size='scalable')) = 11.05
LINE 1479: 2025-07-14 12:05:44,249 [DEBUG   ] findfont: score(FontEntry(fname='/usr/local/lib/python3.9/site-packages/matplotlib/mpl-data/fonts/ttf/STIXGeneral.ttf', name='STIXGeneral', style='normal', variant='normal', weight=400, stretch='normal', size='scalable')) = 10.05
LINE 1479: 2025-07-14 12:05:44,249 [DEBUG   ] findfont: score(FontEntry(fname='/usr/local/lib/python3.9/site-packages/matplotlib/mpl-data/fonts/ttf/STIXGeneralBolIta.ttf', name='STIXGeneral', style='italic', variant='normal', weight=700, stretch='normal', size='scalable')) = 11.335
LINE 1479: 2025-07-14 12:05:44,249 [DEBUG   ] findfont: score(FontEntry(fname='/usr/local/lib/python3.9/site-packages/matplotlib/mpl-data/fonts/ttf/cmss10.ttf', name='cmss10', style='normal', variant='normal', weight=400, stretch='normal', size='scalable')) = 10.05
LINE 1479: 2025-07-14 12:05:44,249 [DEBUG   ] findfont: score(FontEntry(fname='/usr/local/lib/python3.9/site-packages/matplotlib/mpl-data/fonts/ttf/DejaVuSans-BoldOblique.ttf', name='DejaVu Sans', style='oblique', variant='normal', weight=700, stretch='normal', size='scalable')) = 11.335
LINE 1479: 2025-07-14 12:05:44,249 [DEBUG   ] findfont: score(FontEntry(fname='/usr/local/lib/python3.9/site-packages/matplotlib/mpl-data/fonts/ttf/STIXSizOneSymBol.ttf', name='STIXSizeOneSym', style='normal', variant='normal', weight=700, stretch='normal', size='scalable')) = 10.335
LINE 1479: 2025-07-14 12:05:44,249 [DEBUG   ] findfont: score(FontEntry(fname='/usr/local/lib/python3.9/site-packages/matplotlib/mpl-data/fonts/ttf/STIXSizThreeSymBol.ttf', name='STIXSizeThreeSym', style='normal', variant='normal', weight=700, stretch='normal', size='scalable')) = 10.335
LINE 1479: 2025-07-14 12:05:44,249 [DEBUG   ] findfont: score(FontEntry(fname='/usr/local/lib/python3.9/site-packages/matplotlib/mpl-data/fonts/ttf/STIXSizOneSymReg.ttf', name='STIXSizeOneSym', style='normal', variant='normal', weight=400, stretch='normal', size='scalable')) = 10.05
LINE 1479: 2025-07-14 12:05:44,249 [DEBUG   ] findfont: score(FontEntry(fname='/usr/local/lib/python3.9/site-packages/matplotlib/mpl-data/fonts/ttf/STIXNonUniBolIta.ttf', name='STIXNonUnicode', style='italic', variant='normal', weight=700, stretch='normal', size='scalable')) = 11.335
LINE 1479: 2025-07-14 12:05:44,249 [DEBUG   ] findfont: score(FontEntry(fname='/usr/share/fonts/truetype/dejavu/DejaVuSansMono-Bold.ttf', name='DejaVu Sans Mono', style='normal', variant='normal', weight=700, stretch='normal', size='scalable')) = 10.335
LINE 1479: 2025-07-14 12:05:44,249 [DEBUG   ] findfont: score(FontEntry(fname='/usr/share/fonts/truetype/dejavu/DejaVuSansMono.ttf', name='DejaVu Sans Mono', style='normal', variant='normal', weight=400, stretch='normal', size='scalable')) = 10.05
LINE 1479: 2025-07-14 12:05:44,250 [DEBUG   ] findfont: score(FontEntry(fname='/usr/share/fonts/truetype/dejavu/DejaVuSans-Bold.ttf', name='DejaVu Sans', style='normal', variant='normal', weight=700, stretch='normal', size='scalable')) = 10.335
LINE 1479: 2025-07-14 12:05:44,250 [DEBUG   ] findfont: score(FontEntry(fname='/usr/share/fonts/truetype/dejavu/DejaVuSerif-Bold.ttf', name='DejaVu Serif', style='normal', variant='normal', weight=700, stretch='normal', size='scalable')) = 10.335
LINE 1479: 2025-07-14 12:05:44,250 [DEBUG   ] findfont: score(FontEntry(fname='/usr/share/fonts/truetype/dejavu/DejaVuSerif.ttf', name='DejaVu Serif', style='normal', variant='normal', weight=400, stretch='normal', size='scalable')) = 10.05
LINE 1479: 2025-07-14 12:05:44,250 [DEBUG   ] findfont: score(FontEntry(fname='/usr/share/fonts/truetype/dejavu/DejaVuSans.ttf', name='DejaVu Sans', style='normal', variant='normal', weight=400, stretch='normal', size='scalable')) = 10.05
LINE 1508: 2025-07-14 12:05:44,250 [DEBUG   ] findfont: Matching cmmi10:style=normal:variant=normal:weight=normal:stretch=normal:size=10.0 to cmmi10 ('/usr/local/lib/python3.9/site-packages/matplotlib/mpl-data/fonts/ttf/cmmi10.ttf') with score of 0.050000.
LINE 1467: 2025-07-14 12:05:44,250 [DEBUG   ] findfont: Matching cmb10:style=normal:variant=normal:weight=normal:stretch=normal:size=10.0.
LINE 1479: 2025-07-14 12:05:44,250 [DEBUG   ] findfont: score(FontEntry(fname='/usr/local/lib/python3.9/site-packages/matplotlib/mpl-data/fonts/ttf/STIXSizFourSymBol.ttf', name='STIXSizeFourSym', style='normal', variant='normal', weight=700, stretch='normal', size='scalable')) = 10.335
LINE 1479: 2025-07-14 12:05:44,250 [DEBUG   ] findfont: score(FontEntry(fname='/usr/local/lib/python3.9/site-packages/matplotlib/mpl-data/fonts/ttf/DejaVuSansDisplay.ttf', name='DejaVu Sans Display', style='normal', variant='normal', weight=400, stretch='normal', size='scalable')) = 10.05
LINE 1479: 2025-07-14 12:05:44,250 [DEBUG   ] findfont: score(FontEntry(fname='/usr/local/lib/python3.9/site-packages/matplotlib/mpl-data/fonts/ttf/cmr10.ttf', name='cmr10', style='normal', variant='normal', weight=400, stretch='normal', size='scalable')) = 10.05
LINE 1479: 2025-07-14 12:05:44,250 [DEBUG   ] findfont: score(FontEntry(fname='/usr/local/lib/python3.9/site-packages/matplotlib/mpl-data/fonts/ttf/DejaVuSans-Oblique.ttf', name='DejaVu Sans', style='oblique', variant='normal', weight=400, stretch='normal', size='scalable')) = 11.05
LINE 1479: 2025-07-14 12:05:44,250 [DEBUG   ] findfont: score(FontEntry(fname='/usr/local/lib/python3.9/site-packages/matplotlib/mpl-data/fonts/ttf/DejaVuSerifDisplay.ttf', name='DejaVu Serif Display', style='normal', variant='normal', weight=400, stretch='normal', size='scalable')) = 10.05
LINE 1479: 2025-07-14 12:05:44,250 [DEBUG   ] findfont: score(FontEntry(fname='/usr/local/lib/python3.9/site-packages/matplotlib/mpl-data/fonts/ttf/DejaVuSansMono-BoldOblique.ttf', name='DejaVu Sans Mono', style='oblique', variant='normal', weight=700, stretch='normal', size='scalable')) = 11.335
LINE 1479: 2025-07-14 12:05:44,250 [DEBUG   ] findfont: score(FontEntry(fname='/usr/local/lib/python3.9/site-packages/matplotlib/mpl-data/fonts/ttf/STIXNonUniBol.ttf', name='STIXNonUnicode', style='normal', variant='normal', weight=700, stretch='normal', size='scalable')) = 10.335
LINE 1479: 2025-07-14 12:05:44,250 [DEBUG   ] findfont: score(FontEntry(fname='/usr/local/lib/python3.9/site-packages/matplotlib/mpl-data/fonts/ttf/DejaVuSerif-Italic.ttf', name='DejaVu Serif', style='italic', variant='normal', weight=400, stretch='normal', size='scalable')) = 11.05
LINE 1479: 2025-07-14 12:05:44,250 [DEBUG   ] findfont: score(FontEntry(fname='/usr/local/lib/python3.9/site-packages/matplotlib/mpl-data/fonts/ttf/DejaVuSerif.ttf', name='DejaVu Serif', style='normal', variant='normal', weight=400, stretch='normal', size='scalable')) = 10.05
LINE 1479: 2025-07-14 12:05:44,250 [DEBUG   ] findfont: score(FontEntry(fname='/usr/local/lib/python3.9/site-packages/matplotlib/mpl-data/fonts/ttf/cmex10.ttf', name='cmex10', style='normal', variant='normal', weight=400, stretch='normal', size='scalable')) = 10.05
LINE 1479: 2025-07-14 12:05:44,250 [DEBUG   ] findfont: score(FontEntry(fname='/usr/local/lib/python3.9/site-packages/matplotlib/mpl-data/fonts/ttf/DejaVuSansMono.ttf', name='DejaVu Sans Mono', style='normal', variant='normal', weight=400, stretch='normal', size='scalable')) = 10.05
LINE 1479: 2025-07-14 12:05:44,250 [DEBUG   ] findfont: score(FontEntry(fname='/usr/local/lib/python3.9/site-packages/matplotlib/mpl-data/fonts/ttf/STIXSizFourSymReg.ttf', name='STIXSizeFourSym', style='normal', variant='normal', weight=400, stretch='normal', size='scalable')) = 10.05
LINE 1479: 2025-07-14 12:05:44,250 [DEBUG   ] findfont: score(FontEntry(fname='/usr/local/lib/python3.9/site-packages/matplotlib/mpl-data/fonts/ttf/DejaVuSerif-BoldItalic.ttf', name='DejaVu Serif', style='italic', variant='normal', weight=700, stretch='normal', size='scalable')) = 11.335
LINE 1479: 2025-07-14 12:05:44,250 [DEBUG   ] findfont: score(FontEntry(fname='/usr/local/lib/python3.9/site-packages/matplotlib/mpl-data/fonts/ttf/cmb10.ttf', name='cmb10', style='normal', variant='normal', weight=400, stretch='normal', size='scalable')) = 0.05
LINE 1479: 2025-07-14 12:05:44,250 [DEBUG   ] findfont: score(FontEntry(fname='/usr/local/lib/python3.9/site-packages/matplotlib/mpl-data/fonts/ttf/STIXNonUni.ttf', name='STIXNonUnicode', style='normal', variant='normal', weight=400, stretch='normal', size='scalable')) = 10.05
LINE 1479: 2025-07-14 12:05:44,250 [DEBUG   ] findfont: score(FontEntry(fname='/usr/local/lib/python3.9/site-packages/matplotlib/mpl-data/fonts/ttf/DejaVuSerif-Bold.ttf', name='DejaVu Serif', style='normal', variant='normal', weight=700, stretch='normal', size='scalable')) = 10.335
LINE 1479: 2025-07-14 12:05:44,250 [DEBUG   ] findfont: score(FontEntry(fname='/usr/local/lib/python3.9/site-packages/matplotlib/mpl-data/fonts/ttf/DejaVuSansMono-Bold.ttf', name='DejaVu Sans Mono', style='normal', variant='normal', weight=700, stretch='normal', size='scalable')) = 10.335
LINE 1479: 2025-07-14 12:05:44,250 [DEBUG   ] findfont: score(FontEntry(fname='/usr/local/lib/python3.9/site-packages/matplotlib/mpl-data/fonts/ttf/STIXSizThreeSymReg.ttf', name='STIXSizeThreeSym', style='normal', variant='normal', weight=400, stretch='normal', size='scalable')) = 10.05
LINE 1479: 2025-07-14 12:05:44,250 [DEBUG   ] findfont: score(FontEntry(fname='/usr/local/lib/python3.9/site-packages/matplotlib/mpl-data/fonts/ttf/STIXSizFiveSymReg.ttf', name='STIXSizeFiveSym', style='normal', variant='normal', weight=400, stretch='normal', size='scalable')) = 10.05
LINE 1479: 2025-07-14 12:05:44,250 [DEBUG   ] findfont: score(FontEntry(fname='/usr/local/lib/python3.9/site-packages/matplotlib/mpl-data/fonts/ttf/cmsy10.ttf', name='cmsy10', style='normal', variant='normal', weight=400, stretch='normal', size='scalable')) = 10.05
LINE 1479: 2025-07-14 12:05:44,250 [DEBUG   ] findfont: score(FontEntry(fname='/usr/local/lib/python3.9/site-packages/matplotlib/mpl-data/fonts/ttf/cmmi10.ttf', name='cmmi10', style='normal', variant='normal', weight=400, stretch='normal', size='scalable')) = 10.05
LINE 1479: 2025-07-14 12:05:44,251 [DEBUG   ] findfont: score(FontEntry(fname='/usr/local/lib/python3.9/site-packages/matplotlib/mpl-data/fonts/ttf/STIXSizTwoSymBol.ttf', name='STIXSizeTwoSym', style='normal', variant='normal', weight=700, stretch='normal', size='scalable')) = 10.335
LINE 1479: 2025-07-14 12:05:44,251 [DEBUG   ] findfont: score(FontEntry(fname='/usr/local/lib/python3.9/site-packages/matplotlib/mpl-data/fonts/ttf/STIXNonUniIta.ttf', name='STIXNonUnicode', style='italic', variant='normal', weight=400, stretch='normal', size='scalable')) = 11.05
LINE 1479: 2025-07-14 12:05:44,251 [DEBUG   ] findfont: score(FontEntry(fname='/usr/local/lib/python3.9/site-packages/matplotlib/mpl-data/fonts/ttf/STIXGeneralItalic.ttf', name='STIXGeneral', style='italic', variant='normal', weight=400, stretch='normal', size='scalable')) = 11.05
LINE 1479: 2025-07-14 12:05:44,251 [DEBUG   ] findfont: score(FontEntry(fname='/usr/local/lib/python3.9/site-packages/matplotlib/mpl-data/fonts/ttf/DejaVuSans-Bold.ttf', name='DejaVu Sans', style='normal', variant='normal', weight=700, stretch='normal', size='scalable')) = 10.335
LINE 1479: 2025-07-14 12:05:44,251 [DEBUG   ] findfont: score(FontEntry(fname='/usr/local/lib/python3.9/site-packages/matplotlib/mpl-data/fonts/ttf/cmtt10.ttf', name='cmtt10', style='normal', variant='normal', weight=400, stretch='normal', size='scalable')) = 10.05
LINE 1479: 2025-07-14 12:05:44,251 [DEBUG   ] findfont: score(FontEntry(fname='/usr/local/lib/python3.9/site-packages/matplotlib/mpl-data/fonts/ttf/STIXSizTwoSymReg.ttf', name='STIXSizeTwoSym', style='normal', variant='normal', weight=400, stretch='normal', size='scalable')) = 10.05
LINE 1479: 2025-07-14 12:05:44,251 [DEBUG   ] findfont: score(FontEntry(fname='/usr/local/lib/python3.9/site-packages/matplotlib/mpl-data/fonts/ttf/DejaVuSans.ttf', name='DejaVu Sans', style='normal', variant='normal', weight=400, stretch='normal', size='scalable')) = 10.05
LINE 1479: 2025-07-14 12:05:44,251 [DEBUG   ] findfont: score(FontEntry(fname='/usr/local/lib/python3.9/site-packages/matplotlib/mpl-data/fonts/ttf/STIXGeneralBol.ttf', name='STIXGeneral', style='normal', variant='normal', weight=700, stretch='normal', size='scalable')) = 10.335
LINE 1479: 2025-07-14 12:05:44,251 [DEBUG   ] findfont: score(FontEntry(fname='/usr/local/lib/python3.9/site-packages/matplotlib/mpl-data/fonts/ttf/DejaVuSansMono-Oblique.ttf', name='DejaVu Sans Mono', style='oblique', variant='normal', weight=400, stretch='normal', size='scalable')) = 11.05
LINE 1479: 2025-07-14 12:05:44,251 [DEBUG   ] findfont: score(FontEntry(fname='/usr/local/lib/python3.9/site-packages/matplotlib/mpl-data/fonts/ttf/STIXGeneral.ttf', name='STIXGeneral', style='normal', variant='normal', weight=400, stretch='normal', size='scalable')) = 10.05
LINE 1479: 2025-07-14 12:05:44,251 [DEBUG   ] findfont: score(FontEntry(fname='/usr/local/lib/python3.9/site-packages/matplotlib/mpl-data/fonts/ttf/STIXGeneralBolIta.ttf', name='STIXGeneral', style='italic', variant='normal', weight=700, stretch='normal', size='scalable')) = 11.335
LINE 1479: 2025-07-14 12:05:44,251 [DEBUG   ] findfont: score(FontEntry(fname='/usr/local/lib/python3.9/site-packages/matplotlib/mpl-data/fonts/ttf/cmss10.ttf', name='cmss10', style='normal', variant='normal', weight=400, stretch='normal', size='scalable')) = 10.05
LINE 1479: 2025-07-14 12:05:44,251 [DEBUG   ] findfont: score(FontEntry(fname='/usr/local/lib/python3.9/site-packages/matplotlib/mpl-data/fonts/ttf/DejaVuSans-BoldOblique.ttf', name='DejaVu Sans', style='oblique', variant='normal', weight=700, stretch='normal', size='scalable')) = 11.335
LINE 1479: 2025-07-14 12:05:44,251 [DEBUG   ] findfont: score(FontEntry(fname='/usr/local/lib/python3.9/site-packages/matplotlib/mpl-data/fonts/ttf/STIXSizOneSymBol.ttf', name='STIXSizeOneSym', style='normal', variant='normal', weight=700, stretch='normal', size='scalable')) = 10.335
LINE 1479: 2025-07-14 12:05:44,251 [DEBUG   ] findfont: score(FontEntry(fname='/usr/local/lib/python3.9/site-packages/matplotlib/mpl-data/fonts/ttf/STIXSizThreeSymBol.ttf', name='STIXSizeThreeSym', style='normal', variant='normal', weight=700, stretch='normal', size='scalable')) = 10.335
LINE 1479: 2025-07-14 12:05:44,251 [DEBUG   ] findfont: score(FontEntry(fname='/usr/local/lib/python3.9/site-packages/matplotlib/mpl-data/fonts/ttf/STIXSizOneSymReg.ttf', name='STIXSizeOneSym', style='normal', variant='normal', weight=400, stretch='normal', size='scalable')) = 10.05
LINE 1479: 2025-07-14 12:05:44,251 [DEBUG   ] findfont: score(FontEntry(fname='/usr/local/lib/python3.9/site-packages/matplotlib/mpl-data/fonts/ttf/STIXNonUniBolIta.ttf', name='STIXNonUnicode', style='italic', variant='normal', weight=700, stretch='normal', size='scalable')) = 11.335
LINE 1479: 2025-07-14 12:05:44,251 [DEBUG   ] findfont: score(FontEntry(fname='/usr/share/fonts/truetype/dejavu/DejaVuSansMono-Bold.ttf', name='DejaVu Sans Mono', style='normal', variant='normal', weight=700, stretch='normal', size='scalable')) = 10.335
LINE 1479: 2025-07-14 12:05:44,251 [DEBUG   ] findfont: score(FontEntry(fname='/usr/share/fonts/truetype/dejavu/DejaVuSansMono.ttf', name='DejaVu Sans Mono', style='normal', variant='normal', weight=400, stretch='normal', size='scalable')) = 10.05
LINE 1479: 2025-07-14 12:05:44,251 [DEBUG   ] findfont: score(FontEntry(fname='/usr/share/fonts/truetype/dejavu/DejaVuSans-Bold.ttf', name='DejaVu Sans', style='normal', variant='normal', weight=700, stretch='normal', size='scalable')) = 10.335
LINE 1479: 2025-07-14 12:05:44,251 [DEBUG   ] findfont: score(FontEntry(fname='/usr/share/fonts/truetype/dejavu/DejaVuSerif-Bold.ttf', name='DejaVu Serif', style='normal', variant='normal', weight=700, stretch='normal', size='scalable')) = 10.335
LINE 1479: 2025-07-14 12:05:44,251 [DEBUG   ] findfont: score(FontEntry(fname='/usr/share/fonts/truetype/dejavu/DejaVuSerif.ttf', name='DejaVu Serif', style='normal', variant='normal', weight=400, stretch='normal', size='scalable')) = 10.05
LINE 1479: 2025-07-14 12:05:44,251 [DEBUG   ] findfont: score(FontEntry(fname='/usr/share/fonts/truetype/dejavu/DejaVuSans.ttf', name='DejaVu Sans', style='normal', variant='normal', weight=400, stretch='normal', size='scalable')) = 10.05
LINE 1508: 2025-07-14 12:05:44,251 [DEBUG   ] findfont: Matching cmb10:style=normal:variant=normal:weight=normal:stretch=normal:size=10.0 to cmb10 ('/usr/local/lib/python3.9/site-packages/matplotlib/mpl-data/fonts/ttf/cmb10.ttf') with score of 0.050000.
LINE 1467: 2025-07-14 12:05:44,251 [DEBUG   ] findfont: Matching cmss10:style=normal:variant=normal:weight=normal:stretch=normal:size=10.0.
LINE 1479: 2025-07-14 12:05:44,251 [DEBUG   ] findfont: score(FontEntry(fname='/usr/local/lib/python3.9/site-packages/matplotlib/mpl-data/fonts/ttf/STIXSizFourSymBol.ttf', name='STIXSizeFourSym', style='normal', variant='normal', weight=700, stretch='normal', size='scalable')) = 10.335
LINE 1479: 2025-07-14 12:05:44,251 [DEBUG   ] findfont: score(FontEntry(fname='/usr/local/lib/python3.9/site-packages/matplotlib/mpl-data/fonts/ttf/DejaVuSansDisplay.ttf', name='DejaVu Sans Display', style='normal', variant='normal', weight=400, stretch='normal', size='scalable')) = 10.05
LINE 1479: 2025-07-14 12:05:44,251 [DEBUG   ] findfont: score(FontEntry(fname='/usr/local/lib/python3.9/site-packages/matplotlib/mpl-data/fonts/ttf/cmr10.ttf', name='cmr10', style='normal', variant='normal', weight=400, stretch='normal', size='scalable')) = 10.05
LINE 1479: 2025-07-14 12:05:44,251 [DEBUG   ] findfont: score(FontEntry(fname='/usr/local/lib/python3.9/site-packages/matplotlib/mpl-data/fonts/ttf/DejaVuSans-Oblique.ttf', name='DejaVu Sans', style='oblique', variant='normal', weight=400, stretch='normal', size='scalable')) = 11.05
LINE 1479: 2025-07-14 12:05:44,251 [DEBUG   ] findfont: score(FontEntry(fname='/usr/local/lib/python3.9/site-packages/matplotlib/mpl-data/fonts/ttf/DejaVuSerifDisplay.ttf', name='DejaVu Serif Display', style='normal', variant='normal', weight=400, stretch='normal', size='scalable')) = 10.05
LINE 1479: 2025-07-14 12:05:44,251 [DEBUG   ] findfont: score(FontEntry(fname='/usr/local/lib/python3.9/site-packages/matplotlib/mpl-data/fonts/ttf/DejaVuSansMono-BoldOblique.ttf', name='DejaVu Sans Mono', style='oblique', variant='normal', weight=700, stretch='normal', size='scalable')) = 11.335
LINE 1479: 2025-07-14 12:05:44,252 [DEBUG   ] findfont: score(FontEntry(fname='/usr/local/lib/python3.9/site-packages/matplotlib/mpl-data/fonts/ttf/STIXNonUniBol.ttf', name='STIXNonUnicode', style='normal', variant='normal', weight=700, stretch='normal', size='scalable')) = 10.335
LINE 1479: 2025-07-14 12:05:44,252 [DEBUG   ] findfont: score(FontEntry(fname='/usr/local/lib/python3.9/site-packages/matplotlib/mpl-data/fonts/ttf/DejaVuSerif-Italic.ttf', name='DejaVu Serif', style='italic', variant='normal', weight=400, stretch='normal', size='scalable')) = 11.05
LINE 1479: 2025-07-14 12:05:44,252 [DEBUG   ] findfont: score(FontEntry(fname='/usr/local/lib/python3.9/site-packages/matplotlib/mpl-data/fonts/ttf/DejaVuSerif.ttf', name='DejaVu Serif', style='normal', variant='normal', weight=400, stretch='normal', size='scalable')) = 10.05
LINE 1479: 2025-07-14 12:05:44,252 [DEBUG   ] findfont: score(FontEntry(fname='/usr/local/lib/python3.9/site-packages/matplotlib/mpl-data/fonts/ttf/cmex10.ttf', name='cmex10', style='normal', variant='normal', weight=400, stretch='normal', size='scalable')) = 10.05
LINE 1479: 2025-07-14 12:05:44,252 [DEBUG   ] findfont: score(FontEntry(fname='/usr/local/lib/python3.9/site-packages/matplotlib/mpl-data/fonts/ttf/DejaVuSansMono.ttf', name='DejaVu Sans Mono', style='normal', variant='normal', weight=400, stretch='normal', size='scalable')) = 10.05
LINE 1479: 2025-07-14 12:05:44,252 [DEBUG   ] findfont: score(FontEntry(fname='/usr/local/lib/python3.9/site-packages/matplotlib/mpl-data/fonts/ttf/STIXSizFourSymReg.ttf', name='STIXSizeFourSym', style='normal', variant='normal', weight=400, stretch='normal', size='scalable')) = 10.05
LINE 1479: 2025-07-14 12:05:44,252 [DEBUG   ] findfont: score(FontEntry(fname='/usr/local/lib/python3.9/site-packages/matplotlib/mpl-data/fonts/ttf/DejaVuSerif-BoldItalic.ttf', name='DejaVu Serif', style='italic', variant='normal', weight=700, stretch='normal', size='scalable')) = 11.335
LINE 1479: 2025-07-14 12:05:44,252 [DEBUG   ] findfont: score(FontEntry(fname='/usr/local/lib/python3.9/site-packages/matplotlib/mpl-data/fonts/ttf/cmb10.ttf', name='cmb10', style='normal', variant='normal', weight=400, stretch='normal', size='scalable')) = 10.05
LINE 1479: 2025-07-14 12:05:44,252 [DEBUG   ] findfont: score(FontEntry(fname='/usr/local/lib/python3.9/site-packages/matplotlib/mpl-data/fonts/ttf/STIXNonUni.ttf', name='STIXNonUnicode', style='normal', variant='normal', weight=400, stretch='normal', size='scalable')) = 10.05
LINE 1479: 2025-07-14 12:05:44,252 [DEBUG   ] findfont: score(FontEntry(fname='/usr/local/lib/python3.9/site-packages/matplotlib/mpl-data/fonts/ttf/DejaVuSerif-Bold.ttf', name='DejaVu Serif', style='normal', variant='normal', weight=700, stretch='normal', size='scalable')) = 10.335
LINE 1479: 2025-07-14 12:05:44,252 [DEBUG   ] findfont: score(FontEntry(fname='/usr/local/lib/python3.9/site-packages/matplotlib/mpl-data/fonts/ttf/DejaVuSansMono-Bold.ttf', name='DejaVu Sans Mono', style='normal', variant='normal', weight=700, stretch='normal', size='scalable')) = 10.335
LINE 1479: 2025-07-14 12:05:44,252 [DEBUG   ] findfont: score(FontEntry(fname='/usr/local/lib/python3.9/site-packages/matplotlib/mpl-data/fonts/ttf/STIXSizThreeSymReg.ttf', name='STIXSizeThreeSym', style='normal', variant='normal', weight=400, stretch='normal', size='scalable')) = 10.05
LINE 1479: 2025-07-14 12:05:44,252 [DEBUG   ] findfont: score(FontEntry(fname='/usr/local/lib/python3.9/site-packages/matplotlib/mpl-data/fonts/ttf/STIXSizFiveSymReg.ttf', name='STIXSizeFiveSym', style='normal', variant='normal', weight=400, stretch='normal', size='scalable')) = 10.05
LINE 1479: 2025-07-14 12:05:44,252 [DEBUG   ] findfont: score(FontEntry(fname='/usr/local/lib/python3.9/site-packages/matplotlib/mpl-data/fonts/ttf/cmsy10.ttf', name='cmsy10', style='normal', variant='normal', weight=400, stretch='normal', size='scalable')) = 10.05
LINE 1479: 2025-07-14 12:05:44,252 [DEBUG   ] findfont: score(FontEntry(fname='/usr/local/lib/python3.9/site-packages/matplotlib/mpl-data/fonts/ttf/cmmi10.ttf', name='cmmi10', style='normal', variant='normal', weight=400, stretch='normal', size='scalable')) = 10.05
LINE 1479: 2025-07-14 12:05:44,252 [DEBUG   ] findfont: score(FontEntry(fname='/usr/local/lib/python3.9/site-packages/matplotlib/mpl-data/fonts/ttf/STIXSizTwoSymBol.ttf', name='STIXSizeTwoSym', style='normal', variant='normal', weight=700, stretch='normal', size='scalable')) = 10.335
LINE 1479: 2025-07-14 12:05:44,252 [DEBUG   ] findfont: score(FontEntry(fname='/usr/local/lib/python3.9/site-packages/matplotlib/mpl-data/fonts/ttf/STIXNonUniIta.ttf', name='STIXNonUnicode', style='italic', variant='normal', weight=400, stretch='normal', size='scalable')) = 11.05
LINE 1479: 2025-07-14 12:05:44,252 [DEBUG   ] findfont: score(FontEntry(fname='/usr/local/lib/python3.9/site-packages/matplotlib/mpl-data/fonts/ttf/STIXGeneralItalic.ttf', name='STIXGeneral', style='italic', variant='normal', weight=400, stretch='normal', size='scalable')) = 11.05
LINE 1479: 2025-07-14 12:05:44,252 [DEBUG   ] findfont: score(FontEntry(fname='/usr/local/lib/python3.9/site-packages/matplotlib/mpl-data/fonts/ttf/DejaVuSans-Bold.ttf', name='DejaVu Sans', style='normal', variant='normal', weight=700, stretch='normal', size='scalable')) = 10.335
LINE 1479: 2025-07-14 12:05:44,252 [DEBUG   ] findfont: score(FontEntry(fname='/usr/local/lib/python3.9/site-packages/matplotlib/mpl-data/fonts/ttf/cmtt10.ttf', name='cmtt10', style='normal', variant='normal', weight=400, stretch='normal', size='scalable')) = 10.05
LINE 1479: 2025-07-14 12:05:44,252 [DEBUG   ] findfont: score(FontEntry(fname='/usr/local/lib/python3.9/site-packages/matplotlib/mpl-data/fonts/ttf/STIXSizTwoSymReg.ttf', name='STIXSizeTwoSym', style='normal', variant='normal', weight=400, stretch='normal', size='scalable')) = 10.05
LINE 1479: 2025-07-14 12:05:44,252 [DEBUG   ] findfont: score(FontEntry(fname='/usr/local/lib/python3.9/site-packages/matplotlib/mpl-data/fonts/ttf/DejaVuSans.ttf', name='DejaVu Sans', style='normal', variant='normal', weight=400, stretch='normal', size='scalable')) = 10.05
LINE 1479: 2025-07-14 12:05:44,252 [DEBUG   ] findfont: score(FontEntry(fname='/usr/local/lib/python3.9/site-packages/matplotlib/mpl-data/fonts/ttf/STIXGeneralBol.ttf', name='STIXGeneral', style='normal', variant='normal', weight=700, stretch='normal', size='scalable')) = 10.335
LINE 1479: 2025-07-14 12:05:44,252 [DEBUG   ] findfont: score(FontEntry(fname='/usr/local/lib/python3.9/site-packages/matplotlib/mpl-data/fonts/ttf/DejaVuSansMono-Oblique.ttf', name='DejaVu Sans Mono', style='oblique', variant='normal', weight=400, stretch='normal', size='scalable')) = 11.05
LINE 1479: 2025-07-14 12:05:44,252 [DEBUG   ] findfont: score(FontEntry(fname='/usr/local/lib/python3.9/site-packages/matplotlib/mpl-data/fonts/ttf/STIXGeneral.ttf', name='STIXGeneral', style='normal', variant='normal', weight=400, stretch='normal', size='scalable')) = 10.05
LINE 1479: 2025-07-14 12:05:44,252 [DEBUG   ] findfont: score(FontEntry(fname='/usr/local/lib/python3.9/site-packages/matplotlib/mpl-data/fonts/ttf/STIXGeneralBolIta.ttf', name='STIXGeneral', style='italic', variant='normal', weight=700, stretch='normal', size='scalable')) = 11.335
LINE 1479: 2025-07-14 12:05:44,252 [DEBUG   ] findfont: score(FontEntry(fname='/usr/local/lib/python3.9/site-packages/matplotlib/mpl-data/fonts/ttf/cmss10.ttf', name='cmss10', style='normal', variant='normal', weight=400, stretch='normal', size='scalable')) = 0.05
LINE 1479: 2025-07-14 12:05:44,252 [DEBUG   ] findfont: score(FontEntry(fname='/usr/local/lib/python3.9/site-packages/matplotlib/mpl-data/fonts/ttf/DejaVuSans-BoldOblique.ttf', name='DejaVu Sans', style='oblique', variant='normal', weight=700, stretch='normal', size='scalable')) = 11.335
LINE 1479: 2025-07-14 12:05:44,252 [DEBUG   ] findfont: score(FontEntry(fname='/usr/local/lib/python3.9/site-packages/matplotlib/mpl-data/fonts/ttf/STIXSizOneSymBol.ttf', name='STIXSizeOneSym', style='normal', variant='normal', weight=700, stretch='normal', size='scalable')) = 10.335
LINE 1479: 2025-07-14 12:05:44,252 [DEBUG   ] findfont: score(FontEntry(fname='/usr/local/lib/python3.9/site-packages/matplotlib/mpl-data/fonts/ttf/STIXSizThreeSymBol.ttf', name='STIXSizeThreeSym', style='normal', variant='normal', weight=700, stretch='normal', size='scalable')) = 10.335
LINE 1479: 2025-07-14 12:05:44,252 [DEBUG   ] findfont: score(FontEntry(fname='/usr/local/lib/python3.9/site-packages/matplotlib/mpl-data/fonts/ttf/STIXSizOneSymReg.ttf', name='STIXSizeOneSym', style='normal', variant='normal', weight=400, stretch='normal', size='scalable')) = 10.05
LINE 1479: 2025-07-14 12:05:44,252 [DEBUG   ] findfont: score(FontEntry(fname='/usr/local/lib/python3.9/site-packages/matplotlib/mpl-data/fonts/ttf/STIXNonUniBolIta.ttf', name='STIXNonUnicode', style='italic', variant='normal', weight=700, stretch='normal', size='scalable')) = 11.335
LINE 1479: 2025-07-14 12:05:44,252 [DEBUG   ] findfont: score(FontEntry(fname='/usr/share/fonts/truetype/dejavu/DejaVuSansMono-Bold.ttf', name='DejaVu Sans Mono', style='normal', variant='normal', weight=700, stretch='normal', size='scalable')) = 10.335
LINE 1479: 2025-07-14 12:05:44,252 [DEBUG   ] findfont: score(FontEntry(fname='/usr/share/fonts/truetype/dejavu/DejaVuSansMono.ttf', name='DejaVu Sans Mono', style='normal', variant='normal', weight=400, stretch='normal', size='scalable')) = 10.05
LINE 1479: 2025-07-14 12:05:44,252 [DEBUG   ] findfont: score(FontEntry(fname='/usr/share/fonts/truetype/dejavu/DejaVuSans-Bold.ttf', name='DejaVu Sans', style='normal', variant='normal', weight=700, stretch='normal', size='scalable')) = 10.335
LINE 1479: 2025-07-14 12:05:44,252 [DEBUG   ] findfont: score(FontEntry(fname='/usr/share/fonts/truetype/dejavu/DejaVuSerif-Bold.ttf', name='DejaVu Serif', style='normal', variant='normal', weight=700, stretch='normal', size='scalable')) = 10.335
LINE 1479: 2025-07-14 12:05:44,252 [DEBUG   ] findfont: score(FontEntry(fname='/usr/share/fonts/truetype/dejavu/DejaVuSerif.ttf', name='DejaVu Serif', style='normal', variant='normal', weight=400, stretch='normal', size='scalable')) = 10.05
LINE 1479: 2025-07-14 12:05:44,252 [DEBUG   ] findfont: score(FontEntry(fname='/usr/share/fonts/truetype/dejavu/DejaVuSans.ttf', name='DejaVu Sans', style='normal', variant='normal', weight=400, stretch='normal', size='scalable')) = 10.05
LINE 1508: 2025-07-14 12:05:44,252 [DEBUG   ] findfont: Matching cmss10:style=normal:variant=normal:weight=normal:stretch=normal:size=10.0 to cmss10 ('/usr/local/lib/python3.9/site-packages/matplotlib/mpl-data/fonts/ttf/cmss10.ttf') with score of 0.050000.
LINE 1467: 2025-07-14 12:05:44,253 [DEBUG   ] findfont: Matching cmex10:style=normal:variant=normal:weight=normal:stretch=normal:size=10.0.
LINE 1479: 2025-07-14 12:05:44,253 [DEBUG   ] findfont: score(FontEntry(fname='/usr/local/lib/python3.9/site-packages/matplotlib/mpl-data/fonts/ttf/STIXSizFourSymBol.ttf', name='STIXSizeFourSym', style='normal', variant='normal', weight=700, stretch='normal', size='scalable')) = 10.335
LINE 1479: 2025-07-14 12:05:44,253 [DEBUG   ] findfont: score(FontEntry(fname='/usr/local/lib/python3.9/site-packages/matplotlib/mpl-data/fonts/ttf/DejaVuSansDisplay.ttf', name='DejaVu Sans Display', style='normal', variant='normal', weight=400, stretch='normal', size='scalable')) = 10.05
LINE 1479: 2025-07-14 12:05:44,253 [DEBUG   ] findfont: score(FontEntry(fname='/usr/local/lib/python3.9/site-packages/matplotlib/mpl-data/fonts/ttf/cmr10.ttf', name='cmr10', style='normal', variant='normal', weight=400, stretch='normal', size='scalable')) = 10.05
LINE 1479: 2025-07-14 12:05:44,253 [DEBUG   ] findfont: score(FontEntry(fname='/usr/local/lib/python3.9/site-packages/matplotlib/mpl-data/fonts/ttf/DejaVuSans-Oblique.ttf', name='DejaVu Sans', style='oblique', variant='normal', weight=400, stretch='normal', size='scalable')) = 11.05
LINE 1479: 2025-07-14 12:05:44,253 [DEBUG   ] findfont: score(FontEntry(fname='/usr/local/lib/python3.9/site-packages/matplotlib/mpl-data/fonts/ttf/DejaVuSerifDisplay.ttf', name='DejaVu Serif Display', style='normal', variant='normal', weight=400, stretch='normal', size='scalable')) = 10.05
LINE 1479: 2025-07-14 12:05:44,253 [DEBUG   ] findfont: score(FontEntry(fname='/usr/local/lib/python3.9/site-packages/matplotlib/mpl-data/fonts/ttf/DejaVuSansMono-BoldOblique.ttf', name='DejaVu Sans Mono', style='oblique', variant='normal', weight=700, stretch='normal', size='scalable')) = 11.335
LINE 1479: 2025-07-14 12:05:44,253 [DEBUG   ] findfont: score(FontEntry(fname='/usr/local/lib/python3.9/site-packages/matplotlib/mpl-data/fonts/ttf/STIXNonUniBol.ttf', name='STIXNonUnicode', style='normal', variant='normal', weight=700, stretch='normal', size='scalable')) = 10.335
LINE 1479: 2025-07-14 12:05:44,253 [DEBUG   ] findfont: score(FontEntry(fname='/usr/local/lib/python3.9/site-packages/matplotlib/mpl-data/fonts/ttf/DejaVuSerif-Italic.ttf', name='DejaVu Serif', style='italic', variant='normal', weight=400, stretch='normal', size='scalable')) = 11.05
LINE 1479: 2025-07-14 12:05:44,253 [DEBUG   ] findfont: score(FontEntry(fname='/usr/local/lib/python3.9/site-packages/matplotlib/mpl-data/fonts/ttf/DejaVuSerif.ttf', name='DejaVu Serif', style='normal', variant='normal', weight=400, stretch='normal', size='scalable')) = 10.05
LINE 1479: 2025-07-14 12:05:44,253 [DEBUG   ] findfont: score(FontEntry(fname='/usr/local/lib/python3.9/site-packages/matplotlib/mpl-data/fonts/ttf/cmex10.ttf', name='cmex10', style='normal', variant='normal', weight=400, stretch='normal', size='scalable')) = 0.05
LINE 1479: 2025-07-14 12:05:44,253 [DEBUG   ] findfont: score(FontEntry(fname='/usr/local/lib/python3.9/site-packages/matplotlib/mpl-data/fonts/ttf/DejaVuSansMono.ttf', name='DejaVu Sans Mono', style='normal', variant='normal', weight=400, stretch='normal', size='scalable')) = 10.05
LINE 1479: 2025-07-14 12:05:44,253 [DEBUG   ] findfont: score(FontEntry(fname='/usr/local/lib/python3.9/site-packages/matplotlib/mpl-data/fonts/ttf/STIXSizFourSymReg.ttf', name='STIXSizeFourSym', style='normal', variant='normal', weight=400, stretch='normal', size='scalable')) = 10.05
LINE 1479: 2025-07-14 12:05:44,253 [DEBUG   ] findfont: score(FontEntry(fname='/usr/local/lib/python3.9/site-packages/matplotlib/mpl-data/fonts/ttf/DejaVuSerif-BoldItalic.ttf', name='DejaVu Serif', style='italic', variant='normal', weight=700, stretch='normal', size='scalable')) = 11.335
LINE 1479: 2025-07-14 12:05:44,253 [DEBUG   ] findfont: score(FontEntry(fname='/usr/local/lib/python3.9/site-packages/matplotlib/mpl-data/fonts/ttf/cmb10.ttf', name='cmb10', style='normal', variant='normal', weight=400, stretch='normal', size='scalable')) = 10.05
LINE 1479: 2025-07-14 12:05:44,253 [DEBUG   ] findfont: score(FontEntry(fname='/usr/local/lib/python3.9/site-packages/matplotlib/mpl-data/fonts/ttf/STIXNonUni.ttf', name='STIXNonUnicode', style='normal', variant='normal', weight=400, stretch='normal', size='scalable')) = 10.05
LINE 1479: 2025-07-14 12:05:44,253 [DEBUG   ] findfont: score(FontEntry(fname='/usr/local/lib/python3.9/site-packages/matplotlib/mpl-data/fonts/ttf/DejaVuSerif-Bold.ttf', name='DejaVu Serif', style='normal', variant='normal', weight=700, stretch='normal', size='scalable')) = 10.335
LINE 1479: 2025-07-14 12:05:44,253 [DEBUG   ] findfont: score(FontEntry(fname='/usr/local/lib/python3.9/site-packages/matplotlib/mpl-data/fonts/ttf/DejaVuSansMono-Bold.ttf', name='DejaVu Sans Mono', style='normal', variant='normal', weight=700, stretch='normal', size='scalable')) = 10.335
LINE 1479: 2025-07-14 12:05:44,253 [DEBUG   ] findfont: score(FontEntry(fname='/usr/local/lib/python3.9/site-packages/matplotlib/mpl-data/fonts/ttf/STIXSizThreeSymReg.ttf', name='STIXSizeThreeSym', style='normal', variant='normal', weight=400, stretch='normal', size='scalable')) = 10.05
LINE 1479: 2025-07-14 12:05:44,253 [DEBUG   ] findfont: score(FontEntry(fname='/usr/local/lib/python3.9/site-packages/matplotlib/mpl-data/fonts/ttf/STIXSizFiveSymReg.ttf', name='STIXSizeFiveSym', style='normal', variant='normal', weight=400, stretch='normal', size='scalable')) = 10.05
LINE 1479: 2025-07-14 12:05:44,253 [DEBUG   ] findfont: score(FontEntry(fname='/usr/local/lib/python3.9/site-packages/matplotlib/mpl-data/fonts/ttf/cmsy10.ttf', name='cmsy10', style='normal', variant='normal', weight=400, stretch='normal', size='scalable')) = 10.05
LINE 1479: 2025-07-14 12:05:44,253 [DEBUG   ] findfont: score(FontEntry(fname='/usr/local/lib/python3.9/site-packages/matplotlib/mpl-data/fonts/ttf/cmmi10.ttf', name='cmmi10', style='normal', variant='normal', weight=400, stretch='normal', size='scalable')) = 10.05
LINE 1479: 2025-07-14 12:05:44,253 [DEBUG   ] findfont: score(FontEntry(fname='/usr/local/lib/python3.9/site-packages/matplotlib/mpl-data/fonts/ttf/STIXSizTwoSymBol.ttf', name='STIXSizeTwoSym', style='normal', variant='normal', weight=700, stretch='normal', size='scalable')) = 10.335
LINE 1479: 2025-07-14 12:05:44,253 [DEBUG   ] findfont: score(FontEntry(fname='/usr/local/lib/python3.9/site-packages/matplotlib/mpl-data/fonts/ttf/STIXNonUniIta.ttf', name='STIXNonUnicode', style='italic', variant='normal', weight=400, stretch='normal', size='scalable')) = 11.05
LINE 1479: 2025-07-14 12:05:44,253 [DEBUG   ] findfont: score(FontEntry(fname='/usr/local/lib/python3.9/site-packages/matplotlib/mpl-data/fonts/ttf/STIXGeneralItalic.ttf', name='STIXGeneral', style='italic', variant='normal', weight=400, stretch='normal', size='scalable')) = 11.05
LINE 1479: 2025-07-14 12:05:44,253 [DEBUG   ] findfont: score(FontEntry(fname='/usr/local/lib/python3.9/site-packages/matplotlib/mpl-data/fonts/ttf/DejaVuSans-Bold.ttf', name='DejaVu Sans', style='normal', variant='normal', weight=700, stretch='normal', size='scalable')) = 10.335
LINE 1479: 2025-07-14 12:05:44,253 [DEBUG   ] findfont: score(FontEntry(fname='/usr/local/lib/python3.9/site-packages/matplotlib/mpl-data/fonts/ttf/cmtt10.ttf', name='cmtt10', style='normal', variant='normal', weight=400, stretch='normal', size='scalable')) = 10.05
LINE 1479: 2025-07-14 12:05:44,253 [DEBUG   ] findfont: score(FontEntry(fname='/usr/local/lib/python3.9/site-packages/matplotlib/mpl-data/fonts/ttf/STIXSizTwoSymReg.ttf', name='STIXSizeTwoSym', style='normal', variant='normal', weight=400, stretch='normal', size='scalable')) = 10.05
LINE 1479: 2025-07-14 12:05:44,253 [DEBUG   ] findfont: score(FontEntry(fname='/usr/local/lib/python3.9/site-packages/matplotlib/mpl-data/fonts/ttf/DejaVuSans.ttf', name='DejaVu Sans', style='normal', variant='normal', weight=400, stretch='normal', size='scalable')) = 10.05
LINE 1479: 2025-07-14 12:05:44,253 [DEBUG   ] findfont: score(FontEntry(fname='/usr/local/lib/python3.9/site-packages/matplotlib/mpl-data/fonts/ttf/STIXGeneralBol.ttf', name='STIXGeneral', style='normal', variant='normal', weight=700, stretch='normal', size='scalable')) = 10.335
LINE 1479: 2025-07-14 12:05:44,253 [DEBUG   ] findfont: score(FontEntry(fname='/usr/local/lib/python3.9/site-packages/matplotlib/mpl-data/fonts/ttf/DejaVuSansMono-Oblique.ttf', name='DejaVu Sans Mono', style='oblique', variant='normal', weight=400, stretch='normal', size='scalable')) = 11.05
LINE 1479: 2025-07-14 12:05:44,253 [DEBUG   ] findfont: score(FontEntry(fname='/usr/local/lib/python3.9/site-packages/matplotlib/mpl-data/fonts/ttf/STIXGeneral.ttf', name='STIXGeneral', style='normal', variant='normal', weight=400, stretch='normal', size='scalable')) = 10.05
LINE 1479: 2025-07-14 12:05:44,254 [DEBUG   ] findfont: score(FontEntry(fname='/usr/local/lib/python3.9/site-packages/matplotlib/mpl-data/fonts/ttf/STIXGeneralBolIta.ttf', name='STIXGeneral', style='italic', variant='normal', weight=700, stretch='normal', size='scalable')) = 11.335
LINE 1479: 2025-07-14 12:05:44,254 [DEBUG   ] findfont: score(FontEntry(fname='/usr/local/lib/python3.9/site-packages/matplotlib/mpl-data/fonts/ttf/cmss10.ttf', name='cmss10', style='normal', variant='normal', weight=400, stretch='normal', size='scalable')) = 10.05
LINE 1479: 2025-07-14 12:05:44,254 [DEBUG   ] findfont: score(FontEntry(fname='/usr/local/lib/python3.9/site-packages/matplotlib/mpl-data/fonts/ttf/DejaVuSans-BoldOblique.ttf', name='DejaVu Sans', style='oblique', variant='normal', weight=700, stretch='normal', size='scalable')) = 11.335
LINE 1479: 2025-07-14 12:05:44,254 [DEBUG   ] findfont: score(FontEntry(fname='/usr/local/lib/python3.9/site-packages/matplotlib/mpl-data/fonts/ttf/STIXSizOneSymBol.ttf', name='STIXSizeOneSym', style='normal', variant='normal', weight=700, stretch='normal', size='scalable')) = 10.335
LINE 1479: 2025-07-14 12:05:44,254 [DEBUG   ] findfont: score(FontEntry(fname='/usr/local/lib/python3.9/site-packages/matplotlib/mpl-data/fonts/ttf/STIXSizThreeSymBol.ttf', name='STIXSizeThreeSym', style='normal', variant='normal', weight=700, stretch='normal', size='scalable')) = 10.335
LINE 1479: 2025-07-14 12:05:44,254 [DEBUG   ] findfont: score(FontEntry(fname='/usr/local/lib/python3.9/site-packages/matplotlib/mpl-data/fonts/ttf/STIXSizOneSymReg.ttf', name='STIXSizeOneSym', style='normal', variant='normal', weight=400, stretch='normal', size='scalable')) = 10.05
LINE 1479: 2025-07-14 12:05:44,254 [DEBUG   ] findfont: score(FontEntry(fname='/usr/local/lib/python3.9/site-packages/matplotlib/mpl-data/fonts/ttf/STIXNonUniBolIta.ttf', name='STIXNonUnicode', style='italic', variant='normal', weight=700, stretch='normal', size='scalable')) = 11.335
LINE 1479: 2025-07-14 12:05:44,254 [DEBUG   ] findfont: score(FontEntry(fname='/usr/share/fonts/truetype/dejavu/DejaVuSansMono-Bold.ttf', name='DejaVu Sans Mono', style='normal', variant='normal', weight=700, stretch='normal', size='scalable')) = 10.335
LINE 1479: 2025-07-14 12:05:44,254 [DEBUG   ] findfont: score(FontEntry(fname='/usr/share/fonts/truetype/dejavu/DejaVuSansMono.ttf', name='DejaVu Sans Mono', style='normal', variant='normal', weight=400, stretch='normal', size='scalable')) = 10.05
LINE 1479: 2025-07-14 12:05:44,254 [DEBUG   ] findfont: score(FontEntry(fname='/usr/share/fonts/truetype/dejavu/DejaVuSans-Bold.ttf', name='DejaVu Sans', style='normal', variant='normal', weight=700, stretch='normal', size='scalable')) = 10.335
LINE 1479: 2025-07-14 12:05:44,254 [DEBUG   ] findfont: score(FontEntry(fname='/usr/share/fonts/truetype/dejavu/DejaVuSerif-Bold.ttf', name='DejaVu Serif', style='normal', variant='normal', weight=700, stretch='normal', size='scalable')) = 10.335
LINE 1479: 2025-07-14 12:05:44,254 [DEBUG   ] findfont: score(FontEntry(fname='/usr/share/fonts/truetype/dejavu/DejaVuSerif.ttf', name='DejaVu Serif', style='normal', variant='normal', weight=400, stretch='normal', size='scalable')) = 10.05
LINE 1479: 2025-07-14 12:05:44,254 [DEBUG   ] findfont: score(FontEntry(fname='/usr/share/fonts/truetype/dejavu/DejaVuSans.ttf', name='DejaVu Sans', style='normal', variant='normal', weight=400, stretch='normal', size='scalable')) = 10.05
LINE 1508: 2025-07-14 12:05:44,254 [DEBUG   ] findfont: Matching cmex10:style=normal:variant=normal:weight=normal:stretch=normal:size=10.0 to cmex10 ('/usr/local/lib/python3.9/site-packages/matplotlib/mpl-data/fonts/ttf/cmex10.ttf') with score of 0.050000.
LINE 1467: 2025-07-14 12:05:44,254 [DEBUG   ] findfont: Matching DejaVu Sans:style=normal:variant=normal:weight=normal:stretch=normal:size=10.0.
LINE 1479: 2025-07-14 12:05:44,254 [DEBUG   ] findfont: score(FontEntry(fname='/usr/local/lib/python3.9/site-packages/matplotlib/mpl-data/fonts/ttf/STIXSizFourSymBol.ttf', name='STIXSizeFourSym', style='normal', variant='normal', weight=700, stretch='normal', size='scalable')) = 10.335
LINE 1479: 2025-07-14 12:05:44,254 [DEBUG   ] findfont: score(FontEntry(fname='/usr/local/lib/python3.9/site-packages/matplotlib/mpl-data/fonts/ttf/DejaVuSansDisplay.ttf', name='DejaVu Sans Display', style='normal', variant='normal', weight=400, stretch='normal', size='scalable')) = 10.05
LINE 1479: 2025-07-14 12:05:44,254 [DEBUG   ] findfont: score(FontEntry(fname='/usr/local/lib/python3.9/site-packages/matplotlib/mpl-data/fonts/ttf/cmr10.ttf', name='cmr10', style='normal', variant='normal', weight=400, stretch='normal', size='scalable')) = 10.05
LINE 1479: 2025-07-14 12:05:44,254 [DEBUG   ] findfont: score(FontEntry(fname='/usr/local/lib/python3.9/site-packages/matplotlib/mpl-data/fonts/ttf/DejaVuSans-Oblique.ttf', name='DejaVu Sans', style='oblique', variant='normal', weight=400, stretch='normal', size='scalable')) = 1.05
LINE 1479: 2025-07-14 12:05:44,254 [DEBUG   ] findfont: score(FontEntry(fname='/usr/local/lib/python3.9/site-packages/matplotlib/mpl-data/fonts/ttf/DejaVuSerifDisplay.ttf', name='DejaVu Serif Display', style='normal', variant='normal', weight=400, stretch='normal', size='scalable')) = 10.05
LINE 1479: 2025-07-14 12:05:44,254 [DEBUG   ] findfont: score(FontEntry(fname='/usr/local/lib/python3.9/site-packages/matplotlib/mpl-data/fonts/ttf/DejaVuSansMono-BoldOblique.ttf', name='DejaVu Sans Mono', style='oblique', variant='normal', weight=700, stretch='normal', size='scalable')) = 11.335
LINE 1479: 2025-07-14 12:05:44,254 [DEBUG   ] findfont: score(FontEntry(fname='/usr/local/lib/python3.9/site-packages/matplotlib/mpl-data/fonts/ttf/STIXNonUniBol.ttf', name='STIXNonUnicode', style='normal', variant='normal', weight=700, stretch='normal', size='scalable')) = 10.335
LINE 1479: 2025-07-14 12:05:44,254 [DEBUG   ] findfont: score(FontEntry(fname='/usr/local/lib/python3.9/site-packages/matplotlib/mpl-data/fonts/ttf/DejaVuSerif-Italic.ttf', name='DejaVu Serif', style='italic', variant='normal', weight=400, stretch='normal', size='scalable')) = 11.05
LINE 1479: 2025-07-14 12:05:44,254 [DEBUG   ] findfont: score(FontEntry(fname='/usr/local/lib/python3.9/site-packages/matplotlib/mpl-data/fonts/ttf/DejaVuSerif.ttf', name='DejaVu Serif', style='normal', variant='normal', weight=400, stretch='normal', size='scalable')) = 10.05
LINE 1479: 2025-07-14 12:05:44,254 [DEBUG   ] findfont: score(FontEntry(fname='/usr/local/lib/python3.9/site-packages/matplotlib/mpl-data/fonts/ttf/cmex10.ttf', name='cmex10', style='normal', variant='normal', weight=400, stretch='normal', size='scalable')) = 10.05
LINE 1479: 2025-07-14 12:05:44,254 [DEBUG   ] findfont: score(FontEntry(fname='/usr/local/lib/python3.9/site-packages/matplotlib/mpl-data/fonts/ttf/DejaVuSansMono.ttf', name='DejaVu Sans Mono', style='normal', variant='normal', weight=400, stretch='normal', size='scalable')) = 10.05
LINE 1479: 2025-07-14 12:05:44,254 [DEBUG   ] findfont: score(FontEntry(fname='/usr/local/lib/python3.9/site-packages/matplotlib/mpl-data/fonts/ttf/STIXSizFourSymReg.ttf', name='STIXSizeFourSym', style='normal', variant='normal', weight=400, stretch='normal', size='scalable')) = 10.05
LINE 1479: 2025-07-14 12:05:44,254 [DEBUG   ] findfont: score(FontEntry(fname='/usr/local/lib/python3.9/site-packages/matplotlib/mpl-data/fonts/ttf/DejaVuSerif-BoldItalic.ttf', name='DejaVu Serif', style='italic', variant='normal', weight=700, stretch='normal', size='scalable')) = 11.335
LINE 1479: 2025-07-14 12:05:44,254 [DEBUG   ] findfont: score(FontEntry(fname='/usr/local/lib/python3.9/site-packages/matplotlib/mpl-data/fonts/ttf/cmb10.ttf', name='cmb10', style='normal', variant='normal', weight=400, stretch='normal', size='scalable')) = 10.05
LINE 1479: 2025-07-14 12:05:44,254 [DEBUG   ] findfont: score(FontEntry(fname='/usr/local/lib/python3.9/site-packages/matplotlib/mpl-data/fonts/ttf/STIXNonUni.ttf', name='STIXNonUnicode', style='normal', variant='normal', weight=400, stretch='normal', size='scalable')) = 10.05
LINE 1479: 2025-07-14 12:05:44,255 [DEBUG   ] findfont: score(FontEntry(fname='/usr/local/lib/python3.9/site-packages/matplotlib/mpl-data/fonts/ttf/DejaVuSerif-Bold.ttf', name='DejaVu Serif', style='normal', variant='normal', weight=700, stretch='normal', size='scalable')) = 10.335
LINE 1479: 2025-07-14 12:05:44,255 [DEBUG   ] findfont: score(FontEntry(fname='/usr/local/lib/python3.9/site-packages/matplotlib/mpl-data/fonts/ttf/DejaVuSansMono-Bold.ttf', name='DejaVu Sans Mono', style='normal', variant='normal', weight=700, stretch='normal', size='scalable')) = 10.335
LINE 1479: 2025-07-14 12:05:44,255 [DEBUG   ] findfont: score(FontEntry(fname='/usr/local/lib/python3.9/site-packages/matplotlib/mpl-data/fonts/ttf/STIXSizThreeSymReg.ttf', name='STIXSizeThreeSym', style='normal', variant='normal', weight=400, stretch='normal', size='scalable')) = 10.05
LINE 1479: 2025-07-14 12:05:44,255 [DEBUG   ] findfont: score(FontEntry(fname='/usr/local/lib/python3.9/site-packages/matplotlib/mpl-data/fonts/ttf/STIXSizFiveSymReg.ttf', name='STIXSizeFiveSym', style='normal', variant='normal', weight=400, stretch='normal', size='scalable')) = 10.05
LINE 1479: 2025-07-14 12:05:44,255 [DEBUG   ] findfont: score(FontEntry(fname='/usr/local/lib/python3.9/site-packages/matplotlib/mpl-data/fonts/ttf/cmsy10.ttf', name='cmsy10', style='normal', variant='normal', weight=400, stretch='normal', size='scalable')) = 10.05
LINE 1479: 2025-07-14 12:05:44,255 [DEBUG   ] findfont: score(FontEntry(fname='/usr/local/lib/python3.9/site-packages/matplotlib/mpl-data/fonts/ttf/cmmi10.ttf', name='cmmi10', style='normal', variant='normal', weight=400, stretch='normal', size='scalable')) = 10.05
LINE 1479: 2025-07-14 12:05:44,255 [DEBUG   ] findfont: score(FontEntry(fname='/usr/local/lib/python3.9/site-packages/matplotlib/mpl-data/fonts/ttf/STIXSizTwoSymBol.ttf', name='STIXSizeTwoSym', style='normal', variant='normal', weight=700, stretch='normal', size='scalable')) = 10.335
LINE 1479: 2025-07-14 12:05:44,255 [DEBUG   ] findfont: score(FontEntry(fname='/usr/local/lib/python3.9/site-packages/matplotlib/mpl-data/fonts/ttf/STIXNonUniIta.ttf', name='STIXNonUnicode', style='italic', variant='normal', weight=400, stretch='normal', size='scalable')) = 11.05
LINE 1479: 2025-07-14 12:05:44,255 [DEBUG   ] findfont: score(FontEntry(fname='/usr/local/lib/python3.9/site-packages/matplotlib/mpl-data/fonts/ttf/STIXGeneralItalic.ttf', name='STIXGeneral', style='italic', variant='normal', weight=400, stretch='normal', size='scalable')) = 11.05
LINE 1479: 2025-07-14 12:05:44,255 [DEBUG   ] findfont: score(FontEntry(fname='/usr/local/lib/python3.9/site-packages/matplotlib/mpl-data/fonts/ttf/DejaVuSans-Bold.ttf', name='DejaVu Sans', style='normal', variant='normal', weight=700, stretch='normal', size='scalable')) = 0.33499999999999996
LINE 1479: 2025-07-14 12:05:44,255 [DEBUG   ] findfont: score(FontEntry(fname='/usr/local/lib/python3.9/site-packages/matplotlib/mpl-data/fonts/ttf/cmtt10.ttf', name='cmtt10', style='normal', variant='normal', weight=400, stretch='normal', size='scalable')) = 10.05
LINE 1479: 2025-07-14 12:05:44,255 [DEBUG   ] findfont: score(FontEntry(fname='/usr/local/lib/python3.9/site-packages/matplotlib/mpl-data/fonts/ttf/STIXSizTwoSymReg.ttf', name='STIXSizeTwoSym', style='normal', variant='normal', weight=400, stretch='normal', size='scalable')) = 10.05
LINE 1479: 2025-07-14 12:05:44,255 [DEBUG   ] findfont: score(FontEntry(fname='/usr/local/lib/python3.9/site-packages/matplotlib/mpl-data/fonts/ttf/DejaVuSans.ttf', name='DejaVu Sans', style='normal', variant='normal', weight=400, stretch='normal', size='scalable')) = 0.05
LINE 1479: 2025-07-14 12:05:44,255 [DEBUG   ] findfont: score(FontEntry(fname='/usr/local/lib/python3.9/site-packages/matplotlib/mpl-data/fonts/ttf/STIXGeneralBol.ttf', name='STIXGeneral', style='normal', variant='normal', weight=700, stretch='normal', size='scalable')) = 10.335
LINE 1479: 2025-07-14 12:05:44,255 [DEBUG   ] findfont: score(FontEntry(fname='/usr/local/lib/python3.9/site-packages/matplotlib/mpl-data/fonts/ttf/DejaVuSansMono-Oblique.ttf', name='DejaVu Sans Mono', style='oblique', variant='normal', weight=400, stretch='normal', size='scalable')) = 11.05
LINE 1479: 2025-07-14 12:05:44,255 [DEBUG   ] findfont: score(FontEntry(fname='/usr/local/lib/python3.9/site-packages/matplotlib/mpl-data/fonts/ttf/STIXGeneral.ttf', name='STIXGeneral', style='normal', variant='normal', weight=400, stretch='normal', size='scalable')) = 10.05
LINE 1479: 2025-07-14 12:05:44,255 [DEBUG   ] findfont: score(FontEntry(fname='/usr/local/lib/python3.9/site-packages/matplotlib/mpl-data/fonts/ttf/STIXGeneralBolIta.ttf', name='STIXGeneral', style='italic', variant='normal', weight=700, stretch='normal', size='scalable')) = 11.335
LINE 1479: 2025-07-14 12:05:44,255 [DEBUG   ] findfont: score(FontEntry(fname='/usr/local/lib/python3.9/site-packages/matplotlib/mpl-data/fonts/ttf/cmss10.ttf', name='cmss10', style='normal', variant='normal', weight=400, stretch='normal', size='scalable')) = 10.05
LINE 1479: 2025-07-14 12:05:44,255 [DEBUG   ] findfont: score(FontEntry(fname='/usr/local/lib/python3.9/site-packages/matplotlib/mpl-data/fonts/ttf/DejaVuSans-BoldOblique.ttf', name='DejaVu Sans', style='oblique', variant='normal', weight=700, stretch='normal', size='scalable')) = 1.335
LINE 1479: 2025-07-14 12:05:44,255 [DEBUG   ] findfont: score(FontEntry(fname='/usr/local/lib/python3.9/site-packages/matplotlib/mpl-data/fonts/ttf/STIXSizOneSymBol.ttf', name='STIXSizeOneSym', style='normal', variant='normal', weight=700, stretch='normal', size='scalable')) = 10.335
LINE 1479: 2025-07-14 12:05:44,255 [DEBUG   ] findfont: score(FontEntry(fname='/usr/local/lib/python3.9/site-packages/matplotlib/mpl-data/fonts/ttf/STIXSizThreeSymBol.ttf', name='STIXSizeThreeSym', style='normal', variant='normal', weight=700, stretch='normal', size='scalable')) = 10.335
LINE 1479: 2025-07-14 12:05:44,255 [DEBUG   ] findfont: score(FontEntry(fname='/usr/local/lib/python3.9/site-packages/matplotlib/mpl-data/fonts/ttf/STIXSizOneSymReg.ttf', name='STIXSizeOneSym', style='normal', variant='normal', weight=400, stretch='normal', size='scalable')) = 10.05
LINE 1479: 2025-07-14 12:05:44,255 [DEBUG   ] findfont: score(FontEntry(fname='/usr/local/lib/python3.9/site-packages/matplotlib/mpl-data/fonts/ttf/STIXNonUniBolIta.ttf', name='STIXNonUnicode', style='italic', variant='normal', weight=700, stretch='normal', size='scalable')) = 11.335
LINE 1479: 2025-07-14 12:05:44,255 [DEBUG   ] findfont: score(FontEntry(fname='/usr/share/fonts/truetype/dejavu/DejaVuSansMono-Bold.ttf', name='DejaVu Sans Mono', style='normal', variant='normal', weight=700, stretch='normal', size='scalable')) = 10.335
LINE 1479: 2025-07-14 12:05:44,255 [DEBUG   ] findfont: score(FontEntry(fname='/usr/share/fonts/truetype/dejavu/DejaVuSansMono.ttf', name='DejaVu Sans Mono', style='normal', variant='normal', weight=400, stretch='normal', size='scalable')) = 10.05
LINE 1479: 2025-07-14 12:05:44,255 [DEBUG   ] findfont: score(FontEntry(fname='/usr/share/fonts/truetype/dejavu/DejaVuSans-Bold.ttf', name='DejaVu Sans', style='normal', variant='normal', weight=700, stretch='normal', size='scalable')) = 0.33499999999999996
LINE 1479: 2025-07-14 12:05:44,255 [DEBUG   ] findfont: score(FontEntry(fname='/usr/share/fonts/truetype/dejavu/DejaVuSerif-Bold.ttf', name='DejaVu Serif', style='normal', variant='normal', weight=700, stretch='normal', size='scalable')) = 10.335
LINE 1479: 2025-07-14 12:05:44,255 [DEBUG   ] findfont: score(FontEntry(fname='/usr/share/fonts/truetype/dejavu/DejaVuSerif.ttf', name='DejaVu Serif', style='normal', variant='normal', weight=400, stretch='normal', size='scalable')) = 10.05
LINE 1479: 2025-07-14 12:05:44,255 [DEBUG   ] findfont: score(FontEntry(fname='/usr/share/fonts/truetype/dejavu/DejaVuSans.ttf', name='DejaVu Sans', style='normal', variant='normal', weight=400, stretch='normal', size='scalable')) = 0.05
LINE 1508: 2025-07-14 12:05:44,255 [DEBUG   ] findfont: Matching DejaVu Sans:style=normal:variant=normal:weight=normal:stretch=normal:size=10.0 to DejaVu Sans ('/usr/local/lib/python3.9/site-packages/matplotlib/mpl-data/fonts/ttf/DejaVuSans.ttf') with score of 0.050000.
LINE 1467: 2025-07-14 12:05:44,255 [DEBUG   ] findfont: Matching DejaVu Sans:style=italic:variant=normal:weight=normal:stretch=normal:size=10.0.
LINE 1479: 2025-07-14 12:05:44,255 [DEBUG   ] findfont: score(FontEntry(fname='/usr/local/lib/python3.9/site-packages/matplotlib/mpl-data/fonts/ttf/STIXSizFourSymBol.ttf', name='STIXSizeFourSym', style='normal', variant='normal', weight=700, stretch='normal', size='scalable')) = 11.335
LINE 1479: 2025-07-14 12:05:44,256 [DEBUG   ] findfont: score(FontEntry(fname='/usr/local/lib/python3.9/site-packages/matplotlib/mpl-data/fonts/ttf/DejaVuSansDisplay.ttf', name='DejaVu Sans Display', style='normal', variant='normal', weight=400, stretch='normal', size='scalable')) = 11.05
LINE 1479: 2025-07-14 12:05:44,256 [DEBUG   ] findfont: score(FontEntry(fname='/usr/local/lib/python3.9/site-packages/matplotlib/mpl-data/fonts/ttf/cmr10.ttf', name='cmr10', style='normal', variant='normal', weight=400, stretch='normal', size='scalable')) = 11.05
LINE 1479: 2025-07-14 12:05:44,256 [DEBUG   ] findfont: score(FontEntry(fname='/usr/local/lib/python3.9/site-packages/matplotlib/mpl-data/fonts/ttf/DejaVuSans-Oblique.ttf', name='DejaVu Sans', style='oblique', variant='normal', weight=400, stretch='normal', size='scalable')) = 0.15000000000000002
LINE 1479: 2025-07-14 12:05:44,256 [DEBUG   ] findfont: score(FontEntry(fname='/usr/local/lib/python3.9/site-packages/matplotlib/mpl-data/fonts/ttf/DejaVuSerifDisplay.ttf', name='DejaVu Serif Display', style='normal', variant='normal', weight=400, stretch='normal', size='scalable')) = 11.05
LINE 1479: 2025-07-14 12:05:44,256 [DEBUG   ] findfont: score(FontEntry(fname='/usr/local/lib/python3.9/site-packages/matplotlib/mpl-data/fonts/ttf/DejaVuSansMono-BoldOblique.ttf', name='DejaVu Sans Mono', style='oblique', variant='normal', weight=700, stretch='normal', size='scalable')) = 10.434999999999999
LINE 1479: 2025-07-14 12:05:44,256 [DEBUG   ] findfont: score(FontEntry(fname='/usr/local/lib/python3.9/site-packages/matplotlib/mpl-data/fonts/ttf/STIXNonUniBol.ttf', name='STIXNonUnicode', style='normal', variant='normal', weight=700, stretch='normal', size='scalable')) = 11.335
LINE 1479: 2025-07-14 12:05:44,256 [DEBUG   ] findfont: score(FontEntry(fname='/usr/local/lib/python3.9/site-packages/matplotlib/mpl-data/fonts/ttf/DejaVuSerif-Italic.ttf', name='DejaVu Serif', style='italic', variant='normal', weight=400, stretch='normal', size='scalable')) = 10.05
LINE 1479: 2025-07-14 12:05:44,256 [DEBUG   ] findfont: score(FontEntry(fname='/usr/local/lib/python3.9/site-packages/matplotlib/mpl-data/fonts/ttf/DejaVuSerif.ttf', name='DejaVu Serif', style='normal', variant='normal', weight=400, stretch='normal', size='scalable')) = 11.05
LINE 1479: 2025-07-14 12:05:44,256 [DEBUG   ] findfont: score(FontEntry(fname='/usr/local/lib/python3.9/site-packages/matplotlib/mpl-data/fonts/ttf/cmex10.ttf', name='cmex10', style='normal', variant='normal', weight=400, stretch='normal', size='scalable')) = 11.05
LINE 1479: 2025-07-14 12:05:44,256 [DEBUG   ] findfont: score(FontEntry(fname='/usr/local/lib/python3.9/site-packages/matplotlib/mpl-data/fonts/ttf/DejaVuSansMono.ttf', name='DejaVu Sans Mono', style='normal', variant='normal', weight=400, stretch='normal', size='scalable')) = 11.05
LINE 1479: 2025-07-14 12:05:44,256 [DEBUG   ] findfont: score(FontEntry(fname='/usr/local/lib/python3.9/site-packages/matplotlib/mpl-data/fonts/ttf/STIXSizFourSymReg.ttf', name='STIXSizeFourSym', style='normal', variant='normal', weight=400, stretch='normal', size='scalable')) = 11.05
LINE 1479: 2025-07-14 12:05:44,256 [DEBUG   ] findfont: score(FontEntry(fname='/usr/local/lib/python3.9/site-packages/matplotlib/mpl-data/fonts/ttf/DejaVuSerif-BoldItalic.ttf', name='DejaVu Serif', style='italic', variant='normal', weight=700, stretch='normal', size='scalable')) = 10.335
LINE 1479: 2025-07-14 12:05:44,256 [DEBUG   ] findfont: score(FontEntry(fname='/usr/local/lib/python3.9/site-packages/matplotlib/mpl-data/fonts/ttf/cmb10.ttf', name='cmb10', style='normal', variant='normal', weight=400, stretch='normal', size='scalable')) = 11.05
LINE 1479: 2025-07-14 12:05:44,256 [DEBUG   ] findfont: score(FontEntry(fname='/usr/local/lib/python3.9/site-packages/matplotlib/mpl-data/fonts/ttf/STIXNonUni.ttf', name='STIXNonUnicode', style='normal', variant='normal', weight=400, stretch='normal', size='scalable')) = 11.05
LINE 1479: 2025-07-14 12:05:44,256 [DEBUG   ] findfont: score(FontEntry(fname='/usr/local/lib/python3.9/site-packages/matplotlib/mpl-data/fonts/ttf/DejaVuSerif-Bold.ttf', name='DejaVu Serif', style='normal', variant='normal', weight=700, stretch='normal', size='scalable')) = 11.335
LINE 1479: 2025-07-14 12:05:44,256 [DEBUG   ] findfont: score(FontEntry(fname='/usr/local/lib/python3.9/site-packages/matplotlib/mpl-data/fonts/ttf/DejaVuSansMono-Bold.ttf', name='DejaVu Sans Mono', style='normal', variant='normal', weight=700, stretch='normal', size='scalable')) = 11.335
LINE 1479: 2025-07-14 12:05:44,256 [DEBUG   ] findfont: score(FontEntry(fname='/usr/local/lib/python3.9/site-packages/matplotlib/mpl-data/fonts/ttf/STIXSizThreeSymReg.ttf', name='STIXSizeThreeSym', style='normal', variant='normal', weight=400, stretch='normal', size='scalable')) = 11.05
LINE 1479: 2025-07-14 12:05:44,256 [DEBUG   ] findfont: score(FontEntry(fname='/usr/local/lib/python3.9/site-packages/matplotlib/mpl-data/fonts/ttf/STIXSizFiveSymReg.ttf', name='STIXSizeFiveSym', style='normal', variant='normal', weight=400, stretch='normal', size='scalable')) = 11.05
LINE 1479: 2025-07-14 12:05:44,256 [DEBUG   ] findfont: score(FontEntry(fname='/usr/local/lib/python3.9/site-packages/matplotlib/mpl-data/fonts/ttf/cmsy10.ttf', name='cmsy10', style='normal', variant='normal', weight=400, stretch='normal', size='scalable')) = 11.05
LINE 1479: 2025-07-14 12:05:44,256 [DEBUG   ] findfont: score(FontEntry(fname='/usr/local/lib/python3.9/site-packages/matplotlib/mpl-data/fonts/ttf/cmmi10.ttf', name='cmmi10', style='normal', variant='normal', weight=400, stretch='normal', size='scalable')) = 11.05
LINE 1479: 2025-07-14 12:05:44,256 [DEBUG   ] findfont: score(FontEntry(fname='/usr/local/lib/python3.9/site-packages/matplotlib/mpl-data/fonts/ttf/STIXSizTwoSymBol.ttf', name='STIXSizeTwoSym', style='normal', variant='normal', weight=700, stretch='normal', size='scalable')) = 11.335
LINE 1479: 2025-07-14 12:05:44,256 [DEBUG   ] findfont: score(FontEntry(fname='/usr/local/lib/python3.9/site-packages/matplotlib/mpl-data/fonts/ttf/STIXNonUniIta.ttf', name='STIXNonUnicode', style='italic', variant='normal', weight=400, stretch='normal', size='scalable')) = 10.05
LINE 1479: 2025-07-14 12:05:44,256 [DEBUG   ] findfont: score(FontEntry(fname='/usr/local/lib/python3.9/site-packages/matplotlib/mpl-data/fonts/ttf/STIXGeneralItalic.ttf', name='STIXGeneral', style='italic', variant='normal', weight=400, stretch='normal', size='scalable')) = 10.05
LINE 1479: 2025-07-14 12:05:44,256 [DEBUG   ] findfont: score(FontEntry(fname='/usr/local/lib/python3.9/site-packages/matplotlib/mpl-data/fonts/ttf/DejaVuSans-Bold.ttf', name='DejaVu Sans', style='normal', variant='normal', weight=700, stretch='normal', size='scalable')) = 1.335
LINE 1479: 2025-07-14 12:05:44,256 [DEBUG   ] findfont: score(FontEntry(fname='/usr/local/lib/python3.9/site-packages/matplotlib/mpl-data/fonts/ttf/cmtt10.ttf', name='cmtt10', style='normal', variant='normal', weight=400, stretch='normal', size='scalable')) = 11.05
LINE 1479: 2025-07-14 12:05:44,256 [DEBUG   ] findfont: score(FontEntry(fname='/usr/local/lib/python3.9/site-packages/matplotlib/mpl-data/fonts/ttf/STIXSizTwoSymReg.ttf', name='STIXSizeTwoSym', style='normal', variant='normal', weight=400, stretch='normal', size='scalable')) = 11.05
LINE 1479: 2025-07-14 12:05:44,256 [DEBUG   ] findfont: score(FontEntry(fname='/usr/local/lib/python3.9/site-packages/matplotlib/mpl-data/fonts/ttf/DejaVuSans.ttf', name='DejaVu Sans', style='normal', variant='normal', weight=400, stretch='normal', size='scalable')) = 1.05
LINE 1479: 2025-07-14 12:05:44,256 [DEBUG   ] findfont: score(FontEntry(fname='/usr/local/lib/python3.9/site-packages/matplotlib/mpl-data/fonts/ttf/STIXGeneralBol.ttf', name='STIXGeneral', style='normal', variant='normal', weight=700, stretch='normal', size='scalable')) = 11.335
LINE 1479: 2025-07-14 12:05:44,256 [DEBUG   ] findfont: score(FontEntry(fname='/usr/local/lib/python3.9/site-packages/matplotlib/mpl-data/fonts/ttf/DejaVuSansMono-Oblique.ttf', name='DejaVu Sans Mono', style='oblique', variant='normal', weight=400, stretch='normal', size='scalable')) = 10.15
LINE 1479: 2025-07-14 12:05:44,256 [DEBUG   ] findfont: score(FontEntry(fname='/usr/local/lib/python3.9/site-packages/matplotlib/mpl-data/fonts/ttf/STIXGeneral.ttf', name='STIXGeneral', style='normal', variant='normal', weight=400, stretch='normal', size='scalable')) = 11.05
LINE 1479: 2025-07-14 12:05:44,256 [DEBUG   ] findfont: score(FontEntry(fname='/usr/local/lib/python3.9/site-packages/matplotlib/mpl-data/fonts/ttf/STIXGeneralBolIta.ttf', name='STIXGeneral', style='italic', variant='normal', weight=700, stretch='normal', size='scalable')) = 10.335
LINE 1479: 2025-07-14 12:05:44,256 [DEBUG   ] findfont: score(FontEntry(fname='/usr/local/lib/python3.9/site-packages/matplotlib/mpl-data/fonts/ttf/cmss10.ttf', name='cmss10', style='normal', variant='normal', weight=400, stretch='normal', size='scalable')) = 11.05
LINE 1479: 2025-07-14 12:05:44,256 [DEBUG   ] findfont: score(FontEntry(fname='/usr/local/lib/python3.9/site-packages/matplotlib/mpl-data/fonts/ttf/DejaVuSans-BoldOblique.ttf', name='DejaVu Sans', style='oblique', variant='normal', weight=700, stretch='normal', size='scalable')) = 0.43499999999999994
LINE 1479: 2025-07-14 12:05:44,256 [DEBUG   ] findfont: score(FontEntry(fname='/usr/local/lib/python3.9/site-packages/matplotlib/mpl-data/fonts/ttf/STIXSizOneSymBol.ttf', name='STIXSizeOneSym', style='normal', variant='normal', weight=700, stretch='normal', size='scalable')) = 11.335
LINE 1479: 2025-07-14 12:05:44,256 [DEBUG   ] findfont: score(FontEntry(fname='/usr/local/lib/python3.9/site-packages/matplotlib/mpl-data/fonts/ttf/STIXSizThreeSymBol.ttf', name='STIXSizeThreeSym', style='normal', variant='normal', weight=700, stretch='normal', size='scalable')) = 11.335
LINE 1479: 2025-07-14 12:05:44,256 [DEBUG   ] findfont: score(FontEntry(fname='/usr/local/lib/python3.9/site-packages/matplotlib/mpl-data/fonts/ttf/STIXSizOneSymReg.ttf', name='STIXSizeOneSym', style='normal', variant='normal', weight=400, stretch='normal', size='scalable')) = 11.05
LINE 1479: 2025-07-14 12:05:44,256 [DEBUG   ] findfont: score(FontEntry(fname='/usr/local/lib/python3.9/site-packages/matplotlib/mpl-data/fonts/ttf/STIXNonUniBolIta.ttf', name='STIXNonUnicode', style='italic', variant='normal', weight=700, stretch='normal', size='scalable')) = 10.335
LINE 1479: 2025-07-14 12:05:44,256 [DEBUG   ] findfont: score(FontEntry(fname='/usr/share/fonts/truetype/dejavu/DejaVuSansMono-Bold.ttf', name='DejaVu Sans Mono', style='normal', variant='normal', weight=700, stretch='normal', size='scalable')) = 11.335
LINE 1479: 2025-07-14 12:05:44,256 [DEBUG   ] findfont: score(FontEntry(fname='/usr/share/fonts/truetype/dejavu/DejaVuSansMono.ttf', name='DejaVu Sans Mono', style='normal', variant='normal', weight=400, stretch='normal', size='scalable')) = 11.05
LINE 1479: 2025-07-14 12:05:44,257 [DEBUG   ] findfont: score(FontEntry(fname='/usr/share/fonts/truetype/dejavu/DejaVuSans-Bold.ttf', name='DejaVu Sans', style='normal', variant='normal', weight=700, stretch='normal', size='scalable')) = 1.335
LINE 1479: 2025-07-14 12:05:44,257 [DEBUG   ] findfont: score(FontEntry(fname='/usr/share/fonts/truetype/dejavu/DejaVuSerif-Bold.ttf', name='DejaVu Serif', style='normal', variant='normal', weight=700, stretch='normal', size='scalable')) = 11.335
LINE 1479: 2025-07-14 12:05:44,257 [DEBUG   ] findfont: score(FontEntry(fname='/usr/share/fonts/truetype/dejavu/DejaVuSerif.ttf', name='DejaVu Serif', style='normal', variant='normal', weight=400, stretch='normal', size='scalable')) = 11.05
LINE 1479: 2025-07-14 12:05:44,257 [DEBUG   ] findfont: score(FontEntry(fname='/usr/share/fonts/truetype/dejavu/DejaVuSans.ttf', name='DejaVu Sans', style='normal', variant='normal', weight=400, stretch='normal', size='scalable')) = 1.05
LINE 1508: 2025-07-14 12:05:44,257 [DEBUG   ] findfont: Matching DejaVu Sans:style=italic:variant=normal:weight=normal:stretch=normal:size=10.0 to DejaVu Sans ('/usr/local/lib/python3.9/site-packages/matplotlib/mpl-data/fonts/ttf/DejaVuSans-Oblique.ttf') with score of 0.150000.
LINE 1467: 2025-07-14 12:05:44,257 [DEBUG   ] findfont: Matching DejaVu Sans:style=normal:variant=normal:weight=bold:stretch=normal:size=10.0.
LINE 1479: 2025-07-14 12:05:44,257 [DEBUG   ] findfont: score(FontEntry(fname='/usr/local/lib/python3.9/site-packages/matplotlib/mpl-data/fonts/ttf/STIXSizFourSymBol.ttf', name='STIXSizeFourSym', style='normal', variant='normal', weight=700, stretch='normal', size='scalable')) = 10.05
LINE 1479: 2025-07-14 12:05:44,257 [DEBUG   ] findfont: score(FontEntry(fname='/usr/local/lib/python3.9/site-packages/matplotlib/mpl-data/fonts/ttf/DejaVuSansDisplay.ttf', name='DejaVu Sans Display', style='normal', variant='normal', weight=400, stretch='normal', size='scalable')) = 10.335
LINE 1479: 2025-07-14 12:05:44,257 [DEBUG   ] findfont: score(FontEntry(fname='/usr/local/lib/python3.9/site-packages/matplotlib/mpl-data/fonts/ttf/cmr10.ttf', name='cmr10', style='normal', variant='normal', weight=400, stretch='normal', size='scalable')) = 10.335
LINE 1479: 2025-07-14 12:05:44,257 [DEBUG   ] findfont: score(FontEntry(fname='/usr/local/lib/python3.9/site-packages/matplotlib/mpl-data/fonts/ttf/DejaVuSans-Oblique.ttf', name='DejaVu Sans', style='oblique', variant='normal', weight=400, stretch='normal', size='scalable')) = 1.335
LINE 1479: 2025-07-14 12:05:44,257 [DEBUG   ] findfont: score(FontEntry(fname='/usr/local/lib/python3.9/site-packages/matplotlib/mpl-data/fonts/ttf/DejaVuSerifDisplay.ttf', name='DejaVu Serif Display', style='normal', variant='normal', weight=400, stretch='normal', size='scalable')) = 10.335
LINE 1479: 2025-07-14 12:05:44,257 [DEBUG   ] findfont: score(FontEntry(fname='/usr/local/lib/python3.9/site-packages/matplotlib/mpl-data/fonts/ttf/DejaVuSansMono-BoldOblique.ttf', name='DejaVu Sans Mono', style='oblique', variant='normal', weight=700, stretch='normal', size='scalable')) = 11.05
LINE 1479: 2025-07-14 12:05:44,257 [DEBUG   ] findfont: score(FontEntry(fname='/usr/local/lib/python3.9/site-packages/matplotlib/mpl-data/fonts/ttf/STIXNonUniBol.ttf', name='STIXNonUnicode', style='normal', variant='normal', weight=700, stretch='normal', size='scalable')) = 10.05
LINE 1479: 2025-07-14 12:05:44,257 [DEBUG   ] findfont: score(FontEntry(fname='/usr/local/lib/python3.9/site-packages/matplotlib/mpl-data/fonts/ttf/DejaVuSerif-Italic.ttf', name='DejaVu Serif', style='italic', variant='normal', weight=400, stretch='normal', size='scalable')) = 11.335
LINE 1479: 2025-07-14 12:05:44,257 [DEBUG   ] findfont: score(FontEntry(fname='/usr/local/lib/python3.9/site-packages/matplotlib/mpl-data/fonts/ttf/DejaVuSerif.ttf', name='DejaVu Serif', style='normal', variant='normal', weight=400, stretch='normal', size='scalable')) = 10.335
LINE 1479: 2025-07-14 12:05:44,257 [DEBUG   ] findfont: score(FontEntry(fname='/usr/local/lib/python3.9/site-packages/matplotlib/mpl-data/fonts/ttf/cmex10.ttf', name='cmex10', style='normal', variant='normal', weight=400, stretch='normal', size='scalable')) = 10.335
LINE 1479: 2025-07-14 12:05:44,257 [DEBUG   ] findfont: score(FontEntry(fname='/usr/local/lib/python3.9/site-packages/matplotlib/mpl-data/fonts/ttf/DejaVuSansMono.ttf', name='DejaVu Sans Mono', style='normal', variant='normal', weight=400, stretch='normal', size='scalable')) = 10.335
LINE 1479: 2025-07-14 12:05:44,257 [DEBUG   ] findfont: score(FontEntry(fname='/usr/local/lib/python3.9/site-packages/matplotlib/mpl-data/fonts/ttf/STIXSizFourSymReg.ttf', name='STIXSizeFourSym', style='normal', variant='normal', weight=400, stretch='normal', size='scalable')) = 10.335
LINE 1479: 2025-07-14 12:05:44,257 [DEBUG   ] findfont: score(FontEntry(fname='/usr/local/lib/python3.9/site-packages/matplotlib/mpl-data/fonts/ttf/DejaVuSerif-BoldItalic.ttf', name='DejaVu Serif', style='italic', variant='normal', weight=700, stretch='normal', size='scalable')) = 11.05
LINE 1479: 2025-07-14 12:05:44,257 [DEBUG   ] findfont: score(FontEntry(fname='/usr/local/lib/python3.9/site-packages/matplotlib/mpl-data/fonts/ttf/cmb10.ttf', name='cmb10', style='normal', variant='normal', weight=400, stretch='normal', size='scalable')) = 10.335
LINE 1479: 2025-07-14 12:05:44,257 [DEBUG   ] findfont: score(FontEntry(fname='/usr/local/lib/python3.9/site-packages/matplotlib/mpl-data/fonts/ttf/STIXNonUni.ttf', name='STIXNonUnicode', style='normal', variant='normal', weight=400, stretch='normal', size='scalable')) = 10.335
LINE 1479: 2025-07-14 12:05:44,257 [DEBUG   ] findfont: score(FontEntry(fname='/usr/local/lib/python3.9/site-packages/matplotlib/mpl-data/fonts/ttf/DejaVuSerif-Bold.ttf', name='DejaVu Serif', style='normal', variant='normal', weight=700, stretch='normal', size='scalable')) = 10.05
LINE 1479: 2025-07-14 12:05:44,257 [DEBUG   ] findfont: score(FontEntry(fname='/usr/local/lib/python3.9/site-packages/matplotlib/mpl-data/fonts/ttf/DejaVuSansMono-Bold.ttf', name='DejaVu Sans Mono', style='normal', variant='normal', weight=700, stretch='normal', size='scalable')) = 10.05
LINE 1479: 2025-07-14 12:05:44,257 [DEBUG   ] findfont: score(FontEntry(fname='/usr/local/lib/python3.9/site-packages/matplotlib/mpl-data/fonts/ttf/STIXSizThreeSymReg.ttf', name='STIXSizeThreeSym', style='normal', variant='normal', weight=400, stretch='normal', size='scalable')) = 10.335
LINE 1479: 2025-07-14 12:05:44,257 [DEBUG   ] findfont: score(FontEntry(fname='/usr/local/lib/python3.9/site-packages/matplotlib/mpl-data/fonts/ttf/STIXSizFiveSymReg.ttf', name='STIXSizeFiveSym', style='normal', variant='normal', weight=400, stretch='normal', size='scalable')) = 10.335
LINE 1479: 2025-07-14 12:05:44,257 [DEBUG   ] findfont: score(FontEntry(fname='/usr/local/lib/python3.9/site-packages/matplotlib/mpl-data/fonts/ttf/cmsy10.ttf', name='cmsy10', style='normal', variant='normal', weight=400, stretch='normal', size='scalable')) = 10.335
LINE 1479: 2025-07-14 12:05:44,257 [DEBUG   ] findfont: score(FontEntry(fname='/usr/local/lib/python3.9/site-packages/matplotlib/mpl-data/fonts/ttf/cmmi10.ttf', name='cmmi10', style='normal', variant='normal', weight=400, stretch='normal', size='scalable')) = 10.335
LINE 1479: 2025-07-14 12:05:44,257 [DEBUG   ] findfont: score(FontEntry(fname='/usr/local/lib/python3.9/site-packages/matplotlib/mpl-data/fonts/ttf/STIXSizTwoSymBol.ttf', name='STIXSizeTwoSym', style='normal', variant='normal', weight=700, stretch='normal', size='scalable')) = 10.05
LINE 1479: 2025-07-14 12:05:44,258 [DEBUG   ] findfont: score(FontEntry(fname='/usr/local/lib/python3.9/site-packages/matplotlib/mpl-data/fonts/ttf/STIXNonUniIta.ttf', name='STIXNonUnicode', style='italic', variant='normal', weight=400, stretch='normal', size='scalable')) = 11.335
LINE 1479: 2025-07-14 12:05:44,258 [DEBUG   ] findfont: score(FontEntry(fname='/usr/local/lib/python3.9/site-packages/matplotlib/mpl-data/fonts/ttf/STIXGeneralItalic.ttf', name='STIXGeneral', style='italic', variant='normal', weight=400, stretch='normal', size='scalable')) = 11.335
LINE 1479: 2025-07-14 12:05:44,258 [DEBUG   ] findfont: score(FontEntry(fname='/usr/local/lib/python3.9/site-packages/matplotlib/mpl-data/fonts/ttf/DejaVuSans-Bold.ttf', name='DejaVu Sans', style='normal', variant='normal', weight=700, stretch='normal', size='scalable')) = 0.05
LINE 1479: 2025-07-14 12:05:44,258 [DEBUG   ] findfont: score(FontEntry(fname='/usr/local/lib/python3.9/site-packages/matplotlib/mpl-data/fonts/ttf/cmtt10.ttf', name='cmtt10', style='normal', variant='normal', weight=400, stretch='normal', size='scalable')) = 10.335
LINE 1479: 2025-07-14 12:05:44,258 [DEBUG   ] findfont: score(FontEntry(fname='/usr/local/lib/python3.9/site-packages/matplotlib/mpl-data/fonts/ttf/STIXSizTwoSymReg.ttf', name='STIXSizeTwoSym', style='normal', variant='normal', weight=400, stretch='normal', size='scalable')) = 10.335
LINE 1479: 2025-07-14 12:05:44,258 [DEBUG   ] findfont: score(FontEntry(fname='/usr/local/lib/python3.9/site-packages/matplotlib/mpl-data/fonts/ttf/DejaVuSans.ttf', name='DejaVu Sans', style='normal', variant='normal', weight=400, stretch='normal', size='scalable')) = 0.33499999999999996
LINE 1479: 2025-07-14 12:05:44,258 [DEBUG   ] findfont: score(FontEntry(fname='/usr/local/lib/python3.9/site-packages/matplotlib/mpl-data/fonts/ttf/STIXGeneralBol.ttf', name='STIXGeneral', style='normal', variant='normal', weight=700, stretch='normal', size='scalable')) = 10.05
LINE 1479: 2025-07-14 12:05:44,258 [DEBUG   ] findfont: score(FontEntry(fname='/usr/local/lib/python3.9/site-packages/matplotlib/mpl-data/fonts/ttf/DejaVuSansMono-Oblique.ttf', name='DejaVu Sans Mono', style='oblique', variant='normal', weight=400, stretch='normal', size='scalable')) = 11.335
LINE 1479: 2025-07-14 12:05:44,258 [DEBUG   ] findfont: score(FontEntry(fname='/usr/local/lib/python3.9/site-packages/matplotlib/mpl-data/fonts/ttf/STIXGeneral.ttf', name='STIXGeneral', style='normal', variant='normal', weight=400, stretch='normal', size='scalable')) = 10.335
LINE 1479: 2025-07-14 12:05:44,258 [DEBUG   ] findfont: score(FontEntry(fname='/usr/local/lib/python3.9/site-packages/matplotlib/mpl-data/fonts/ttf/STIXGeneralBolIta.ttf', name='STIXGeneral', style='italic', variant='normal', weight=700, stretch='normal', size='scalable')) = 11.05
LINE 1479: 2025-07-14 12:05:44,258 [DEBUG   ] findfont: score(FontEntry(fname='/usr/local/lib/python3.9/site-packages/matplotlib/mpl-data/fonts/ttf/cmss10.ttf', name='cmss10', style='normal', variant='normal', weight=400, stretch='normal', size='scalable')) = 10.335
LINE 1479: 2025-07-14 12:05:44,258 [DEBUG   ] findfont: score(FontEntry(fname='/usr/local/lib/python3.9/site-packages/matplotlib/mpl-data/fonts/ttf/DejaVuSans-BoldOblique.ttf', name='DejaVu Sans', style='oblique', variant='normal', weight=700, stretch='normal', size='scalable')) = 1.05
LINE 1479: 2025-07-14 12:05:44,258 [DEBUG   ] findfont: score(FontEntry(fname='/usr/local/lib/python3.9/site-packages/matplotlib/mpl-data/fonts/ttf/STIXSizOneSymBol.ttf', name='STIXSizeOneSym', style='normal', variant='normal', weight=700, stretch='normal', size='scalable')) = 10.05
LINE 1479: 2025-07-14 12:05:44,258 [DEBUG   ] findfont: score(FontEntry(fname='/usr/local/lib/python3.9/site-packages/matplotlib/mpl-data/fonts/ttf/STIXSizThreeSymBol.ttf', name='STIXSizeThreeSym', style='normal', variant='normal', weight=700, stretch='normal', size='scalable')) = 10.05
LINE 1479: 2025-07-14 12:05:44,258 [DEBUG   ] findfont: score(FontEntry(fname='/usr/local/lib/python3.9/site-packages/matplotlib/mpl-data/fonts/ttf/STIXSizOneSymReg.ttf', name='STIXSizeOneSym', style='normal', variant='normal', weight=400, stretch='normal', size='scalable')) = 10.335
LINE 1479: 2025-07-14 12:05:44,258 [DEBUG   ] findfont: score(FontEntry(fname='/usr/local/lib/python3.9/site-packages/matplotlib/mpl-data/fonts/ttf/STIXNonUniBolIta.ttf', name='STIXNonUnicode', style='italic', variant='normal', weight=700, stretch='normal', size='scalable')) = 11.05
LINE 1479: 2025-07-14 12:05:44,258 [DEBUG   ] findfont: score(FontEntry(fname='/usr/share/fonts/truetype/dejavu/DejaVuSansMono-Bold.ttf', name='DejaVu Sans Mono', style='normal', variant='normal', weight=700, stretch='normal', size='scalable')) = 10.05
LINE 1479: 2025-07-14 12:05:44,258 [DEBUG   ] findfont: score(FontEntry(fname='/usr/share/fonts/truetype/dejavu/DejaVuSansMono.ttf', name='DejaVu Sans Mono', style='normal', variant='normal', weight=400, stretch='normal', size='scalable')) = 10.335
LINE 1479: 2025-07-14 12:05:44,258 [DEBUG   ] findfont: score(FontEntry(fname='/usr/share/fonts/truetype/dejavu/DejaVuSans-Bold.ttf', name='DejaVu Sans', style='normal', variant='normal', weight=700, stretch='normal', size='scalable')) = 0.05
LINE 1479: 2025-07-14 12:05:44,258 [DEBUG   ] findfont: score(FontEntry(fname='/usr/share/fonts/truetype/dejavu/DejaVuSerif-Bold.ttf', name='DejaVu Serif', style='normal', variant='normal', weight=700, stretch='normal', size='scalable')) = 10.05
LINE 1479: 2025-07-14 12:05:44,258 [DEBUG   ] findfont: score(FontEntry(fname='/usr/share/fonts/truetype/dejavu/DejaVuSerif.ttf', name='DejaVu Serif', style='normal', variant='normal', weight=400, stretch='normal', size='scalable')) = 10.335
LINE 1479: 2025-07-14 12:05:44,258 [DEBUG   ] findfont: score(FontEntry(fname='/usr/share/fonts/truetype/dejavu/DejaVuSans.ttf', name='DejaVu Sans', style='normal', variant='normal', weight=400, stretch='normal', size='scalable')) = 0.33499999999999996
LINE 1508: 2025-07-14 12:05:44,258 [DEBUG   ] findfont: Matching DejaVu Sans:style=normal:variant=normal:weight=bold:stretch=normal:size=10.0 to DejaVu Sans ('/usr/local/lib/python3.9/site-packages/matplotlib/mpl-data/fonts/ttf/DejaVuSans-Bold.ttf') with score of 0.050000.
LINE 1467: 2025-07-14 12:05:44,258 [DEBUG   ] findfont: Matching DejaVu Sans Mono:style=normal:variant=normal:weight=normal:stretch=normal:size=10.0.
LINE 1479: 2025-07-14 12:05:44,258 [DEBUG   ] findfont: score(FontEntry(fname='/usr/local/lib/python3.9/site-packages/matplotlib/mpl-data/fonts/ttf/STIXSizFourSymBol.ttf', name='STIXSizeFourSym', style='normal', variant='normal', weight=700, stretch='normal', size='scalable')) = 10.335
LINE 1479: 2025-07-14 12:05:44,258 [DEBUG   ] findfont: score(FontEntry(fname='/usr/local/lib/python3.9/site-packages/matplotlib/mpl-data/fonts/ttf/DejaVuSansDisplay.ttf', name='DejaVu Sans Display', style='normal', variant='normal', weight=400, stretch='normal', size='scalable')) = 10.05
LINE 1479: 2025-07-14 12:05:44,258 [DEBUG   ] findfont: score(FontEntry(fname='/usr/local/lib/python3.9/site-packages/matplotlib/mpl-data/fonts/ttf/cmr10.ttf', name='cmr10', style='normal', variant='normal', weight=400, stretch='normal', size='scalable')) = 10.05
LINE 1479: 2025-07-14 12:05:44,258 [DEBUG   ] findfont: score(FontEntry(fname='/usr/local/lib/python3.9/site-packages/matplotlib/mpl-data/fonts/ttf/DejaVuSans-Oblique.ttf', name='DejaVu Sans', style='oblique', variant='normal', weight=400, stretch='normal', size='scalable')) = 11.05
LINE 1479: 2025-07-14 12:05:44,258 [DEBUG   ] findfont: score(FontEntry(fname='/usr/local/lib/python3.9/site-packages/matplotlib/mpl-data/fonts/ttf/DejaVuSerifDisplay.ttf', name='DejaVu Serif Display', style='normal', variant='normal', weight=400, stretch='normal', size='scalable')) = 10.05
LINE 1479: 2025-07-14 12:05:44,258 [DEBUG   ] findfont: score(FontEntry(fname='/usr/local/lib/python3.9/site-packages/matplotlib/mpl-data/fonts/ttf/DejaVuSansMono-BoldOblique.ttf', name='DejaVu Sans Mono', style='oblique', variant='normal', weight=700, stretch='normal', size='scalable')) = 1.335
LINE 1479: 2025-07-14 12:05:44,258 [DEBUG   ] findfont: score(FontEntry(fname='/usr/local/lib/python3.9/site-packages/matplotlib/mpl-data/fonts/ttf/STIXNonUniBol.ttf', name='STIXNonUnicode', style='normal', variant='normal', weight=700, stretch='normal', size='scalable')) = 10.335
LINE 1479: 2025-07-14 12:05:44,258 [DEBUG   ] findfont: score(FontEntry(fname='/usr/local/lib/python3.9/site-packages/matplotlib/mpl-data/fonts/ttf/DejaVuSerif-Italic.ttf', name='DejaVu Serif', style='italic', variant='normal', weight=400, stretch='normal', size='scalable')) = 11.05
LINE 1479: 2025-07-14 12:05:44,258 [DEBUG   ] findfont: score(FontEntry(fname='/usr/local/lib/python3.9/site-packages/matplotlib/mpl-data/fonts/ttf/DejaVuSerif.ttf', name='DejaVu Serif', style='normal', variant='normal', weight=400, stretch='normal', size='scalable')) = 10.05
LINE 1479: 2025-07-14 12:05:44,259 [DEBUG   ] findfont: score(FontEntry(fname='/usr/local/lib/python3.9/site-packages/matplotlib/mpl-data/fonts/ttf/cmex10.ttf', name='cmex10', style='normal', variant='normal', weight=400, stretch='normal', size='scalable')) = 10.05
LINE 1479: 2025-07-14 12:05:44,259 [DEBUG   ] findfont: score(FontEntry(fname='/usr/local/lib/python3.9/site-packages/matplotlib/mpl-data/fonts/ttf/DejaVuSansMono.ttf', name='DejaVu Sans Mono', style='normal', variant='normal', weight=400, stretch='normal', size='scalable')) = 0.05
LINE 1479: 2025-07-14 12:05:44,259 [DEBUG   ] findfont: score(FontEntry(fname='/usr/local/lib/python3.9/site-packages/matplotlib/mpl-data/fonts/ttf/STIXSizFourSymReg.ttf', name='STIXSizeFourSym', style='normal', variant='normal', weight=400, stretch='normal', size='scalable')) = 10.05
LINE 1479: 2025-07-14 12:05:44,259 [DEBUG   ] findfont: score(FontEntry(fname='/usr/local/lib/python3.9/site-packages/matplotlib/mpl-data/fonts/ttf/DejaVuSerif-BoldItalic.ttf', name='DejaVu Serif', style='italic', variant='normal', weight=700, stretch='normal', size='scalable')) = 11.335
LINE 1479: 2025-07-14 12:05:44,259 [DEBUG   ] findfont: score(FontEntry(fname='/usr/local/lib/python3.9/site-packages/matplotlib/mpl-data/fonts/ttf/cmb10.ttf', name='cmb10', style='normal', variant='normal', weight=400, stretch='normal', size='scalable')) = 10.05
LINE 1479: 2025-07-14 12:05:44,259 [DEBUG   ] findfont: score(FontEntry(fname='/usr/local/lib/python3.9/site-packages/matplotlib/mpl-data/fonts/ttf/STIXNonUni.ttf', name='STIXNonUnicode', style='normal', variant='normal', weight=400, stretch='normal', size='scalable')) = 10.05
LINE 1479: 2025-07-14 12:05:44,259 [DEBUG   ] findfont: score(FontEntry(fname='/usr/local/lib/python3.9/site-packages/matplotlib/mpl-data/fonts/ttf/DejaVuSerif-Bold.ttf', name='DejaVu Serif', style='normal', variant='normal', weight=700, stretch='normal', size='scalable')) = 10.335
LINE 1479: 2025-07-14 12:05:44,259 [DEBUG   ] findfont: score(FontEntry(fname='/usr/local/lib/python3.9/site-packages/matplotlib/mpl-data/fonts/ttf/DejaVuSansMono-Bold.ttf', name='DejaVu Sans Mono', style='normal', variant='normal', weight=700, stretch='normal', size='scalable')) = 0.33499999999999996
LINE 1479: 2025-07-14 12:05:44,259 [DEBUG   ] findfont: score(FontEntry(fname='/usr/local/lib/python3.9/site-packages/matplotlib/mpl-data/fonts/ttf/STIXSizThreeSymReg.ttf', name='STIXSizeThreeSym', style='normal', variant='normal', weight=400, stretch='normal', size='scalable')) = 10.05
LINE 1479: 2025-07-14 12:05:44,259 [DEBUG   ] findfont: score(FontEntry(fname='/usr/local/lib/python3.9/site-packages/matplotlib/mpl-data/fonts/ttf/STIXSizFiveSymReg.ttf', name='STIXSizeFiveSym', style='normal', variant='normal', weight=400, stretch='normal', size='scalable')) = 10.05
LINE 1479: 2025-07-14 12:05:44,259 [DEBUG   ] findfont: score(FontEntry(fname='/usr/local/lib/python3.9/site-packages/matplotlib/mpl-data/fonts/ttf/cmsy10.ttf', name='cmsy10', style='normal', variant='normal', weight=400, stretch='normal', size='scalable')) = 10.05
LINE 1479: 2025-07-14 12:05:44,259 [DEBUG   ] findfont: score(FontEntry(fname='/usr/local/lib/python3.9/site-packages/matplotlib/mpl-data/fonts/ttf/cmmi10.ttf', name='cmmi10', style='normal', variant='normal', weight=400, stretch='normal', size='scalable')) = 10.05
LINE 1479: 2025-07-14 12:05:44,259 [DEBUG   ] findfont: score(FontEntry(fname='/usr/local/lib/python3.9/site-packages/matplotlib/mpl-data/fonts/ttf/STIXSizTwoSymBol.ttf', name='STIXSizeTwoSym', style='normal', variant='normal', weight=700, stretch='normal', size='scalable')) = 10.335
LINE 1479: 2025-07-14 12:05:44,259 [DEBUG   ] findfont: score(FontEntry(fname='/usr/local/lib/python3.9/site-packages/matplotlib/mpl-data/fonts/ttf/STIXNonUniIta.ttf', name='STIXNonUnicode', style='italic', variant='normal', weight=400, stretch='normal', size='scalable')) = 11.05
LINE 1479: 2025-07-14 12:05:44,259 [DEBUG   ] findfont: score(FontEntry(fname='/usr/local/lib/python3.9/site-packages/matplotlib/mpl-data/fonts/ttf/STIXGeneralItalic.ttf', name='STIXGeneral', style='italic', variant='normal', weight=400, stretch='normal', size='scalable')) = 11.05
LINE 1479: 2025-07-14 12:05:44,259 [DEBUG   ] findfont: score(FontEntry(fname='/usr/local/lib/python3.9/site-packages/matplotlib/mpl-data/fonts/ttf/DejaVuSans-Bold.ttf', name='DejaVu Sans', style='normal', variant='normal', weight=700, stretch='normal', size='scalable')) = 10.335
LINE 1479: 2025-07-14 12:05:44,259 [DEBUG   ] findfont: score(FontEntry(fname='/usr/local/lib/python3.9/site-packages/matplotlib/mpl-data/fonts/ttf/cmtt10.ttf', name='cmtt10', style='normal', variant='normal', weight=400, stretch='normal', size='scalable')) = 10.05
LINE 1479: 2025-07-14 12:05:44,259 [DEBUG   ] findfont: score(FontEntry(fname='/usr/local/lib/python3.9/site-packages/matplotlib/mpl-data/fonts/ttf/STIXSizTwoSymReg.ttf', name='STIXSizeTwoSym', style='normal', variant='normal', weight=400, stretch='normal', size='scalable')) = 10.05
LINE 1479: 2025-07-14 12:05:44,259 [DEBUG   ] findfont: score(FontEntry(fname='/usr/local/lib/python3.9/site-packages/matplotlib/mpl-data/fonts/ttf/DejaVuSans.ttf', name='DejaVu Sans', style='normal', variant='normal', weight=400, stretch='normal', size='scalable')) = 10.05
LINE 1479: 2025-07-14 12:05:44,259 [DEBUG   ] findfont: score(FontEntry(fname='/usr/local/lib/python3.9/site-packages/matplotlib/mpl-data/fonts/ttf/STIXGeneralBol.ttf', name='STIXGeneral', style='normal', variant='normal', weight=700, stretch='normal', size='scalable')) = 10.335
LINE 1479: 2025-07-14 12:05:44,259 [DEBUG   ] findfont: score(FontEntry(fname='/usr/local/lib/python3.9/site-packages/matplotlib/mpl-data/fonts/ttf/DejaVuSansMono-Oblique.ttf', name='DejaVu Sans Mono', style='oblique', variant='normal', weight=400, stretch='normal', size='scalable')) = 1.05
LINE 1479: 2025-07-14 12:05:44,259 [DEBUG   ] findfont: score(FontEntry(fname='/usr/local/lib/python3.9/site-packages/matplotlib/mpl-data/fonts/ttf/STIXGeneral.ttf', name='STIXGeneral', style='normal', variant='normal', weight=400, stretch='normal', size='scalable')) = 10.05
LINE 1479: 2025-07-14 12:05:44,259 [DEBUG   ] findfont: score(FontEntry(fname='/usr/local/lib/python3.9/site-packages/matplotlib/mpl-data/fonts/ttf/STIXGeneralBolIta.ttf', name='STIXGeneral', style='italic', variant='normal', weight=700, stretch='normal', size='scalable')) = 11.335
LINE 1479: 2025-07-14 12:05:44,259 [DEBUG   ] findfont: score(FontEntry(fname='/usr/local/lib/python3.9/site-packages/matplotlib/mpl-data/fonts/ttf/cmss10.ttf', name='cmss10', style='normal', variant='normal', weight=400, stretch='normal', size='scalable')) = 10.05
LINE 1479: 2025-07-14 12:05:44,259 [DEBUG   ] findfont: score(FontEntry(fname='/usr/local/lib/python3.9/site-packages/matplotlib/mpl-data/fonts/ttf/DejaVuSans-BoldOblique.ttf', name='DejaVu Sans', style='oblique', variant='normal', weight=700, stretch='normal', size='scalable')) = 11.335
LINE 1479: 2025-07-14 12:05:44,259 [DEBUG   ] findfont: score(FontEntry(fname='/usr/local/lib/python3.9/site-packages/matplotlib/mpl-data/fonts/ttf/STIXSizOneSymBol.ttf', name='STIXSizeOneSym', style='normal', variant='normal', weight=700, stretch='normal', size='scalable')) = 10.335
LINE 1479: 2025-07-14 12:05:44,259 [DEBUG   ] findfont: score(FontEntry(fname='/usr/local/lib/python3.9/site-packages/matplotlib/mpl-data/fonts/ttf/STIXSizThreeSymBol.ttf', name='STIXSizeThreeSym', style='normal', variant='normal', weight=700, stretch='normal', size='scalable')) = 10.335
LINE 1479: 2025-07-14 12:05:44,259 [DEBUG   ] findfont: score(FontEntry(fname='/usr/local/lib/python3.9/site-packages/matplotlib/mpl-data/fonts/ttf/STIXSizOneSymReg.ttf', name='STIXSizeOneSym', style='normal', variant='normal', weight=400, stretch='normal', size='scalable')) = 10.05
LINE 1479: 2025-07-14 12:05:44,259 [DEBUG   ] findfont: score(FontEntry(fname='/usr/local/lib/python3.9/site-packages/matplotlib/mpl-data/fonts/ttf/STIXNonUniBolIta.ttf', name='STIXNonUnicode', style='italic', variant='normal', weight=700, stretch='normal', size='scalable')) = 11.335
LINE 1479: 2025-07-14 12:05:44,259 [DEBUG   ] findfont: score(FontEntry(fname='/usr/share/fonts/truetype/dejavu/DejaVuSansMono-Bold.ttf', name='DejaVu Sans Mono', style='normal', variant='normal', weight=700, stretch='normal', size='scalable')) = 0.33499999999999996
LINE 1479: 2025-07-14 12:05:44,259 [DEBUG   ] findfont: score(FontEntry(fname='/usr/share/fonts/truetype/dejavu/DejaVuSansMono.ttf', name='DejaVu Sans Mono', style='normal', variant='normal', weight=400, stretch='normal', size='scalable')) = 0.05
LINE 1479: 2025-07-14 12:05:44,259 [DEBUG   ] findfont: score(FontEntry(fname='/usr/share/fonts/truetype/dejavu/DejaVuSans-Bold.ttf', name='DejaVu Sans', style='normal', variant='normal', weight=700, stretch='normal', size='scalable')) = 10.335
LINE 1479: 2025-07-14 12:05:44,259 [DEBUG   ] findfont: score(FontEntry(fname='/usr/share/fonts/truetype/dejavu/DejaVuSerif-Bold.ttf', name='DejaVu Serif', style='normal', variant='normal', weight=700, stretch='normal', size='scalable')) = 10.335
LINE 1479: 2025-07-14 12:05:44,259 [DEBUG   ] findfont: score(FontEntry(fname='/usr/share/fonts/truetype/dejavu/DejaVuSerif.ttf', name='DejaVu Serif', style='normal', variant='normal', weight=400, stretch='normal', size='scalable')) = 10.05
LINE 1479: 2025-07-14 12:05:44,259 [DEBUG   ] findfont: score(FontEntry(fname='/usr/share/fonts/truetype/dejavu/DejaVuSans.ttf', name='DejaVu Sans', style='normal', variant='normal', weight=400, stretch='normal', size='scalable')) = 10.05
LINE 1508: 2025-07-14 12:05:44,259 [DEBUG   ] findfont: Matching DejaVu Sans Mono:style=normal:variant=normal:weight=normal:stretch=normal:size=10.0 to DejaVu Sans Mono ('/usr/local/lib/python3.9/site-packages/matplotlib/mpl-data/fonts/ttf/DejaVuSansMono.ttf') with score of 0.050000.
LINE 1467: 2025-07-14 12:05:44,260 [DEBUG   ] findfont: Matching DejaVu Sans Display:style=normal:variant=normal:weight=normal:stretch=normal:size=10.0.
LINE 1479: 2025-07-14 12:05:44,260 [DEBUG   ] findfont: score(FontEntry(fname='/usr/local/lib/python3.9/site-packages/matplotlib/mpl-data/fonts/ttf/STIXSizFourSymBol.ttf', name='STIXSizeFourSym', style='normal', variant='normal', weight=700, stretch='normal', size='scalable')) = 10.335
LINE 1479: 2025-07-14 12:05:44,260 [DEBUG   ] findfont: score(FontEntry(fname='/usr/local/lib/python3.9/site-packages/matplotlib/mpl-data/fonts/ttf/DejaVuSansDisplay.ttf', name='DejaVu Sans Display', style='normal', variant='normal', weight=400, stretch='normal', size='scalable')) = 0.05
LINE 1479: 2025-07-14 12:05:44,260 [DEBUG   ] findfont: score(FontEntry(fname='/usr/local/lib/python3.9/site-packages/matplotlib/mpl-data/fonts/ttf/cmr10.ttf', name='cmr10', style='normal', variant='normal', weight=400, stretch='normal', size='scalable')) = 10.05
LINE 1479: 2025-07-14 12:05:44,260 [DEBUG   ] findfont: score(FontEntry(fname='/usr/local/lib/python3.9/site-packages/matplotlib/mpl-data/fonts/ttf/DejaVuSans-Oblique.ttf', name='DejaVu Sans', style='oblique', variant='normal', weight=400, stretch='normal', size='scalable')) = 11.05
LINE 1479: 2025-07-14 12:05:44,260 [DEBUG   ] findfont: score(FontEntry(fname='/usr/local/lib/python3.9/site-packages/matplotlib/mpl-data/fonts/ttf/DejaVuSerifDisplay.ttf', name='DejaVu Serif Display', style='normal', variant='normal', weight=400, stretch='normal', size='scalable')) = 10.05
LINE 1479: 2025-07-14 12:05:44,260 [DEBUG   ] findfont: score(FontEntry(fname='/usr/local/lib/python3.9/site-packages/matplotlib/mpl-data/fonts/ttf/DejaVuSansMono-BoldOblique.ttf', name='DejaVu Sans Mono', style='oblique', variant='normal', weight=700, stretch='normal', size='scalable')) = 11.335
LINE 1479: 2025-07-14 12:05:44,260 [DEBUG   ] findfont: score(FontEntry(fname='/usr/local/lib/python3.9/site-packages/matplotlib/mpl-data/fonts/ttf/STIXNonUniBol.ttf', name='STIXNonUnicode', style='normal', variant='normal', weight=700, stretch='normal', size='scalable')) = 10.335
LINE 1479: 2025-07-14 12:05:44,260 [DEBUG   ] findfont: score(FontEntry(fname='/usr/local/lib/python3.9/site-packages/matplotlib/mpl-data/fonts/ttf/DejaVuSerif-Italic.ttf', name='DejaVu Serif', style='italic', variant='normal', weight=400, stretch='normal', size='scalable')) = 11.05
LINE 1479: 2025-07-14 12:05:44,260 [DEBUG   ] findfont: score(FontEntry(fname='/usr/local/lib/python3.9/site-packages/matplotlib/mpl-data/fonts/ttf/DejaVuSerif.ttf', name='DejaVu Serif', style='normal', variant='normal', weight=400, stretch='normal', size='scalable')) = 10.05
LINE 1479: 2025-07-14 12:05:44,260 [DEBUG   ] findfont: score(FontEntry(fname='/usr/local/lib/python3.9/site-packages/matplotlib/mpl-data/fonts/ttf/cmex10.ttf', name='cmex10', style='normal', variant='normal', weight=400, stretch='normal', size='scalable')) = 10.05
LINE 1479: 2025-07-14 12:05:44,260 [DEBUG   ] findfont: score(FontEntry(fname='/usr/local/lib/python3.9/site-packages/matplotlib/mpl-data/fonts/ttf/DejaVuSansMono.ttf', name='DejaVu Sans Mono', style='normal', variant='normal', weight=400, stretch='normal', size='scalable')) = 10.05
LINE 1479: 2025-07-14 12:05:44,260 [DEBUG   ] findfont: score(FontEntry(fname='/usr/local/lib/python3.9/site-packages/matplotlib/mpl-data/fonts/ttf/STIXSizFourSymReg.ttf', name='STIXSizeFourSym', style='normal', variant='normal', weight=400, stretch='normal', size='scalable')) = 10.05
LINE 1479: 2025-07-14 12:05:44,260 [DEBUG   ] findfont: score(FontEntry(fname='/usr/local/lib/python3.9/site-packages/matplotlib/mpl-data/fonts/ttf/DejaVuSerif-BoldItalic.ttf', name='DejaVu Serif', style='italic', variant='normal', weight=700, stretch='normal', size='scalable')) = 11.335
LINE 1479: 2025-07-14 12:05:44,260 [DEBUG   ] findfont: score(FontEntry(fname='/usr/local/lib/python3.9/site-packages/matplotlib/mpl-data/fonts/ttf/cmb10.ttf', name='cmb10', style='normal', variant='normal', weight=400, stretch='normal', size='scalable')) = 10.05
LINE 1479: 2025-07-14 12:05:44,260 [DEBUG   ] findfont: score(FontEntry(fname='/usr/local/lib/python3.9/site-packages/matplotlib/mpl-data/fonts/ttf/STIXNonUni.ttf', name='STIXNonUnicode', style='normal', variant='normal', weight=400, stretch='normal', size='scalable')) = 10.05
LINE 1479: 2025-07-14 12:05:44,260 [DEBUG   ] findfont: score(FontEntry(fname='/usr/local/lib/python3.9/site-packages/matplotlib/mpl-data/fonts/ttf/DejaVuSerif-Bold.ttf', name='DejaVu Serif', style='normal', variant='normal', weight=700, stretch='normal', size='scalable')) = 10.335
LINE 1479: 2025-07-14 12:05:44,260 [DEBUG   ] findfont: score(FontEntry(fname='/usr/local/lib/python3.9/site-packages/matplotlib/mpl-data/fonts/ttf/DejaVuSansMono-Bold.ttf', name='DejaVu Sans Mono', style='normal', variant='normal', weight=700, stretch='normal', size='scalable')) = 10.335
LINE 1479: 2025-07-14 12:05:44,260 [DEBUG   ] findfont: score(FontEntry(fname='/usr/local/lib/python3.9/site-packages/matplotlib/mpl-data/fonts/ttf/STIXSizThreeSymReg.ttf', name='STIXSizeThreeSym', style='normal', variant='normal', weight=400, stretch='normal', size='scalable')) = 10.05
LINE 1479: 2025-07-14 12:05:44,260 [DEBUG   ] findfont: score(FontEntry(fname='/usr/local/lib/python3.9/site-packages/matplotlib/mpl-data/fonts/ttf/STIXSizFiveSymReg.ttf', name='STIXSizeFiveSym', style='normal', variant='normal', weight=400, stretch='normal', size='scalable')) = 10.05
LINE 1479: 2025-07-14 12:05:44,260 [DEBUG   ] findfont: score(FontEntry(fname='/usr/local/lib/python3.9/site-packages/matplotlib/mpl-data/fonts/ttf/cmsy10.ttf', name='cmsy10', style='normal', variant='normal', weight=400, stretch='normal', size='scalable')) = 10.05
LINE 1479: 2025-07-14 12:05:44,260 [DEBUG   ] findfont: score(FontEntry(fname='/usr/local/lib/python3.9/site-packages/matplotlib/mpl-data/fonts/ttf/cmmi10.ttf', name='cmmi10', style='normal', variant='normal', weight=400, stretch='normal', size='scalable')) = 10.05
LINE 1479: 2025-07-14 12:05:44,260 [DEBUG   ] findfont: score(FontEntry(fname='/usr/local/lib/python3.9/site-packages/matplotlib/mpl-data/fonts/ttf/STIXSizTwoSymBol.ttf', name='STIXSizeTwoSym', style='normal', variant='normal', weight=700, stretch='normal', size='scalable')) = 10.335
LINE 1479: 2025-07-14 12:05:44,260 [DEBUG   ] findfont: score(FontEntry(fname='/usr/local/lib/python3.9/site-packages/matplotlib/mpl-data/fonts/ttf/STIXNonUniIta.ttf', name='STIXNonUnicode', style='italic', variant='normal', weight=400, stretch='normal', size='scalable')) = 11.05
LINE 1479: 2025-07-14 12:05:44,260 [DEBUG   ] findfont: score(FontEntry(fname='/usr/local/lib/python3.9/site-packages/matplotlib/mpl-data/fonts/ttf/STIXGeneralItalic.ttf', name='STIXGeneral', style='italic', variant='normal', weight=400, stretch='normal', size='scalable')) = 11.05
LINE 1479: 2025-07-14 12:05:44,260 [DEBUG   ] findfont: score(FontEntry(fname='/usr/local/lib/python3.9/site-packages/matplotlib/mpl-data/fonts/ttf/DejaVuSans-Bold.ttf', name='DejaVu Sans', style='normal', variant='normal', weight=700, stretch='normal', size='scalable')) = 10.335
LINE 1479: 2025-07-14 12:05:44,260 [DEBUG   ] findfont: score(FontEntry(fname='/usr/local/lib/python3.9/site-packages/matplotlib/mpl-data/fonts/ttf/cmtt10.ttf', name='cmtt10', style='normal', variant='normal', weight=400, stretch='normal', size='scalable')) = 10.05
LINE 1479: 2025-07-14 12:05:44,260 [DEBUG   ] findfont: score(FontEntry(fname='/usr/local/lib/python3.9/site-packages/matplotlib/mpl-data/fonts/ttf/STIXSizTwoSymReg.ttf', name='STIXSizeTwoSym', style='normal', variant='normal', weight=400, stretch='normal', size='scalable')) = 10.05
LINE 1479: 2025-07-14 12:05:44,260 [DEBUG   ] findfont: score(FontEntry(fname='/usr/local/lib/python3.9/site-packages/matplotlib/mpl-data/fonts/ttf/DejaVuSans.ttf', name='DejaVu Sans', style='normal', variant='normal', weight=400, stretch='normal', size='scalable')) = 10.05
LINE 1479: 2025-07-14 12:05:44,260 [DEBUG   ] findfont: score(FontEntry(fname='/usr/local/lib/python3.9/site-packages/matplotlib/mpl-data/fonts/ttf/STIXGeneralBol.ttf', name='STIXGeneral', style='normal', variant='normal', weight=700, stretch='normal', size='scalable')) = 10.335
LINE 1479: 2025-07-14 12:05:44,260 [DEBUG   ] findfont: score(FontEntry(fname='/usr/local/lib/python3.9/site-packages/matplotlib/mpl-data/fonts/ttf/DejaVuSansMono-Oblique.ttf', name='DejaVu Sans Mono', style='oblique', variant='normal', weight=400, stretch='normal', size='scalable')) = 11.05
LINE 1479: 2025-07-14 12:05:44,260 [DEBUG   ] findfont: score(FontEntry(fname='/usr/local/lib/python3.9/site-packages/matplotlib/mpl-data/fonts/ttf/STIXGeneral.ttf', name='STIXGeneral', style='normal', variant='normal', weight=400, stretch='normal', size='scalable')) = 10.05
LINE 1479: 2025-07-14 12:05:44,260 [DEBUG   ] findfont: score(FontEntry(fname='/usr/local/lib/python3.9/site-packages/matplotlib/mpl-data/fonts/ttf/STIXGeneralBolIta.ttf', name='STIXGeneral', style='italic', variant='normal', weight=700, stretch='normal', size='scalable')) = 11.335
LINE 1479: 2025-07-14 12:05:44,260 [DEBUG   ] findfont: score(FontEntry(fname='/usr/local/lib/python3.9/site-packages/matplotlib/mpl-data/fonts/ttf/cmss10.ttf', name='cmss10', style='normal', variant='normal', weight=400, stretch='normal', size='scalable')) = 10.05
LINE 1479: 2025-07-14 12:05:44,260 [DEBUG   ] findfont: score(FontEntry(fname='/usr/local/lib/python3.9/site-packages/matplotlib/mpl-data/fonts/ttf/DejaVuSans-BoldOblique.ttf', name='DejaVu Sans', style='oblique', variant='normal', weight=700, stretch='normal', size='scalable')) = 11.335
LINE 1479: 2025-07-14 12:05:44,261 [DEBUG   ] findfont: score(FontEntry(fname='/usr/local/lib/python3.9/site-packages/matplotlib/mpl-data/fonts/ttf/STIXSizOneSymBol.ttf', name='STIXSizeOneSym', style='normal', variant='normal', weight=700, stretch='normal', size='scalable')) = 10.335
LINE 1479: 2025-07-14 12:05:44,261 [DEBUG   ] findfont: score(FontEntry(fname='/usr/local/lib/python3.9/site-packages/matplotlib/mpl-data/fonts/ttf/STIXSizThreeSymBol.ttf', name='STIXSizeThreeSym', style='normal', variant='normal', weight=700, stretch='normal', size='scalable')) = 10.335
LINE 1479: 2025-07-14 12:05:44,261 [DEBUG   ] findfont: score(FontEntry(fname='/usr/local/lib/python3.9/site-packages/matplotlib/mpl-data/fonts/ttf/STIXSizOneSymReg.ttf', name='STIXSizeOneSym', style='normal', variant='normal', weight=400, stretch='normal', size='scalable')) = 10.05
LINE 1479: 2025-07-14 12:05:44,261 [DEBUG   ] findfont: score(FontEntry(fname='/usr/local/lib/python3.9/site-packages/matplotlib/mpl-data/fonts/ttf/STIXNonUniBolIta.ttf', name='STIXNonUnicode', style='italic', variant='normal', weight=700, stretch='normal', size='scalable')) = 11.335
LINE 1479: 2025-07-14 12:05:44,261 [DEBUG   ] findfont: score(FontEntry(fname='/usr/share/fonts/truetype/dejavu/DejaVuSansMono-Bold.ttf', name='DejaVu Sans Mono', style='normal', variant='normal', weight=700, stretch='normal', size='scalable')) = 10.335
LINE 1479: 2025-07-14 12:05:44,261 [DEBUG   ] findfont: score(FontEntry(fname='/usr/share/fonts/truetype/dejavu/DejaVuSansMono.ttf', name='DejaVu Sans Mono', style='normal', variant='normal', weight=400, stretch='normal', size='scalable')) = 10.05
LINE 1479: 2025-07-14 12:05:44,261 [DEBUG   ] findfont: score(FontEntry(fname='/usr/share/fonts/truetype/dejavu/DejaVuSans-Bold.ttf', name='DejaVu Sans', style='normal', variant='normal', weight=700, stretch='normal', size='scalable')) = 10.335
LINE 1479: 2025-07-14 12:05:44,261 [DEBUG   ] findfont: score(FontEntry(fname='/usr/share/fonts/truetype/dejavu/DejaVuSerif-Bold.ttf', name='DejaVu Serif', style='normal', variant='normal', weight=700, stretch='normal', size='scalable')) = 10.335
LINE 1479: 2025-07-14 12:05:44,261 [DEBUG   ] findfont: score(FontEntry(fname='/usr/share/fonts/truetype/dejavu/DejaVuSerif.ttf', name='DejaVu Serif', style='normal', variant='normal', weight=400, stretch='normal', size='scalable')) = 10.05
LINE 1479: 2025-07-14 12:05:44,261 [DEBUG   ] findfont: score(FontEntry(fname='/usr/share/fonts/truetype/dejavu/DejaVuSans.ttf', name='DejaVu Sans', style='normal', variant='normal', weight=400, stretch='normal', size='scalable')) = 10.05
LINE 1508: 2025-07-14 12:05:44,261 [DEBUG   ] findfont: Matching DejaVu Sans Display:style=normal:variant=normal:weight=normal:stretch=normal:size=10.0 to DejaVu Sans Display ('/usr/local/lib/python3.9/site-packages/matplotlib/mpl-data/fonts/ttf/DejaVuSansDisplay.ttf') with score of 0.050000.
LINE 943 : 2025-07-14 12:05:44,313 [DEBUG   ] Assigning font /F1 = '/usr/local/lib/python3.9/site-packages/matplotlib/mpl-data/fonts/ttf/DejaVuSans.ttf'
LINE 943 : 2025-07-14 12:05:44,320 [DEBUG   ] Assigning font /F2 = '/usr/local/lib/python3.9/site-packages/matplotlib/mpl-data/fonts/ttf/DejaVuSans-Bold.ttf'
LINE 989 : 2025-07-14 12:05:44,333 [DEBUG   ] Embedding font /usr/local/lib/python3.9/site-packages/matplotlib/mpl-data/fonts/ttf/DejaVuSans-Bold.ttf.
LINE 996 : 2025-07-14 12:05:44,333 [DEBUG   ] Writing TrueType font.
LINE 989 : 2025-07-14 12:05:44,541 [DEBUG   ] Embedding font /usr/local/lib/python3.9/site-packages/matplotlib/mpl-data/fonts/ttf/DejaVuSans.ttf.
LINE 996 : 2025-07-14 12:05:44,541 [DEBUG   ] Writing TrueType font.
LINE 422 : 2025-07-14 12:05:44,560 [INFO    ] Done.

LINE 241 : 2025-07-14 12:10:36,512 [DEBUG   ] Starting new HTTP connection (1): maayanlab.cloud:80
LINE 544 : 2025-07-14 12:10:36,603 [DEBUG   ] http://maayanlab.cloud:80 "GET /Enrichr/datasetStatistics HTTP/1.1" 308 164
LINE 1049: 2025-07-14 12:10:36,605 [DEBUG   ] Starting new HTTPS connection (1): maayanlab.cloud:443
LINE 544 : 2025-07-14 12:10:36,689 [DEBUG   ] https://maayanlab.cloud:443 "GET /Enrichr/datasetStatistics HTTP/1.1" 200 None
LINE 385 : 2025-07-14 12:10:36,761 [INFO    ] Connecting to Enrichr Server to get latest library names
LINE 403 : 2025-07-14 12:10:36,762 [DEBUG   ] Start Enrichr using library: GO_Biological_Process_2023
LINE 404 : 2025-07-14 12:10:36,762 [INFO    ] Analysis name: adipocytes_brown_top100_GO, Enrichr Library: GO_Biological_Process_2023
LINE 241 : 2025-07-14 12:10:36,763 [DEBUG   ] Starting new HTTP connection (1): maayanlab.cloud:80
LINE 544 : 2025-07-14 12:10:36,827 [DEBUG   ] http://maayanlab.cloud:80 "POST /Enrichr/addList HTTP/1.1" 308 164
LINE 1049: 2025-07-14 12:10:36,828 [DEBUG   ] Starting new HTTPS connection (1): maayanlab.cloud:443
LINE 544 : 2025-07-14 12:10:37,047 [DEBUG   ] https://maayanlab.cloud:443 "POST /Enrichr/addList HTTP/1.1" 200 74
LINE 241 : 2025-07-14 12:10:38,054 [DEBUG   ] Starting new HTTP connection (1): maayanlab.cloud:80
LINE 544 : 2025-07-14 12:10:38,118 [DEBUG   ] http://maayanlab.cloud:80 "GET /Enrichr/export?userListId=96914892&filename=GO_Biological_Process_2023.adipocytes_brown_top100_GO.reports&backgroundType=GO_Biological_Process_2023 HTTP/1.1" 308 164
LINE 1049: 2025-07-14 12:10:38,119 [DEBUG   ] Starting new HTTPS connection (1): maayanlab.cloud:443
LINE 544 : 2025-07-14 12:10:38,284 [DEBUG   ] https://maayanlab.cloud:443 "GET /Enrichr/export?userListId=96914892&filename=GO_Biological_Process_2023.adipocytes_brown_top100_GO.reports&backgroundType=GO_Biological_Process_2023 HTTP/1.1" 200 None
LINE 412 : 2025-07-14 12:10:38,401 [INFO    ] Save file of enrichment results: Job Id:8c4e35b2f3f2ede6c63571fbe8c757c4
LINE 943 : 2025-07-14 12:10:38,481 [DEBUG   ] Assigning font /F1 = '/usr/local/lib/python3.9/site-packages/matplotlib/mpl-data/fonts/ttf/DejaVuSans.ttf'
LINE 943 : 2025-07-14 12:10:38,485 [DEBUG   ] Assigning font /F2 = '/usr/local/lib/python3.9/site-packages/matplotlib/mpl-data/fonts/ttf/DejaVuSans-Bold.ttf'
LINE 989 : 2025-07-14 12:10:38,500 [DEBUG   ] Embedding font /usr/local/lib/python3.9/site-packages/matplotlib/mpl-data/fonts/ttf/DejaVuSans-Bold.ttf.
LINE 996 : 2025-07-14 12:10:38,500 [DEBUG   ] Writing TrueType font.
LINE 989 : 2025-07-14 12:10:38,508 [DEBUG   ] Embedding font /usr/local/lib/python3.9/site-packages/matplotlib/mpl-data/fonts/ttf/DejaVuSans.ttf.
LINE 996 : 2025-07-14 12:10:38,508 [DEBUG   ] Writing TrueType font.
LINE 422 : 2025-07-14 12:10:38,520 [INFO    ] Done.

LINE 241 : 2025-07-14 12:11:33,944 [DEBUG   ] Starting new HTTP connection (1): maayanlab.cloud:80
LINE 544 : 2025-07-14 12:11:34,011 [DEBUG   ] http://maayanlab.cloud:80 "GET /Enrichr/datasetStatistics HTTP/1.1" 308 164
LINE 1049: 2025-07-14 12:11:34,012 [DEBUG   ] Starting new HTTPS connection (1): maayanlab.cloud:443
LINE 544 : 2025-07-14 12:11:34,106 [DEBUG   ] https://maayanlab.cloud:443 "GET /Enrichr/datasetStatistics HTTP/1.1" 200 None
LINE 385 : 2025-07-14 12:11:34,162 [INFO    ] Connecting to Enrichr Server to get latest library names
LINE 403 : 2025-07-14 12:11:34,163 [DEBUG   ] Start Enrichr using library: GO_Biological_Process_2023
LINE 404 : 2025-07-14 12:11:34,163 [INFO    ] Analysis name: adipocytes_brown_top100_GO, Enrichr Library: GO_Biological_Process_2023
LINE 241 : 2025-07-14 12:11:34,163 [DEBUG   ] Starting new HTTP connection (1): maayanlab.cloud:80
LINE 544 : 2025-07-14 12:11:34,227 [DEBUG   ] http://maayanlab.cloud:80 "POST /Enrichr/addList HTTP/1.1" 308 164
LINE 1049: 2025-07-14 12:11:34,228 [DEBUG   ] Starting new HTTPS connection (1): maayanlab.cloud:443
LINE 544 : 2025-07-14 12:11:34,451 [DEBUG   ] https://maayanlab.cloud:443 "POST /Enrichr/addList HTTP/1.1" 200 74
LINE 241 : 2025-07-14 12:11:35,458 [DEBUG   ] Starting new HTTP connection (1): maayanlab.cloud:80
LINE 544 : 2025-07-14 12:11:35,516 [DEBUG   ] http://maayanlab.cloud:80 "GET /Enrichr/export?userListId=96915033&filename=GO_Biological_Process_2023.adipocytes_brown_top100_GO.reports&backgroundType=GO_Biological_Process_2023 HTTP/1.1" 308 164
LINE 1049: 2025-07-14 12:11:35,517 [DEBUG   ] Starting new HTTPS connection (1): maayanlab.cloud:443
LINE 544 : 2025-07-14 12:11:35,658 [DEBUG   ] https://maayanlab.cloud:443 "GET /Enrichr/export?userListId=96915033&filename=GO_Biological_Process_2023.adipocytes_brown_top100_GO.reports&backgroundType=GO_Biological_Process_2023 HTTP/1.1" 200 None
LINE 412 : 2025-07-14 12:11:35,739 [INFO    ] Save file of enrichment results: Job Id:2d02effe70363b1290bf7c8fa19b1df8
LINE 421 : 2025-07-14 12:11:35,746 [WARNING ] Warning: No enrich terms using library GO_Biological_Process_2023 when cutoff = 0.01
LINE 422 : 2025-07-14 12:11:35,747 [INFO    ] Done.

LINE 241 : 2025-07-14 12:11:49,767 [DEBUG   ] Starting new HTTP connection (1): maayanlab.cloud:80
LINE 544 : 2025-07-14 12:11:49,835 [DEBUG   ] http://maayanlab.cloud:80 "GET /Enrichr/datasetStatistics HTTP/1.1" 308 164
LINE 1049: 2025-07-14 12:11:49,836 [DEBUG   ] Starting new HTTPS connection (1): maayanlab.cloud:443
LINE 544 : 2025-07-14 12:11:49,941 [DEBUG   ] https://maayanlab.cloud:443 "GET /Enrichr/datasetStatistics HTTP/1.1" 200 None
LINE 385 : 2025-07-14 12:11:50,001 [INFO    ] Connecting to Enrichr Server to get latest library names
LINE 403 : 2025-07-14 12:11:50,001 [DEBUG   ] Start Enrichr using library: GO_Biological_Process_2023
LINE 404 : 2025-07-14 12:11:50,001 [INFO    ] Analysis name: adipocytes_brown_top100_GO, Enrichr Library: GO_Biological_Process_2023
LINE 241 : 2025-07-14 12:11:50,002 [DEBUG   ] Starting new HTTP connection (1): maayanlab.cloud:80
LINE 544 : 2025-07-14 12:11:50,071 [DEBUG   ] http://maayanlab.cloud:80 "POST /Enrichr/addList HTTP/1.1" 308 164
LINE 1049: 2025-07-14 12:11:50,072 [DEBUG   ] Starting new HTTPS connection (1): maayanlab.cloud:443
LINE 544 : 2025-07-14 12:11:50,324 [DEBUG   ] https://maayanlab.cloud:443 "POST /Enrichr/addList HTTP/1.1" 200 74
LINE 241 : 2025-07-14 12:11:51,331 [DEBUG   ] Starting new HTTP connection (1): maayanlab.cloud:80
LINE 544 : 2025-07-14 12:11:51,400 [DEBUG   ] http://maayanlab.cloud:80 "GET /Enrichr/export?userListId=96915069&filename=GO_Biological_Process_2023.adipocytes_brown_top100_GO.reports&backgroundType=GO_Biological_Process_2023 HTTP/1.1" 308 164
LINE 1049: 2025-07-14 12:11:51,401 [DEBUG   ] Starting new HTTPS connection (1): maayanlab.cloud:443
LINE 544 : 2025-07-14 12:11:51,508 [DEBUG   ] https://maayanlab.cloud:443 "GET /Enrichr/export?userListId=96915069&filename=GO_Biological_Process_2023.adipocytes_brown_top100_GO.reports&backgroundType=GO_Biological_Process_2023 HTTP/1.1" 200 None
LINE 412 : 2025-07-14 12:11:51,645 [INFO    ] Save file of enrichment results: Job Id:9460cc8cde28513015385e196c4fddca
LINE 943 : 2025-07-14 12:11:51,729 [DEBUG   ] Assigning font /F1 = '/usr/local/lib/python3.9/site-packages/matplotlib/mpl-data/fonts/ttf/DejaVuSans.ttf'
LINE 943 : 2025-07-14 12:11:51,733 [DEBUG   ] Assigning font /F2 = '/usr/local/lib/python3.9/site-packages/matplotlib/mpl-data/fonts/ttf/DejaVuSans-Bold.ttf'
LINE 989 : 2025-07-14 12:11:51,748 [DEBUG   ] Embedding font /usr/local/lib/python3.9/site-packages/matplotlib/mpl-data/fonts/ttf/DejaVuSans-Bold.ttf.
LINE 996 : 2025-07-14 12:11:51,748 [DEBUG   ] Writing TrueType font.
LINE 989 : 2025-07-14 12:11:51,757 [DEBUG   ] Embedding font /usr/local/lib/python3.9/site-packages/matplotlib/mpl-data/fonts/ttf/DejaVuSans.ttf.
LINE 996 : 2025-07-14 12:11:51,757 [DEBUG   ] Writing TrueType font.
LINE 422 : 2025-07-14 12:11:51,769 [INFO    ] Done.

LINE 241 : 2025-07-14 12:12:12,046 [DEBUG   ] Starting new HTTP connection (1): maayanlab.cloud:80
LINE 544 : 2025-07-14 12:12:12,201 [DEBUG   ] http://maayanlab.cloud:80 "GET /Enrichr/datasetStatistics HTTP/1.1" 308 164
LINE 1049: 2025-07-14 12:12:12,202 [DEBUG   ] Starting new HTTPS connection (1): maayanlab.cloud:443
LINE 544 : 2025-07-14 12:12:12,296 [DEBUG   ] https://maayanlab.cloud:443 "GET /Enrichr/datasetStatistics HTTP/1.1" 200 None
LINE 385 : 2025-07-14 12:12:12,353 [INFO    ] Connecting to Enrichr Server to get latest library names
LINE 403 : 2025-07-14 12:12:12,354 [DEBUG   ] Start Enrichr using library: WikiPathways_2019_Mouse
LINE 404 : 2025-07-14 12:12:12,354 [INFO    ] Analysis name: adipocytes_brown_top100, Enrichr Library: WikiPathways_2019_Mouse
LINE 241 : 2025-07-14 12:12:12,355 [DEBUG   ] Starting new HTTP connection (1): maayanlab.cloud:80
LINE 544 : 2025-07-14 12:12:12,416 [DEBUG   ] http://maayanlab.cloud:80 "POST /Enrichr/addList HTTP/1.1" 308 164
LINE 1049: 2025-07-14 12:12:12,417 [DEBUG   ] Starting new HTTPS connection (1): maayanlab.cloud:443
LINE 544 : 2025-07-14 12:12:12,647 [DEBUG   ] https://maayanlab.cloud:443 "POST /Enrichr/addList HTTP/1.1" 200 74
LINE 241 : 2025-07-14 12:12:13,655 [DEBUG   ] Starting new HTTP connection (1): maayanlab.cloud:80
LINE 544 : 2025-07-14 12:12:13,719 [DEBUG   ] http://maayanlab.cloud:80 "GET /Enrichr/export?userListId=96915131&filename=WikiPathways_2019_Mouse.adipocytes_brown_top100.reports&backgroundType=WikiPathways_2019_Mouse HTTP/1.1" 308 164
LINE 1049: 2025-07-14 12:12:13,720 [DEBUG   ] Starting new HTTPS connection (1): maayanlab.cloud:443
LINE 544 : 2025-07-14 12:12:13,850 [DEBUG   ] https://maayanlab.cloud:443 "GET /Enrichr/export?userListId=96915131&filename=WikiPathways_2019_Mouse.adipocytes_brown_top100.reports&backgroundType=WikiPathways_2019_Mouse HTTP/1.1" 200 6335
LINE 412 : 2025-07-14 12:12:13,853 [INFO    ] Save file of enrichment results: Job Id:4acd7df46cc6980e799150c174e791e3
LINE 943 : 2025-07-14 12:12:13,932 [DEBUG   ] Assigning font /F1 = '/usr/local/lib/python3.9/site-packages/matplotlib/mpl-data/fonts/ttf/DejaVuSans.ttf'
LINE 943 : 2025-07-14 12:12:13,938 [DEBUG   ] Assigning font /F2 = '/usr/local/lib/python3.9/site-packages/matplotlib/mpl-data/fonts/ttf/DejaVuSans-Bold.ttf'
LINE 989 : 2025-07-14 12:12:13,951 [DEBUG   ] Embedding font /usr/local/lib/python3.9/site-packages/matplotlib/mpl-data/fonts/ttf/DejaVuSans-Bold.ttf.
LINE 996 : 2025-07-14 12:12:13,951 [DEBUG   ] Writing TrueType font.
LINE 989 : 2025-07-14 12:12:13,960 [DEBUG   ] Embedding font /usr/local/lib/python3.9/site-packages/matplotlib/mpl-data/fonts/ttf/DejaVuSans.ttf.
LINE 996 : 2025-07-14 12:12:13,960 [DEBUG   ] Writing TrueType font.
LINE 422 : 2025-07-14 12:12:13,971 [INFO    ] Done.

LINE 241 : 2025-07-14 12:14:22,394 [DEBUG   ] Starting new HTTP connection (1): maayanlab.cloud:80
LINE 544 : 2025-07-14 12:14:22,463 [DEBUG   ] http://maayanlab.cloud:80 "GET /Enrichr/datasetStatistics HTTP/1.1" 308 164
LINE 1049: 2025-07-14 12:14:22,464 [DEBUG   ] Starting new HTTPS connection (1): maayanlab.cloud:443
LINE 544 : 2025-07-14 12:14:22,557 [DEBUG   ] https://maayanlab.cloud:443 "GET /Enrichr/datasetStatistics HTTP/1.1" 200 None
LINE 385 : 2025-07-14 12:14:22,614 [INFO    ] Connecting to Enrichr Server to get latest library names
LINE 403 : 2025-07-14 12:14:22,615 [DEBUG   ] Start Enrichr using library: GO_Molecular_Function_2023
LINE 404 : 2025-07-14 12:14:22,615 [INFO    ] Analysis name: adipocytes_brown_top100, Enrichr Library: GO_Molecular_Function_2023
LINE 241 : 2025-07-14 12:14:22,616 [DEBUG   ] Starting new HTTP connection (1): maayanlab.cloud:80
LINE 544 : 2025-07-14 12:14:22,678 [DEBUG   ] http://maayanlab.cloud:80 "POST /Enrichr/addList HTTP/1.1" 308 164
LINE 1049: 2025-07-14 12:14:22,679 [DEBUG   ] Starting new HTTPS connection (1): maayanlab.cloud:443
LINE 544 : 2025-07-14 12:14:22,900 [DEBUG   ] https://maayanlab.cloud:443 "POST /Enrichr/addList HTTP/1.1" 200 74
LINE 241 : 2025-07-14 12:14:23,907 [DEBUG   ] Starting new HTTP connection (1): maayanlab.cloud:80
LINE 544 : 2025-07-14 12:14:23,969 [DEBUG   ] http://maayanlab.cloud:80 "GET /Enrichr/export?userListId=96915486&filename=GO_Molecular_Function_2023.adipocytes_brown_top100.reports&backgroundType=GO_Molecular_Function_2023 HTTP/1.1" 308 164
LINE 1049: 2025-07-14 12:14:23,970 [DEBUG   ] Starting new HTTPS connection (1): maayanlab.cloud:443
LINE 544 : 2025-07-14 12:14:24,165 [DEBUG   ] https://maayanlab.cloud:443 "GET /Enrichr/export?userListId=96915486&filename=GO_Molecular_Function_2023.adipocytes_brown_top100.reports&backgroundType=GO_Molecular_Function_2023 HTTP/1.1" 200 None
LINE 412 : 2025-07-14 12:14:24,196 [INFO    ] Save file of enrichment results: Job Id:bed452f9aa3542ff92c8ea2508bd03bc
LINE 943 : 2025-07-14 12:14:24,288 [DEBUG   ] Assigning font /F1 = '/usr/local/lib/python3.9/site-packages/matplotlib/mpl-data/fonts/ttf/DejaVuSans.ttf'
LINE 943 : 2025-07-14 12:14:24,296 [DEBUG   ] Assigning font /F2 = '/usr/local/lib/python3.9/site-packages/matplotlib/mpl-data/fonts/ttf/DejaVuSans-Bold.ttf'
LINE 989 : 2025-07-14 12:14:24,310 [DEBUG   ] Embedding font /usr/local/lib/python3.9/site-packages/matplotlib/mpl-data/fonts/ttf/DejaVuSans-Bold.ttf.
LINE 996 : 2025-07-14 12:14:24,310 [DEBUG   ] Writing TrueType font.
LINE 989 : 2025-07-14 12:14:24,320 [DEBUG   ] Embedding font /usr/local/lib/python3.9/site-packages/matplotlib/mpl-data/fonts/ttf/DejaVuSans.ttf.
LINE 996 : 2025-07-14 12:14:24,320 [DEBUG   ] Writing TrueType font.
LINE 422 : 2025-07-14 12:14:24,331 [INFO    ] Done.

LINE 241 : 2025-07-14 12:16:01,215 [DEBUG   ] Starting new HTTP connection (1): maayanlab.cloud:80
LINE 544 : 2025-07-14 12:16:01,375 [DEBUG   ] http://maayanlab.cloud:80 "GET /Enrichr/datasetStatistics HTTP/1.1" 308 164
LINE 1049: 2025-07-14 12:16:01,378 [DEBUG   ] Starting new HTTPS connection (1): maayanlab.cloud:443
LINE 544 : 2025-07-14 12:16:01,466 [DEBUG   ] https://maayanlab.cloud:443 "GET /Enrichr/datasetStatistics HTTP/1.1" 200 None
LINE 385 : 2025-07-14 12:16:01,541 [INFO    ] Connecting to Enrichr Server to get latest library names
LINE 403 : 2025-07-14 12:16:01,541 [DEBUG   ] Start Enrichr using library: GO_Molecular_Function_2023
LINE 404 : 2025-07-14 12:16:01,541 [INFO    ] Analysis name: adipocytes_brown_top100, Enrichr Library: GO_Molecular_Function_2023
LINE 241 : 2025-07-14 12:16:01,542 [DEBUG   ] Starting new HTTP connection (1): maayanlab.cloud:80
LINE 544 : 2025-07-14 12:16:01,605 [DEBUG   ] http://maayanlab.cloud:80 "POST /Enrichr/addList HTTP/1.1" 308 164
LINE 1049: 2025-07-14 12:16:01,606 [DEBUG   ] Starting new HTTPS connection (1): maayanlab.cloud:443
LINE 544 : 2025-07-14 12:16:02,099 [DEBUG   ] https://maayanlab.cloud:443 "POST /Enrichr/addList HTTP/1.1" 200 74
LINE 241 : 2025-07-14 12:16:03,106 [DEBUG   ] Starting new HTTP connection (1): maayanlab.cloud:80
LINE 544 : 2025-07-14 12:16:03,170 [DEBUG   ] http://maayanlab.cloud:80 "GET /Enrichr/export?userListId=96915739&filename=GO_Molecular_Function_2023.adipocytes_brown_top100.reports&backgroundType=GO_Molecular_Function_2023 HTTP/1.1" 308 164
LINE 1049: 2025-07-14 12:16:03,171 [DEBUG   ] Starting new HTTPS connection (1): maayanlab.cloud:443
LINE 544 : 2025-07-14 12:16:03,381 [DEBUG   ] https://maayanlab.cloud:443 "GET /Enrichr/export?userListId=96915739&filename=GO_Molecular_Function_2023.adipocytes_brown_top100.reports&backgroundType=GO_Molecular_Function_2023 HTTP/1.1" 200 103
LINE 412 : 2025-07-14 12:16:03,384 [INFO    ] Save file of enrichment results: Job Id:f13bc1213c443efc036b568642af1ec8
LINE 421 : 2025-07-14 12:16:03,387 [WARNING ] Warning: No enrich terms using library GO_Molecular_Function_2023 when cutoff = 0.5
LINE 422 : 2025-07-14 12:16:03,388 [INFO    ] Done.

LINE 241 : 2025-07-14 12:16:16,094 [DEBUG   ] Starting new HTTP connection (1): maayanlab.cloud:80
LINE 544 : 2025-07-14 12:16:16,155 [DEBUG   ] http://maayanlab.cloud:80 "GET /Enrichr/datasetStatistics HTTP/1.1" 308 164
LINE 1049: 2025-07-14 12:16:16,156 [DEBUG   ] Starting new HTTPS connection (1): maayanlab.cloud:443
LINE 544 : 2025-07-14 12:16:16,249 [DEBUG   ] https://maayanlab.cloud:443 "GET /Enrichr/datasetStatistics HTTP/1.1" 200 None
LINE 385 : 2025-07-14 12:16:16,330 [INFO    ] Connecting to Enrichr Server to get latest library names
LINE 403 : 2025-07-14 12:16:16,331 [DEBUG   ] Start Enrichr using library: GO_Molecular_Function_2023
LINE 404 : 2025-07-14 12:16:16,331 [INFO    ] Analysis name: adipocytes_brown_top100, Enrichr Library: GO_Molecular_Function_2023
LINE 241 : 2025-07-14 12:16:16,331 [DEBUG   ] Starting new HTTP connection (1): maayanlab.cloud:80
LINE 544 : 2025-07-14 12:16:16,389 [DEBUG   ] http://maayanlab.cloud:80 "POST /Enrichr/addList HTTP/1.1" 308 164
LINE 1049: 2025-07-14 12:16:16,390 [DEBUG   ] Starting new HTTPS connection (1): maayanlab.cloud:443
LINE 544 : 2025-07-14 12:16:16,609 [DEBUG   ] https://maayanlab.cloud:443 "POST /Enrichr/addList HTTP/1.1" 200 74
LINE 241 : 2025-07-14 12:16:17,615 [DEBUG   ] Starting new HTTP connection (1): maayanlab.cloud:80
LINE 544 : 2025-07-14 12:16:17,674 [DEBUG   ] http://maayanlab.cloud:80 "GET /Enrichr/export?userListId=96915772&filename=GO_Molecular_Function_2023.adipocytes_brown_top100.reports&backgroundType=GO_Molecular_Function_2023 HTTP/1.1" 308 164
LINE 1049: 2025-07-14 12:16:17,675 [DEBUG   ] Starting new HTTPS connection (1): maayanlab.cloud:443
LINE 544 : 2025-07-14 12:16:17,783 [DEBUG   ] https://maayanlab.cloud:443 "GET /Enrichr/export?userListId=96915772&filename=GO_Molecular_Function_2023.adipocytes_brown_top100.reports&backgroundType=GO_Molecular_Function_2023 HTTP/1.1" 200 103
LINE 412 : 2025-07-14 12:16:17,787 [INFO    ] Save file of enrichment results: Job Id:d5d318be692387528606ea01e0c142f0
LINE 421 : 2025-07-14 12:16:17,788 [WARNING ] Warning: No enrich terms using library GO_Molecular_Function_2023 when cutoff = 0.5
LINE 422 : 2025-07-14 12:16:17,789 [INFO    ] Done.

LINE 241 : 2025-07-14 12:16:45,861 [DEBUG   ] Starting new HTTP connection (1): maayanlab.cloud:80
LINE 544 : 2025-07-14 12:16:45,928 [DEBUG   ] http://maayanlab.cloud:80 "GET /Enrichr/datasetStatistics HTTP/1.1" 308 164
LINE 1049: 2025-07-14 12:16:45,929 [DEBUG   ] Starting new HTTPS connection (1): maayanlab.cloud:443
LINE 544 : 2025-07-14 12:16:46,023 [DEBUG   ] https://maayanlab.cloud:443 "GET /Enrichr/datasetStatistics HTTP/1.1" 200 None
LINE 385 : 2025-07-14 12:16:46,106 [INFO    ] Connecting to Enrichr Server to get latest library names
LINE 403 : 2025-07-14 12:16:46,106 [DEBUG   ] Start Enrichr using library: GO_Molecular_Function_2023
LINE 404 : 2025-07-14 12:16:46,106 [INFO    ] Analysis name: adipocytes_brown_top100, Enrichr Library: GO_Molecular_Function_2023
LINE 241 : 2025-07-14 12:16:46,107 [DEBUG   ] Starting new HTTP connection (1): maayanlab.cloud:80
LINE 544 : 2025-07-14 12:16:46,165 [DEBUG   ] http://maayanlab.cloud:80 "POST /Enrichr/addList HTTP/1.1" 308 164
LINE 1049: 2025-07-14 12:16:46,166 [DEBUG   ] Starting new HTTPS connection (1): maayanlab.cloud:443
LINE 544 : 2025-07-14 12:16:46,503 [DEBUG   ] https://maayanlab.cloud:443 "POST /Enrichr/addList HTTP/1.1" 200 74
LINE 241 : 2025-07-14 12:16:47,510 [DEBUG   ] Starting new HTTP connection (1): maayanlab.cloud:80
LINE 544 : 2025-07-14 12:16:47,575 [DEBUG   ] http://maayanlab.cloud:80 "GET /Enrichr/export?userListId=96915841&filename=GO_Molecular_Function_2023.adipocytes_brown_top100.reports&backgroundType=GO_Molecular_Function_2023 HTTP/1.1" 308 164
LINE 1049: 2025-07-14 12:16:47,576 [DEBUG   ] Starting new HTTPS connection (1): maayanlab.cloud:443
LINE 544 : 2025-07-14 12:16:47,746 [DEBUG   ] https://maayanlab.cloud:443 "GET /Enrichr/export?userListId=96915841&filename=GO_Molecular_Function_2023.adipocytes_brown_top100.reports&backgroundType=GO_Molecular_Function_2023 HTTP/1.1" 200 None
LINE 412 : 2025-07-14 12:16:47,778 [INFO    ] Save file of enrichment results: Job Id:737eb847c54ca776ff4e3243cd124bb4
LINE 943 : 2025-07-14 12:16:47,854 [DEBUG   ] Assigning font /F1 = '/usr/local/lib/python3.9/site-packages/matplotlib/mpl-data/fonts/ttf/DejaVuSans.ttf'
LINE 943 : 2025-07-14 12:16:47,861 [DEBUG   ] Assigning font /F2 = '/usr/local/lib/python3.9/site-packages/matplotlib/mpl-data/fonts/ttf/DejaVuSans-Bold.ttf'
LINE 989 : 2025-07-14 12:16:47,874 [DEBUG   ] Embedding font /usr/local/lib/python3.9/site-packages/matplotlib/mpl-data/fonts/ttf/DejaVuSans-Bold.ttf.
LINE 996 : 2025-07-14 12:16:47,874 [DEBUG   ] Writing TrueType font.
LINE 989 : 2025-07-14 12:16:47,883 [DEBUG   ] Embedding font /usr/local/lib/python3.9/site-packages/matplotlib/mpl-data/fonts/ttf/DejaVuSans.ttf.
LINE 996 : 2025-07-14 12:16:47,883 [DEBUG   ] Writing TrueType font.
LINE 422 : 2025-07-14 12:16:47,894 [INFO    ] Done.

LINE 241 : 2025-07-14 12:17:25,491 [DEBUG   ] Starting new HTTP connection (1): maayanlab.cloud:80
LINE 544 : 2025-07-14 12:17:25,557 [DEBUG   ] http://maayanlab.cloud:80 "GET /Enrichr/datasetStatistics HTTP/1.1" 308 164
LINE 1049: 2025-07-14 12:17:25,558 [DEBUG   ] Starting new HTTPS connection (1): maayanlab.cloud:443
LINE 544 : 2025-07-14 12:17:25,655 [DEBUG   ] https://maayanlab.cloud:443 "GET /Enrichr/datasetStatistics HTTP/1.1" 200 None
LINE 385 : 2025-07-14 12:17:25,739 [INFO    ] Connecting to Enrichr Server to get latest library names
LINE 387 : 2025-07-14 12:17:25,739 [ERROR   ] Hint: Current organism = Mouse, is this correct?
Hint: use get_library_name() to view full list of supported names.
LINE 241 : 2025-07-14 12:18:23,671 [DEBUG   ] Starting new HTTP connection (1): maayanlab.cloud:80
LINE 544 : 2025-07-14 12:18:23,737 [DEBUG   ] http://maayanlab.cloud:80 "GET /Enrichr/datasetStatistics HTTP/1.1" 308 164
LINE 1049: 2025-07-14 12:18:23,738 [DEBUG   ] Starting new HTTPS connection (1): maayanlab.cloud:443
LINE 544 : 2025-07-14 12:18:23,829 [DEBUG   ] https://maayanlab.cloud:443 "GET /Enrichr/datasetStatistics HTTP/1.1" 200 None
LINE 385 : 2025-07-14 12:18:23,908 [INFO    ] Connecting to Enrichr Server to get latest library names
LINE 403 : 2025-07-14 12:18:23,908 [DEBUG   ] Start Enrichr using library: GO_Biological_Process_2023
LINE 404 : 2025-07-14 12:18:23,909 [INFO    ] Analysis name: adipocytes_brown_top100, Enrichr Library: GO_Biological_Process_2023
LINE 241 : 2025-07-14 12:18:23,909 [DEBUG   ] Starting new HTTP connection (1): maayanlab.cloud:80
LINE 544 : 2025-07-14 12:18:23,968 [DEBUG   ] http://maayanlab.cloud:80 "POST /Enrichr/addList HTTP/1.1" 308 164
LINE 1049: 2025-07-14 12:18:23,968 [DEBUG   ] Starting new HTTPS connection (1): maayanlab.cloud:443
LINE 544 : 2025-07-14 12:18:24,183 [DEBUG   ] https://maayanlab.cloud:443 "POST /Enrichr/addList HTTP/1.1" 200 74
LINE 241 : 2025-07-14 12:18:25,190 [DEBUG   ] Starting new HTTP connection (1): maayanlab.cloud:80
LINE 544 : 2025-07-14 12:18:25,254 [DEBUG   ] http://maayanlab.cloud:80 "GET /Enrichr/export?userListId=96916300&filename=GO_Biological_Process_2023.adipocytes_brown_top100.reports&backgroundType=GO_Biological_Process_2023 HTTP/1.1" 308 164
LINE 1049: 2025-07-14 12:18:25,255 [DEBUG   ] Starting new HTTPS connection (1): maayanlab.cloud:443
LINE 544 : 2025-07-14 12:18:25,382 [DEBUG   ] https://maayanlab.cloud:443 "GET /Enrichr/export?userListId=96916300&filename=GO_Biological_Process_2023.adipocytes_brown_top100.reports&backgroundType=GO_Biological_Process_2023 HTTP/1.1" 200 None
LINE 412 : 2025-07-14 12:18:25,499 [INFO    ] Save file of enrichment results: Job Id:a5343d409c3558ed7af6fd603ec07f1c
LINE 943 : 2025-07-14 12:18:25,585 [DEBUG   ] Assigning font /F1 = '/usr/local/lib/python3.9/site-packages/matplotlib/mpl-data/fonts/ttf/DejaVuSans.ttf'
LINE 943 : 2025-07-14 12:18:25,696 [DEBUG   ] Assigning font /F2 = '/usr/local/lib/python3.9/site-packages/matplotlib/mpl-data/fonts/ttf/DejaVuSans-Bold.ttf'
LINE 989 : 2025-07-14 12:18:25,711 [DEBUG   ] Embedding font /usr/local/lib/python3.9/site-packages/matplotlib/mpl-data/fonts/ttf/DejaVuSans-Bold.ttf.
LINE 996 : 2025-07-14 12:18:25,711 [DEBUG   ] Writing TrueType font.
LINE 989 : 2025-07-14 12:18:25,720 [DEBUG   ] Embedding font /usr/local/lib/python3.9/site-packages/matplotlib/mpl-data/fonts/ttf/DejaVuSans.ttf.
LINE 996 : 2025-07-14 12:18:25,720 [DEBUG   ] Writing TrueType font.
LINE 422 : 2025-07-14 12:18:25,732 [INFO    ] Done.

LINE 241 : 2025-07-14 12:22:51,805 [DEBUG   ] Starting new HTTP connection (1): maayanlab.cloud:80
LINE 544 : 2025-07-14 12:22:51,927 [DEBUG   ] http://maayanlab.cloud:80 "GET /Enrichr/datasetStatistics HTTP/1.1" 308 164
LINE 1049: 2025-07-14 12:22:51,928 [DEBUG   ] Starting new HTTPS connection (1): maayanlab.cloud:443
LINE 544 : 2025-07-14 12:22:52,024 [DEBUG   ] https://maayanlab.cloud:443 "GET /Enrichr/datasetStatistics HTTP/1.1" 200 None
LINE 385 : 2025-07-14 12:22:52,081 [INFO    ] Connecting to Enrichr Server to get latest library names
LINE 403 : 2025-07-14 12:22:52,081 [DEBUG   ] Start Enrichr using library: GO_Biological_Process_2023
LINE 404 : 2025-07-14 12:22:52,081 [INFO    ] Analysis name: adipocytes_brown_top100, Enrichr Library: GO_Biological_Process_2023
LINE 241 : 2025-07-14 12:22:52,082 [DEBUG   ] Starting new HTTP connection (1): maayanlab.cloud:80
LINE 544 : 2025-07-14 12:22:52,145 [DEBUG   ] http://maayanlab.cloud:80 "POST /Enrichr/addList HTTP/1.1" 308 164
LINE 1049: 2025-07-14 12:22:52,146 [DEBUG   ] Starting new HTTPS connection (1): maayanlab.cloud:443
LINE 544 : 2025-07-14 12:22:52,477 [DEBUG   ] https://maayanlab.cloud:443 "POST /Enrichr/addList HTTP/1.1" 200 74
LINE 241 : 2025-07-14 12:22:53,484 [DEBUG   ] Starting new HTTP connection (1): maayanlab.cloud:80
LINE 544 : 2025-07-14 12:22:53,547 [DEBUG   ] http://maayanlab.cloud:80 "GET /Enrichr/export?userListId=96917045&filename=GO_Biological_Process_2023.adipocytes_brown_top100.reports&backgroundType=GO_Biological_Process_2023 HTTP/1.1" 308 164
LINE 1049: 2025-07-14 12:22:53,548 [DEBUG   ] Starting new HTTPS connection (1): maayanlab.cloud:443
LINE 544 : 2025-07-14 12:22:53,697 [DEBUG   ] https://maayanlab.cloud:443 "GET /Enrichr/export?userListId=96917045&filename=GO_Biological_Process_2023.adipocytes_brown_top100.reports&backgroundType=GO_Biological_Process_2023 HTTP/1.1" 200 None
LINE 412 : 2025-07-14 12:22:53,785 [INFO    ] Save file of enrichment results: Job Id:254034e3da3021c169a4074a2c3d6be9
LINE 943 : 2025-07-14 12:22:53,865 [DEBUG   ] Assigning font /F1 = '/usr/local/lib/python3.9/site-packages/matplotlib/mpl-data/fonts/ttf/DejaVuSans.ttf'
LINE 943 : 2025-07-14 12:22:53,869 [DEBUG   ] Assigning font /F2 = '/usr/local/lib/python3.9/site-packages/matplotlib/mpl-data/fonts/ttf/DejaVuSans-Bold.ttf'
LINE 989 : 2025-07-14 12:22:53,884 [DEBUG   ] Embedding font /usr/local/lib/python3.9/site-packages/matplotlib/mpl-data/fonts/ttf/DejaVuSans-Bold.ttf.
LINE 996 : 2025-07-14 12:22:53,884 [DEBUG   ] Writing TrueType font.
LINE 989 : 2025-07-14 12:22:53,893 [DEBUG   ] Embedding font /usr/local/lib/python3.9/site-packages/matplotlib/mpl-data/fonts/ttf/DejaVuSans.ttf.
LINE 996 : 2025-07-14 12:22:53,893 [DEBUG   ] Writing TrueType font.
LINE 422 : 2025-07-14 12:22:53,904 [INFO    ] Done.

LINE 241 : 2025-07-14 12:23:02,956 [DEBUG   ] Starting new HTTP connection (1): maayanlab.cloud:80
LINE 544 : 2025-07-14 12:23:03,017 [DEBUG   ] http://maayanlab.cloud:80 "GET /Enrichr/datasetStatistics HTTP/1.1" 308 164
LINE 1049: 2025-07-14 12:23:03,020 [DEBUG   ] Starting new HTTPS connection (1): maayanlab.cloud:443
LINE 544 : 2025-07-14 12:23:03,107 [DEBUG   ] https://maayanlab.cloud:443 "GET /Enrichr/datasetStatistics HTTP/1.1" 200 None
LINE 385 : 2025-07-14 12:23:03,159 [INFO    ] Connecting to Enrichr Server to get latest library names
LINE 403 : 2025-07-14 12:23:03,160 [DEBUG   ] Start Enrichr using library: GO_Biological_Process_2023
LINE 404 : 2025-07-14 12:23:03,160 [INFO    ] Analysis name: adipocytes_brown_top100, Enrichr Library: GO_Biological_Process_2023
LINE 241 : 2025-07-14 12:23:03,167 [DEBUG   ] Starting new HTTP connection (1): maayanlab.cloud:80
LINE 544 : 2025-07-14 12:23:03,232 [DEBUG   ] http://maayanlab.cloud:80 "POST /Enrichr/addList HTTP/1.1" 308 164
LINE 1049: 2025-07-14 12:23:03,233 [DEBUG   ] Starting new HTTPS connection (1): maayanlab.cloud:443
LINE 544 : 2025-07-14 12:23:03,456 [DEBUG   ] https://maayanlab.cloud:443 "POST /Enrichr/addList HTTP/1.1" 200 74
LINE 241 : 2025-07-14 12:23:04,463 [DEBUG   ] Starting new HTTP connection (1): maayanlab.cloud:80
LINE 544 : 2025-07-14 12:23:04,526 [DEBUG   ] http://maayanlab.cloud:80 "GET /Enrichr/export?userListId=96917078&filename=GO_Biological_Process_2023.adipocytes_brown_top100.reports&backgroundType=GO_Biological_Process_2023 HTTP/1.1" 308 164
LINE 1049: 2025-07-14 12:23:04,527 [DEBUG   ] Starting new HTTPS connection (1): maayanlab.cloud:443
LINE 544 : 2025-07-14 12:23:04,646 [DEBUG   ] https://maayanlab.cloud:443 "GET /Enrichr/export?userListId=96917078&filename=GO_Biological_Process_2023.adipocytes_brown_top100.reports&backgroundType=GO_Biological_Process_2023 HTTP/1.1" 200 None
LINE 412 : 2025-07-14 12:23:04,740 [INFO    ] Save file of enrichment results: Job Id:8b416c1118c655bd8cf2dec731a09051
LINE 943 : 2025-07-14 12:23:04,826 [DEBUG   ] Assigning font /F1 = '/usr/local/lib/python3.9/site-packages/matplotlib/mpl-data/fonts/ttf/DejaVuSans.ttf'
LINE 943 : 2025-07-14 12:23:04,830 [DEBUG   ] Assigning font /F2 = '/usr/local/lib/python3.9/site-packages/matplotlib/mpl-data/fonts/ttf/DejaVuSans-Bold.ttf'
LINE 989 : 2025-07-14 12:23:04,845 [DEBUG   ] Embedding font /usr/local/lib/python3.9/site-packages/matplotlib/mpl-data/fonts/ttf/DejaVuSans-Bold.ttf.
LINE 996 : 2025-07-14 12:23:04,845 [DEBUG   ] Writing TrueType font.
LINE 989 : 2025-07-14 12:23:04,854 [DEBUG   ] Embedding font /usr/local/lib/python3.9/site-packages/matplotlib/mpl-data/fonts/ttf/DejaVuSans.ttf.
LINE 996 : 2025-07-14 12:23:04,854 [DEBUG   ] Writing TrueType font.
LINE 422 : 2025-07-14 12:23:04,866 [INFO    ] Done.

LINE 241 : 2025-07-14 12:24:24,268 [DEBUG   ] Starting new HTTP connection (1): maayanlab.cloud:80
LINE 544 : 2025-07-14 12:24:24,394 [DEBUG   ] http://maayanlab.cloud:80 "GET /Enrichr/datasetStatistics HTTP/1.1" 308 164
LINE 1049: 2025-07-14 12:24:24,395 [DEBUG   ] Starting new HTTPS connection (1): maayanlab.cloud:443
LINE 544 : 2025-07-14 12:24:24,488 [DEBUG   ] https://maayanlab.cloud:443 "GET /Enrichr/datasetStatistics HTTP/1.1" 200 None
LINE 385 : 2025-07-14 12:24:24,570 [INFO    ] Connecting to Enrichr Server to get latest library names
LINE 403 : 2025-07-14 12:24:24,571 [DEBUG   ] Start Enrichr using library: GO_Biological_Process_2023
LINE 404 : 2025-07-14 12:24:24,571 [INFO    ] Analysis name: , Enrichr Library: GO_Biological_Process_2023
LINE 241 : 2025-07-14 12:24:24,571 [DEBUG   ] Starting new HTTP connection (1): maayanlab.cloud:80
LINE 544 : 2025-07-14 12:24:24,635 [DEBUG   ] http://maayanlab.cloud:80 "POST /Enrichr/addList HTTP/1.1" 308 164
LINE 1049: 2025-07-14 12:24:24,636 [DEBUG   ] Starting new HTTPS connection (1): maayanlab.cloud:443
LINE 544 : 2025-07-14 12:24:24,858 [DEBUG   ] https://maayanlab.cloud:443 "POST /Enrichr/addList HTTP/1.1" 200 74
LINE 241 : 2025-07-14 12:24:25,865 [DEBUG   ] Starting new HTTP connection (1): maayanlab.cloud:80
LINE 544 : 2025-07-14 12:24:25,923 [DEBUG   ] http://maayanlab.cloud:80 "GET /Enrichr/export?userListId=96917287&filename=GO_Biological_Process_2023..reports&backgroundType=GO_Biological_Process_2023 HTTP/1.1" 308 164
LINE 1049: 2025-07-14 12:24:25,924 [DEBUG   ] Starting new HTTPS connection (1): maayanlab.cloud:443
LINE 544 : 2025-07-14 12:24:26,037 [DEBUG   ] https://maayanlab.cloud:443 "GET /Enrichr/export?userListId=96917287&filename=GO_Biological_Process_2023..reports&backgroundType=GO_Biological_Process_2023 HTTP/1.1" 200 None
LINE 412 : 2025-07-14 12:24:26,125 [INFO    ] Save file of enrichment results: Job Id:14af1983194ff7766ec10389817ccef9
LINE 943 : 2025-07-14 12:24:26,214 [DEBUG   ] Assigning font /F1 = '/usr/local/lib/python3.9/site-packages/matplotlib/mpl-data/fonts/ttf/DejaVuSans.ttf'
LINE 943 : 2025-07-14 12:24:26,220 [DEBUG   ] Assigning font /F2 = '/usr/local/lib/python3.9/site-packages/matplotlib/mpl-data/fonts/ttf/DejaVuSans-Bold.ttf'
LINE 989 : 2025-07-14 12:24:26,235 [DEBUG   ] Embedding font /usr/local/lib/python3.9/site-packages/matplotlib/mpl-data/fonts/ttf/DejaVuSans-Bold.ttf.
LINE 996 : 2025-07-14 12:24:26,235 [DEBUG   ] Writing TrueType font.
LINE 989 : 2025-07-14 12:24:26,245 [DEBUG   ] Embedding font /usr/local/lib/python3.9/site-packages/matplotlib/mpl-data/fonts/ttf/DejaVuSans.ttf.
LINE 996 : 2025-07-14 12:24:26,245 [DEBUG   ] Writing TrueType font.
LINE 422 : 2025-07-14 12:24:26,256 [INFO    ] Done.

LINE 241 : 2025-07-14 12:24:48,136 [DEBUG   ] Starting new HTTP connection (1): maayanlab.cloud:80
LINE 544 : 2025-07-14 12:24:48,203 [DEBUG   ] http://maayanlab.cloud:80 "GET /Enrichr/datasetStatistics HTTP/1.1" 308 164
LINE 1049: 2025-07-14 12:24:48,204 [DEBUG   ] Starting new HTTPS connection (1): maayanlab.cloud:443
LINE 544 : 2025-07-14 12:24:48,298 [DEBUG   ] https://maayanlab.cloud:443 "GET /Enrichr/datasetStatistics HTTP/1.1" 200 None
LINE 385 : 2025-07-14 12:24:48,355 [INFO    ] Connecting to Enrichr Server to get latest library names
LINE 403 : 2025-07-14 12:24:48,355 [DEBUG   ] Start Enrichr using library: GO_Biological_Process_2023
LINE 404 : 2025-07-14 12:24:48,355 [INFO    ] Analysis name: , Enrichr Library: GO_Biological_Process_2023
LINE 241 : 2025-07-14 12:24:48,356 [DEBUG   ] Starting new HTTP connection (1): maayanlab.cloud:80
LINE 544 : 2025-07-14 12:24:48,420 [DEBUG   ] http://maayanlab.cloud:80 "POST /Enrichr/addList HTTP/1.1" 308 164
LINE 1049: 2025-07-14 12:24:48,421 [DEBUG   ] Starting new HTTPS connection (1): maayanlab.cloud:443
LINE 544 : 2025-07-14 12:24:48,641 [DEBUG   ] https://maayanlab.cloud:443 "POST /Enrichr/addList HTTP/1.1" 200 74
LINE 241 : 2025-07-14 12:24:49,648 [DEBUG   ] Starting new HTTP connection (1): maayanlab.cloud:80
LINE 544 : 2025-07-14 12:24:49,706 [DEBUG   ] http://maayanlab.cloud:80 "GET /Enrichr/export?userListId=96917350&filename=GO_Biological_Process_2023..reports&backgroundType=GO_Biological_Process_2023 HTTP/1.1" 308 164
LINE 1049: 2025-07-14 12:24:49,707 [DEBUG   ] Starting new HTTPS connection (1): maayanlab.cloud:443
LINE 544 : 2025-07-14 12:24:49,831 [DEBUG   ] https://maayanlab.cloud:443 "GET /Enrichr/export?userListId=96917350&filename=GO_Biological_Process_2023..reports&backgroundType=GO_Biological_Process_2023 HTTP/1.1" 200 None
LINE 412 : 2025-07-14 12:24:49,936 [INFO    ] Save file of enrichment results: Job Id:faede6af4acb8325f91f45f97da49a50
LINE 943 : 2025-07-14 12:24:50,017 [DEBUG   ] Assigning font /F1 = '/usr/local/lib/python3.9/site-packages/matplotlib/mpl-data/fonts/ttf/DejaVuSans.ttf'
LINE 943 : 2025-07-14 12:24:50,021 [DEBUG   ] Assigning font /F2 = '/usr/local/lib/python3.9/site-packages/matplotlib/mpl-data/fonts/ttf/DejaVuSans-Bold.ttf'
LINE 989 : 2025-07-14 12:24:50,043 [DEBUG   ] Embedding font /usr/local/lib/python3.9/site-packages/matplotlib/mpl-data/fonts/ttf/DejaVuSans-Bold.ttf.
LINE 996 : 2025-07-14 12:24:50,043 [DEBUG   ] Writing TrueType font.
LINE 989 : 2025-07-14 12:24:50,053 [DEBUG   ] Embedding font /usr/local/lib/python3.9/site-packages/matplotlib/mpl-data/fonts/ttf/DejaVuSans.ttf.
LINE 996 : 2025-07-14 12:24:50,053 [DEBUG   ] Writing TrueType font.
LINE 422 : 2025-07-14 12:24:50,064 [INFO    ] Done.

LINE 241 : 2025-07-14 12:25:17,271 [DEBUG   ] Starting new HTTP connection (1): maayanlab.cloud:80
LINE 544 : 2025-07-14 12:25:17,337 [DEBUG   ] http://maayanlab.cloud:80 "GET /Enrichr/datasetStatistics HTTP/1.1" 308 164
LINE 1049: 2025-07-14 12:25:17,338 [DEBUG   ] Starting new HTTPS connection (1): maayanlab.cloud:443
LINE 544 : 2025-07-14 12:25:17,430 [DEBUG   ] https://maayanlab.cloud:443 "GET /Enrichr/datasetStatistics HTTP/1.1" 200 None
LINE 385 : 2025-07-14 12:25:17,485 [INFO    ] Connecting to Enrichr Server to get latest library names
LINE 403 : 2025-07-14 12:25:17,485 [DEBUG   ] Start Enrichr using library: GO_Biological_Process_2023
LINE 404 : 2025-07-14 12:25:17,485 [INFO    ] Analysis name: , Enrichr Library: GO_Biological_Process_2023
LINE 241 : 2025-07-14 12:25:17,486 [DEBUG   ] Starting new HTTP connection (1): maayanlab.cloud:80
LINE 544 : 2025-07-14 12:25:17,550 [DEBUG   ] http://maayanlab.cloud:80 "POST /Enrichr/addList HTTP/1.1" 308 164
LINE 1049: 2025-07-14 12:25:17,550 [DEBUG   ] Starting new HTTPS connection (1): maayanlab.cloud:443
LINE 544 : 2025-07-14 12:25:17,773 [DEBUG   ] https://maayanlab.cloud:443 "POST /Enrichr/addList HTTP/1.1" 200 74
LINE 241 : 2025-07-14 12:25:18,780 [DEBUG   ] Starting new HTTP connection (1): maayanlab.cloud:80
LINE 544 : 2025-07-14 12:25:18,847 [DEBUG   ] http://maayanlab.cloud:80 "GET /Enrichr/export?userListId=96917510&filename=GO_Biological_Process_2023..reports&backgroundType=GO_Biological_Process_2023 HTTP/1.1" 308 164
LINE 1049: 2025-07-14 12:25:18,848 [DEBUG   ] Starting new HTTPS connection (1): maayanlab.cloud:443
LINE 544 : 2025-07-14 12:25:19,010 [DEBUG   ] https://maayanlab.cloud:443 "GET /Enrichr/export?userListId=96917510&filename=GO_Biological_Process_2023..reports&backgroundType=GO_Biological_Process_2023 HTTP/1.1" 200 None
LINE 412 : 2025-07-14 12:25:19,123 [INFO    ] Save file of enrichment results: Job Id:3658bba82075640c212155a1365be8cb
LINE 943 : 2025-07-14 12:25:19,205 [DEBUG   ] Assigning font /F1 = '/usr/local/lib/python3.9/site-packages/matplotlib/mpl-data/fonts/ttf/DejaVuSans.ttf'
LINE 943 : 2025-07-14 12:25:19,209 [DEBUG   ] Assigning font /F2 = '/usr/local/lib/python3.9/site-packages/matplotlib/mpl-data/fonts/ttf/DejaVuSans-Bold.ttf'
LINE 989 : 2025-07-14 12:25:19,224 [DEBUG   ] Embedding font /usr/local/lib/python3.9/site-packages/matplotlib/mpl-data/fonts/ttf/DejaVuSans-Bold.ttf.
LINE 996 : 2025-07-14 12:25:19,224 [DEBUG   ] Writing TrueType font.
LINE 989 : 2025-07-14 12:25:19,232 [DEBUG   ] Embedding font /usr/local/lib/python3.9/site-packages/matplotlib/mpl-data/fonts/ttf/DejaVuSans.ttf.
LINE 996 : 2025-07-14 12:25:19,232 [DEBUG   ] Writing TrueType font.
LINE 422 : 2025-07-14 12:25:19,244 [INFO    ] Done.

LINE 241 : 2025-07-14 12:26:03,010 [DEBUG   ] Starting new HTTP connection (1): maayanlab.cloud:80
LINE 544 : 2025-07-14 12:26:03,185 [DEBUG   ] http://maayanlab.cloud:80 "GET /Enrichr/datasetStatistics HTTP/1.1" 308 164
LINE 1049: 2025-07-14 12:26:03,186 [DEBUG   ] Starting new HTTPS connection (1): maayanlab.cloud:443
LINE 544 : 2025-07-14 12:26:03,280 [DEBUG   ] https://maayanlab.cloud:443 "GET /Enrichr/datasetStatistics HTTP/1.1" 200 None
LINE 385 : 2025-07-14 12:26:03,362 [INFO    ] Connecting to Enrichr Server to get latest library names
LINE 403 : 2025-07-14 12:26:03,363 [DEBUG   ] Start Enrichr using library: GO_Molecular_Function_2023
LINE 404 : 2025-07-14 12:26:03,363 [INFO    ] Analysis name: , Enrichr Library: GO_Molecular_Function_2023
LINE 241 : 2025-07-14 12:26:03,364 [DEBUG   ] Starting new HTTP connection (1): maayanlab.cloud:80
LINE 544 : 2025-07-14 12:26:03,425 [DEBUG   ] http://maayanlab.cloud:80 "POST /Enrichr/addList HTTP/1.1" 308 164
LINE 1049: 2025-07-14 12:26:03,425 [DEBUG   ] Starting new HTTPS connection (1): maayanlab.cloud:443
LINE 544 : 2025-07-14 12:26:03,641 [DEBUG   ] https://maayanlab.cloud:443 "POST /Enrichr/addList HTTP/1.1" 200 74
LINE 241 : 2025-07-14 12:26:04,648 [DEBUG   ] Starting new HTTP connection (1): maayanlab.cloud:80
LINE 544 : 2025-07-14 12:26:04,712 [DEBUG   ] http://maayanlab.cloud:80 "GET /Enrichr/export?userListId=96917788&filename=GO_Molecular_Function_2023..reports&backgroundType=GO_Molecular_Function_2023 HTTP/1.1" 308 164
LINE 1049: 2025-07-14 12:26:04,713 [DEBUG   ] Starting new HTTPS connection (1): maayanlab.cloud:443
LINE 544 : 2025-07-14 12:26:04,813 [DEBUG   ] https://maayanlab.cloud:443 "GET /Enrichr/export?userListId=96917788&filename=GO_Molecular_Function_2023..reports&backgroundType=GO_Molecular_Function_2023 HTTP/1.1" 200 None
LINE 412 : 2025-07-14 12:26:04,849 [INFO    ] Save file of enrichment results: Job Id:89d3f83fddf15db0dde218e4f9885465
LINE 943 : 2025-07-14 12:26:04,946 [DEBUG   ] Assigning font /F1 = '/usr/local/lib/python3.9/site-packages/matplotlib/mpl-data/fonts/ttf/DejaVuSans.ttf'
LINE 943 : 2025-07-14 12:26:04,951 [DEBUG   ] Assigning font /F2 = '/usr/local/lib/python3.9/site-packages/matplotlib/mpl-data/fonts/ttf/DejaVuSans-Bold.ttf'
LINE 989 : 2025-07-14 12:26:04,965 [DEBUG   ] Embedding font /usr/local/lib/python3.9/site-packages/matplotlib/mpl-data/fonts/ttf/DejaVuSans-Bold.ttf.
LINE 996 : 2025-07-14 12:26:04,965 [DEBUG   ] Writing TrueType font.
LINE 989 : 2025-07-14 12:26:04,974 [DEBUG   ] Embedding font /usr/local/lib/python3.9/site-packages/matplotlib/mpl-data/fonts/ttf/DejaVuSans.ttf.
LINE 996 : 2025-07-14 12:26:04,974 [DEBUG   ] Writing TrueType font.
LINE 422 : 2025-07-14 12:26:04,987 [INFO    ] Done.

LINE 241 : 2025-07-14 12:26:51,978 [DEBUG   ] Starting new HTTP connection (1): maayanlab.cloud:80
LINE 544 : 2025-07-14 12:26:52,040 [DEBUG   ] http://maayanlab.cloud:80 "GET /Enrichr/datasetStatistics HTTP/1.1" 308 164
LINE 1049: 2025-07-14 12:26:52,041 [DEBUG   ] Starting new HTTPS connection (1): maayanlab.cloud:443
LINE 544 : 2025-07-14 12:26:52,136 [DEBUG   ] https://maayanlab.cloud:443 "GET /Enrichr/datasetStatistics HTTP/1.1" 200 None
LINE 385 : 2025-07-14 12:26:52,192 [INFO    ] Connecting to Enrichr Server to get latest library names
LINE 403 : 2025-07-14 12:26:52,192 [DEBUG   ] Start Enrichr using library: WikiPathways_2024_Mouse
LINE 404 : 2025-07-14 12:26:52,193 [INFO    ] Analysis name: , Enrichr Library: WikiPathways_2024_Mouse
LINE 241 : 2025-07-14 12:26:52,193 [DEBUG   ] Starting new HTTP connection (1): maayanlab.cloud:80
LINE 544 : 2025-07-14 12:26:52,257 [DEBUG   ] http://maayanlab.cloud:80 "POST /Enrichr/addList HTTP/1.1" 308 164
LINE 1049: 2025-07-14 12:26:52,258 [DEBUG   ] Starting new HTTPS connection (1): maayanlab.cloud:443
LINE 544 : 2025-07-14 12:26:52,482 [DEBUG   ] https://maayanlab.cloud:443 "POST /Enrichr/addList HTTP/1.1" 200 74
LINE 241 : 2025-07-14 12:26:53,490 [DEBUG   ] Starting new HTTP connection (1): maayanlab.cloud:80
LINE 544 : 2025-07-14 12:26:53,548 [DEBUG   ] http://maayanlab.cloud:80 "GET /Enrichr/export?userListId=96917895&filename=WikiPathways_2024_Mouse..reports&backgroundType=WikiPathways_2024_Mouse HTTP/1.1" 308 164
LINE 1049: 2025-07-14 12:26:53,562 [DEBUG   ] Starting new HTTPS connection (1): maayanlab.cloud:443
LINE 544 : 2025-07-14 12:26:53,707 [DEBUG   ] https://maayanlab.cloud:443 "GET /Enrichr/export?userListId=96917895&filename=WikiPathways_2024_Mouse..reports&backgroundType=WikiPathways_2024_Mouse HTTP/1.1" 200 7938
LINE 412 : 2025-07-14 12:26:53,711 [INFO    ] Save file of enrichment results: Job Id:da6f03c4fe09d39e2f78f4534d13a8a2
LINE 943 : 2025-07-14 12:26:53,784 [DEBUG   ] Assigning font /F1 = '/usr/local/lib/python3.9/site-packages/matplotlib/mpl-data/fonts/ttf/DejaVuSans.ttf'
LINE 943 : 2025-07-14 12:26:53,788 [DEBUG   ] Assigning font /F2 = '/usr/local/lib/python3.9/site-packages/matplotlib/mpl-data/fonts/ttf/DejaVuSans-Bold.ttf'
LINE 989 : 2025-07-14 12:26:53,801 [DEBUG   ] Embedding font /usr/local/lib/python3.9/site-packages/matplotlib/mpl-data/fonts/ttf/DejaVuSans-Bold.ttf.
LINE 996 : 2025-07-14 12:26:53,801 [DEBUG   ] Writing TrueType font.
LINE 989 : 2025-07-14 12:26:53,810 [DEBUG   ] Embedding font /usr/local/lib/python3.9/site-packages/matplotlib/mpl-data/fonts/ttf/DejaVuSans.ttf.
LINE 996 : 2025-07-14 12:26:53,810 [DEBUG   ] Writing TrueType font.
LINE 422 : 2025-07-14 12:26:53,821 [INFO    ] Done.

LINE 241 : 2025-07-14 12:27:24,673 [DEBUG   ] Starting new HTTP connection (1): maayanlab.cloud:80
LINE 544 : 2025-07-14 12:27:24,740 [DEBUG   ] http://maayanlab.cloud:80 "GET /Enrichr/datasetStatistics HTTP/1.1" 308 164
LINE 1049: 2025-07-14 12:27:24,741 [DEBUG   ] Starting new HTTPS connection (1): maayanlab.cloud:443
LINE 544 : 2025-07-14 12:27:24,836 [DEBUG   ] https://maayanlab.cloud:443 "GET /Enrichr/datasetStatistics HTTP/1.1" 200 None
LINE 385 : 2025-07-14 12:27:24,893 [INFO    ] Connecting to Enrichr Server to get latest library names
LINE 403 : 2025-07-14 12:27:24,893 [DEBUG   ] Start Enrichr using library: WikiPathways_2024_Mouse
LINE 404 : 2025-07-14 12:27:24,893 [INFO    ] Analysis name: , Enrichr Library: WikiPathways_2024_Mouse
LINE 241 : 2025-07-14 12:27:24,894 [DEBUG   ] Starting new HTTP connection (1): maayanlab.cloud:80
LINE 544 : 2025-07-14 12:27:24,956 [DEBUG   ] http://maayanlab.cloud:80 "POST /Enrichr/addList HTTP/1.1" 308 164
LINE 1049: 2025-07-14 12:27:24,957 [DEBUG   ] Starting new HTTPS connection (1): maayanlab.cloud:443
LINE 544 : 2025-07-14 12:27:25,179 [DEBUG   ] https://maayanlab.cloud:443 "POST /Enrichr/addList HTTP/1.1" 200 74
LINE 241 : 2025-07-14 12:27:26,186 [DEBUG   ] Starting new HTTP connection (1): maayanlab.cloud:80
LINE 544 : 2025-07-14 12:27:26,250 [DEBUG   ] http://maayanlab.cloud:80 "GET /Enrichr/export?userListId=96918008&filename=WikiPathways_2024_Mouse..reports&backgroundType=WikiPathways_2024_Mouse HTTP/1.1" 308 164
LINE 1049: 2025-07-14 12:27:26,251 [DEBUG   ] Starting new HTTPS connection (1): maayanlab.cloud:443
LINE 544 : 2025-07-14 12:27:26,445 [DEBUG   ] https://maayanlab.cloud:443 "GET /Enrichr/export?userListId=96918008&filename=WikiPathways_2024_Mouse..reports&backgroundType=WikiPathways_2024_Mouse HTTP/1.1" 200 6612
LINE 412 : 2025-07-14 12:27:26,448 [INFO    ] Save file of enrichment results: Job Id:f74effd83e1f4cd60f540e722bb720c2
LINE 943 : 2025-07-14 12:27:26,524 [DEBUG   ] Assigning font /F1 = '/usr/local/lib/python3.9/site-packages/matplotlib/mpl-data/fonts/ttf/DejaVuSans.ttf'
LINE 943 : 2025-07-14 12:27:26,531 [DEBUG   ] Assigning font /F2 = '/usr/local/lib/python3.9/site-packages/matplotlib/mpl-data/fonts/ttf/DejaVuSans-Bold.ttf'
LINE 989 : 2025-07-14 12:27:26,544 [DEBUG   ] Embedding font /usr/local/lib/python3.9/site-packages/matplotlib/mpl-data/fonts/ttf/DejaVuSans-Bold.ttf.
LINE 996 : 2025-07-14 12:27:26,544 [DEBUG   ] Writing TrueType font.
LINE 989 : 2025-07-14 12:27:26,552 [DEBUG   ] Embedding font /usr/local/lib/python3.9/site-packages/matplotlib/mpl-data/fonts/ttf/DejaVuSans.ttf.
LINE 996 : 2025-07-14 12:27:26,552 [DEBUG   ] Writing TrueType font.
LINE 422 : 2025-07-14 12:27:26,564 [INFO    ] Done.

LINE 241 : 2025-07-14 12:27:40,233 [DEBUG   ] Starting new HTTP connection (1): maayanlab.cloud:80
LINE 544 : 2025-07-14 12:27:40,300 [DEBUG   ] http://maayanlab.cloud:80 "GET /Enrichr/datasetStatistics HTTP/1.1" 308 164
LINE 1049: 2025-07-14 12:27:40,301 [DEBUG   ] Starting new HTTPS connection (1): maayanlab.cloud:443
LINE 544 : 2025-07-14 12:27:40,388 [DEBUG   ] https://maayanlab.cloud:443 "GET /Enrichr/datasetStatistics HTTP/1.1" 200 None
LINE 385 : 2025-07-14 12:27:40,439 [INFO    ] Connecting to Enrichr Server to get latest library names
LINE 403 : 2025-07-14 12:27:40,439 [DEBUG   ] Start Enrichr using library: WikiPathways_2024_Mouse
LINE 404 : 2025-07-14 12:27:40,439 [INFO    ] Analysis name: , Enrichr Library: WikiPathways_2024_Mouse
LINE 241 : 2025-07-14 12:27:40,440 [DEBUG   ] Starting new HTTP connection (1): maayanlab.cloud:80
LINE 544 : 2025-07-14 12:27:40,503 [DEBUG   ] http://maayanlab.cloud:80 "POST /Enrichr/addList HTTP/1.1" 308 164
LINE 1049: 2025-07-14 12:27:40,504 [DEBUG   ] Starting new HTTPS connection (1): maayanlab.cloud:443
LINE 544 : 2025-07-14 12:27:40,748 [DEBUG   ] https://maayanlab.cloud:443 "POST /Enrichr/addList HTTP/1.1" 200 74
LINE 241 : 2025-07-14 12:27:41,754 [DEBUG   ] Starting new HTTP connection (1): maayanlab.cloud:80
LINE 544 : 2025-07-14 12:27:41,817 [DEBUG   ] http://maayanlab.cloud:80 "GET /Enrichr/export?userListId=96918045&filename=WikiPathways_2024_Mouse..reports&backgroundType=WikiPathways_2024_Mouse HTTP/1.1" 308 164
LINE 1049: 2025-07-14 12:27:41,818 [DEBUG   ] Starting new HTTPS connection (1): maayanlab.cloud:443
LINE 544 : 2025-07-14 12:27:41,928 [DEBUG   ] https://maayanlab.cloud:443 "GET /Enrichr/export?userListId=96918045&filename=WikiPathways_2024_Mouse..reports&backgroundType=WikiPathways_2024_Mouse HTTP/1.1" 200 6612
LINE 412 : 2025-07-14 12:27:41,930 [INFO    ] Save file of enrichment results: Job Id:879e46ac6d76c20a88d46ccc563adfae
LINE 943 : 2025-07-14 12:27:42,019 [DEBUG   ] Assigning font /F1 = '/usr/local/lib/python3.9/site-packages/matplotlib/mpl-data/fonts/ttf/DejaVuSans.ttf'
LINE 943 : 2025-07-14 12:27:42,025 [DEBUG   ] Assigning font /F2 = '/usr/local/lib/python3.9/site-packages/matplotlib/mpl-data/fonts/ttf/DejaVuSans-Bold.ttf'
LINE 989 : 2025-07-14 12:27:42,038 [DEBUG   ] Embedding font /usr/local/lib/python3.9/site-packages/matplotlib/mpl-data/fonts/ttf/DejaVuSans-Bold.ttf.
LINE 996 : 2025-07-14 12:27:42,038 [DEBUG   ] Writing TrueType font.
LINE 989 : 2025-07-14 12:27:42,048 [DEBUG   ] Embedding font /usr/local/lib/python3.9/site-packages/matplotlib/mpl-data/fonts/ttf/DejaVuSans.ttf.
LINE 996 : 2025-07-14 12:27:42,048 [DEBUG   ] Writing TrueType font.
LINE 422 : 2025-07-14 12:27:42,059 [INFO    ] Done.

LINE 241 : 2025-07-14 12:28:29,222 [DEBUG   ] Starting new HTTP connection (1): maayanlab.cloud:80
LINE 544 : 2025-07-14 12:28:29,284 [DEBUG   ] http://maayanlab.cloud:80 "GET /Enrichr/datasetStatistics HTTP/1.1" 308 164
LINE 1049: 2025-07-14 12:28:29,285 [DEBUG   ] Starting new HTTPS connection (1): maayanlab.cloud:443
LINE 544 : 2025-07-14 12:28:29,381 [DEBUG   ] https://maayanlab.cloud:443 "GET /Enrichr/datasetStatistics HTTP/1.1" 200 None
LINE 385 : 2025-07-14 12:28:29,463 [INFO    ] Connecting to Enrichr Server to get latest library names
LINE 403 : 2025-07-14 12:28:29,463 [DEBUG   ] Start Enrichr using library: WikiPathways_2024_Mouse
LINE 404 : 2025-07-14 12:28:29,463 [INFO    ] Analysis name: , Enrichr Library: WikiPathways_2024_Mouse
LINE 241 : 2025-07-14 12:28:29,464 [DEBUG   ] Starting new HTTP connection (1): maayanlab.cloud:80
LINE 544 : 2025-07-14 12:28:29,526 [DEBUG   ] http://maayanlab.cloud:80 "POST /Enrichr/addList HTTP/1.1" 308 164
LINE 1049: 2025-07-14 12:28:29,527 [DEBUG   ] Starting new HTTPS connection (1): maayanlab.cloud:443
LINE 544 : 2025-07-14 12:28:29,750 [DEBUG   ] https://maayanlab.cloud:443 "POST /Enrichr/addList HTTP/1.1" 200 74
LINE 241 : 2025-07-14 12:28:30,758 [DEBUG   ] Starting new HTTP connection (1): maayanlab.cloud:80
LINE 544 : 2025-07-14 12:28:30,821 [DEBUG   ] http://maayanlab.cloud:80 "GET /Enrichr/export?userListId=96918212&filename=WikiPathways_2024_Mouse..reports&backgroundType=WikiPathways_2024_Mouse HTTP/1.1" 308 164
LINE 1049: 2025-07-14 12:28:30,834 [DEBUG   ] Starting new HTTPS connection (1): maayanlab.cloud:443
LINE 544 : 2025-07-14 12:28:30,995 [DEBUG   ] https://maayanlab.cloud:443 "GET /Enrichr/export?userListId=96918212&filename=WikiPathways_2024_Mouse..reports&backgroundType=WikiPathways_2024_Mouse HTTP/1.1" 200 7938
LINE 412 : 2025-07-14 12:28:30,998 [INFO    ] Save file of enrichment results: Job Id:a84fcc6134bc6edf81ae2deebd753de1
LINE 943 : 2025-07-14 12:28:31,073 [DEBUG   ] Assigning font /F1 = '/usr/local/lib/python3.9/site-packages/matplotlib/mpl-data/fonts/ttf/DejaVuSans.ttf'
LINE 943 : 2025-07-14 12:28:31,078 [DEBUG   ] Assigning font /F2 = '/usr/local/lib/python3.9/site-packages/matplotlib/mpl-data/fonts/ttf/DejaVuSans-Bold.ttf'
LINE 989 : 2025-07-14 12:28:31,091 [DEBUG   ] Embedding font /usr/local/lib/python3.9/site-packages/matplotlib/mpl-data/fonts/ttf/DejaVuSans-Bold.ttf.
LINE 996 : 2025-07-14 12:28:31,091 [DEBUG   ] Writing TrueType font.
LINE 989 : 2025-07-14 12:28:31,100 [DEBUG   ] Embedding font /usr/local/lib/python3.9/site-packages/matplotlib/mpl-data/fonts/ttf/DejaVuSans.ttf.
LINE 996 : 2025-07-14 12:28:31,100 [DEBUG   ] Writing TrueType font.
LINE 422 : 2025-07-14 12:28:31,111 [INFO    ] Done.

LINE 241 : 2025-07-14 12:30:17,022 [DEBUG   ] Starting new HTTP connection (1): maayanlab.cloud:80
LINE 544 : 2025-07-14 12:30:17,087 [DEBUG   ] http://maayanlab.cloud:80 "GET /Enrichr/datasetStatistics HTTP/1.1" 308 164
LINE 1049: 2025-07-14 12:30:17,088 [DEBUG   ] Starting new HTTPS connection (1): maayanlab.cloud:443
LINE 544 : 2025-07-14 12:30:17,201 [DEBUG   ] https://maayanlab.cloud:443 "GET /Enrichr/datasetStatistics HTTP/1.1" 200 None
LINE 385 : 2025-07-14 12:30:17,258 [INFO    ] Connecting to Enrichr Server to get latest library names
LINE 403 : 2025-07-14 12:30:17,258 [DEBUG   ] Start Enrichr using library: WikiPathways_2024_Mouse
LINE 404 : 2025-07-14 12:30:17,258 [INFO    ] Analysis name: , Enrichr Library: WikiPathways_2024_Mouse
LINE 241 : 2025-07-14 12:30:17,259 [DEBUG   ] Starting new HTTP connection (1): maayanlab.cloud:80
LINE 544 : 2025-07-14 12:30:17,317 [DEBUG   ] http://maayanlab.cloud:80 "POST /Enrichr/addList HTTP/1.1" 308 164
LINE 1049: 2025-07-14 12:30:17,318 [DEBUG   ] Starting new HTTPS connection (1): maayanlab.cloud:443
LINE 544 : 2025-07-14 12:30:17,537 [DEBUG   ] https://maayanlab.cloud:443 "POST /Enrichr/addList HTTP/1.1" 200 74
LINE 241 : 2025-07-14 12:30:18,544 [DEBUG   ] Starting new HTTP connection (1): maayanlab.cloud:80
LINE 544 : 2025-07-14 12:30:18,602 [DEBUG   ] http://maayanlab.cloud:80 "GET /Enrichr/export?userListId=96918540&filename=WikiPathways_2024_Mouse..reports&backgroundType=WikiPathways_2024_Mouse HTTP/1.1" 308 164
LINE 1049: 2025-07-14 12:30:18,602 [DEBUG   ] Starting new HTTPS connection (1): maayanlab.cloud:443
LINE 544 : 2025-07-14 12:30:18,734 [DEBUG   ] https://maayanlab.cloud:443 "GET /Enrichr/export?userListId=96918540&filename=WikiPathways_2024_Mouse..reports&backgroundType=WikiPathways_2024_Mouse HTTP/1.1" 200 7938
LINE 412 : 2025-07-14 12:30:18,740 [INFO    ] Save file of enrichment results: Job Id:ba55738de9772cdbacab8fba7b16078b
LINE 943 : 2025-07-14 12:30:18,997 [DEBUG   ] Assigning font /F1 = '/usr/local/lib/python3.9/site-packages/matplotlib/mpl-data/fonts/ttf/DejaVuSans.ttf'
LINE 943 : 2025-07-14 12:30:19,001 [DEBUG   ] Assigning font /F2 = '/usr/local/lib/python3.9/site-packages/matplotlib/mpl-data/fonts/ttf/DejaVuSans-Bold.ttf'
LINE 989 : 2025-07-14 12:30:19,014 [DEBUG   ] Embedding font /usr/local/lib/python3.9/site-packages/matplotlib/mpl-data/fonts/ttf/DejaVuSans-Bold.ttf.
LINE 996 : 2025-07-14 12:30:19,014 [DEBUG   ] Writing TrueType font.
LINE 989 : 2025-07-14 12:30:19,023 [DEBUG   ] Embedding font /usr/local/lib/python3.9/site-packages/matplotlib/mpl-data/fonts/ttf/DejaVuSans.ttf.
LINE 996 : 2025-07-14 12:30:19,023 [DEBUG   ] Writing TrueType font.
LINE 422 : 2025-07-14 12:30:19,037 [INFO    ] Done.

