LINE 241 : 2025-07-15 09:27:16,455 [DEBUG   ] Starting new HTTP connection (1): maayanlab.cloud:80
LINE 544 : 2025-07-15 09:27:16,842 [DEBUG   ] http://maayanlab.cloud:80 "GET /Enrichr/datasetStatistics HTTP/1.1" 308 164
LINE 1049: 2025-07-15 09:27:16,843 [DEBUG   ] Starting new HTTPS connection (1): maayanlab.cloud:443
LINE 544 : 2025-07-15 09:27:16,937 [DEBUG   ] https://maayanlab.cloud:443 "GET /Enrichr/datasetStatistics HTTP/1.1" 200 None
LINE 385 : 2025-07-15 09:27:16,993 [INFO    ] Connecting to Enrichr Server to get latest library names
LINE 403 : 2025-07-15 09:27:16,994 [DEBUG   ] Start Enrichr using library: GO_Biological_Process_2023
LINE 404 : 2025-07-15 09:27:16,994 [INFO    ] Analysis name: , Enrichr Library: GO_Biological_Process_2023
LINE 241 : 2025-07-15 09:27:16,995 [DEBUG   ] Starting new HTTP connection (1): maayanlab.cloud:80
LINE 544 : 2025-07-15 09:27:17,058 [DEBUG   ] http://maayanlab.cloud:80 "POST /Enrichr/addList HTTP/1.1" 308 164
LINE 1049: 2025-07-15 09:27:17,058 [DEBUG   ] Starting new HTTPS connection (1): maayanlab.cloud:443
LINE 544 : 2025-07-15 09:27:17,278 [DEBUG   ] https://maayanlab.cloud:443 "POST /Enrichr/addList HTTP/1.1" 200 74
LINE 241 : 2025-07-15 09:27:18,284 [DEBUG   ] Starting new HTTP connection (1): maayanlab.cloud:80
LINE 544 : 2025-07-15 09:27:18,348 [DEBUG   ] http://maayanlab.cloud:80 "GET /Enrichr/export?userListId=97030300&filename=GO_Biological_Process_2023..reports&backgroundType=GO_Biological_Process_2023 HTTP/1.1" 308 164
LINE 1049: 2025-07-15 09:27:18,349 [DEBUG   ] Starting new HTTPS connection (1): maayanlab.cloud:443
LINE 544 : 2025-07-15 09:27:18,463 [DEBUG   ] https://maayanlab.cloud:443 "GET /Enrichr/export?userListId=97030300&filename=GO_Biological_Process_2023..reports&backgroundType=GO_Biological_Process_2023 HTTP/1.1" 200 None
LINE 412 : 2025-07-15 09:27:18,570 [INFO    ] Save file of enrichment results: Job Id:f384962ae9e0a9aa5b035d1f31f6a547
LINE 1467: 2025-07-15 09:27:18,659 [DEBUG   ] findfont: Matching sans\-serif:style=normal:variant=normal:weight=normal:stretch=normal:size=16.0.
LINE 1479: 2025-07-15 09:27:18,659 [DEBUG   ] findfont: score(FontEntry(fname='/usr/local/lib/python3.9/site-packages/matplotlib/mpl-data/fonts/ttf/STIXSizFourSymBol.ttf', name='STIXSizeFourSym', style='normal', variant='normal', weight=700, stretch='normal', size='scalable')) = 10.335
LINE 1479: 2025-07-15 09:27:18,659 [DEBUG   ] findfont: score(FontEntry(fname='/usr/local/lib/python3.9/site-packages/matplotlib/mpl-data/fonts/ttf/DejaVuSansDisplay.ttf', name='DejaVu Sans Display', style='normal', variant='normal', weight=400, stretch='normal', size='scalable')) = 10.05
LINE 1479: 2025-07-15 09:27:18,659 [DEBUG   ] findfont: score(FontEntry(fname='/usr/local/lib/python3.9/site-packages/matplotlib/mpl-data/fonts/ttf/cmr10.ttf', name='cmr10', style='normal', variant='normal', weight=400, stretch='normal', size='scalable')) = 10.05
LINE 1479: 2025-07-15 09:27:18,659 [DEBUG   ] findfont: score(FontEntry(fname='/usr/local/lib/python3.9/site-packages/matplotlib/mpl-data/fonts/ttf/DejaVuSans-Oblique.ttf', name='DejaVu Sans', style='oblique', variant='normal', weight=400, stretch='normal', size='scalable')) = 1.05
LINE 1479: 2025-07-15 09:27:18,659 [DEBUG   ] findfont: score(FontEntry(fname='/usr/local/lib/python3.9/site-packages/matplotlib/mpl-data/fonts/ttf/DejaVuSerifDisplay.ttf', name='DejaVu Serif Display', style='normal', variant='normal', weight=400, stretch='normal', size='scalable')) = 10.05
LINE 1479: 2025-07-15 09:27:18,659 [DEBUG   ] findfont: score(FontEntry(fname='/usr/local/lib/python3.9/site-packages/matplotlib/mpl-data/fonts/ttf/DejaVuSansMono-BoldOblique.ttf', name='DejaVu Sans Mono', style='oblique', variant='normal', weight=700, stretch='normal', size='scalable')) = 11.335
LINE 1479: 2025-07-15 09:27:18,659 [DEBUG   ] findfont: score(FontEntry(fname='/usr/local/lib/python3.9/site-packages/matplotlib/mpl-data/fonts/ttf/STIXNonUniBol.ttf', name='STIXNonUnicode', style='normal', variant='normal', weight=700, stretch='normal', size='scalable')) = 10.335
LINE 1479: 2025-07-15 09:27:18,660 [DEBUG   ] findfont: score(FontEntry(fname='/usr/local/lib/python3.9/site-packages/matplotlib/mpl-data/fonts/ttf/DejaVuSerif-Italic.ttf', name='DejaVu Serif', style='italic', variant='normal', weight=400, stretch='normal', size='scalable')) = 11.05
LINE 1479: 2025-07-15 09:27:18,660 [DEBUG   ] findfont: score(FontEntry(fname='/usr/local/lib/python3.9/site-packages/matplotlib/mpl-data/fonts/ttf/DejaVuSerif.ttf', name='DejaVu Serif', style='normal', variant='normal', weight=400, stretch='normal', size='scalable')) = 10.05
LINE 1479: 2025-07-15 09:27:18,660 [DEBUG   ] findfont: score(FontEntry(fname='/usr/local/lib/python3.9/site-packages/matplotlib/mpl-data/fonts/ttf/cmex10.ttf', name='cmex10', style='normal', variant='normal', weight=400, stretch='normal', size='scalable')) = 10.05
LINE 1479: 2025-07-15 09:27:18,660 [DEBUG   ] findfont: score(FontEntry(fname='/usr/local/lib/python3.9/site-packages/matplotlib/mpl-data/fonts/ttf/DejaVuSansMono.ttf', name='DejaVu Sans Mono', style='normal', variant='normal', weight=400, stretch='normal', size='scalable')) = 10.05
LINE 1479: 2025-07-15 09:27:18,660 [DEBUG   ] findfont: score(FontEntry(fname='/usr/local/lib/python3.9/site-packages/matplotlib/mpl-data/fonts/ttf/STIXSizFourSymReg.ttf', name='STIXSizeFourSym', style='normal', variant='normal', weight=400, stretch='normal', size='scalable')) = 10.05
LINE 1479: 2025-07-15 09:27:18,660 [DEBUG   ] findfont: score(FontEntry(fname='/usr/local/lib/python3.9/site-packages/matplotlib/mpl-data/fonts/ttf/DejaVuSerif-BoldItalic.ttf', name='DejaVu Serif', style='italic', variant='normal', weight=700, stretch='normal', size='scalable')) = 11.335
LINE 1479: 2025-07-15 09:27:18,660 [DEBUG   ] findfont: score(FontEntry(fname='/usr/local/lib/python3.9/site-packages/matplotlib/mpl-data/fonts/ttf/cmb10.ttf', name='cmb10', style='normal', variant='normal', weight=400, stretch='normal', size='scalable')) = 10.05
LINE 1479: 2025-07-15 09:27:18,660 [DEBUG   ] findfont: score(FontEntry(fname='/usr/local/lib/python3.9/site-packages/matplotlib/mpl-data/fonts/ttf/STIXNonUni.ttf', name='STIXNonUnicode', style='normal', variant='normal', weight=400, stretch='normal', size='scalable')) = 10.05
LINE 1479: 2025-07-15 09:27:18,660 [DEBUG   ] findfont: score(FontEntry(fname='/usr/local/lib/python3.9/site-packages/matplotlib/mpl-data/fonts/ttf/DejaVuSerif-Bold.ttf', name='DejaVu Serif', style='normal', variant='normal', weight=700, stretch='normal', size='scalable')) = 10.335
LINE 1479: 2025-07-15 09:27:18,660 [DEBUG   ] findfont: score(FontEntry(fname='/usr/local/lib/python3.9/site-packages/matplotlib/mpl-data/fonts/ttf/DejaVuSansMono-Bold.ttf', name='DejaVu Sans Mono', style='normal', variant='normal', weight=700, stretch='normal', size='scalable')) = 10.335
LINE 1479: 2025-07-15 09:27:18,660 [DEBUG   ] findfont: score(FontEntry(fname='/usr/local/lib/python3.9/site-packages/matplotlib/mpl-data/fonts/ttf/STIXSizThreeSymReg.ttf', name='STIXSizeThreeSym', style='normal', variant='normal', weight=400, stretch='normal', size='scalable')) = 10.05
LINE 1479: 2025-07-15 09:27:18,661 [DEBUG   ] findfont: score(FontEntry(fname='/usr/local/lib/python3.9/site-packages/matplotlib/mpl-data/fonts/ttf/STIXSizFiveSymReg.ttf', name='STIXSizeFiveSym', style='normal', variant='normal', weight=400, stretch='normal', size='scalable')) = 10.05
LINE 1479: 2025-07-15 09:27:18,661 [DEBUG   ] findfont: score(FontEntry(fname='/usr/local/lib/python3.9/site-packages/matplotlib/mpl-data/fonts/ttf/cmsy10.ttf', name='cmsy10', style='normal', variant='normal', weight=400, stretch='normal', size='scalable')) = 10.05
LINE 1479: 2025-07-15 09:27:18,661 [DEBUG   ] findfont: score(FontEntry(fname='/usr/local/lib/python3.9/site-packages/matplotlib/mpl-data/fonts/ttf/cmmi10.ttf', name='cmmi10', style='normal', variant='normal', weight=400, stretch='normal', size='scalable')) = 10.05
LINE 1479: 2025-07-15 09:27:18,661 [DEBUG   ] findfont: score(FontEntry(fname='/usr/local/lib/python3.9/site-packages/matplotlib/mpl-data/fonts/ttf/STIXSizTwoSymBol.ttf', name='STIXSizeTwoSym', style='normal', variant='normal', weight=700, stretch='normal', size='scalable')) = 10.335
LINE 1479: 2025-07-15 09:27:18,661 [DEBUG   ] findfont: score(FontEntry(fname='/usr/local/lib/python3.9/site-packages/matplotlib/mpl-data/fonts/ttf/STIXNonUniIta.ttf', name='STIXNonUnicode', style='italic', variant='normal', weight=400, stretch='normal', size='scalable')) = 11.05
LINE 1479: 2025-07-15 09:27:18,661 [DEBUG   ] findfont: score(FontEntry(fname='/usr/local/lib/python3.9/site-packages/matplotlib/mpl-data/fonts/ttf/STIXGeneralItalic.ttf', name='STIXGeneral', style='italic', variant='normal', weight=400, stretch='normal', size='scalable')) = 11.05
LINE 1479: 2025-07-15 09:27:18,661 [DEBUG   ] findfont: score(FontEntry(fname='/usr/local/lib/python3.9/site-packages/matplotlib/mpl-data/fonts/ttf/DejaVuSans-Bold.ttf', name='DejaVu Sans', style='normal', variant='normal', weight=700, stretch='normal', size='scalable')) = 0.33499999999999996
LINE 1479: 2025-07-15 09:27:18,661 [DEBUG   ] findfont: score(FontEntry(fname='/usr/local/lib/python3.9/site-packages/matplotlib/mpl-data/fonts/ttf/cmtt10.ttf', name='cmtt10', style='normal', variant='normal', weight=400, stretch='normal', size='scalable')) = 10.05
LINE 1479: 2025-07-15 09:27:18,661 [DEBUG   ] findfont: score(FontEntry(fname='/usr/local/lib/python3.9/site-packages/matplotlib/mpl-data/fonts/ttf/STIXSizTwoSymReg.ttf', name='STIXSizeTwoSym', style='normal', variant='normal', weight=400, stretch='normal', size='scalable')) = 10.05
LINE 1479: 2025-07-15 09:27:18,661 [DEBUG   ] findfont: score(FontEntry(fname='/usr/local/lib/python3.9/site-packages/matplotlib/mpl-data/fonts/ttf/DejaVuSans.ttf', name='DejaVu Sans', style='normal', variant='normal', weight=400, stretch='normal', size='scalable')) = 0.05
LINE 1479: 2025-07-15 09:27:18,661 [DEBUG   ] findfont: score(FontEntry(fname='/usr/local/lib/python3.9/site-packages/matplotlib/mpl-data/fonts/ttf/STIXGeneralBol.ttf', name='STIXGeneral', style='normal', variant='normal', weight=700, stretch='normal', size='scalable')) = 10.335
LINE 1479: 2025-07-15 09:27:18,661 [DEBUG   ] findfont: score(FontEntry(fname='/usr/local/lib/python3.9/site-packages/matplotlib/mpl-data/fonts/ttf/DejaVuSansMono-Oblique.ttf', name='DejaVu Sans Mono', style='oblique', variant='normal', weight=400, stretch='normal', size='scalable')) = 11.05
LINE 1479: 2025-07-15 09:27:18,661 [DEBUG   ] findfont: score(FontEntry(fname='/usr/local/lib/python3.9/site-packages/matplotlib/mpl-data/fonts/ttf/STIXGeneral.ttf', name='STIXGeneral', style='normal', variant='normal', weight=400, stretch='normal', size='scalable')) = 10.05
LINE 1479: 2025-07-15 09:27:18,661 [DEBUG   ] findfont: score(FontEntry(fname='/usr/local/lib/python3.9/site-packages/matplotlib/mpl-data/fonts/ttf/STIXGeneralBolIta.ttf', name='STIXGeneral', style='italic', variant='normal', weight=700, stretch='normal', size='scalable')) = 11.335
LINE 1479: 2025-07-15 09:27:18,661 [DEBUG   ] findfont: score(FontEntry(fname='/usr/local/lib/python3.9/site-packages/matplotlib/mpl-data/fonts/ttf/cmss10.ttf', name='cmss10', style='normal', variant='normal', weight=400, stretch='normal', size='scalable')) = 10.05
LINE 1479: 2025-07-15 09:27:18,661 [DEBUG   ] findfont: score(FontEntry(fname='/usr/local/lib/python3.9/site-packages/matplotlib/mpl-data/fonts/ttf/DejaVuSans-BoldOblique.ttf', name='DejaVu Sans', style='oblique', variant='normal', weight=700, stretch='normal', size='scalable')) = 1.335
LINE 1479: 2025-07-15 09:27:18,661 [DEBUG   ] findfont: score(FontEntry(fname='/usr/local/lib/python3.9/site-packages/matplotlib/mpl-data/fonts/ttf/STIXSizOneSymBol.ttf', name='STIXSizeOneSym', style='normal', variant='normal', weight=700, stretch='normal', size='scalable')) = 10.335
LINE 1479: 2025-07-15 09:27:18,661 [DEBUG   ] findfont: score(FontEntry(fname='/usr/local/lib/python3.9/site-packages/matplotlib/mpl-data/fonts/ttf/STIXSizThreeSymBol.ttf', name='STIXSizeThreeSym', style='normal', variant='normal', weight=700, stretch='normal', size='scalable')) = 10.335
LINE 1479: 2025-07-15 09:27:18,661 [DEBUG   ] findfont: score(FontEntry(fname='/usr/local/lib/python3.9/site-packages/matplotlib/mpl-data/fonts/ttf/STIXSizOneSymReg.ttf', name='STIXSizeOneSym', style='normal', variant='normal', weight=400, stretch='normal', size='scalable')) = 10.05
LINE 1479: 2025-07-15 09:27:18,661 [DEBUG   ] findfont: score(FontEntry(fname='/usr/local/lib/python3.9/site-packages/matplotlib/mpl-data/fonts/ttf/STIXNonUniBolIta.ttf', name='STIXNonUnicode', style='italic', variant='normal', weight=700, stretch='normal', size='scalable')) = 11.335
LINE 1479: 2025-07-15 09:27:18,661 [DEBUG   ] findfont: score(FontEntry(fname='/usr/share/fonts/truetype/dejavu/DejaVuSansMono-Bold.ttf', name='DejaVu Sans Mono', style='normal', variant='normal', weight=700, stretch='normal', size='scalable')) = 10.335
LINE 1479: 2025-07-15 09:27:18,661 [DEBUG   ] findfont: score(FontEntry(fname='/usr/share/fonts/truetype/dejavu/DejaVuSansMono.ttf', name='DejaVu Sans Mono', style='normal', variant='normal', weight=400, stretch='normal', size='scalable')) = 10.05
LINE 1479: 2025-07-15 09:27:18,661 [DEBUG   ] findfont: score(FontEntry(fname='/usr/share/fonts/truetype/dejavu/DejaVuSans-Bold.ttf', name='DejaVu Sans', style='normal', variant='normal', weight=700, stretch='normal', size='scalable')) = 0.33499999999999996
LINE 1479: 2025-07-15 09:27:18,661 [DEBUG   ] findfont: score(FontEntry(fname='/usr/share/fonts/truetype/dejavu/DejaVuSerif-Bold.ttf', name='DejaVu Serif', style='normal', variant='normal', weight=700, stretch='normal', size='scalable')) = 10.335
LINE 1479: 2025-07-15 09:27:18,661 [DEBUG   ] findfont: score(FontEntry(fname='/usr/share/fonts/truetype/dejavu/DejaVuSerif.ttf', name='DejaVu Serif', style='normal', variant='normal', weight=400, stretch='normal', size='scalable')) = 10.05
LINE 1479: 2025-07-15 09:27:18,661 [DEBUG   ] findfont: score(FontEntry(fname='/usr/share/fonts/truetype/dejavu/DejaVuSans.ttf', name='DejaVu Sans', style='normal', variant='normal', weight=400, stretch='normal', size='scalable')) = 0.05
LINE 1508: 2025-07-15 09:27:18,661 [DEBUG   ] findfont: Matching sans\-serif:style=normal:variant=normal:weight=normal:stretch=normal:size=16.0 to DejaVu Sans ('/usr/local/lib/python3.9/site-packages/matplotlib/mpl-data/fonts/ttf/DejaVuSans.ttf') with score of 0.050000.
LINE 1467: 2025-07-15 09:27:18,669 [DEBUG   ] findfont: Matching sans\-serif:style=normal:variant=normal:weight=bold:stretch=normal:size=24.0.
LINE 1479: 2025-07-15 09:27:18,669 [DEBUG   ] findfont: score(FontEntry(fname='/usr/local/lib/python3.9/site-packages/matplotlib/mpl-data/fonts/ttf/STIXSizFourSymBol.ttf', name='STIXSizeFourSym', style='normal', variant='normal', weight=700, stretch='normal', size='scalable')) = 10.05
LINE 1479: 2025-07-15 09:27:18,669 [DEBUG   ] findfont: score(FontEntry(fname='/usr/local/lib/python3.9/site-packages/matplotlib/mpl-data/fonts/ttf/DejaVuSansDisplay.ttf', name='DejaVu Sans Display', style='normal', variant='normal', weight=400, stretch='normal', size='scalable')) = 10.335
LINE 1479: 2025-07-15 09:27:18,669 [DEBUG   ] findfont: score(FontEntry(fname='/usr/local/lib/python3.9/site-packages/matplotlib/mpl-data/fonts/ttf/cmr10.ttf', name='cmr10', style='normal', variant='normal', weight=400, stretch='normal', size='scalable')) = 10.335
LINE 1479: 2025-07-15 09:27:18,669 [DEBUG   ] findfont: score(FontEntry(fname='/usr/local/lib/python3.9/site-packages/matplotlib/mpl-data/fonts/ttf/DejaVuSans-Oblique.ttf', name='DejaVu Sans', style='oblique', variant='normal', weight=400, stretch='normal', size='scalable')) = 1.335
LINE 1479: 2025-07-15 09:27:18,669 [DEBUG   ] findfont: score(FontEntry(fname='/usr/local/lib/python3.9/site-packages/matplotlib/mpl-data/fonts/ttf/DejaVuSerifDisplay.ttf', name='DejaVu Serif Display', style='normal', variant='normal', weight=400, stretch='normal', size='scalable')) = 10.335
LINE 1479: 2025-07-15 09:27:18,669 [DEBUG   ] findfont: score(FontEntry(fname='/usr/local/lib/python3.9/site-packages/matplotlib/mpl-data/fonts/ttf/DejaVuSansMono-BoldOblique.ttf', name='DejaVu Sans Mono', style='oblique', variant='normal', weight=700, stretch='normal', size='scalable')) = 11.05
LINE 1479: 2025-07-15 09:27:18,669 [DEBUG   ] findfont: score(FontEntry(fname='/usr/local/lib/python3.9/site-packages/matplotlib/mpl-data/fonts/ttf/STIXNonUniBol.ttf', name='STIXNonUnicode', style='normal', variant='normal', weight=700, stretch='normal', size='scalable')) = 10.05
LINE 1479: 2025-07-15 09:27:18,669 [DEBUG   ] findfont: score(FontEntry(fname='/usr/local/lib/python3.9/site-packages/matplotlib/mpl-data/fonts/ttf/DejaVuSerif-Italic.ttf', name='DejaVu Serif', style='italic', variant='normal', weight=400, stretch='normal', size='scalable')) = 11.335
LINE 1479: 2025-07-15 09:27:18,669 [DEBUG   ] findfont: score(FontEntry(fname='/usr/local/lib/python3.9/site-packages/matplotlib/mpl-data/fonts/ttf/DejaVuSerif.ttf', name='DejaVu Serif', style='normal', variant='normal', weight=400, stretch='normal', size='scalable')) = 10.335
LINE 1479: 2025-07-15 09:27:18,669 [DEBUG   ] findfont: score(FontEntry(fname='/usr/local/lib/python3.9/site-packages/matplotlib/mpl-data/fonts/ttf/cmex10.ttf', name='cmex10', style='normal', variant='normal', weight=400, stretch='normal', size='scalable')) = 10.335
LINE 1479: 2025-07-15 09:27:18,669 [DEBUG   ] findfont: score(FontEntry(fname='/usr/local/lib/python3.9/site-packages/matplotlib/mpl-data/fonts/ttf/DejaVuSansMono.ttf', name='DejaVu Sans Mono', style='normal', variant='normal', weight=400, stretch='normal', size='scalable')) = 10.335
LINE 1479: 2025-07-15 09:27:18,669 [DEBUG   ] findfont: score(FontEntry(fname='/usr/local/lib/python3.9/site-packages/matplotlib/mpl-data/fonts/ttf/STIXSizFourSymReg.ttf', name='STIXSizeFourSym', style='normal', variant='normal', weight=400, stretch='normal', size='scalable')) = 10.335
LINE 1479: 2025-07-15 09:27:18,669 [DEBUG   ] findfont: score(FontEntry(fname='/usr/local/lib/python3.9/site-packages/matplotlib/mpl-data/fonts/ttf/DejaVuSerif-BoldItalic.ttf', name='DejaVu Serif', style='italic', variant='normal', weight=700, stretch='normal', size='scalable')) = 11.05
LINE 1479: 2025-07-15 09:27:18,669 [DEBUG   ] findfont: score(FontEntry(fname='/usr/local/lib/python3.9/site-packages/matplotlib/mpl-data/fonts/ttf/cmb10.ttf', name='cmb10', style='normal', variant='normal', weight=400, stretch='normal', size='scalable')) = 10.335
LINE 1479: 2025-07-15 09:27:18,669 [DEBUG   ] findfont: score(FontEntry(fname='/usr/local/lib/python3.9/site-packages/matplotlib/mpl-data/fonts/ttf/STIXNonUni.ttf', name='STIXNonUnicode', style='normal', variant='normal', weight=400, stretch='normal', size='scalable')) = 10.335
LINE 1479: 2025-07-15 09:27:18,670 [DEBUG   ] findfont: score(FontEntry(fname='/usr/local/lib/python3.9/site-packages/matplotlib/mpl-data/fonts/ttf/DejaVuSerif-Bold.ttf', name='DejaVu Serif', style='normal', variant='normal', weight=700, stretch='normal', size='scalable')) = 10.05
LINE 1479: 2025-07-15 09:27:18,670 [DEBUG   ] findfont: score(FontEntry(fname='/usr/local/lib/python3.9/site-packages/matplotlib/mpl-data/fonts/ttf/DejaVuSansMono-Bold.ttf', name='DejaVu Sans Mono', style='normal', variant='normal', weight=700, stretch='normal', size='scalable')) = 10.05
LINE 1479: 2025-07-15 09:27:18,670 [DEBUG   ] findfont: score(FontEntry(fname='/usr/local/lib/python3.9/site-packages/matplotlib/mpl-data/fonts/ttf/STIXSizThreeSymReg.ttf', name='STIXSizeThreeSym', style='normal', variant='normal', weight=400, stretch='normal', size='scalable')) = 10.335
LINE 1479: 2025-07-15 09:27:18,670 [DEBUG   ] findfont: score(FontEntry(fname='/usr/local/lib/python3.9/site-packages/matplotlib/mpl-data/fonts/ttf/STIXSizFiveSymReg.ttf', name='STIXSizeFiveSym', style='normal', variant='normal', weight=400, stretch='normal', size='scalable')) = 10.335
LINE 1479: 2025-07-15 09:27:18,670 [DEBUG   ] findfont: score(FontEntry(fname='/usr/local/lib/python3.9/site-packages/matplotlib/mpl-data/fonts/ttf/cmsy10.ttf', name='cmsy10', style='normal', variant='normal', weight=400, stretch='normal', size='scalable')) = 10.335
LINE 1479: 2025-07-15 09:27:18,670 [DEBUG   ] findfont: score(FontEntry(fname='/usr/local/lib/python3.9/site-packages/matplotlib/mpl-data/fonts/ttf/cmmi10.ttf', name='cmmi10', style='normal', variant='normal', weight=400, stretch='normal', size='scalable')) = 10.335
LINE 1479: 2025-07-15 09:27:18,670 [DEBUG   ] findfont: score(FontEntry(fname='/usr/local/lib/python3.9/site-packages/matplotlib/mpl-data/fonts/ttf/STIXSizTwoSymBol.ttf', name='STIXSizeTwoSym', style='normal', variant='normal', weight=700, stretch='normal', size='scalable')) = 10.05
LINE 1479: 2025-07-15 09:27:18,670 [DEBUG   ] findfont: score(FontEntry(fname='/usr/local/lib/python3.9/site-packages/matplotlib/mpl-data/fonts/ttf/STIXNonUniIta.ttf', name='STIXNonUnicode', style='italic', variant='normal', weight=400, stretch='normal', size='scalable')) = 11.335
LINE 1479: 2025-07-15 09:27:18,670 [DEBUG   ] findfont: score(FontEntry(fname='/usr/local/lib/python3.9/site-packages/matplotlib/mpl-data/fonts/ttf/STIXGeneralItalic.ttf', name='STIXGeneral', style='italic', variant='normal', weight=400, stretch='normal', size='scalable')) = 11.335
LINE 1479: 2025-07-15 09:27:18,670 [DEBUG   ] findfont: score(FontEntry(fname='/usr/local/lib/python3.9/site-packages/matplotlib/mpl-data/fonts/ttf/DejaVuSans-Bold.ttf', name='DejaVu Sans', style='normal', variant='normal', weight=700, stretch='normal', size='scalable')) = 0.05
LINE 1479: 2025-07-15 09:27:18,670 [DEBUG   ] findfont: score(FontEntry(fname='/usr/local/lib/python3.9/site-packages/matplotlib/mpl-data/fonts/ttf/cmtt10.ttf', name='cmtt10', style='normal', variant='normal', weight=400, stretch='normal', size='scalable')) = 10.335
LINE 1479: 2025-07-15 09:27:18,670 [DEBUG   ] findfont: score(FontEntry(fname='/usr/local/lib/python3.9/site-packages/matplotlib/mpl-data/fonts/ttf/STIXSizTwoSymReg.ttf', name='STIXSizeTwoSym', style='normal', variant='normal', weight=400, stretch='normal', size='scalable')) = 10.335
LINE 1479: 2025-07-15 09:27:18,670 [DEBUG   ] findfont: score(FontEntry(fname='/usr/local/lib/python3.9/site-packages/matplotlib/mpl-data/fonts/ttf/DejaVuSans.ttf', name='DejaVu Sans', style='normal', variant='normal', weight=400, stretch='normal', size='scalable')) = 0.33499999999999996
LINE 1479: 2025-07-15 09:27:18,670 [DEBUG   ] findfont: score(FontEntry(fname='/usr/local/lib/python3.9/site-packages/matplotlib/mpl-data/fonts/ttf/STIXGeneralBol.ttf', name='STIXGeneral', style='normal', variant='normal', weight=700, stretch='normal', size='scalable')) = 10.05
LINE 1479: 2025-07-15 09:27:18,670 [DEBUG   ] findfont: score(FontEntry(fname='/usr/local/lib/python3.9/site-packages/matplotlib/mpl-data/fonts/ttf/DejaVuSansMono-Oblique.ttf', name='DejaVu Sans Mono', style='oblique', variant='normal', weight=400, stretch='normal', size='scalable')) = 11.335
LINE 1479: 2025-07-15 09:27:18,670 [DEBUG   ] findfont: score(FontEntry(fname='/usr/local/lib/python3.9/site-packages/matplotlib/mpl-data/fonts/ttf/STIXGeneral.ttf', name='STIXGeneral', style='normal', variant='normal', weight=400, stretch='normal', size='scalable')) = 10.335
LINE 1479: 2025-07-15 09:27:18,670 [DEBUG   ] findfont: score(FontEntry(fname='/usr/local/lib/python3.9/site-packages/matplotlib/mpl-data/fonts/ttf/STIXGeneralBolIta.ttf', name='STIXGeneral', style='italic', variant='normal', weight=700, stretch='normal', size='scalable')) = 11.05
LINE 1479: 2025-07-15 09:27:18,670 [DEBUG   ] findfont: score(FontEntry(fname='/usr/local/lib/python3.9/site-packages/matplotlib/mpl-data/fonts/ttf/cmss10.ttf', name='cmss10', style='normal', variant='normal', weight=400, stretch='normal', size='scalable')) = 10.335
LINE 1479: 2025-07-15 09:27:18,670 [DEBUG   ] findfont: score(FontEntry(fname='/usr/local/lib/python3.9/site-packages/matplotlib/mpl-data/fonts/ttf/DejaVuSans-BoldOblique.ttf', name='DejaVu Sans', style='oblique', variant='normal', weight=700, stretch='normal', size='scalable')) = 1.05
LINE 1479: 2025-07-15 09:27:18,670 [DEBUG   ] findfont: score(FontEntry(fname='/usr/local/lib/python3.9/site-packages/matplotlib/mpl-data/fonts/ttf/STIXSizOneSymBol.ttf', name='STIXSizeOneSym', style='normal', variant='normal', weight=700, stretch='normal', size='scalable')) = 10.05
LINE 1479: 2025-07-15 09:27:18,670 [DEBUG   ] findfont: score(FontEntry(fname='/usr/local/lib/python3.9/site-packages/matplotlib/mpl-data/fonts/ttf/STIXSizThreeSymBol.ttf', name='STIXSizeThreeSym', style='normal', variant='normal', weight=700, stretch='normal', size='scalable')) = 10.05
LINE 1479: 2025-07-15 09:27:18,670 [DEBUG   ] findfont: score(FontEntry(fname='/usr/local/lib/python3.9/site-packages/matplotlib/mpl-data/fonts/ttf/STIXSizOneSymReg.ttf', name='STIXSizeOneSym', style='normal', variant='normal', weight=400, stretch='normal', size='scalable')) = 10.335
LINE 1479: 2025-07-15 09:27:18,670 [DEBUG   ] findfont: score(FontEntry(fname='/usr/local/lib/python3.9/site-packages/matplotlib/mpl-data/fonts/ttf/STIXNonUniBolIta.ttf', name='STIXNonUnicode', style='italic', variant='normal', weight=700, stretch='normal', size='scalable')) = 11.05
LINE 1479: 2025-07-15 09:27:18,670 [DEBUG   ] findfont: score(FontEntry(fname='/usr/share/fonts/truetype/dejavu/DejaVuSansMono-Bold.ttf', name='DejaVu Sans Mono', style='normal', variant='normal', weight=700, stretch='normal', size='scalable')) = 10.05
LINE 1479: 2025-07-15 09:27:18,670 [DEBUG   ] findfont: score(FontEntry(fname='/usr/share/fonts/truetype/dejavu/DejaVuSansMono.ttf', name='DejaVu Sans Mono', style='normal', variant='normal', weight=400, stretch='normal', size='scalable')) = 10.335
LINE 1479: 2025-07-15 09:27:18,670 [DEBUG   ] findfont: score(FontEntry(fname='/usr/share/fonts/truetype/dejavu/DejaVuSans-Bold.ttf', name='DejaVu Sans', style='normal', variant='normal', weight=700, stretch='normal', size='scalable')) = 0.05
LINE 1479: 2025-07-15 09:27:18,670 [DEBUG   ] findfont: score(FontEntry(fname='/usr/share/fonts/truetype/dejavu/DejaVuSerif-Bold.ttf', name='DejaVu Serif', style='normal', variant='normal', weight=700, stretch='normal', size='scalable')) = 10.05
LINE 1479: 2025-07-15 09:27:18,670 [DEBUG   ] findfont: score(FontEntry(fname='/usr/share/fonts/truetype/dejavu/DejaVuSerif.ttf', name='DejaVu Serif', style='normal', variant='normal', weight=400, stretch='normal', size='scalable')) = 10.335
LINE 1479: 2025-07-15 09:27:18,670 [DEBUG   ] findfont: score(FontEntry(fname='/usr/share/fonts/truetype/dejavu/DejaVuSans.ttf', name='DejaVu Sans', style='normal', variant='normal', weight=400, stretch='normal', size='scalable')) = 0.33499999999999996
LINE 1508: 2025-07-15 09:27:18,670 [DEBUG   ] findfont: Matching sans\-serif:style=normal:variant=normal:weight=bold:stretch=normal:size=24.0 to DejaVu Sans ('/usr/local/lib/python3.9/site-packages/matplotlib/mpl-data/fonts/ttf/DejaVuSans-Bold.ttf') with score of 0.050000.
LINE 1467: 2025-07-15 09:27:18,675 [DEBUG   ] findfont: Matching sans\-serif:style=normal:variant=normal:weight=bold:stretch=normal:size=16.0.
LINE 1479: 2025-07-15 09:27:18,675 [DEBUG   ] findfont: score(FontEntry(fname='/usr/local/lib/python3.9/site-packages/matplotlib/mpl-data/fonts/ttf/STIXSizFourSymBol.ttf', name='STIXSizeFourSym', style='normal', variant='normal', weight=700, stretch='normal', size='scalable')) = 10.05
LINE 1479: 2025-07-15 09:27:18,675 [DEBUG   ] findfont: score(FontEntry(fname='/usr/local/lib/python3.9/site-packages/matplotlib/mpl-data/fonts/ttf/DejaVuSansDisplay.ttf', name='DejaVu Sans Display', style='normal', variant='normal', weight=400, stretch='normal', size='scalable')) = 10.335
LINE 1479: 2025-07-15 09:27:18,675 [DEBUG   ] findfont: score(FontEntry(fname='/usr/local/lib/python3.9/site-packages/matplotlib/mpl-data/fonts/ttf/cmr10.ttf', name='cmr10', style='normal', variant='normal', weight=400, stretch='normal', size='scalable')) = 10.335
LINE 1479: 2025-07-15 09:27:18,675 [DEBUG   ] findfont: score(FontEntry(fname='/usr/local/lib/python3.9/site-packages/matplotlib/mpl-data/fonts/ttf/DejaVuSans-Oblique.ttf', name='DejaVu Sans', style='oblique', variant='normal', weight=400, stretch='normal', size='scalable')) = 1.335
LINE 1479: 2025-07-15 09:27:18,675 [DEBUG   ] findfont: score(FontEntry(fname='/usr/local/lib/python3.9/site-packages/matplotlib/mpl-data/fonts/ttf/DejaVuSerifDisplay.ttf', name='DejaVu Serif Display', style='normal', variant='normal', weight=400, stretch='normal', size='scalable')) = 10.335
LINE 1479: 2025-07-15 09:27:18,675 [DEBUG   ] findfont: score(FontEntry(fname='/usr/local/lib/python3.9/site-packages/matplotlib/mpl-data/fonts/ttf/DejaVuSansMono-BoldOblique.ttf', name='DejaVu Sans Mono', style='oblique', variant='normal', weight=700, stretch='normal', size='scalable')) = 11.05
LINE 1479: 2025-07-15 09:27:18,675 [DEBUG   ] findfont: score(FontEntry(fname='/usr/local/lib/python3.9/site-packages/matplotlib/mpl-data/fonts/ttf/STIXNonUniBol.ttf', name='STIXNonUnicode', style='normal', variant='normal', weight=700, stretch='normal', size='scalable')) = 10.05
LINE 1479: 2025-07-15 09:27:18,675 [DEBUG   ] findfont: score(FontEntry(fname='/usr/local/lib/python3.9/site-packages/matplotlib/mpl-data/fonts/ttf/DejaVuSerif-Italic.ttf', name='DejaVu Serif', style='italic', variant='normal', weight=400, stretch='normal', size='scalable')) = 11.335
LINE 1479: 2025-07-15 09:27:18,676 [DEBUG   ] findfont: score(FontEntry(fname='/usr/local/lib/python3.9/site-packages/matplotlib/mpl-data/fonts/ttf/DejaVuSerif.ttf', name='DejaVu Serif', style='normal', variant='normal', weight=400, stretch='normal', size='scalable')) = 10.335
LINE 1479: 2025-07-15 09:27:18,676 [DEBUG   ] findfont: score(FontEntry(fname='/usr/local/lib/python3.9/site-packages/matplotlib/mpl-data/fonts/ttf/cmex10.ttf', name='cmex10', style='normal', variant='normal', weight=400, stretch='normal', size='scalable')) = 10.335
LINE 1479: 2025-07-15 09:27:18,676 [DEBUG   ] findfont: score(FontEntry(fname='/usr/local/lib/python3.9/site-packages/matplotlib/mpl-data/fonts/ttf/DejaVuSansMono.ttf', name='DejaVu Sans Mono', style='normal', variant='normal', weight=400, stretch='normal', size='scalable')) = 10.335
LINE 1479: 2025-07-15 09:27:18,676 [DEBUG   ] findfont: score(FontEntry(fname='/usr/local/lib/python3.9/site-packages/matplotlib/mpl-data/fonts/ttf/STIXSizFourSymReg.ttf', name='STIXSizeFourSym', style='normal', variant='normal', weight=400, stretch='normal', size='scalable')) = 10.335
LINE 1479: 2025-07-15 09:27:18,676 [DEBUG   ] findfont: score(FontEntry(fname='/usr/local/lib/python3.9/site-packages/matplotlib/mpl-data/fonts/ttf/DejaVuSerif-BoldItalic.ttf', name='DejaVu Serif', style='italic', variant='normal', weight=700, stretch='normal', size='scalable')) = 11.05
LINE 1479: 2025-07-15 09:27:18,676 [DEBUG   ] findfont: score(FontEntry(fname='/usr/local/lib/python3.9/site-packages/matplotlib/mpl-data/fonts/ttf/cmb10.ttf', name='cmb10', style='normal', variant='normal', weight=400, stretch='normal', size='scalable')) = 10.335
LINE 1479: 2025-07-15 09:27:18,676 [DEBUG   ] findfont: score(FontEntry(fname='/usr/local/lib/python3.9/site-packages/matplotlib/mpl-data/fonts/ttf/STIXNonUni.ttf', name='STIXNonUnicode', style='normal', variant='normal', weight=400, stretch='normal', size='scalable')) = 10.335
LINE 1479: 2025-07-15 09:27:18,676 [DEBUG   ] findfont: score(FontEntry(fname='/usr/local/lib/python3.9/site-packages/matplotlib/mpl-data/fonts/ttf/DejaVuSerif-Bold.ttf', name='DejaVu Serif', style='normal', variant='normal', weight=700, stretch='normal', size='scalable')) = 10.05
LINE 1479: 2025-07-15 09:27:18,676 [DEBUG   ] findfont: score(FontEntry(fname='/usr/local/lib/python3.9/site-packages/matplotlib/mpl-data/fonts/ttf/DejaVuSansMono-Bold.ttf', name='DejaVu Sans Mono', style='normal', variant='normal', weight=700, stretch='normal', size='scalable')) = 10.05
LINE 1479: 2025-07-15 09:27:18,676 [DEBUG   ] findfont: score(FontEntry(fname='/usr/local/lib/python3.9/site-packages/matplotlib/mpl-data/fonts/ttf/STIXSizThreeSymReg.ttf', name='STIXSizeThreeSym', style='normal', variant='normal', weight=400, stretch='normal', size='scalable')) = 10.335
LINE 1479: 2025-07-15 09:27:18,676 [DEBUG   ] findfont: score(FontEntry(fname='/usr/local/lib/python3.9/site-packages/matplotlib/mpl-data/fonts/ttf/STIXSizFiveSymReg.ttf', name='STIXSizeFiveSym', style='normal', variant='normal', weight=400, stretch='normal', size='scalable')) = 10.335
LINE 1479: 2025-07-15 09:27:18,676 [DEBUG   ] findfont: score(FontEntry(fname='/usr/local/lib/python3.9/site-packages/matplotlib/mpl-data/fonts/ttf/cmsy10.ttf', name='cmsy10', style='normal', variant='normal', weight=400, stretch='normal', size='scalable')) = 10.335
LINE 1479: 2025-07-15 09:27:18,676 [DEBUG   ] findfont: score(FontEntry(fname='/usr/local/lib/python3.9/site-packages/matplotlib/mpl-data/fonts/ttf/cmmi10.ttf', name='cmmi10', style='normal', variant='normal', weight=400, stretch='normal', size='scalable')) = 10.335
LINE 1479: 2025-07-15 09:27:18,676 [DEBUG   ] findfont: score(FontEntry(fname='/usr/local/lib/python3.9/site-packages/matplotlib/mpl-data/fonts/ttf/STIXSizTwoSymBol.ttf', name='STIXSizeTwoSym', style='normal', variant='normal', weight=700, stretch='normal', size='scalable')) = 10.05
LINE 1479: 2025-07-15 09:27:18,676 [DEBUG   ] findfont: score(FontEntry(fname='/usr/local/lib/python3.9/site-packages/matplotlib/mpl-data/fonts/ttf/STIXNonUniIta.ttf', name='STIXNonUnicode', style='italic', variant='normal', weight=400, stretch='normal', size='scalable')) = 11.335
LINE 1479: 2025-07-15 09:27:18,676 [DEBUG   ] findfont: score(FontEntry(fname='/usr/local/lib/python3.9/site-packages/matplotlib/mpl-data/fonts/ttf/STIXGeneralItalic.ttf', name='STIXGeneral', style='italic', variant='normal', weight=400, stretch='normal', size='scalable')) = 11.335
LINE 1479: 2025-07-15 09:27:18,676 [DEBUG   ] findfont: score(FontEntry(fname='/usr/local/lib/python3.9/site-packages/matplotlib/mpl-data/fonts/ttf/DejaVuSans-Bold.ttf', name='DejaVu Sans', style='normal', variant='normal', weight=700, stretch='normal', size='scalable')) = 0.05
LINE 1479: 2025-07-15 09:27:18,676 [DEBUG   ] findfont: score(FontEntry(fname='/usr/local/lib/python3.9/site-packages/matplotlib/mpl-data/fonts/ttf/cmtt10.ttf', name='cmtt10', style='normal', variant='normal', weight=400, stretch='normal', size='scalable')) = 10.335
LINE 1479: 2025-07-15 09:27:18,676 [DEBUG   ] findfont: score(FontEntry(fname='/usr/local/lib/python3.9/site-packages/matplotlib/mpl-data/fonts/ttf/STIXSizTwoSymReg.ttf', name='STIXSizeTwoSym', style='normal', variant='normal', weight=400, stretch='normal', size='scalable')) = 10.335
LINE 1479: 2025-07-15 09:27:18,676 [DEBUG   ] findfont: score(FontEntry(fname='/usr/local/lib/python3.9/site-packages/matplotlib/mpl-data/fonts/ttf/DejaVuSans.ttf', name='DejaVu Sans', style='normal', variant='normal', weight=400, stretch='normal', size='scalable')) = 0.33499999999999996
LINE 1479: 2025-07-15 09:27:18,676 [DEBUG   ] findfont: score(FontEntry(fname='/usr/local/lib/python3.9/site-packages/matplotlib/mpl-data/fonts/ttf/STIXGeneralBol.ttf', name='STIXGeneral', style='normal', variant='normal', weight=700, stretch='normal', size='scalable')) = 10.05
LINE 1479: 2025-07-15 09:27:18,676 [DEBUG   ] findfont: score(FontEntry(fname='/usr/local/lib/python3.9/site-packages/matplotlib/mpl-data/fonts/ttf/DejaVuSansMono-Oblique.ttf', name='DejaVu Sans Mono', style='oblique', variant='normal', weight=400, stretch='normal', size='scalable')) = 11.335
LINE 1479: 2025-07-15 09:27:18,676 [DEBUG   ] findfont: score(FontEntry(fname='/usr/local/lib/python3.9/site-packages/matplotlib/mpl-data/fonts/ttf/STIXGeneral.ttf', name='STIXGeneral', style='normal', variant='normal', weight=400, stretch='normal', size='scalable')) = 10.335
LINE 1479: 2025-07-15 09:27:18,676 [DEBUG   ] findfont: score(FontEntry(fname='/usr/local/lib/python3.9/site-packages/matplotlib/mpl-data/fonts/ttf/STIXGeneralBolIta.ttf', name='STIXGeneral', style='italic', variant='normal', weight=700, stretch='normal', size='scalable')) = 11.05
LINE 1479: 2025-07-15 09:27:18,676 [DEBUG   ] findfont: score(FontEntry(fname='/usr/local/lib/python3.9/site-packages/matplotlib/mpl-data/fonts/ttf/cmss10.ttf', name='cmss10', style='normal', variant='normal', weight=400, stretch='normal', size='scalable')) = 10.335
LINE 1479: 2025-07-15 09:27:18,676 [DEBUG   ] findfont: score(FontEntry(fname='/usr/local/lib/python3.9/site-packages/matplotlib/mpl-data/fonts/ttf/DejaVuSans-BoldOblique.ttf', name='DejaVu Sans', style='oblique', variant='normal', weight=700, stretch='normal', size='scalable')) = 1.05
LINE 1479: 2025-07-15 09:27:18,676 [DEBUG   ] findfont: score(FontEntry(fname='/usr/local/lib/python3.9/site-packages/matplotlib/mpl-data/fonts/ttf/STIXSizOneSymBol.ttf', name='STIXSizeOneSym', style='normal', variant='normal', weight=700, stretch='normal', size='scalable')) = 10.05
LINE 1479: 2025-07-15 09:27:18,676 [DEBUG   ] findfont: score(FontEntry(fname='/usr/local/lib/python3.9/site-packages/matplotlib/mpl-data/fonts/ttf/STIXSizThreeSymBol.ttf', name='STIXSizeThreeSym', style='normal', variant='normal', weight=700, stretch='normal', size='scalable')) = 10.05
LINE 1479: 2025-07-15 09:27:18,676 [DEBUG   ] findfont: score(FontEntry(fname='/usr/local/lib/python3.9/site-packages/matplotlib/mpl-data/fonts/ttf/STIXSizOneSymReg.ttf', name='STIXSizeOneSym', style='normal', variant='normal', weight=400, stretch='normal', size='scalable')) = 10.335
LINE 1479: 2025-07-15 09:27:18,676 [DEBUG   ] findfont: score(FontEntry(fname='/usr/local/lib/python3.9/site-packages/matplotlib/mpl-data/fonts/ttf/STIXNonUniBolIta.ttf', name='STIXNonUnicode', style='italic', variant='normal', weight=700, stretch='normal', size='scalable')) = 11.05
LINE 1479: 2025-07-15 09:27:18,676 [DEBUG   ] findfont: score(FontEntry(fname='/usr/share/fonts/truetype/dejavu/DejaVuSansMono-Bold.ttf', name='DejaVu Sans Mono', style='normal', variant='normal', weight=700, stretch='normal', size='scalable')) = 10.05
LINE 1479: 2025-07-15 09:27:18,676 [DEBUG   ] findfont: score(FontEntry(fname='/usr/share/fonts/truetype/dejavu/DejaVuSansMono.ttf', name='DejaVu Sans Mono', style='normal', variant='normal', weight=400, stretch='normal', size='scalable')) = 10.335
LINE 1479: 2025-07-15 09:27:18,676 [DEBUG   ] findfont: score(FontEntry(fname='/usr/share/fonts/truetype/dejavu/DejaVuSans-Bold.ttf', name='DejaVu Sans', style='normal', variant='normal', weight=700, stretch='normal', size='scalable')) = 0.05
LINE 1479: 2025-07-15 09:27:18,676 [DEBUG   ] findfont: score(FontEntry(fname='/usr/share/fonts/truetype/dejavu/DejaVuSerif-Bold.ttf', name='DejaVu Serif', style='normal', variant='normal', weight=700, stretch='normal', size='scalable')) = 10.05
LINE 1479: 2025-07-15 09:27:18,676 [DEBUG   ] findfont: score(FontEntry(fname='/usr/share/fonts/truetype/dejavu/DejaVuSerif.ttf', name='DejaVu Serif', style='normal', variant='normal', weight=400, stretch='normal', size='scalable')) = 10.335
LINE 1479: 2025-07-15 09:27:18,676 [DEBUG   ] findfont: score(FontEntry(fname='/usr/share/fonts/truetype/dejavu/DejaVuSans.ttf', name='DejaVu Sans', style='normal', variant='normal', weight=400, stretch='normal', size='scalable')) = 0.33499999999999996
LINE 1508: 2025-07-15 09:27:18,676 [DEBUG   ] findfont: Matching sans\-serif:style=normal:variant=normal:weight=bold:stretch=normal:size=16.0 to DejaVu Sans ('/usr/local/lib/python3.9/site-packages/matplotlib/mpl-data/fonts/ttf/DejaVuSans-Bold.ttf') with score of 0.050000.
LINE 1467: 2025-07-15 09:27:18,677 [DEBUG   ] findfont: Matching sans\-serif:style=normal:variant=normal:weight=bold:stretch=normal:size=16.0.
LINE 1479: 2025-07-15 09:27:18,677 [DEBUG   ] findfont: score(FontEntry(fname='/usr/local/lib/python3.9/site-packages/matplotlib/mpl-data/fonts/ttf/STIXSizFourSymBol.ttf', name='STIXSizeFourSym', style='normal', variant='normal', weight=700, stretch='normal', size='scalable')) = 10.05
LINE 1479: 2025-07-15 09:27:18,677 [DEBUG   ] findfont: score(FontEntry(fname='/usr/local/lib/python3.9/site-packages/matplotlib/mpl-data/fonts/ttf/DejaVuSansDisplay.ttf', name='DejaVu Sans Display', style='normal', variant='normal', weight=400, stretch='normal', size='scalable')) = 10.335
LINE 1479: 2025-07-15 09:27:18,677 [DEBUG   ] findfont: score(FontEntry(fname='/usr/local/lib/python3.9/site-packages/matplotlib/mpl-data/fonts/ttf/cmr10.ttf', name='cmr10', style='normal', variant='normal', weight=400, stretch='normal', size='scalable')) = 10.335
LINE 1479: 2025-07-15 09:27:18,677 [DEBUG   ] findfont: score(FontEntry(fname='/usr/local/lib/python3.9/site-packages/matplotlib/mpl-data/fonts/ttf/DejaVuSans-Oblique.ttf', name='DejaVu Sans', style='oblique', variant='normal', weight=400, stretch='normal', size='scalable')) = 1.335
LINE 1479: 2025-07-15 09:27:18,677 [DEBUG   ] findfont: score(FontEntry(fname='/usr/local/lib/python3.9/site-packages/matplotlib/mpl-data/fonts/ttf/DejaVuSerifDisplay.ttf', name='DejaVu Serif Display', style='normal', variant='normal', weight=400, stretch='normal', size='scalable')) = 10.335
LINE 1479: 2025-07-15 09:27:18,677 [DEBUG   ] findfont: score(FontEntry(fname='/usr/local/lib/python3.9/site-packages/matplotlib/mpl-data/fonts/ttf/DejaVuSansMono-BoldOblique.ttf', name='DejaVu Sans Mono', style='oblique', variant='normal', weight=700, stretch='normal', size='scalable')) = 11.05
LINE 1479: 2025-07-15 09:27:18,677 [DEBUG   ] findfont: score(FontEntry(fname='/usr/local/lib/python3.9/site-packages/matplotlib/mpl-data/fonts/ttf/STIXNonUniBol.ttf', name='STIXNonUnicode', style='normal', variant='normal', weight=700, stretch='normal', size='scalable')) = 10.05
LINE 1479: 2025-07-15 09:27:18,677 [DEBUG   ] findfont: score(FontEntry(fname='/usr/local/lib/python3.9/site-packages/matplotlib/mpl-data/fonts/ttf/DejaVuSerif-Italic.ttf', name='DejaVu Serif', style='italic', variant='normal', weight=400, stretch='normal', size='scalable')) = 11.335
LINE 1479: 2025-07-15 09:27:18,677 [DEBUG   ] findfont: score(FontEntry(fname='/usr/local/lib/python3.9/site-packages/matplotlib/mpl-data/fonts/ttf/DejaVuSerif.ttf', name='DejaVu Serif', style='normal', variant='normal', weight=400, stretch='normal', size='scalable')) = 10.335
LINE 1479: 2025-07-15 09:27:18,677 [DEBUG   ] findfont: score(FontEntry(fname='/usr/local/lib/python3.9/site-packages/matplotlib/mpl-data/fonts/ttf/cmex10.ttf', name='cmex10', style='normal', variant='normal', weight=400, stretch='normal', size='scalable')) = 10.335
LINE 1479: 2025-07-15 09:27:18,677 [DEBUG   ] findfont: score(FontEntry(fname='/usr/local/lib/python3.9/site-packages/matplotlib/mpl-data/fonts/ttf/DejaVuSansMono.ttf', name='DejaVu Sans Mono', style='normal', variant='normal', weight=400, stretch='normal', size='scalable')) = 10.335
LINE 1479: 2025-07-15 09:27:18,677 [DEBUG   ] findfont: score(FontEntry(fname='/usr/local/lib/python3.9/site-packages/matplotlib/mpl-data/fonts/ttf/STIXSizFourSymReg.ttf', name='STIXSizeFourSym', style='normal', variant='normal', weight=400, stretch='normal', size='scalable')) = 10.335
LINE 1479: 2025-07-15 09:27:18,677 [DEBUG   ] findfont: score(FontEntry(fname='/usr/local/lib/python3.9/site-packages/matplotlib/mpl-data/fonts/ttf/DejaVuSerif-BoldItalic.ttf', name='DejaVu Serif', style='italic', variant='normal', weight=700, stretch='normal', size='scalable')) = 11.05
LINE 1479: 2025-07-15 09:27:18,677 [DEBUG   ] findfont: score(FontEntry(fname='/usr/local/lib/python3.9/site-packages/matplotlib/mpl-data/fonts/ttf/cmb10.ttf', name='cmb10', style='normal', variant='normal', weight=400, stretch='normal', size='scalable')) = 10.335
LINE 1479: 2025-07-15 09:27:18,677 [DEBUG   ] findfont: score(FontEntry(fname='/usr/local/lib/python3.9/site-packages/matplotlib/mpl-data/fonts/ttf/STIXNonUni.ttf', name='STIXNonUnicode', style='normal', variant='normal', weight=400, stretch='normal', size='scalable')) = 10.335
LINE 1479: 2025-07-15 09:27:18,677 [DEBUG   ] findfont: score(FontEntry(fname='/usr/local/lib/python3.9/site-packages/matplotlib/mpl-data/fonts/ttf/DejaVuSerif-Bold.ttf', name='DejaVu Serif', style='normal', variant='normal', weight=700, stretch='normal', size='scalable')) = 10.05
LINE 1479: 2025-07-15 09:27:18,677 [DEBUG   ] findfont: score(FontEntry(fname='/usr/local/lib/python3.9/site-packages/matplotlib/mpl-data/fonts/ttf/DejaVuSansMono-Bold.ttf', name='DejaVu Sans Mono', style='normal', variant='normal', weight=700, stretch='normal', size='scalable')) = 10.05
LINE 1479: 2025-07-15 09:27:18,677 [DEBUG   ] findfont: score(FontEntry(fname='/usr/local/lib/python3.9/site-packages/matplotlib/mpl-data/fonts/ttf/STIXSizThreeSymReg.ttf', name='STIXSizeThreeSym', style='normal', variant='normal', weight=400, stretch='normal', size='scalable')) = 10.335
LINE 1479: 2025-07-15 09:27:18,677 [DEBUG   ] findfont: score(FontEntry(fname='/usr/local/lib/python3.9/site-packages/matplotlib/mpl-data/fonts/ttf/STIXSizFiveSymReg.ttf', name='STIXSizeFiveSym', style='normal', variant='normal', weight=400, stretch='normal', size='scalable')) = 10.335
LINE 1479: 2025-07-15 09:27:18,677 [DEBUG   ] findfont: score(FontEntry(fname='/usr/local/lib/python3.9/site-packages/matplotlib/mpl-data/fonts/ttf/cmsy10.ttf', name='cmsy10', style='normal', variant='normal', weight=400, stretch='normal', size='scalable')) = 10.335
LINE 1479: 2025-07-15 09:27:18,677 [DEBUG   ] findfont: score(FontEntry(fname='/usr/local/lib/python3.9/site-packages/matplotlib/mpl-data/fonts/ttf/cmmi10.ttf', name='cmmi10', style='normal', variant='normal', weight=400, stretch='normal', size='scalable')) = 10.335
LINE 1479: 2025-07-15 09:27:18,677 [DEBUG   ] findfont: score(FontEntry(fname='/usr/local/lib/python3.9/site-packages/matplotlib/mpl-data/fonts/ttf/STIXSizTwoSymBol.ttf', name='STIXSizeTwoSym', style='normal', variant='normal', weight=700, stretch='normal', size='scalable')) = 10.05
LINE 1479: 2025-07-15 09:27:18,677 [DEBUG   ] findfont: score(FontEntry(fname='/usr/local/lib/python3.9/site-packages/matplotlib/mpl-data/fonts/ttf/STIXNonUniIta.ttf', name='STIXNonUnicode', style='italic', variant='normal', weight=400, stretch='normal', size='scalable')) = 11.335
LINE 1479: 2025-07-15 09:27:18,677 [DEBUG   ] findfont: score(FontEntry(fname='/usr/local/lib/python3.9/site-packages/matplotlib/mpl-data/fonts/ttf/STIXGeneralItalic.ttf', name='STIXGeneral', style='italic', variant='normal', weight=400, stretch='normal', size='scalable')) = 11.335
LINE 1479: 2025-07-15 09:27:18,677 [DEBUG   ] findfont: score(FontEntry(fname='/usr/local/lib/python3.9/site-packages/matplotlib/mpl-data/fonts/ttf/DejaVuSans-Bold.ttf', name='DejaVu Sans', style='normal', variant='normal', weight=700, stretch='normal', size='scalable')) = 0.05
LINE 1479: 2025-07-15 09:27:18,677 [DEBUG   ] findfont: score(FontEntry(fname='/usr/local/lib/python3.9/site-packages/matplotlib/mpl-data/fonts/ttf/cmtt10.ttf', name='cmtt10', style='normal', variant='normal', weight=400, stretch='normal', size='scalable')) = 10.335
LINE 1479: 2025-07-15 09:27:18,677 [DEBUG   ] findfont: score(FontEntry(fname='/usr/local/lib/python3.9/site-packages/matplotlib/mpl-data/fonts/ttf/STIXSizTwoSymReg.ttf', name='STIXSizeTwoSym', style='normal', variant='normal', weight=400, stretch='normal', size='scalable')) = 10.335
LINE 1479: 2025-07-15 09:27:18,677 [DEBUG   ] findfont: score(FontEntry(fname='/usr/local/lib/python3.9/site-packages/matplotlib/mpl-data/fonts/ttf/DejaVuSans.ttf', name='DejaVu Sans', style='normal', variant='normal', weight=400, stretch='normal', size='scalable')) = 0.33499999999999996
LINE 1479: 2025-07-15 09:27:18,677 [DEBUG   ] findfont: score(FontEntry(fname='/usr/local/lib/python3.9/site-packages/matplotlib/mpl-data/fonts/ttf/STIXGeneralBol.ttf', name='STIXGeneral', style='normal', variant='normal', weight=700, stretch='normal', size='scalable')) = 10.05
LINE 1479: 2025-07-15 09:27:18,678 [DEBUG   ] findfont: score(FontEntry(fname='/usr/local/lib/python3.9/site-packages/matplotlib/mpl-data/fonts/ttf/DejaVuSansMono-Oblique.ttf', name='DejaVu Sans Mono', style='oblique', variant='normal', weight=400, stretch='normal', size='scalable')) = 11.335
LINE 1479: 2025-07-15 09:27:18,678 [DEBUG   ] findfont: score(FontEntry(fname='/usr/local/lib/python3.9/site-packages/matplotlib/mpl-data/fonts/ttf/STIXGeneral.ttf', name='STIXGeneral', style='normal', variant='normal', weight=400, stretch='normal', size='scalable')) = 10.335
LINE 1479: 2025-07-15 09:27:18,678 [DEBUG   ] findfont: score(FontEntry(fname='/usr/local/lib/python3.9/site-packages/matplotlib/mpl-data/fonts/ttf/STIXGeneralBolIta.ttf', name='STIXGeneral', style='italic', variant='normal', weight=700, stretch='normal', size='scalable')) = 11.05
LINE 1479: 2025-07-15 09:27:18,678 [DEBUG   ] findfont: score(FontEntry(fname='/usr/local/lib/python3.9/site-packages/matplotlib/mpl-data/fonts/ttf/cmss10.ttf', name='cmss10', style='normal', variant='normal', weight=400, stretch='normal', size='scalable')) = 10.335
LINE 1479: 2025-07-15 09:27:18,678 [DEBUG   ] findfont: score(FontEntry(fname='/usr/local/lib/python3.9/site-packages/matplotlib/mpl-data/fonts/ttf/DejaVuSans-BoldOblique.ttf', name='DejaVu Sans', style='oblique', variant='normal', weight=700, stretch='normal', size='scalable')) = 1.05
LINE 1479: 2025-07-15 09:27:18,678 [DEBUG   ] findfont: score(FontEntry(fname='/usr/local/lib/python3.9/site-packages/matplotlib/mpl-data/fonts/ttf/STIXSizOneSymBol.ttf', name='STIXSizeOneSym', style='normal', variant='normal', weight=700, stretch='normal', size='scalable')) = 10.05
LINE 1479: 2025-07-15 09:27:18,678 [DEBUG   ] findfont: score(FontEntry(fname='/usr/local/lib/python3.9/site-packages/matplotlib/mpl-data/fonts/ttf/STIXSizThreeSymBol.ttf', name='STIXSizeThreeSym', style='normal', variant='normal', weight=700, stretch='normal', size='scalable')) = 10.05
LINE 1479: 2025-07-15 09:27:18,678 [DEBUG   ] findfont: score(FontEntry(fname='/usr/local/lib/python3.9/site-packages/matplotlib/mpl-data/fonts/ttf/STIXSizOneSymReg.ttf', name='STIXSizeOneSym', style='normal', variant='normal', weight=400, stretch='normal', size='scalable')) = 10.335
LINE 1479: 2025-07-15 09:27:18,678 [DEBUG   ] findfont: score(FontEntry(fname='/usr/local/lib/python3.9/site-packages/matplotlib/mpl-data/fonts/ttf/STIXNonUniBolIta.ttf', name='STIXNonUnicode', style='italic', variant='normal', weight=700, stretch='normal', size='scalable')) = 11.05
LINE 1479: 2025-07-15 09:27:18,678 [DEBUG   ] findfont: score(FontEntry(fname='/usr/share/fonts/truetype/dejavu/DejaVuSansMono-Bold.ttf', name='DejaVu Sans Mono', style='normal', variant='normal', weight=700, stretch='normal', size='scalable')) = 10.05
LINE 1479: 2025-07-15 09:27:18,678 [DEBUG   ] findfont: score(FontEntry(fname='/usr/share/fonts/truetype/dejavu/DejaVuSansMono.ttf', name='DejaVu Sans Mono', style='normal', variant='normal', weight=400, stretch='normal', size='scalable')) = 10.335
LINE 1479: 2025-07-15 09:27:18,678 [DEBUG   ] findfont: score(FontEntry(fname='/usr/share/fonts/truetype/dejavu/DejaVuSans-Bold.ttf', name='DejaVu Sans', style='normal', variant='normal', weight=700, stretch='normal', size='scalable')) = 0.05
LINE 1479: 2025-07-15 09:27:18,678 [DEBUG   ] findfont: score(FontEntry(fname='/usr/share/fonts/truetype/dejavu/DejaVuSerif-Bold.ttf', name='DejaVu Serif', style='normal', variant='normal', weight=700, stretch='normal', size='scalable')) = 10.05
LINE 1479: 2025-07-15 09:27:18,678 [DEBUG   ] findfont: score(FontEntry(fname='/usr/share/fonts/truetype/dejavu/DejaVuSerif.ttf', name='DejaVu Serif', style='normal', variant='normal', weight=400, stretch='normal', size='scalable')) = 10.335
LINE 1479: 2025-07-15 09:27:18,678 [DEBUG   ] findfont: score(FontEntry(fname='/usr/share/fonts/truetype/dejavu/DejaVuSans.ttf', name='DejaVu Sans', style='normal', variant='normal', weight=400, stretch='normal', size='scalable')) = 0.33499999999999996
LINE 1508: 2025-07-15 09:27:18,678 [DEBUG   ] findfont: Matching sans\-serif:style=normal:variant=normal:weight=bold:stretch=normal:size=16.0 to DejaVu Sans ('/usr/local/lib/python3.9/site-packages/matplotlib/mpl-data/fonts/ttf/DejaVuSans-Bold.ttf') with score of 0.050000.
LINE 1467: 2025-07-15 09:27:18,678 [DEBUG   ] findfont: Matching STIXGeneral:style=normal:variant=normal:weight=normal:stretch=normal:size=10.0.
LINE 1479: 2025-07-15 09:27:18,678 [DEBUG   ] findfont: score(FontEntry(fname='/usr/local/lib/python3.9/site-packages/matplotlib/mpl-data/fonts/ttf/STIXSizFourSymBol.ttf', name='STIXSizeFourSym', style='normal', variant='normal', weight=700, stretch='normal', size='scalable')) = 10.335
LINE 1479: 2025-07-15 09:27:18,678 [DEBUG   ] findfont: score(FontEntry(fname='/usr/local/lib/python3.9/site-packages/matplotlib/mpl-data/fonts/ttf/DejaVuSansDisplay.ttf', name='DejaVu Sans Display', style='normal', variant='normal', weight=400, stretch='normal', size='scalable')) = 10.05
LINE 1479: 2025-07-15 09:27:18,678 [DEBUG   ] findfont: score(FontEntry(fname='/usr/local/lib/python3.9/site-packages/matplotlib/mpl-data/fonts/ttf/cmr10.ttf', name='cmr10', style='normal', variant='normal', weight=400, stretch='normal', size='scalable')) = 10.05
LINE 1479: 2025-07-15 09:27:18,678 [DEBUG   ] findfont: score(FontEntry(fname='/usr/local/lib/python3.9/site-packages/matplotlib/mpl-data/fonts/ttf/DejaVuSans-Oblique.ttf', name='DejaVu Sans', style='oblique', variant='normal', weight=400, stretch='normal', size='scalable')) = 11.05
LINE 1479: 2025-07-15 09:27:18,678 [DEBUG   ] findfont: score(FontEntry(fname='/usr/local/lib/python3.9/site-packages/matplotlib/mpl-data/fonts/ttf/DejaVuSerifDisplay.ttf', name='DejaVu Serif Display', style='normal', variant='normal', weight=400, stretch='normal', size='scalable')) = 10.05
LINE 1479: 2025-07-15 09:27:18,678 [DEBUG   ] findfont: score(FontEntry(fname='/usr/local/lib/python3.9/site-packages/matplotlib/mpl-data/fonts/ttf/DejaVuSansMono-BoldOblique.ttf', name='DejaVu Sans Mono', style='oblique', variant='normal', weight=700, stretch='normal', size='scalable')) = 11.335
LINE 1479: 2025-07-15 09:27:18,678 [DEBUG   ] findfont: score(FontEntry(fname='/usr/local/lib/python3.9/site-packages/matplotlib/mpl-data/fonts/ttf/STIXNonUniBol.ttf', name='STIXNonUnicode', style='normal', variant='normal', weight=700, stretch='normal', size='scalable')) = 10.335
LINE 1479: 2025-07-15 09:27:18,678 [DEBUG   ] findfont: score(FontEntry(fname='/usr/local/lib/python3.9/site-packages/matplotlib/mpl-data/fonts/ttf/DejaVuSerif-Italic.ttf', name='DejaVu Serif', style='italic', variant='normal', weight=400, stretch='normal', size='scalable')) = 11.05
LINE 1479: 2025-07-15 09:27:18,678 [DEBUG   ] findfont: score(FontEntry(fname='/usr/local/lib/python3.9/site-packages/matplotlib/mpl-data/fonts/ttf/DejaVuSerif.ttf', name='DejaVu Serif', style='normal', variant='normal', weight=400, stretch='normal', size='scalable')) = 10.05
LINE 1479: 2025-07-15 09:27:18,678 [DEBUG   ] findfont: score(FontEntry(fname='/usr/local/lib/python3.9/site-packages/matplotlib/mpl-data/fonts/ttf/cmex10.ttf', name='cmex10', style='normal', variant='normal', weight=400, stretch='normal', size='scalable')) = 10.05
LINE 1479: 2025-07-15 09:27:18,679 [DEBUG   ] findfont: score(FontEntry(fname='/usr/local/lib/python3.9/site-packages/matplotlib/mpl-data/fonts/ttf/DejaVuSansMono.ttf', name='DejaVu Sans Mono', style='normal', variant='normal', weight=400, stretch='normal', size='scalable')) = 10.05
LINE 1479: 2025-07-15 09:27:18,679 [DEBUG   ] findfont: score(FontEntry(fname='/usr/local/lib/python3.9/site-packages/matplotlib/mpl-data/fonts/ttf/STIXSizFourSymReg.ttf', name='STIXSizeFourSym', style='normal', variant='normal', weight=400, stretch='normal', size='scalable')) = 10.05
LINE 1479: 2025-07-15 09:27:18,679 [DEBUG   ] findfont: score(FontEntry(fname='/usr/local/lib/python3.9/site-packages/matplotlib/mpl-data/fonts/ttf/DejaVuSerif-BoldItalic.ttf', name='DejaVu Serif', style='italic', variant='normal', weight=700, stretch='normal', size='scalable')) = 11.335
LINE 1479: 2025-07-15 09:27:18,679 [DEBUG   ] findfont: score(FontEntry(fname='/usr/local/lib/python3.9/site-packages/matplotlib/mpl-data/fonts/ttf/cmb10.ttf', name='cmb10', style='normal', variant='normal', weight=400, stretch='normal', size='scalable')) = 10.05
LINE 1479: 2025-07-15 09:27:18,679 [DEBUG   ] findfont: score(FontEntry(fname='/usr/local/lib/python3.9/site-packages/matplotlib/mpl-data/fonts/ttf/STIXNonUni.ttf', name='STIXNonUnicode', style='normal', variant='normal', weight=400, stretch='normal', size='scalable')) = 10.05
LINE 1479: 2025-07-15 09:27:18,679 [DEBUG   ] findfont: score(FontEntry(fname='/usr/local/lib/python3.9/site-packages/matplotlib/mpl-data/fonts/ttf/DejaVuSerif-Bold.ttf', name='DejaVu Serif', style='normal', variant='normal', weight=700, stretch='normal', size='scalable')) = 10.335
LINE 1479: 2025-07-15 09:27:18,679 [DEBUG   ] findfont: score(FontEntry(fname='/usr/local/lib/python3.9/site-packages/matplotlib/mpl-data/fonts/ttf/DejaVuSansMono-Bold.ttf', name='DejaVu Sans Mono', style='normal', variant='normal', weight=700, stretch='normal', size='scalable')) = 10.335
LINE 1479: 2025-07-15 09:27:18,679 [DEBUG   ] findfont: score(FontEntry(fname='/usr/local/lib/python3.9/site-packages/matplotlib/mpl-data/fonts/ttf/STIXSizThreeSymReg.ttf', name='STIXSizeThreeSym', style='normal', variant='normal', weight=400, stretch='normal', size='scalable')) = 10.05
LINE 1479: 2025-07-15 09:27:18,679 [DEBUG   ] findfont: score(FontEntry(fname='/usr/local/lib/python3.9/site-packages/matplotlib/mpl-data/fonts/ttf/STIXSizFiveSymReg.ttf', name='STIXSizeFiveSym', style='normal', variant='normal', weight=400, stretch='normal', size='scalable')) = 10.05
LINE 1479: 2025-07-15 09:27:18,679 [DEBUG   ] findfont: score(FontEntry(fname='/usr/local/lib/python3.9/site-packages/matplotlib/mpl-data/fonts/ttf/cmsy10.ttf', name='cmsy10', style='normal', variant='normal', weight=400, stretch='normal', size='scalable')) = 10.05
LINE 1479: 2025-07-15 09:27:18,679 [DEBUG   ] findfont: score(FontEntry(fname='/usr/local/lib/python3.9/site-packages/matplotlib/mpl-data/fonts/ttf/cmmi10.ttf', name='cmmi10', style='normal', variant='normal', weight=400, stretch='normal', size='scalable')) = 10.05
LINE 1479: 2025-07-15 09:27:18,679 [DEBUG   ] findfont: score(FontEntry(fname='/usr/local/lib/python3.9/site-packages/matplotlib/mpl-data/fonts/ttf/STIXSizTwoSymBol.ttf', name='STIXSizeTwoSym', style='normal', variant='normal', weight=700, stretch='normal', size='scalable')) = 10.335
LINE 1479: 2025-07-15 09:27:18,679 [DEBUG   ] findfont: score(FontEntry(fname='/usr/local/lib/python3.9/site-packages/matplotlib/mpl-data/fonts/ttf/STIXNonUniIta.ttf', name='STIXNonUnicode', style='italic', variant='normal', weight=400, stretch='normal', size='scalable')) = 11.05
LINE 1479: 2025-07-15 09:27:18,679 [DEBUG   ] findfont: score(FontEntry(fname='/usr/local/lib/python3.9/site-packages/matplotlib/mpl-data/fonts/ttf/STIXGeneralItalic.ttf', name='STIXGeneral', style='italic', variant='normal', weight=400, stretch='normal', size='scalable')) = 1.05
LINE 1479: 2025-07-15 09:27:18,679 [DEBUG   ] findfont: score(FontEntry(fname='/usr/local/lib/python3.9/site-packages/matplotlib/mpl-data/fonts/ttf/DejaVuSans-Bold.ttf', name='DejaVu Sans', style='normal', variant='normal', weight=700, stretch='normal', size='scalable')) = 10.335
LINE 1479: 2025-07-15 09:27:18,679 [DEBUG   ] findfont: score(FontEntry(fname='/usr/local/lib/python3.9/site-packages/matplotlib/mpl-data/fonts/ttf/cmtt10.ttf', name='cmtt10', style='normal', variant='normal', weight=400, stretch='normal', size='scalable')) = 10.05
LINE 1479: 2025-07-15 09:27:18,679 [DEBUG   ] findfont: score(FontEntry(fname='/usr/local/lib/python3.9/site-packages/matplotlib/mpl-data/fonts/ttf/STIXSizTwoSymReg.ttf', name='STIXSizeTwoSym', style='normal', variant='normal', weight=400, stretch='normal', size='scalable')) = 10.05
LINE 1479: 2025-07-15 09:27:18,679 [DEBUG   ] findfont: score(FontEntry(fname='/usr/local/lib/python3.9/site-packages/matplotlib/mpl-data/fonts/ttf/DejaVuSans.ttf', name='DejaVu Sans', style='normal', variant='normal', weight=400, stretch='normal', size='scalable')) = 10.05
LINE 1479: 2025-07-15 09:27:18,679 [DEBUG   ] findfont: score(FontEntry(fname='/usr/local/lib/python3.9/site-packages/matplotlib/mpl-data/fonts/ttf/STIXGeneralBol.ttf', name='STIXGeneral', style='normal', variant='normal', weight=700, stretch='normal', size='scalable')) = 0.33499999999999996
LINE 1479: 2025-07-15 09:27:18,679 [DEBUG   ] findfont: score(FontEntry(fname='/usr/local/lib/python3.9/site-packages/matplotlib/mpl-data/fonts/ttf/DejaVuSansMono-Oblique.ttf', name='DejaVu Sans Mono', style='oblique', variant='normal', weight=400, stretch='normal', size='scalable')) = 11.05
LINE 1479: 2025-07-15 09:27:18,679 [DEBUG   ] findfont: score(FontEntry(fname='/usr/local/lib/python3.9/site-packages/matplotlib/mpl-data/fonts/ttf/STIXGeneral.ttf', name='STIXGeneral', style='normal', variant='normal', weight=400, stretch='normal', size='scalable')) = 0.05
LINE 1479: 2025-07-15 09:27:18,679 [DEBUG   ] findfont: score(FontEntry(fname='/usr/local/lib/python3.9/site-packages/matplotlib/mpl-data/fonts/ttf/STIXGeneralBolIta.ttf', name='STIXGeneral', style='italic', variant='normal', weight=700, stretch='normal', size='scalable')) = 1.335
LINE 1479: 2025-07-15 09:27:18,679 [DEBUG   ] findfont: score(FontEntry(fname='/usr/local/lib/python3.9/site-packages/matplotlib/mpl-data/fonts/ttf/cmss10.ttf', name='cmss10', style='normal', variant='normal', weight=400, stretch='normal', size='scalable')) = 10.05
LINE 1479: 2025-07-15 09:27:18,679 [DEBUG   ] findfont: score(FontEntry(fname='/usr/local/lib/python3.9/site-packages/matplotlib/mpl-data/fonts/ttf/DejaVuSans-BoldOblique.ttf', name='DejaVu Sans', style='oblique', variant='normal', weight=700, stretch='normal', size='scalable')) = 11.335
LINE 1479: 2025-07-15 09:27:18,679 [DEBUG   ] findfont: score(FontEntry(fname='/usr/local/lib/python3.9/site-packages/matplotlib/mpl-data/fonts/ttf/STIXSizOneSymBol.ttf', name='STIXSizeOneSym', style='normal', variant='normal', weight=700, stretch='normal', size='scalable')) = 10.335
LINE 1479: 2025-07-15 09:27:18,679 [DEBUG   ] findfont: score(FontEntry(fname='/usr/local/lib/python3.9/site-packages/matplotlib/mpl-data/fonts/ttf/STIXSizThreeSymBol.ttf', name='STIXSizeThreeSym', style='normal', variant='normal', weight=700, stretch='normal', size='scalable')) = 10.335
LINE 1479: 2025-07-15 09:27:18,679 [DEBUG   ] findfont: score(FontEntry(fname='/usr/local/lib/python3.9/site-packages/matplotlib/mpl-data/fonts/ttf/STIXSizOneSymReg.ttf', name='STIXSizeOneSym', style='normal', variant='normal', weight=400, stretch='normal', size='scalable')) = 10.05
LINE 1479: 2025-07-15 09:27:18,679 [DEBUG   ] findfont: score(FontEntry(fname='/usr/local/lib/python3.9/site-packages/matplotlib/mpl-data/fonts/ttf/STIXNonUniBolIta.ttf', name='STIXNonUnicode', style='italic', variant='normal', weight=700, stretch='normal', size='scalable')) = 11.335
LINE 1479: 2025-07-15 09:27:18,679 [DEBUG   ] findfont: score(FontEntry(fname='/usr/share/fonts/truetype/dejavu/DejaVuSansMono-Bold.ttf', name='DejaVu Sans Mono', style='normal', variant='normal', weight=700, stretch='normal', size='scalable')) = 10.335
LINE 1479: 2025-07-15 09:27:18,679 [DEBUG   ] findfont: score(FontEntry(fname='/usr/share/fonts/truetype/dejavu/DejaVuSansMono.ttf', name='DejaVu Sans Mono', style='normal', variant='normal', weight=400, stretch='normal', size='scalable')) = 10.05
LINE 1479: 2025-07-15 09:27:18,679 [DEBUG   ] findfont: score(FontEntry(fname='/usr/share/fonts/truetype/dejavu/DejaVuSans-Bold.ttf', name='DejaVu Sans', style='normal', variant='normal', weight=700, stretch='normal', size='scalable')) = 10.335
LINE 1479: 2025-07-15 09:27:18,679 [DEBUG   ] findfont: score(FontEntry(fname='/usr/share/fonts/truetype/dejavu/DejaVuSerif-Bold.ttf', name='DejaVu Serif', style='normal', variant='normal', weight=700, stretch='normal', size='scalable')) = 10.335
LINE 1479: 2025-07-15 09:27:18,679 [DEBUG   ] findfont: score(FontEntry(fname='/usr/share/fonts/truetype/dejavu/DejaVuSerif.ttf', name='DejaVu Serif', style='normal', variant='normal', weight=400, stretch='normal', size='scalable')) = 10.05
LINE 1479: 2025-07-15 09:27:18,679 [DEBUG   ] findfont: score(FontEntry(fname='/usr/share/fonts/truetype/dejavu/DejaVuSans.ttf', name='DejaVu Sans', style='normal', variant='normal', weight=400, stretch='normal', size='scalable')) = 10.05
LINE 1508: 2025-07-15 09:27:18,679 [DEBUG   ] findfont: Matching STIXGeneral:style=normal:variant=normal:weight=normal:stretch=normal:size=10.0 to STIXGeneral ('/usr/local/lib/python3.9/site-packages/matplotlib/mpl-data/fonts/ttf/STIXGeneral.ttf') with score of 0.050000.
LINE 1467: 2025-07-15 09:27:18,680 [DEBUG   ] findfont: Matching STIXGeneral:style=italic:variant=normal:weight=normal:stretch=normal:size=10.0.
LINE 1479: 2025-07-15 09:27:18,680 [DEBUG   ] findfont: score(FontEntry(fname='/usr/local/lib/python3.9/site-packages/matplotlib/mpl-data/fonts/ttf/STIXSizFourSymBol.ttf', name='STIXSizeFourSym', style='normal', variant='normal', weight=700, stretch='normal', size='scalable')) = 11.335
LINE 1479: 2025-07-15 09:27:18,680 [DEBUG   ] findfont: score(FontEntry(fname='/usr/local/lib/python3.9/site-packages/matplotlib/mpl-data/fonts/ttf/DejaVuSansDisplay.ttf', name='DejaVu Sans Display', style='normal', variant='normal', weight=400, stretch='normal', size='scalable')) = 11.05
LINE 1479: 2025-07-15 09:27:18,680 [DEBUG   ] findfont: score(FontEntry(fname='/usr/local/lib/python3.9/site-packages/matplotlib/mpl-data/fonts/ttf/cmr10.ttf', name='cmr10', style='normal', variant='normal', weight=400, stretch='normal', size='scalable')) = 11.05
LINE 1479: 2025-07-15 09:27:18,680 [DEBUG   ] findfont: score(FontEntry(fname='/usr/local/lib/python3.9/site-packages/matplotlib/mpl-data/fonts/ttf/DejaVuSans-Oblique.ttf', name='DejaVu Sans', style='oblique', variant='normal', weight=400, stretch='normal', size='scalable')) = 10.15
LINE 1479: 2025-07-15 09:27:18,680 [DEBUG   ] findfont: score(FontEntry(fname='/usr/local/lib/python3.9/site-packages/matplotlib/mpl-data/fonts/ttf/DejaVuSerifDisplay.ttf', name='DejaVu Serif Display', style='normal', variant='normal', weight=400, stretch='normal', size='scalable')) = 11.05
LINE 1479: 2025-07-15 09:27:18,680 [DEBUG   ] findfont: score(FontEntry(fname='/usr/local/lib/python3.9/site-packages/matplotlib/mpl-data/fonts/ttf/DejaVuSansMono-BoldOblique.ttf', name='DejaVu Sans Mono', style='oblique', variant='normal', weight=700, stretch='normal', size='scalable')) = 10.434999999999999
LINE 1479: 2025-07-15 09:27:18,680 [DEBUG   ] findfont: score(FontEntry(fname='/usr/local/lib/python3.9/site-packages/matplotlib/mpl-data/fonts/ttf/STIXNonUniBol.ttf', name='STIXNonUnicode', style='normal', variant='normal', weight=700, stretch='normal', size='scalable')) = 11.335
LINE 1479: 2025-07-15 09:27:18,680 [DEBUG   ] findfont: score(FontEntry(fname='/usr/local/lib/python3.9/site-packages/matplotlib/mpl-data/fonts/ttf/DejaVuSerif-Italic.ttf', name='DejaVu Serif', style='italic', variant='normal', weight=400, stretch='normal', size='scalable')) = 10.05
LINE 1479: 2025-07-15 09:27:18,680 [DEBUG   ] findfont: score(FontEntry(fname='/usr/local/lib/python3.9/site-packages/matplotlib/mpl-data/fonts/ttf/DejaVuSerif.ttf', name='DejaVu Serif', style='normal', variant='normal', weight=400, stretch='normal', size='scalable')) = 11.05
LINE 1479: 2025-07-15 09:27:18,680 [DEBUG   ] findfont: score(FontEntry(fname='/usr/local/lib/python3.9/site-packages/matplotlib/mpl-data/fonts/ttf/cmex10.ttf', name='cmex10', style='normal', variant='normal', weight=400, stretch='normal', size='scalable')) = 11.05
LINE 1479: 2025-07-15 09:27:18,680 [DEBUG   ] findfont: score(FontEntry(fname='/usr/local/lib/python3.9/site-packages/matplotlib/mpl-data/fonts/ttf/DejaVuSansMono.ttf', name='DejaVu Sans Mono', style='normal', variant='normal', weight=400, stretch='normal', size='scalable')) = 11.05
LINE 1479: 2025-07-15 09:27:18,680 [DEBUG   ] findfont: score(FontEntry(fname='/usr/local/lib/python3.9/site-packages/matplotlib/mpl-data/fonts/ttf/STIXSizFourSymReg.ttf', name='STIXSizeFourSym', style='normal', variant='normal', weight=400, stretch='normal', size='scalable')) = 11.05
LINE 1479: 2025-07-15 09:27:18,680 [DEBUG   ] findfont: score(FontEntry(fname='/usr/local/lib/python3.9/site-packages/matplotlib/mpl-data/fonts/ttf/DejaVuSerif-BoldItalic.ttf', name='DejaVu Serif', style='italic', variant='normal', weight=700, stretch='normal', size='scalable')) = 10.335
LINE 1479: 2025-07-15 09:27:18,680 [DEBUG   ] findfont: score(FontEntry(fname='/usr/local/lib/python3.9/site-packages/matplotlib/mpl-data/fonts/ttf/cmb10.ttf', name='cmb10', style='normal', variant='normal', weight=400, stretch='normal', size='scalable')) = 11.05
LINE 1479: 2025-07-15 09:27:18,680 [DEBUG   ] findfont: score(FontEntry(fname='/usr/local/lib/python3.9/site-packages/matplotlib/mpl-data/fonts/ttf/STIXNonUni.ttf', name='STIXNonUnicode', style='normal', variant='normal', weight=400, stretch='normal', size='scalable')) = 11.05
LINE 1479: 2025-07-15 09:27:18,680 [DEBUG   ] findfont: score(FontEntry(fname='/usr/local/lib/python3.9/site-packages/matplotlib/mpl-data/fonts/ttf/DejaVuSerif-Bold.ttf', name='DejaVu Serif', style='normal', variant='normal', weight=700, stretch='normal', size='scalable')) = 11.335
LINE 1479: 2025-07-15 09:27:18,680 [DEBUG   ] findfont: score(FontEntry(fname='/usr/local/lib/python3.9/site-packages/matplotlib/mpl-data/fonts/ttf/DejaVuSansMono-Bold.ttf', name='DejaVu Sans Mono', style='normal', variant='normal', weight=700, stretch='normal', size='scalable')) = 11.335
LINE 1479: 2025-07-15 09:27:18,680 [DEBUG   ] findfont: score(FontEntry(fname='/usr/local/lib/python3.9/site-packages/matplotlib/mpl-data/fonts/ttf/STIXSizThreeSymReg.ttf', name='STIXSizeThreeSym', style='normal', variant='normal', weight=400, stretch='normal', size='scalable')) = 11.05
LINE 1479: 2025-07-15 09:27:18,680 [DEBUG   ] findfont: score(FontEntry(fname='/usr/local/lib/python3.9/site-packages/matplotlib/mpl-data/fonts/ttf/STIXSizFiveSymReg.ttf', name='STIXSizeFiveSym', style='normal', variant='normal', weight=400, stretch='normal', size='scalable')) = 11.05
LINE 1479: 2025-07-15 09:27:18,680 [DEBUG   ] findfont: score(FontEntry(fname='/usr/local/lib/python3.9/site-packages/matplotlib/mpl-data/fonts/ttf/cmsy10.ttf', name='cmsy10', style='normal', variant='normal', weight=400, stretch='normal', size='scalable')) = 11.05
LINE 1479: 2025-07-15 09:27:18,680 [DEBUG   ] findfont: score(FontEntry(fname='/usr/local/lib/python3.9/site-packages/matplotlib/mpl-data/fonts/ttf/cmmi10.ttf', name='cmmi10', style='normal', variant='normal', weight=400, stretch='normal', size='scalable')) = 11.05
LINE 1479: 2025-07-15 09:27:18,680 [DEBUG   ] findfont: score(FontEntry(fname='/usr/local/lib/python3.9/site-packages/matplotlib/mpl-data/fonts/ttf/STIXSizTwoSymBol.ttf', name='STIXSizeTwoSym', style='normal', variant='normal', weight=700, stretch='normal', size='scalable')) = 11.335
LINE 1479: 2025-07-15 09:27:18,680 [DEBUG   ] findfont: score(FontEntry(fname='/usr/local/lib/python3.9/site-packages/matplotlib/mpl-data/fonts/ttf/STIXNonUniIta.ttf', name='STIXNonUnicode', style='italic', variant='normal', weight=400, stretch='normal', size='scalable')) = 10.05
LINE 1479: 2025-07-15 09:27:18,680 [DEBUG   ] findfont: score(FontEntry(fname='/usr/local/lib/python3.9/site-packages/matplotlib/mpl-data/fonts/ttf/STIXGeneralItalic.ttf', name='STIXGeneral', style='italic', variant='normal', weight=400, stretch='normal', size='scalable')) = 0.05
LINE 1479: 2025-07-15 09:27:18,680 [DEBUG   ] findfont: score(FontEntry(fname='/usr/local/lib/python3.9/site-packages/matplotlib/mpl-data/fonts/ttf/DejaVuSans-Bold.ttf', name='DejaVu Sans', style='normal', variant='normal', weight=700, stretch='normal', size='scalable')) = 11.335
LINE 1479: 2025-07-15 09:27:18,680 [DEBUG   ] findfont: score(FontEntry(fname='/usr/local/lib/python3.9/site-packages/matplotlib/mpl-data/fonts/ttf/cmtt10.ttf', name='cmtt10', style='normal', variant='normal', weight=400, stretch='normal', size='scalable')) = 11.05
LINE 1479: 2025-07-15 09:27:18,681 [DEBUG   ] findfont: score(FontEntry(fname='/usr/local/lib/python3.9/site-packages/matplotlib/mpl-data/fonts/ttf/STIXSizTwoSymReg.ttf', name='STIXSizeTwoSym', style='normal', variant='normal', weight=400, stretch='normal', size='scalable')) = 11.05
LINE 1479: 2025-07-15 09:27:18,681 [DEBUG   ] findfont: score(FontEntry(fname='/usr/local/lib/python3.9/site-packages/matplotlib/mpl-data/fonts/ttf/DejaVuSans.ttf', name='DejaVu Sans', style='normal', variant='normal', weight=400, stretch='normal', size='scalable')) = 11.05
LINE 1479: 2025-07-15 09:27:18,681 [DEBUG   ] findfont: score(FontEntry(fname='/usr/local/lib/python3.9/site-packages/matplotlib/mpl-data/fonts/ttf/STIXGeneralBol.ttf', name='STIXGeneral', style='normal', variant='normal', weight=700, stretch='normal', size='scalable')) = 1.335
LINE 1479: 2025-07-15 09:27:18,681 [DEBUG   ] findfont: score(FontEntry(fname='/usr/local/lib/python3.9/site-packages/matplotlib/mpl-data/fonts/ttf/DejaVuSansMono-Oblique.ttf', name='DejaVu Sans Mono', style='oblique', variant='normal', weight=400, stretch='normal', size='scalable')) = 10.15
LINE 1479: 2025-07-15 09:27:18,681 [DEBUG   ] findfont: score(FontEntry(fname='/usr/local/lib/python3.9/site-packages/matplotlib/mpl-data/fonts/ttf/STIXGeneral.ttf', name='STIXGeneral', style='normal', variant='normal', weight=400, stretch='normal', size='scalable')) = 1.05
LINE 1479: 2025-07-15 09:27:18,681 [DEBUG   ] findfont: score(FontEntry(fname='/usr/local/lib/python3.9/site-packages/matplotlib/mpl-data/fonts/ttf/STIXGeneralBolIta.ttf', name='STIXGeneral', style='italic', variant='normal', weight=700, stretch='normal', size='scalable')) = 0.33499999999999996
LINE 1479: 2025-07-15 09:27:18,681 [DEBUG   ] findfont: score(FontEntry(fname='/usr/local/lib/python3.9/site-packages/matplotlib/mpl-data/fonts/ttf/cmss10.ttf', name='cmss10', style='normal', variant='normal', weight=400, stretch='normal', size='scalable')) = 11.05
LINE 1479: 2025-07-15 09:27:18,681 [DEBUG   ] findfont: score(FontEntry(fname='/usr/local/lib/python3.9/site-packages/matplotlib/mpl-data/fonts/ttf/DejaVuSans-BoldOblique.ttf', name='DejaVu Sans', style='oblique', variant='normal', weight=700, stretch='normal', size='scalable')) = 10.434999999999999
LINE 1479: 2025-07-15 09:27:18,681 [DEBUG   ] findfont: score(FontEntry(fname='/usr/local/lib/python3.9/site-packages/matplotlib/mpl-data/fonts/ttf/STIXSizOneSymBol.ttf', name='STIXSizeOneSym', style='normal', variant='normal', weight=700, stretch='normal', size='scalable')) = 11.335
LINE 1479: 2025-07-15 09:27:18,681 [DEBUG   ] findfont: score(FontEntry(fname='/usr/local/lib/python3.9/site-packages/matplotlib/mpl-data/fonts/ttf/STIXSizThreeSymBol.ttf', name='STIXSizeThreeSym', style='normal', variant='normal', weight=700, stretch='normal', size='scalable')) = 11.335
LINE 1479: 2025-07-15 09:27:18,681 [DEBUG   ] findfont: score(FontEntry(fname='/usr/local/lib/python3.9/site-packages/matplotlib/mpl-data/fonts/ttf/STIXSizOneSymReg.ttf', name='STIXSizeOneSym', style='normal', variant='normal', weight=400, stretch='normal', size='scalable')) = 11.05
LINE 1479: 2025-07-15 09:27:18,681 [DEBUG   ] findfont: score(FontEntry(fname='/usr/local/lib/python3.9/site-packages/matplotlib/mpl-data/fonts/ttf/STIXNonUniBolIta.ttf', name='STIXNonUnicode', style='italic', variant='normal', weight=700, stretch='normal', size='scalable')) = 10.335
LINE 1479: 2025-07-15 09:27:18,681 [DEBUG   ] findfont: score(FontEntry(fname='/usr/share/fonts/truetype/dejavu/DejaVuSansMono-Bold.ttf', name='DejaVu Sans Mono', style='normal', variant='normal', weight=700, stretch='normal', size='scalable')) = 11.335
LINE 1479: 2025-07-15 09:27:18,681 [DEBUG   ] findfont: score(FontEntry(fname='/usr/share/fonts/truetype/dejavu/DejaVuSansMono.ttf', name='DejaVu Sans Mono', style='normal', variant='normal', weight=400, stretch='normal', size='scalable')) = 11.05
LINE 1479: 2025-07-15 09:27:18,681 [DEBUG   ] findfont: score(FontEntry(fname='/usr/share/fonts/truetype/dejavu/DejaVuSans-Bold.ttf', name='DejaVu Sans', style='normal', variant='normal', weight=700, stretch='normal', size='scalable')) = 11.335
LINE 1479: 2025-07-15 09:27:18,681 [DEBUG   ] findfont: score(FontEntry(fname='/usr/share/fonts/truetype/dejavu/DejaVuSerif-Bold.ttf', name='DejaVu Serif', style='normal', variant='normal', weight=700, stretch='normal', size='scalable')) = 11.335
LINE 1479: 2025-07-15 09:27:18,681 [DEBUG   ] findfont: score(FontEntry(fname='/usr/share/fonts/truetype/dejavu/DejaVuSerif.ttf', name='DejaVu Serif', style='normal', variant='normal', weight=400, stretch='normal', size='scalable')) = 11.05
LINE 1479: 2025-07-15 09:27:18,681 [DEBUG   ] findfont: score(FontEntry(fname='/usr/share/fonts/truetype/dejavu/DejaVuSans.ttf', name='DejaVu Sans', style='normal', variant='normal', weight=400, stretch='normal', size='scalable')) = 11.05
LINE 1508: 2025-07-15 09:27:18,681 [DEBUG   ] findfont: Matching STIXGeneral:style=italic:variant=normal:weight=normal:stretch=normal:size=10.0 to STIXGeneral ('/usr/local/lib/python3.9/site-packages/matplotlib/mpl-data/fonts/ttf/STIXGeneralItalic.ttf') with score of 0.050000.
LINE 1467: 2025-07-15 09:27:18,681 [DEBUG   ] findfont: Matching STIXGeneral:style=normal:variant=normal:weight=bold:stretch=normal:size=10.0.
LINE 1479: 2025-07-15 09:27:18,681 [DEBUG   ] findfont: score(FontEntry(fname='/usr/local/lib/python3.9/site-packages/matplotlib/mpl-data/fonts/ttf/STIXSizFourSymBol.ttf', name='STIXSizeFourSym', style='normal', variant='normal', weight=700, stretch='normal', size='scalable')) = 10.05
LINE 1479: 2025-07-15 09:27:18,682 [DEBUG   ] findfont: score(FontEntry(fname='/usr/local/lib/python3.9/site-packages/matplotlib/mpl-data/fonts/ttf/DejaVuSansDisplay.ttf', name='DejaVu Sans Display', style='normal', variant='normal', weight=400, stretch='normal', size='scalable')) = 10.335
LINE 1479: 2025-07-15 09:27:18,682 [DEBUG   ] findfont: score(FontEntry(fname='/usr/local/lib/python3.9/site-packages/matplotlib/mpl-data/fonts/ttf/cmr10.ttf', name='cmr10', style='normal', variant='normal', weight=400, stretch='normal', size='scalable')) = 10.335
LINE 1479: 2025-07-15 09:27:18,682 [DEBUG   ] findfont: score(FontEntry(fname='/usr/local/lib/python3.9/site-packages/matplotlib/mpl-data/fonts/ttf/DejaVuSans-Oblique.ttf', name='DejaVu Sans', style='oblique', variant='normal', weight=400, stretch='normal', size='scalable')) = 11.335
LINE 1479: 2025-07-15 09:27:18,682 [DEBUG   ] findfont: score(FontEntry(fname='/usr/local/lib/python3.9/site-packages/matplotlib/mpl-data/fonts/ttf/DejaVuSerifDisplay.ttf', name='DejaVu Serif Display', style='normal', variant='normal', weight=400, stretch='normal', size='scalable')) = 10.335
LINE 1479: 2025-07-15 09:27:18,682 [DEBUG   ] findfont: score(FontEntry(fname='/usr/local/lib/python3.9/site-packages/matplotlib/mpl-data/fonts/ttf/DejaVuSansMono-BoldOblique.ttf', name='DejaVu Sans Mono', style='oblique', variant='normal', weight=700, stretch='normal', size='scalable')) = 11.05
LINE 1479: 2025-07-15 09:27:18,682 [DEBUG   ] findfont: score(FontEntry(fname='/usr/local/lib/python3.9/site-packages/matplotlib/mpl-data/fonts/ttf/STIXNonUniBol.ttf', name='STIXNonUnicode', style='normal', variant='normal', weight=700, stretch='normal', size='scalable')) = 10.05
LINE 1479: 2025-07-15 09:27:18,682 [DEBUG   ] findfont: score(FontEntry(fname='/usr/local/lib/python3.9/site-packages/matplotlib/mpl-data/fonts/ttf/DejaVuSerif-Italic.ttf', name='DejaVu Serif', style='italic', variant='normal', weight=400, stretch='normal', size='scalable')) = 11.335
LINE 1479: 2025-07-15 09:27:18,682 [DEBUG   ] findfont: score(FontEntry(fname='/usr/local/lib/python3.9/site-packages/matplotlib/mpl-data/fonts/ttf/DejaVuSerif.ttf', name='DejaVu Serif', style='normal', variant='normal', weight=400, stretch='normal', size='scalable')) = 10.335
LINE 1479: 2025-07-15 09:27:18,682 [DEBUG   ] findfont: score(FontEntry(fname='/usr/local/lib/python3.9/site-packages/matplotlib/mpl-data/fonts/ttf/cmex10.ttf', name='cmex10', style='normal', variant='normal', weight=400, stretch='normal', size='scalable')) = 10.335
LINE 1479: 2025-07-15 09:27:18,682 [DEBUG   ] findfont: score(FontEntry(fname='/usr/local/lib/python3.9/site-packages/matplotlib/mpl-data/fonts/ttf/DejaVuSansMono.ttf', name='DejaVu Sans Mono', style='normal', variant='normal', weight=400, stretch='normal', size='scalable')) = 10.335
LINE 1479: 2025-07-15 09:27:18,682 [DEBUG   ] findfont: score(FontEntry(fname='/usr/local/lib/python3.9/site-packages/matplotlib/mpl-data/fonts/ttf/STIXSizFourSymReg.ttf', name='STIXSizeFourSym', style='normal', variant='normal', weight=400, stretch='normal', size='scalable')) = 10.335
LINE 1479: 2025-07-15 09:27:18,682 [DEBUG   ] findfont: score(FontEntry(fname='/usr/local/lib/python3.9/site-packages/matplotlib/mpl-data/fonts/ttf/DejaVuSerif-BoldItalic.ttf', name='DejaVu Serif', style='italic', variant='normal', weight=700, stretch='normal', size='scalable')) = 11.05
LINE 1479: 2025-07-15 09:27:18,682 [DEBUG   ] findfont: score(FontEntry(fname='/usr/local/lib/python3.9/site-packages/matplotlib/mpl-data/fonts/ttf/cmb10.ttf', name='cmb10', style='normal', variant='normal', weight=400, stretch='normal', size='scalable')) = 10.335
LINE 1479: 2025-07-15 09:27:18,682 [DEBUG   ] findfont: score(FontEntry(fname='/usr/local/lib/python3.9/site-packages/matplotlib/mpl-data/fonts/ttf/STIXNonUni.ttf', name='STIXNonUnicode', style='normal', variant='normal', weight=400, stretch='normal', size='scalable')) = 10.335
LINE 1479: 2025-07-15 09:27:18,682 [DEBUG   ] findfont: score(FontEntry(fname='/usr/local/lib/python3.9/site-packages/matplotlib/mpl-data/fonts/ttf/DejaVuSerif-Bold.ttf', name='DejaVu Serif', style='normal', variant='normal', weight=700, stretch='normal', size='scalable')) = 10.05
LINE 1479: 2025-07-15 09:27:18,682 [DEBUG   ] findfont: score(FontEntry(fname='/usr/local/lib/python3.9/site-packages/matplotlib/mpl-data/fonts/ttf/DejaVuSansMono-Bold.ttf', name='DejaVu Sans Mono', style='normal', variant='normal', weight=700, stretch='normal', size='scalable')) = 10.05
LINE 1479: 2025-07-15 09:27:18,682 [DEBUG   ] findfont: score(FontEntry(fname='/usr/local/lib/python3.9/site-packages/matplotlib/mpl-data/fonts/ttf/STIXSizThreeSymReg.ttf', name='STIXSizeThreeSym', style='normal', variant='normal', weight=400, stretch='normal', size='scalable')) = 10.335
LINE 1479: 2025-07-15 09:27:18,682 [DEBUG   ] findfont: score(FontEntry(fname='/usr/local/lib/python3.9/site-packages/matplotlib/mpl-data/fonts/ttf/STIXSizFiveSymReg.ttf', name='STIXSizeFiveSym', style='normal', variant='normal', weight=400, stretch='normal', size='scalable')) = 10.335
LINE 1479: 2025-07-15 09:27:18,682 [DEBUG   ] findfont: score(FontEntry(fname='/usr/local/lib/python3.9/site-packages/matplotlib/mpl-data/fonts/ttf/cmsy10.ttf', name='cmsy10', style='normal', variant='normal', weight=400, stretch='normal', size='scalable')) = 10.335
LINE 1479: 2025-07-15 09:27:18,682 [DEBUG   ] findfont: score(FontEntry(fname='/usr/local/lib/python3.9/site-packages/matplotlib/mpl-data/fonts/ttf/cmmi10.ttf', name='cmmi10', style='normal', variant='normal', weight=400, stretch='normal', size='scalable')) = 10.335
LINE 1479: 2025-07-15 09:27:18,682 [DEBUG   ] findfont: score(FontEntry(fname='/usr/local/lib/python3.9/site-packages/matplotlib/mpl-data/fonts/ttf/STIXSizTwoSymBol.ttf', name='STIXSizeTwoSym', style='normal', variant='normal', weight=700, stretch='normal', size='scalable')) = 10.05
LINE 1479: 2025-07-15 09:27:18,682 [DEBUG   ] findfont: score(FontEntry(fname='/usr/local/lib/python3.9/site-packages/matplotlib/mpl-data/fonts/ttf/STIXNonUniIta.ttf', name='STIXNonUnicode', style='italic', variant='normal', weight=400, stretch='normal', size='scalable')) = 11.335
LINE 1479: 2025-07-15 09:27:18,682 [DEBUG   ] findfont: score(FontEntry(fname='/usr/local/lib/python3.9/site-packages/matplotlib/mpl-data/fonts/ttf/STIXGeneralItalic.ttf', name='STIXGeneral', style='italic', variant='normal', weight=400, stretch='normal', size='scalable')) = 1.335
LINE 1479: 2025-07-15 09:27:18,682 [DEBUG   ] findfont: score(FontEntry(fname='/usr/local/lib/python3.9/site-packages/matplotlib/mpl-data/fonts/ttf/DejaVuSans-Bold.ttf', name='DejaVu Sans', style='normal', variant='normal', weight=700, stretch='normal', size='scalable')) = 10.05
LINE 1479: 2025-07-15 09:27:18,682 [DEBUG   ] findfont: score(FontEntry(fname='/usr/local/lib/python3.9/site-packages/matplotlib/mpl-data/fonts/ttf/cmtt10.ttf', name='cmtt10', style='normal', variant='normal', weight=400, stretch='normal', size='scalable')) = 10.335
LINE 1479: 2025-07-15 09:27:18,682 [DEBUG   ] findfont: score(FontEntry(fname='/usr/local/lib/python3.9/site-packages/matplotlib/mpl-data/fonts/ttf/STIXSizTwoSymReg.ttf', name='STIXSizeTwoSym', style='normal', variant='normal', weight=400, stretch='normal', size='scalable')) = 10.335
LINE 1479: 2025-07-15 09:27:18,682 [DEBUG   ] findfont: score(FontEntry(fname='/usr/local/lib/python3.9/site-packages/matplotlib/mpl-data/fonts/ttf/DejaVuSans.ttf', name='DejaVu Sans', style='normal', variant='normal', weight=400, stretch='normal', size='scalable')) = 10.335
LINE 1479: 2025-07-15 09:27:18,682 [DEBUG   ] findfont: score(FontEntry(fname='/usr/local/lib/python3.9/site-packages/matplotlib/mpl-data/fonts/ttf/STIXGeneralBol.ttf', name='STIXGeneral', style='normal', variant='normal', weight=700, stretch='normal', size='scalable')) = 0.05
LINE 1479: 2025-07-15 09:27:18,682 [DEBUG   ] findfont: score(FontEntry(fname='/usr/local/lib/python3.9/site-packages/matplotlib/mpl-data/fonts/ttf/DejaVuSansMono-Oblique.ttf', name='DejaVu Sans Mono', style='oblique', variant='normal', weight=400, stretch='normal', size='scalable')) = 11.335
LINE 1479: 2025-07-15 09:27:18,682 [DEBUG   ] findfont: score(FontEntry(fname='/usr/local/lib/python3.9/site-packages/matplotlib/mpl-data/fonts/ttf/STIXGeneral.ttf', name='STIXGeneral', style='normal', variant='normal', weight=400, stretch='normal', size='scalable')) = 0.33499999999999996
LINE 1479: 2025-07-15 09:27:18,682 [DEBUG   ] findfont: score(FontEntry(fname='/usr/local/lib/python3.9/site-packages/matplotlib/mpl-data/fonts/ttf/STIXGeneralBolIta.ttf', name='STIXGeneral', style='italic', variant='normal', weight=700, stretch='normal', size='scalable')) = 1.05
LINE 1479: 2025-07-15 09:27:18,682 [DEBUG   ] findfont: score(FontEntry(fname='/usr/local/lib/python3.9/site-packages/matplotlib/mpl-data/fonts/ttf/cmss10.ttf', name='cmss10', style='normal', variant='normal', weight=400, stretch='normal', size='scalable')) = 10.335
LINE 1479: 2025-07-15 09:27:18,682 [DEBUG   ] findfont: score(FontEntry(fname='/usr/local/lib/python3.9/site-packages/matplotlib/mpl-data/fonts/ttf/DejaVuSans-BoldOblique.ttf', name='DejaVu Sans', style='oblique', variant='normal', weight=700, stretch='normal', size='scalable')) = 11.05
LINE 1479: 2025-07-15 09:27:18,682 [DEBUG   ] findfont: score(FontEntry(fname='/usr/local/lib/python3.9/site-packages/matplotlib/mpl-data/fonts/ttf/STIXSizOneSymBol.ttf', name='STIXSizeOneSym', style='normal', variant='normal', weight=700, stretch='normal', size='scalable')) = 10.05
LINE 1479: 2025-07-15 09:27:18,682 [DEBUG   ] findfont: score(FontEntry(fname='/usr/local/lib/python3.9/site-packages/matplotlib/mpl-data/fonts/ttf/STIXSizThreeSymBol.ttf', name='STIXSizeThreeSym', style='normal', variant='normal', weight=700, stretch='normal', size='scalable')) = 10.05
LINE 1479: 2025-07-15 09:27:18,682 [DEBUG   ] findfont: score(FontEntry(fname='/usr/local/lib/python3.9/site-packages/matplotlib/mpl-data/fonts/ttf/STIXSizOneSymReg.ttf', name='STIXSizeOneSym', style='normal', variant='normal', weight=400, stretch='normal', size='scalable')) = 10.335
LINE 1479: 2025-07-15 09:27:18,682 [DEBUG   ] findfont: score(FontEntry(fname='/usr/local/lib/python3.9/site-packages/matplotlib/mpl-data/fonts/ttf/STIXNonUniBolIta.ttf', name='STIXNonUnicode', style='italic', variant='normal', weight=700, stretch='normal', size='scalable')) = 11.05
LINE 1479: 2025-07-15 09:27:18,682 [DEBUG   ] findfont: score(FontEntry(fname='/usr/share/fonts/truetype/dejavu/DejaVuSansMono-Bold.ttf', name='DejaVu Sans Mono', style='normal', variant='normal', weight=700, stretch='normal', size='scalable')) = 10.05
LINE 1479: 2025-07-15 09:27:18,683 [DEBUG   ] findfont: score(FontEntry(fname='/usr/share/fonts/truetype/dejavu/DejaVuSansMono.ttf', name='DejaVu Sans Mono', style='normal', variant='normal', weight=400, stretch='normal', size='scalable')) = 10.335
LINE 1479: 2025-07-15 09:27:18,683 [DEBUG   ] findfont: score(FontEntry(fname='/usr/share/fonts/truetype/dejavu/DejaVuSans-Bold.ttf', name='DejaVu Sans', style='normal', variant='normal', weight=700, stretch='normal', size='scalable')) = 10.05
LINE 1479: 2025-07-15 09:27:18,683 [DEBUG   ] findfont: score(FontEntry(fname='/usr/share/fonts/truetype/dejavu/DejaVuSerif-Bold.ttf', name='DejaVu Serif', style='normal', variant='normal', weight=700, stretch='normal', size='scalable')) = 10.05
LINE 1479: 2025-07-15 09:27:18,683 [DEBUG   ] findfont: score(FontEntry(fname='/usr/share/fonts/truetype/dejavu/DejaVuSerif.ttf', name='DejaVu Serif', style='normal', variant='normal', weight=400, stretch='normal', size='scalable')) = 10.335
LINE 1479: 2025-07-15 09:27:18,683 [DEBUG   ] findfont: score(FontEntry(fname='/usr/share/fonts/truetype/dejavu/DejaVuSans.ttf', name='DejaVu Sans', style='normal', variant='normal', weight=400, stretch='normal', size='scalable')) = 10.335
LINE 1508: 2025-07-15 09:27:18,683 [DEBUG   ] findfont: Matching STIXGeneral:style=normal:variant=normal:weight=bold:stretch=normal:size=10.0 to STIXGeneral ('/usr/local/lib/python3.9/site-packages/matplotlib/mpl-data/fonts/ttf/STIXGeneralBol.ttf') with score of 0.050000.
LINE 1467: 2025-07-15 09:27:18,683 [DEBUG   ] findfont: Matching STIXNonUnicode:style=normal:variant=normal:weight=normal:stretch=normal:size=10.0.
LINE 1479: 2025-07-15 09:27:18,683 [DEBUG   ] findfont: score(FontEntry(fname='/usr/local/lib/python3.9/site-packages/matplotlib/mpl-data/fonts/ttf/STIXSizFourSymBol.ttf', name='STIXSizeFourSym', style='normal', variant='normal', weight=700, stretch='normal', size='scalable')) = 10.335
LINE 1479: 2025-07-15 09:27:18,683 [DEBUG   ] findfont: score(FontEntry(fname='/usr/local/lib/python3.9/site-packages/matplotlib/mpl-data/fonts/ttf/DejaVuSansDisplay.ttf', name='DejaVu Sans Display', style='normal', variant='normal', weight=400, stretch='normal', size='scalable')) = 10.05
LINE 1479: 2025-07-15 09:27:18,683 [DEBUG   ] findfont: score(FontEntry(fname='/usr/local/lib/python3.9/site-packages/matplotlib/mpl-data/fonts/ttf/cmr10.ttf', name='cmr10', style='normal', variant='normal', weight=400, stretch='normal', size='scalable')) = 10.05
LINE 1479: 2025-07-15 09:27:18,683 [DEBUG   ] findfont: score(FontEntry(fname='/usr/local/lib/python3.9/site-packages/matplotlib/mpl-data/fonts/ttf/DejaVuSans-Oblique.ttf', name='DejaVu Sans', style='oblique', variant='normal', weight=400, stretch='normal', size='scalable')) = 11.05
LINE 1479: 2025-07-15 09:27:18,683 [DEBUG   ] findfont: score(FontEntry(fname='/usr/local/lib/python3.9/site-packages/matplotlib/mpl-data/fonts/ttf/DejaVuSerifDisplay.ttf', name='DejaVu Serif Display', style='normal', variant='normal', weight=400, stretch='normal', size='scalable')) = 10.05
LINE 1479: 2025-07-15 09:27:18,683 [DEBUG   ] findfont: score(FontEntry(fname='/usr/local/lib/python3.9/site-packages/matplotlib/mpl-data/fonts/ttf/DejaVuSansMono-BoldOblique.ttf', name='DejaVu Sans Mono', style='oblique', variant='normal', weight=700, stretch='normal', size='scalable')) = 11.335
LINE 1479: 2025-07-15 09:27:18,683 [DEBUG   ] findfont: score(FontEntry(fname='/usr/local/lib/python3.9/site-packages/matplotlib/mpl-data/fonts/ttf/STIXNonUniBol.ttf', name='STIXNonUnicode', style='normal', variant='normal', weight=700, stretch='normal', size='scalable')) = 0.33499999999999996
LINE 1479: 2025-07-15 09:27:18,683 [DEBUG   ] findfont: score(FontEntry(fname='/usr/local/lib/python3.9/site-packages/matplotlib/mpl-data/fonts/ttf/DejaVuSerif-Italic.ttf', name='DejaVu Serif', style='italic', variant='normal', weight=400, stretch='normal', size='scalable')) = 11.05
LINE 1479: 2025-07-15 09:27:18,683 [DEBUG   ] findfont: score(FontEntry(fname='/usr/local/lib/python3.9/site-packages/matplotlib/mpl-data/fonts/ttf/DejaVuSerif.ttf', name='DejaVu Serif', style='normal', variant='normal', weight=400, stretch='normal', size='scalable')) = 10.05
LINE 1479: 2025-07-15 09:27:18,683 [DEBUG   ] findfont: score(FontEntry(fname='/usr/local/lib/python3.9/site-packages/matplotlib/mpl-data/fonts/ttf/cmex10.ttf', name='cmex10', style='normal', variant='normal', weight=400, stretch='normal', size='scalable')) = 10.05
LINE 1479: 2025-07-15 09:27:18,683 [DEBUG   ] findfont: score(FontEntry(fname='/usr/local/lib/python3.9/site-packages/matplotlib/mpl-data/fonts/ttf/DejaVuSansMono.ttf', name='DejaVu Sans Mono', style='normal', variant='normal', weight=400, stretch='normal', size='scalable')) = 10.05
LINE 1479: 2025-07-15 09:27:18,683 [DEBUG   ] findfont: score(FontEntry(fname='/usr/local/lib/python3.9/site-packages/matplotlib/mpl-data/fonts/ttf/STIXSizFourSymReg.ttf', name='STIXSizeFourSym', style='normal', variant='normal', weight=400, stretch='normal', size='scalable')) = 10.05
LINE 1479: 2025-07-15 09:27:18,683 [DEBUG   ] findfont: score(FontEntry(fname='/usr/local/lib/python3.9/site-packages/matplotlib/mpl-data/fonts/ttf/DejaVuSerif-BoldItalic.ttf', name='DejaVu Serif', style='italic', variant='normal', weight=700, stretch='normal', size='scalable')) = 11.335
LINE 1479: 2025-07-15 09:27:18,683 [DEBUG   ] findfont: score(FontEntry(fname='/usr/local/lib/python3.9/site-packages/matplotlib/mpl-data/fonts/ttf/cmb10.ttf', name='cmb10', style='normal', variant='normal', weight=400, stretch='normal', size='scalable')) = 10.05
LINE 1479: 2025-07-15 09:27:18,683 [DEBUG   ] findfont: score(FontEntry(fname='/usr/local/lib/python3.9/site-packages/matplotlib/mpl-data/fonts/ttf/STIXNonUni.ttf', name='STIXNonUnicode', style='normal', variant='normal', weight=400, stretch='normal', size='scalable')) = 0.05
LINE 1479: 2025-07-15 09:27:18,683 [DEBUG   ] findfont: score(FontEntry(fname='/usr/local/lib/python3.9/site-packages/matplotlib/mpl-data/fonts/ttf/DejaVuSerif-Bold.ttf', name='DejaVu Serif', style='normal', variant='normal', weight=700, stretch='normal', size='scalable')) = 10.335
LINE 1479: 2025-07-15 09:27:18,683 [DEBUG   ] findfont: score(FontEntry(fname='/usr/local/lib/python3.9/site-packages/matplotlib/mpl-data/fonts/ttf/DejaVuSansMono-Bold.ttf', name='DejaVu Sans Mono', style='normal', variant='normal', weight=700, stretch='normal', size='scalable')) = 10.335
LINE 1479: 2025-07-15 09:27:18,683 [DEBUG   ] findfont: score(FontEntry(fname='/usr/local/lib/python3.9/site-packages/matplotlib/mpl-data/fonts/ttf/STIXSizThreeSymReg.ttf', name='STIXSizeThreeSym', style='normal', variant='normal', weight=400, stretch='normal', size='scalable')) = 10.05
LINE 1479: 2025-07-15 09:27:18,683 [DEBUG   ] findfont: score(FontEntry(fname='/usr/local/lib/python3.9/site-packages/matplotlib/mpl-data/fonts/ttf/STIXSizFiveSymReg.ttf', name='STIXSizeFiveSym', style='normal', variant='normal', weight=400, stretch='normal', size='scalable')) = 10.05
LINE 1479: 2025-07-15 09:27:18,683 [DEBUG   ] findfont: score(FontEntry(fname='/usr/local/lib/python3.9/site-packages/matplotlib/mpl-data/fonts/ttf/cmsy10.ttf', name='cmsy10', style='normal', variant='normal', weight=400, stretch='normal', size='scalable')) = 10.05
LINE 1479: 2025-07-15 09:27:18,683 [DEBUG   ] findfont: score(FontEntry(fname='/usr/local/lib/python3.9/site-packages/matplotlib/mpl-data/fonts/ttf/cmmi10.ttf', name='cmmi10', style='normal', variant='normal', weight=400, stretch='normal', size='scalable')) = 10.05
LINE 1479: 2025-07-15 09:27:18,683 [DEBUG   ] findfont: score(FontEntry(fname='/usr/local/lib/python3.9/site-packages/matplotlib/mpl-data/fonts/ttf/STIXSizTwoSymBol.ttf', name='STIXSizeTwoSym', style='normal', variant='normal', weight=700, stretch='normal', size='scalable')) = 10.335
LINE 1479: 2025-07-15 09:27:18,683 [DEBUG   ] findfont: score(FontEntry(fname='/usr/local/lib/python3.9/site-packages/matplotlib/mpl-data/fonts/ttf/STIXNonUniIta.ttf', name='STIXNonUnicode', style='italic', variant='normal', weight=400, stretch='normal', size='scalable')) = 1.05
LINE 1479: 2025-07-15 09:27:18,684 [DEBUG   ] findfont: score(FontEntry(fname='/usr/local/lib/python3.9/site-packages/matplotlib/mpl-data/fonts/ttf/STIXGeneralItalic.ttf', name='STIXGeneral', style='italic', variant='normal', weight=400, stretch='normal', size='scalable')) = 11.05
LINE 1479: 2025-07-15 09:27:18,684 [DEBUG   ] findfont: score(FontEntry(fname='/usr/local/lib/python3.9/site-packages/matplotlib/mpl-data/fonts/ttf/DejaVuSans-Bold.ttf', name='DejaVu Sans', style='normal', variant='normal', weight=700, stretch='normal', size='scalable')) = 10.335
LINE 1479: 2025-07-15 09:27:18,684 [DEBUG   ] findfont: score(FontEntry(fname='/usr/local/lib/python3.9/site-packages/matplotlib/mpl-data/fonts/ttf/cmtt10.ttf', name='cmtt10', style='normal', variant='normal', weight=400, stretch='normal', size='scalable')) = 10.05
LINE 1479: 2025-07-15 09:27:18,684 [DEBUG   ] findfont: score(FontEntry(fname='/usr/local/lib/python3.9/site-packages/matplotlib/mpl-data/fonts/ttf/STIXSizTwoSymReg.ttf', name='STIXSizeTwoSym', style='normal', variant='normal', weight=400, stretch='normal', size='scalable')) = 10.05
LINE 1479: 2025-07-15 09:27:18,684 [DEBUG   ] findfont: score(FontEntry(fname='/usr/local/lib/python3.9/site-packages/matplotlib/mpl-data/fonts/ttf/DejaVuSans.ttf', name='DejaVu Sans', style='normal', variant='normal', weight=400, stretch='normal', size='scalable')) = 10.05
LINE 1479: 2025-07-15 09:27:18,684 [DEBUG   ] findfont: score(FontEntry(fname='/usr/local/lib/python3.9/site-packages/matplotlib/mpl-data/fonts/ttf/STIXGeneralBol.ttf', name='STIXGeneral', style='normal', variant='normal', weight=700, stretch='normal', size='scalable')) = 10.335
LINE 1479: 2025-07-15 09:27:18,684 [DEBUG   ] findfont: score(FontEntry(fname='/usr/local/lib/python3.9/site-packages/matplotlib/mpl-data/fonts/ttf/DejaVuSansMono-Oblique.ttf', name='DejaVu Sans Mono', style='oblique', variant='normal', weight=400, stretch='normal', size='scalable')) = 11.05
LINE 1479: 2025-07-15 09:27:18,684 [DEBUG   ] findfont: score(FontEntry(fname='/usr/local/lib/python3.9/site-packages/matplotlib/mpl-data/fonts/ttf/STIXGeneral.ttf', name='STIXGeneral', style='normal', variant='normal', weight=400, stretch='normal', size='scalable')) = 10.05
LINE 1479: 2025-07-15 09:27:18,684 [DEBUG   ] findfont: score(FontEntry(fname='/usr/local/lib/python3.9/site-packages/matplotlib/mpl-data/fonts/ttf/STIXGeneralBolIta.ttf', name='STIXGeneral', style='italic', variant='normal', weight=700, stretch='normal', size='scalable')) = 11.335
LINE 1479: 2025-07-15 09:27:18,684 [DEBUG   ] findfont: score(FontEntry(fname='/usr/local/lib/python3.9/site-packages/matplotlib/mpl-data/fonts/ttf/cmss10.ttf', name='cmss10', style='normal', variant='normal', weight=400, stretch='normal', size='scalable')) = 10.05
LINE 1479: 2025-07-15 09:27:18,684 [DEBUG   ] findfont: score(FontEntry(fname='/usr/local/lib/python3.9/site-packages/matplotlib/mpl-data/fonts/ttf/DejaVuSans-BoldOblique.ttf', name='DejaVu Sans', style='oblique', variant='normal', weight=700, stretch='normal', size='scalable')) = 11.335
LINE 1479: 2025-07-15 09:27:18,684 [DEBUG   ] findfont: score(FontEntry(fname='/usr/local/lib/python3.9/site-packages/matplotlib/mpl-data/fonts/ttf/STIXSizOneSymBol.ttf', name='STIXSizeOneSym', style='normal', variant='normal', weight=700, stretch='normal', size='scalable')) = 10.335
LINE 1479: 2025-07-15 09:27:18,684 [DEBUG   ] findfont: score(FontEntry(fname='/usr/local/lib/python3.9/site-packages/matplotlib/mpl-data/fonts/ttf/STIXSizThreeSymBol.ttf', name='STIXSizeThreeSym', style='normal', variant='normal', weight=700, stretch='normal', size='scalable')) = 10.335
LINE 1479: 2025-07-15 09:27:18,684 [DEBUG   ] findfont: score(FontEntry(fname='/usr/local/lib/python3.9/site-packages/matplotlib/mpl-data/fonts/ttf/STIXSizOneSymReg.ttf', name='STIXSizeOneSym', style='normal', variant='normal', weight=400, stretch='normal', size='scalable')) = 10.05
LINE 1479: 2025-07-15 09:27:18,684 [DEBUG   ] findfont: score(FontEntry(fname='/usr/local/lib/python3.9/site-packages/matplotlib/mpl-data/fonts/ttf/STIXNonUniBolIta.ttf', name='STIXNonUnicode', style='italic', variant='normal', weight=700, stretch='normal', size='scalable')) = 1.335
LINE 1479: 2025-07-15 09:27:18,684 [DEBUG   ] findfont: score(FontEntry(fname='/usr/share/fonts/truetype/dejavu/DejaVuSansMono-Bold.ttf', name='DejaVu Sans Mono', style='normal', variant='normal', weight=700, stretch='normal', size='scalable')) = 10.335
LINE 1479: 2025-07-15 09:27:18,684 [DEBUG   ] findfont: score(FontEntry(fname='/usr/share/fonts/truetype/dejavu/DejaVuSansMono.ttf', name='DejaVu Sans Mono', style='normal', variant='normal', weight=400, stretch='normal', size='scalable')) = 10.05
LINE 1479: 2025-07-15 09:27:18,684 [DEBUG   ] findfont: score(FontEntry(fname='/usr/share/fonts/truetype/dejavu/DejaVuSans-Bold.ttf', name='DejaVu Sans', style='normal', variant='normal', weight=700, stretch='normal', size='scalable')) = 10.335
LINE 1479: 2025-07-15 09:27:18,684 [DEBUG   ] findfont: score(FontEntry(fname='/usr/share/fonts/truetype/dejavu/DejaVuSerif-Bold.ttf', name='DejaVu Serif', style='normal', variant='normal', weight=700, stretch='normal', size='scalable')) = 10.335
LINE 1479: 2025-07-15 09:27:18,684 [DEBUG   ] findfont: score(FontEntry(fname='/usr/share/fonts/truetype/dejavu/DejaVuSerif.ttf', name='DejaVu Serif', style='normal', variant='normal', weight=400, stretch='normal', size='scalable')) = 10.05
LINE 1479: 2025-07-15 09:27:18,684 [DEBUG   ] findfont: score(FontEntry(fname='/usr/share/fonts/truetype/dejavu/DejaVuSans.ttf', name='DejaVu Sans', style='normal', variant='normal', weight=400, stretch='normal', size='scalable')) = 10.05
LINE 1508: 2025-07-15 09:27:18,684 [DEBUG   ] findfont: Matching STIXNonUnicode:style=normal:variant=normal:weight=normal:stretch=normal:size=10.0 to STIXNonUnicode ('/usr/local/lib/python3.9/site-packages/matplotlib/mpl-data/fonts/ttf/STIXNonUni.ttf') with score of 0.050000.
LINE 1467: 2025-07-15 09:27:18,684 [DEBUG   ] findfont: Matching STIXNonUnicode:style=italic:variant=normal:weight=normal:stretch=normal:size=10.0.
LINE 1479: 2025-07-15 09:27:18,684 [DEBUG   ] findfont: score(FontEntry(fname='/usr/local/lib/python3.9/site-packages/matplotlib/mpl-data/fonts/ttf/STIXSizFourSymBol.ttf', name='STIXSizeFourSym', style='normal', variant='normal', weight=700, stretch='normal', size='scalable')) = 11.335
LINE 1479: 2025-07-15 09:27:18,684 [DEBUG   ] findfont: score(FontEntry(fname='/usr/local/lib/python3.9/site-packages/matplotlib/mpl-data/fonts/ttf/DejaVuSansDisplay.ttf', name='DejaVu Sans Display', style='normal', variant='normal', weight=400, stretch='normal', size='scalable')) = 11.05
LINE 1479: 2025-07-15 09:27:18,684 [DEBUG   ] findfont: score(FontEntry(fname='/usr/local/lib/python3.9/site-packages/matplotlib/mpl-data/fonts/ttf/cmr10.ttf', name='cmr10', style='normal', variant='normal', weight=400, stretch='normal', size='scalable')) = 11.05
LINE 1479: 2025-07-15 09:27:18,684 [DEBUG   ] findfont: score(FontEntry(fname='/usr/local/lib/python3.9/site-packages/matplotlib/mpl-data/fonts/ttf/DejaVuSans-Oblique.ttf', name='DejaVu Sans', style='oblique', variant='normal', weight=400, stretch='normal', size='scalable')) = 10.15
LINE 1479: 2025-07-15 09:27:18,684 [DEBUG   ] findfont: score(FontEntry(fname='/usr/local/lib/python3.9/site-packages/matplotlib/mpl-data/fonts/ttf/DejaVuSerifDisplay.ttf', name='DejaVu Serif Display', style='normal', variant='normal', weight=400, stretch='normal', size='scalable')) = 11.05
LINE 1479: 2025-07-15 09:27:18,685 [DEBUG   ] findfont: score(FontEntry(fname='/usr/local/lib/python3.9/site-packages/matplotlib/mpl-data/fonts/ttf/DejaVuSansMono-BoldOblique.ttf', name='DejaVu Sans Mono', style='oblique', variant='normal', weight=700, stretch='normal', size='scalable')) = 10.434999999999999
LINE 1479: 2025-07-15 09:27:18,685 [DEBUG   ] findfont: score(FontEntry(fname='/usr/local/lib/python3.9/site-packages/matplotlib/mpl-data/fonts/ttf/STIXNonUniBol.ttf', name='STIXNonUnicode', style='normal', variant='normal', weight=700, stretch='normal', size='scalable')) = 1.335
LINE 1479: 2025-07-15 09:27:18,685 [DEBUG   ] findfont: score(FontEntry(fname='/usr/local/lib/python3.9/site-packages/matplotlib/mpl-data/fonts/ttf/DejaVuSerif-Italic.ttf', name='DejaVu Serif', style='italic', variant='normal', weight=400, stretch='normal', size='scalable')) = 10.05
LINE 1479: 2025-07-15 09:27:18,685 [DEBUG   ] findfont: score(FontEntry(fname='/usr/local/lib/python3.9/site-packages/matplotlib/mpl-data/fonts/ttf/DejaVuSerif.ttf', name='DejaVu Serif', style='normal', variant='normal', weight=400, stretch='normal', size='scalable')) = 11.05
LINE 1479: 2025-07-15 09:27:18,685 [DEBUG   ] findfont: score(FontEntry(fname='/usr/local/lib/python3.9/site-packages/matplotlib/mpl-data/fonts/ttf/cmex10.ttf', name='cmex10', style='normal', variant='normal', weight=400, stretch='normal', size='scalable')) = 11.05
LINE 1479: 2025-07-15 09:27:18,685 [DEBUG   ] findfont: score(FontEntry(fname='/usr/local/lib/python3.9/site-packages/matplotlib/mpl-data/fonts/ttf/DejaVuSansMono.ttf', name='DejaVu Sans Mono', style='normal', variant='normal', weight=400, stretch='normal', size='scalable')) = 11.05
LINE 1479: 2025-07-15 09:27:18,685 [DEBUG   ] findfont: score(FontEntry(fname='/usr/local/lib/python3.9/site-packages/matplotlib/mpl-data/fonts/ttf/STIXSizFourSymReg.ttf', name='STIXSizeFourSym', style='normal', variant='normal', weight=400, stretch='normal', size='scalable')) = 11.05
LINE 1479: 2025-07-15 09:27:18,685 [DEBUG   ] findfont: score(FontEntry(fname='/usr/local/lib/python3.9/site-packages/matplotlib/mpl-data/fonts/ttf/DejaVuSerif-BoldItalic.ttf', name='DejaVu Serif', style='italic', variant='normal', weight=700, stretch='normal', size='scalable')) = 10.335
LINE 1479: 2025-07-15 09:27:18,685 [DEBUG   ] findfont: score(FontEntry(fname='/usr/local/lib/python3.9/site-packages/matplotlib/mpl-data/fonts/ttf/cmb10.ttf', name='cmb10', style='normal', variant='normal', weight=400, stretch='normal', size='scalable')) = 11.05
LINE 1479: 2025-07-15 09:27:18,685 [DEBUG   ] findfont: score(FontEntry(fname='/usr/local/lib/python3.9/site-packages/matplotlib/mpl-data/fonts/ttf/STIXNonUni.ttf', name='STIXNonUnicode', style='normal', variant='normal', weight=400, stretch='normal', size='scalable')) = 1.05
LINE 1479: 2025-07-15 09:27:18,685 [DEBUG   ] findfont: score(FontEntry(fname='/usr/local/lib/python3.9/site-packages/matplotlib/mpl-data/fonts/ttf/DejaVuSerif-Bold.ttf', name='DejaVu Serif', style='normal', variant='normal', weight=700, stretch='normal', size='scalable')) = 11.335
LINE 1479: 2025-07-15 09:27:18,685 [DEBUG   ] findfont: score(FontEntry(fname='/usr/local/lib/python3.9/site-packages/matplotlib/mpl-data/fonts/ttf/DejaVuSansMono-Bold.ttf', name='DejaVu Sans Mono', style='normal', variant='normal', weight=700, stretch='normal', size='scalable')) = 11.335
LINE 1479: 2025-07-15 09:27:18,685 [DEBUG   ] findfont: score(FontEntry(fname='/usr/local/lib/python3.9/site-packages/matplotlib/mpl-data/fonts/ttf/STIXSizThreeSymReg.ttf', name='STIXSizeThreeSym', style='normal', variant='normal', weight=400, stretch='normal', size='scalable')) = 11.05
LINE 1479: 2025-07-15 09:27:18,685 [DEBUG   ] findfont: score(FontEntry(fname='/usr/local/lib/python3.9/site-packages/matplotlib/mpl-data/fonts/ttf/STIXSizFiveSymReg.ttf', name='STIXSizeFiveSym', style='normal', variant='normal', weight=400, stretch='normal', size='scalable')) = 11.05
LINE 1479: 2025-07-15 09:27:18,685 [DEBUG   ] findfont: score(FontEntry(fname='/usr/local/lib/python3.9/site-packages/matplotlib/mpl-data/fonts/ttf/cmsy10.ttf', name='cmsy10', style='normal', variant='normal', weight=400, stretch='normal', size='scalable')) = 11.05
LINE 1479: 2025-07-15 09:27:18,685 [DEBUG   ] findfont: score(FontEntry(fname='/usr/local/lib/python3.9/site-packages/matplotlib/mpl-data/fonts/ttf/cmmi10.ttf', name='cmmi10', style='normal', variant='normal', weight=400, stretch='normal', size='scalable')) = 11.05
LINE 1479: 2025-07-15 09:27:18,685 [DEBUG   ] findfont: score(FontEntry(fname='/usr/local/lib/python3.9/site-packages/matplotlib/mpl-data/fonts/ttf/STIXSizTwoSymBol.ttf', name='STIXSizeTwoSym', style='normal', variant='normal', weight=700, stretch='normal', size='scalable')) = 11.335
LINE 1479: 2025-07-15 09:27:18,685 [DEBUG   ] findfont: score(FontEntry(fname='/usr/local/lib/python3.9/site-packages/matplotlib/mpl-data/fonts/ttf/STIXNonUniIta.ttf', name='STIXNonUnicode', style='italic', variant='normal', weight=400, stretch='normal', size='scalable')) = 0.05
LINE 1479: 2025-07-15 09:27:18,685 [DEBUG   ] findfont: score(FontEntry(fname='/usr/local/lib/python3.9/site-packages/matplotlib/mpl-data/fonts/ttf/STIXGeneralItalic.ttf', name='STIXGeneral', style='italic', variant='normal', weight=400, stretch='normal', size='scalable')) = 10.05
LINE 1479: 2025-07-15 09:27:18,685 [DEBUG   ] findfont: score(FontEntry(fname='/usr/local/lib/python3.9/site-packages/matplotlib/mpl-data/fonts/ttf/DejaVuSans-Bold.ttf', name='DejaVu Sans', style='normal', variant='normal', weight=700, stretch='normal', size='scalable')) = 11.335
LINE 1479: 2025-07-15 09:27:18,685 [DEBUG   ] findfont: score(FontEntry(fname='/usr/local/lib/python3.9/site-packages/matplotlib/mpl-data/fonts/ttf/cmtt10.ttf', name='cmtt10', style='normal', variant='normal', weight=400, stretch='normal', size='scalable')) = 11.05
LINE 1479: 2025-07-15 09:27:18,685 [DEBUG   ] findfont: score(FontEntry(fname='/usr/local/lib/python3.9/site-packages/matplotlib/mpl-data/fonts/ttf/STIXSizTwoSymReg.ttf', name='STIXSizeTwoSym', style='normal', variant='normal', weight=400, stretch='normal', size='scalable')) = 11.05
LINE 1479: 2025-07-15 09:27:18,685 [DEBUG   ] findfont: score(FontEntry(fname='/usr/local/lib/python3.9/site-packages/matplotlib/mpl-data/fonts/ttf/DejaVuSans.ttf', name='DejaVu Sans', style='normal', variant='normal', weight=400, stretch='normal', size='scalable')) = 11.05
LINE 1479: 2025-07-15 09:27:18,685 [DEBUG   ] findfont: score(FontEntry(fname='/usr/local/lib/python3.9/site-packages/matplotlib/mpl-data/fonts/ttf/STIXGeneralBol.ttf', name='STIXGeneral', style='normal', variant='normal', weight=700, stretch='normal', size='scalable')) = 11.335
LINE 1479: 2025-07-15 09:27:18,685 [DEBUG   ] findfont: score(FontEntry(fname='/usr/local/lib/python3.9/site-packages/matplotlib/mpl-data/fonts/ttf/DejaVuSansMono-Oblique.ttf', name='DejaVu Sans Mono', style='oblique', variant='normal', weight=400, stretch='normal', size='scalable')) = 10.15
LINE 1479: 2025-07-15 09:27:18,685 [DEBUG   ] findfont: score(FontEntry(fname='/usr/local/lib/python3.9/site-packages/matplotlib/mpl-data/fonts/ttf/STIXGeneral.ttf', name='STIXGeneral', style='normal', variant='normal', weight=400, stretch='normal', size='scalable')) = 11.05
LINE 1479: 2025-07-15 09:27:18,685 [DEBUG   ] findfont: score(FontEntry(fname='/usr/local/lib/python3.9/site-packages/matplotlib/mpl-data/fonts/ttf/STIXGeneralBolIta.ttf', name='STIXGeneral', style='italic', variant='normal', weight=700, stretch='normal', size='scalable')) = 10.335
LINE 1479: 2025-07-15 09:27:18,685 [DEBUG   ] findfont: score(FontEntry(fname='/usr/local/lib/python3.9/site-packages/matplotlib/mpl-data/fonts/ttf/cmss10.ttf', name='cmss10', style='normal', variant='normal', weight=400, stretch='normal', size='scalable')) = 11.05
LINE 1479: 2025-07-15 09:27:18,685 [DEBUG   ] findfont: score(FontEntry(fname='/usr/local/lib/python3.9/site-packages/matplotlib/mpl-data/fonts/ttf/DejaVuSans-BoldOblique.ttf', name='DejaVu Sans', style='oblique', variant='normal', weight=700, stretch='normal', size='scalable')) = 10.434999999999999
LINE 1479: 2025-07-15 09:27:18,685 [DEBUG   ] findfont: score(FontEntry(fname='/usr/local/lib/python3.9/site-packages/matplotlib/mpl-data/fonts/ttf/STIXSizOneSymBol.ttf', name='STIXSizeOneSym', style='normal', variant='normal', weight=700, stretch='normal', size='scalable')) = 11.335
LINE 1479: 2025-07-15 09:27:18,685 [DEBUG   ] findfont: score(FontEntry(fname='/usr/local/lib/python3.9/site-packages/matplotlib/mpl-data/fonts/ttf/STIXSizThreeSymBol.ttf', name='STIXSizeThreeSym', style='normal', variant='normal', weight=700, stretch='normal', size='scalable')) = 11.335
LINE 1479: 2025-07-15 09:27:18,685 [DEBUG   ] findfont: score(FontEntry(fname='/usr/local/lib/python3.9/site-packages/matplotlib/mpl-data/fonts/ttf/STIXSizOneSymReg.ttf', name='STIXSizeOneSym', style='normal', variant='normal', weight=400, stretch='normal', size='scalable')) = 11.05
LINE 1479: 2025-07-15 09:27:18,685 [DEBUG   ] findfont: score(FontEntry(fname='/usr/local/lib/python3.9/site-packages/matplotlib/mpl-data/fonts/ttf/STIXNonUniBolIta.ttf', name='STIXNonUnicode', style='italic', variant='normal', weight=700, stretch='normal', size='scalable')) = 0.33499999999999996
LINE 1479: 2025-07-15 09:27:18,685 [DEBUG   ] findfont: score(FontEntry(fname='/usr/share/fonts/truetype/dejavu/DejaVuSansMono-Bold.ttf', name='DejaVu Sans Mono', style='normal', variant='normal', weight=700, stretch='normal', size='scalable')) = 11.335
LINE 1479: 2025-07-15 09:27:18,685 [DEBUG   ] findfont: score(FontEntry(fname='/usr/share/fonts/truetype/dejavu/DejaVuSansMono.ttf', name='DejaVu Sans Mono', style='normal', variant='normal', weight=400, stretch='normal', size='scalable')) = 11.05
LINE 1479: 2025-07-15 09:27:18,685 [DEBUG   ] findfont: score(FontEntry(fname='/usr/share/fonts/truetype/dejavu/DejaVuSans-Bold.ttf', name='DejaVu Sans', style='normal', variant='normal', weight=700, stretch='normal', size='scalable')) = 11.335
LINE 1479: 2025-07-15 09:27:18,685 [DEBUG   ] findfont: score(FontEntry(fname='/usr/share/fonts/truetype/dejavu/DejaVuSerif-Bold.ttf', name='DejaVu Serif', style='normal', variant='normal', weight=700, stretch='normal', size='scalable')) = 11.335
LINE 1479: 2025-07-15 09:27:18,685 [DEBUG   ] findfont: score(FontEntry(fname='/usr/share/fonts/truetype/dejavu/DejaVuSerif.ttf', name='DejaVu Serif', style='normal', variant='normal', weight=400, stretch='normal', size='scalable')) = 11.05
LINE 1479: 2025-07-15 09:27:18,685 [DEBUG   ] findfont: score(FontEntry(fname='/usr/share/fonts/truetype/dejavu/DejaVuSans.ttf', name='DejaVu Sans', style='normal', variant='normal', weight=400, stretch='normal', size='scalable')) = 11.05
LINE 1508: 2025-07-15 09:27:18,685 [DEBUG   ] findfont: Matching STIXNonUnicode:style=italic:variant=normal:weight=normal:stretch=normal:size=10.0 to STIXNonUnicode ('/usr/local/lib/python3.9/site-packages/matplotlib/mpl-data/fonts/ttf/STIXNonUniIta.ttf') with score of 0.050000.
LINE 1467: 2025-07-15 09:27:18,686 [DEBUG   ] findfont: Matching STIXNonUnicode:style=normal:variant=normal:weight=bold:stretch=normal:size=10.0.
LINE 1479: 2025-07-15 09:27:18,686 [DEBUG   ] findfont: score(FontEntry(fname='/usr/local/lib/python3.9/site-packages/matplotlib/mpl-data/fonts/ttf/STIXSizFourSymBol.ttf', name='STIXSizeFourSym', style='normal', variant='normal', weight=700, stretch='normal', size='scalable')) = 10.05
LINE 1479: 2025-07-15 09:27:18,686 [DEBUG   ] findfont: score(FontEntry(fname='/usr/local/lib/python3.9/site-packages/matplotlib/mpl-data/fonts/ttf/DejaVuSansDisplay.ttf', name='DejaVu Sans Display', style='normal', variant='normal', weight=400, stretch='normal', size='scalable')) = 10.335
LINE 1479: 2025-07-15 09:27:18,686 [DEBUG   ] findfont: score(FontEntry(fname='/usr/local/lib/python3.9/site-packages/matplotlib/mpl-data/fonts/ttf/cmr10.ttf', name='cmr10', style='normal', variant='normal', weight=400, stretch='normal', size='scalable')) = 10.335
LINE 1479: 2025-07-15 09:27:18,686 [DEBUG   ] findfont: score(FontEntry(fname='/usr/local/lib/python3.9/site-packages/matplotlib/mpl-data/fonts/ttf/DejaVuSans-Oblique.ttf', name='DejaVu Sans', style='oblique', variant='normal', weight=400, stretch='normal', size='scalable')) = 11.335
LINE 1479: 2025-07-15 09:27:18,686 [DEBUG   ] findfont: score(FontEntry(fname='/usr/local/lib/python3.9/site-packages/matplotlib/mpl-data/fonts/ttf/DejaVuSerifDisplay.ttf', name='DejaVu Serif Display', style='normal', variant='normal', weight=400, stretch='normal', size='scalable')) = 10.335
LINE 1479: 2025-07-15 09:27:18,686 [DEBUG   ] findfont: score(FontEntry(fname='/usr/local/lib/python3.9/site-packages/matplotlib/mpl-data/fonts/ttf/DejaVuSansMono-BoldOblique.ttf', name='DejaVu Sans Mono', style='oblique', variant='normal', weight=700, stretch='normal', size='scalable')) = 11.05
LINE 1479: 2025-07-15 09:27:18,686 [DEBUG   ] findfont: score(FontEntry(fname='/usr/local/lib/python3.9/site-packages/matplotlib/mpl-data/fonts/ttf/STIXNonUniBol.ttf', name='STIXNonUnicode', style='normal', variant='normal', weight=700, stretch='normal', size='scalable')) = 0.05
LINE 1479: 2025-07-15 09:27:18,686 [DEBUG   ] findfont: score(FontEntry(fname='/usr/local/lib/python3.9/site-packages/matplotlib/mpl-data/fonts/ttf/DejaVuSerif-Italic.ttf', name='DejaVu Serif', style='italic', variant='normal', weight=400, stretch='normal', size='scalable')) = 11.335
LINE 1479: 2025-07-15 09:27:18,686 [DEBUG   ] findfont: score(FontEntry(fname='/usr/local/lib/python3.9/site-packages/matplotlib/mpl-data/fonts/ttf/DejaVuSerif.ttf', name='DejaVu Serif', style='normal', variant='normal', weight=400, stretch='normal', size='scalable')) = 10.335
LINE 1479: 2025-07-15 09:27:18,686 [DEBUG   ] findfont: score(FontEntry(fname='/usr/local/lib/python3.9/site-packages/matplotlib/mpl-data/fonts/ttf/cmex10.ttf', name='cmex10', style='normal', variant='normal', weight=400, stretch='normal', size='scalable')) = 10.335
LINE 1479: 2025-07-15 09:27:18,686 [DEBUG   ] findfont: score(FontEntry(fname='/usr/local/lib/python3.9/site-packages/matplotlib/mpl-data/fonts/ttf/DejaVuSansMono.ttf', name='DejaVu Sans Mono', style='normal', variant='normal', weight=400, stretch='normal', size='scalable')) = 10.335
LINE 1479: 2025-07-15 09:27:18,686 [DEBUG   ] findfont: score(FontEntry(fname='/usr/local/lib/python3.9/site-packages/matplotlib/mpl-data/fonts/ttf/STIXSizFourSymReg.ttf', name='STIXSizeFourSym', style='normal', variant='normal', weight=400, stretch='normal', size='scalable')) = 10.335
LINE 1479: 2025-07-15 09:27:18,686 [DEBUG   ] findfont: score(FontEntry(fname='/usr/local/lib/python3.9/site-packages/matplotlib/mpl-data/fonts/ttf/DejaVuSerif-BoldItalic.ttf', name='DejaVu Serif', style='italic', variant='normal', weight=700, stretch='normal', size='scalable')) = 11.05
LINE 1479: 2025-07-15 09:27:18,686 [DEBUG   ] findfont: score(FontEntry(fname='/usr/local/lib/python3.9/site-packages/matplotlib/mpl-data/fonts/ttf/cmb10.ttf', name='cmb10', style='normal', variant='normal', weight=400, stretch='normal', size='scalable')) = 10.335
LINE 1479: 2025-07-15 09:27:18,686 [DEBUG   ] findfont: score(FontEntry(fname='/usr/local/lib/python3.9/site-packages/matplotlib/mpl-data/fonts/ttf/STIXNonUni.ttf', name='STIXNonUnicode', style='normal', variant='normal', weight=400, stretch='normal', size='scalable')) = 0.33499999999999996
LINE 1479: 2025-07-15 09:27:18,686 [DEBUG   ] findfont: score(FontEntry(fname='/usr/local/lib/python3.9/site-packages/matplotlib/mpl-data/fonts/ttf/DejaVuSerif-Bold.ttf', name='DejaVu Serif', style='normal', variant='normal', weight=700, stretch='normal', size='scalable')) = 10.05
LINE 1479: 2025-07-15 09:27:18,686 [DEBUG   ] findfont: score(FontEntry(fname='/usr/local/lib/python3.9/site-packages/matplotlib/mpl-data/fonts/ttf/DejaVuSansMono-Bold.ttf', name='DejaVu Sans Mono', style='normal', variant='normal', weight=700, stretch='normal', size='scalable')) = 10.05
LINE 1479: 2025-07-15 09:27:18,686 [DEBUG   ] findfont: score(FontEntry(fname='/usr/local/lib/python3.9/site-packages/matplotlib/mpl-data/fonts/ttf/STIXSizThreeSymReg.ttf', name='STIXSizeThreeSym', style='normal', variant='normal', weight=400, stretch='normal', size='scalable')) = 10.335
LINE 1479: 2025-07-15 09:27:18,686 [DEBUG   ] findfont: score(FontEntry(fname='/usr/local/lib/python3.9/site-packages/matplotlib/mpl-data/fonts/ttf/STIXSizFiveSymReg.ttf', name='STIXSizeFiveSym', style='normal', variant='normal', weight=400, stretch='normal', size='scalable')) = 10.335
LINE 1479: 2025-07-15 09:27:18,686 [DEBUG   ] findfont: score(FontEntry(fname='/usr/local/lib/python3.9/site-packages/matplotlib/mpl-data/fonts/ttf/cmsy10.ttf', name='cmsy10', style='normal', variant='normal', weight=400, stretch='normal', size='scalable')) = 10.335
LINE 1479: 2025-07-15 09:27:18,686 [DEBUG   ] findfont: score(FontEntry(fname='/usr/local/lib/python3.9/site-packages/matplotlib/mpl-data/fonts/ttf/cmmi10.ttf', name='cmmi10', style='normal', variant='normal', weight=400, stretch='normal', size='scalable')) = 10.335
LINE 1479: 2025-07-15 09:27:18,686 [DEBUG   ] findfont: score(FontEntry(fname='/usr/local/lib/python3.9/site-packages/matplotlib/mpl-data/fonts/ttf/STIXSizTwoSymBol.ttf', name='STIXSizeTwoSym', style='normal', variant='normal', weight=700, stretch='normal', size='scalable')) = 10.05
LINE 1479: 2025-07-15 09:27:18,686 [DEBUG   ] findfont: score(FontEntry(fname='/usr/local/lib/python3.9/site-packages/matplotlib/mpl-data/fonts/ttf/STIXNonUniIta.ttf', name='STIXNonUnicode', style='italic', variant='normal', weight=400, stretch='normal', size='scalable')) = 1.335
LINE 1479: 2025-07-15 09:27:18,686 [DEBUG   ] findfont: score(FontEntry(fname='/usr/local/lib/python3.9/site-packages/matplotlib/mpl-data/fonts/ttf/STIXGeneralItalic.ttf', name='STIXGeneral', style='italic', variant='normal', weight=400, stretch='normal', size='scalable')) = 11.335
LINE 1479: 2025-07-15 09:27:18,686 [DEBUG   ] findfont: score(FontEntry(fname='/usr/local/lib/python3.9/site-packages/matplotlib/mpl-data/fonts/ttf/DejaVuSans-Bold.ttf', name='DejaVu Sans', style='normal', variant='normal', weight=700, stretch='normal', size='scalable')) = 10.05
LINE 1479: 2025-07-15 09:27:18,687 [DEBUG   ] findfont: score(FontEntry(fname='/usr/local/lib/python3.9/site-packages/matplotlib/mpl-data/fonts/ttf/cmtt10.ttf', name='cmtt10', style='normal', variant='normal', weight=400, stretch='normal', size='scalable')) = 10.335
LINE 1479: 2025-07-15 09:27:18,687 [DEBUG   ] findfont: score(FontEntry(fname='/usr/local/lib/python3.9/site-packages/matplotlib/mpl-data/fonts/ttf/STIXSizTwoSymReg.ttf', name='STIXSizeTwoSym', style='normal', variant='normal', weight=400, stretch='normal', size='scalable')) = 10.335
LINE 1479: 2025-07-15 09:27:18,687 [DEBUG   ] findfont: score(FontEntry(fname='/usr/local/lib/python3.9/site-packages/matplotlib/mpl-data/fonts/ttf/DejaVuSans.ttf', name='DejaVu Sans', style='normal', variant='normal', weight=400, stretch='normal', size='scalable')) = 10.335
LINE 1479: 2025-07-15 09:27:18,687 [DEBUG   ] findfont: score(FontEntry(fname='/usr/local/lib/python3.9/site-packages/matplotlib/mpl-data/fonts/ttf/STIXGeneralBol.ttf', name='STIXGeneral', style='normal', variant='normal', weight=700, stretch='normal', size='scalable')) = 10.05
LINE 1479: 2025-07-15 09:27:18,687 [DEBUG   ] findfont: score(FontEntry(fname='/usr/local/lib/python3.9/site-packages/matplotlib/mpl-data/fonts/ttf/DejaVuSansMono-Oblique.ttf', name='DejaVu Sans Mono', style='oblique', variant='normal', weight=400, stretch='normal', size='scalable')) = 11.335
LINE 1479: 2025-07-15 09:27:18,687 [DEBUG   ] findfont: score(FontEntry(fname='/usr/local/lib/python3.9/site-packages/matplotlib/mpl-data/fonts/ttf/STIXGeneral.ttf', name='STIXGeneral', style='normal', variant='normal', weight=400, stretch='normal', size='scalable')) = 10.335
LINE 1479: 2025-07-15 09:27:18,687 [DEBUG   ] findfont: score(FontEntry(fname='/usr/local/lib/python3.9/site-packages/matplotlib/mpl-data/fonts/ttf/STIXGeneralBolIta.ttf', name='STIXGeneral', style='italic', variant='normal', weight=700, stretch='normal', size='scalable')) = 11.05
LINE 1479: 2025-07-15 09:27:18,687 [DEBUG   ] findfont: score(FontEntry(fname='/usr/local/lib/python3.9/site-packages/matplotlib/mpl-data/fonts/ttf/cmss10.ttf', name='cmss10', style='normal', variant='normal', weight=400, stretch='normal', size='scalable')) = 10.335
LINE 1479: 2025-07-15 09:27:18,687 [DEBUG   ] findfont: score(FontEntry(fname='/usr/local/lib/python3.9/site-packages/matplotlib/mpl-data/fonts/ttf/DejaVuSans-BoldOblique.ttf', name='DejaVu Sans', style='oblique', variant='normal', weight=700, stretch='normal', size='scalable')) = 11.05
LINE 1479: 2025-07-15 09:27:18,687 [DEBUG   ] findfont: score(FontEntry(fname='/usr/local/lib/python3.9/site-packages/matplotlib/mpl-data/fonts/ttf/STIXSizOneSymBol.ttf', name='STIXSizeOneSym', style='normal', variant='normal', weight=700, stretch='normal', size='scalable')) = 10.05
LINE 1479: 2025-07-15 09:27:18,687 [DEBUG   ] findfont: score(FontEntry(fname='/usr/local/lib/python3.9/site-packages/matplotlib/mpl-data/fonts/ttf/STIXSizThreeSymBol.ttf', name='STIXSizeThreeSym', style='normal', variant='normal', weight=700, stretch='normal', size='scalable')) = 10.05
LINE 1479: 2025-07-15 09:27:18,687 [DEBUG   ] findfont: score(FontEntry(fname='/usr/local/lib/python3.9/site-packages/matplotlib/mpl-data/fonts/ttf/STIXSizOneSymReg.ttf', name='STIXSizeOneSym', style='normal', variant='normal', weight=400, stretch='normal', size='scalable')) = 10.335
LINE 1479: 2025-07-15 09:27:18,687 [DEBUG   ] findfont: score(FontEntry(fname='/usr/local/lib/python3.9/site-packages/matplotlib/mpl-data/fonts/ttf/STIXNonUniBolIta.ttf', name='STIXNonUnicode', style='italic', variant='normal', weight=700, stretch='normal', size='scalable')) = 1.05
LINE 1479: 2025-07-15 09:27:18,687 [DEBUG   ] findfont: score(FontEntry(fname='/usr/share/fonts/truetype/dejavu/DejaVuSansMono-Bold.ttf', name='DejaVu Sans Mono', style='normal', variant='normal', weight=700, stretch='normal', size='scalable')) = 10.05
LINE 1479: 2025-07-15 09:27:18,687 [DEBUG   ] findfont: score(FontEntry(fname='/usr/share/fonts/truetype/dejavu/DejaVuSansMono.ttf', name='DejaVu Sans Mono', style='normal', variant='normal', weight=400, stretch='normal', size='scalable')) = 10.335
LINE 1479: 2025-07-15 09:27:18,687 [DEBUG   ] findfont: score(FontEntry(fname='/usr/share/fonts/truetype/dejavu/DejaVuSans-Bold.ttf', name='DejaVu Sans', style='normal', variant='normal', weight=700, stretch='normal', size='scalable')) = 10.05
LINE 1479: 2025-07-15 09:27:18,687 [DEBUG   ] findfont: score(FontEntry(fname='/usr/share/fonts/truetype/dejavu/DejaVuSerif-Bold.ttf', name='DejaVu Serif', style='normal', variant='normal', weight=700, stretch='normal', size='scalable')) = 10.05
LINE 1479: 2025-07-15 09:27:18,687 [DEBUG   ] findfont: score(FontEntry(fname='/usr/share/fonts/truetype/dejavu/DejaVuSerif.ttf', name='DejaVu Serif', style='normal', variant='normal', weight=400, stretch='normal', size='scalable')) = 10.335
LINE 1479: 2025-07-15 09:27:18,687 [DEBUG   ] findfont: score(FontEntry(fname='/usr/share/fonts/truetype/dejavu/DejaVuSans.ttf', name='DejaVu Sans', style='normal', variant='normal', weight=400, stretch='normal', size='scalable')) = 10.335
LINE 1508: 2025-07-15 09:27:18,687 [DEBUG   ] findfont: Matching STIXNonUnicode:style=normal:variant=normal:weight=bold:stretch=normal:size=10.0 to STIXNonUnicode ('/usr/local/lib/python3.9/site-packages/matplotlib/mpl-data/fonts/ttf/STIXNonUniBol.ttf') with score of 0.050000.
LINE 1467: 2025-07-15 09:27:18,687 [DEBUG   ] findfont: Matching STIXSizeOneSym:style=normal:variant=normal:weight=normal:stretch=normal:size=10.0.
LINE 1479: 2025-07-15 09:27:18,687 [DEBUG   ] findfont: score(FontEntry(fname='/usr/local/lib/python3.9/site-packages/matplotlib/mpl-data/fonts/ttf/STIXSizFourSymBol.ttf', name='STIXSizeFourSym', style='normal', variant='normal', weight=700, stretch='normal', size='scalable')) = 10.335
LINE 1479: 2025-07-15 09:27:18,687 [DEBUG   ] findfont: score(FontEntry(fname='/usr/local/lib/python3.9/site-packages/matplotlib/mpl-data/fonts/ttf/DejaVuSansDisplay.ttf', name='DejaVu Sans Display', style='normal', variant='normal', weight=400, stretch='normal', size='scalable')) = 10.05
LINE 1479: 2025-07-15 09:27:18,687 [DEBUG   ] findfont: score(FontEntry(fname='/usr/local/lib/python3.9/site-packages/matplotlib/mpl-data/fonts/ttf/cmr10.ttf', name='cmr10', style='normal', variant='normal', weight=400, stretch='normal', size='scalable')) = 10.05
LINE 1479: 2025-07-15 09:27:18,687 [DEBUG   ] findfont: score(FontEntry(fname='/usr/local/lib/python3.9/site-packages/matplotlib/mpl-data/fonts/ttf/DejaVuSans-Oblique.ttf', name='DejaVu Sans', style='oblique', variant='normal', weight=400, stretch='normal', size='scalable')) = 11.05
LINE 1479: 2025-07-15 09:27:18,687 [DEBUG   ] findfont: score(FontEntry(fname='/usr/local/lib/python3.9/site-packages/matplotlib/mpl-data/fonts/ttf/DejaVuSerifDisplay.ttf', name='DejaVu Serif Display', style='normal', variant='normal', weight=400, stretch='normal', size='scalable')) = 10.05
LINE 1479: 2025-07-15 09:27:18,687 [DEBUG   ] findfont: score(FontEntry(fname='/usr/local/lib/python3.9/site-packages/matplotlib/mpl-data/fonts/ttf/DejaVuSansMono-BoldOblique.ttf', name='DejaVu Sans Mono', style='oblique', variant='normal', weight=700, stretch='normal', size='scalable')) = 11.335
LINE 1479: 2025-07-15 09:27:18,687 [DEBUG   ] findfont: score(FontEntry(fname='/usr/local/lib/python3.9/site-packages/matplotlib/mpl-data/fonts/ttf/STIXNonUniBol.ttf', name='STIXNonUnicode', style='normal', variant='normal', weight=700, stretch='normal', size='scalable')) = 10.335
LINE 1479: 2025-07-15 09:27:18,687 [DEBUG   ] findfont: score(FontEntry(fname='/usr/local/lib/python3.9/site-packages/matplotlib/mpl-data/fonts/ttf/DejaVuSerif-Italic.ttf', name='DejaVu Serif', style='italic', variant='normal', weight=400, stretch='normal', size='scalable')) = 11.05
LINE 1479: 2025-07-15 09:27:18,687 [DEBUG   ] findfont: score(FontEntry(fname='/usr/local/lib/python3.9/site-packages/matplotlib/mpl-data/fonts/ttf/DejaVuSerif.ttf', name='DejaVu Serif', style='normal', variant='normal', weight=400, stretch='normal', size='scalable')) = 10.05
LINE 1479: 2025-07-15 09:27:18,687 [DEBUG   ] findfont: score(FontEntry(fname='/usr/local/lib/python3.9/site-packages/matplotlib/mpl-data/fonts/ttf/cmex10.ttf', name='cmex10', style='normal', variant='normal', weight=400, stretch='normal', size='scalable')) = 10.05
LINE 1479: 2025-07-15 09:27:18,688 [DEBUG   ] findfont: score(FontEntry(fname='/usr/local/lib/python3.9/site-packages/matplotlib/mpl-data/fonts/ttf/DejaVuSansMono.ttf', name='DejaVu Sans Mono', style='normal', variant='normal', weight=400, stretch='normal', size='scalable')) = 10.05
LINE 1479: 2025-07-15 09:27:18,688 [DEBUG   ] findfont: score(FontEntry(fname='/usr/local/lib/python3.9/site-packages/matplotlib/mpl-data/fonts/ttf/STIXSizFourSymReg.ttf', name='STIXSizeFourSym', style='normal', variant='normal', weight=400, stretch='normal', size='scalable')) = 10.05
LINE 1479: 2025-07-15 09:27:18,688 [DEBUG   ] findfont: score(FontEntry(fname='/usr/local/lib/python3.9/site-packages/matplotlib/mpl-data/fonts/ttf/DejaVuSerif-BoldItalic.ttf', name='DejaVu Serif', style='italic', variant='normal', weight=700, stretch='normal', size='scalable')) = 11.335
LINE 1479: 2025-07-15 09:27:18,688 [DEBUG   ] findfont: score(FontEntry(fname='/usr/local/lib/python3.9/site-packages/matplotlib/mpl-data/fonts/ttf/cmb10.ttf', name='cmb10', style='normal', variant='normal', weight=400, stretch='normal', size='scalable')) = 10.05
LINE 1479: 2025-07-15 09:27:18,688 [DEBUG   ] findfont: score(FontEntry(fname='/usr/local/lib/python3.9/site-packages/matplotlib/mpl-data/fonts/ttf/STIXNonUni.ttf', name='STIXNonUnicode', style='normal', variant='normal', weight=400, stretch='normal', size='scalable')) = 10.05
LINE 1479: 2025-07-15 09:27:18,688 [DEBUG   ] findfont: score(FontEntry(fname='/usr/local/lib/python3.9/site-packages/matplotlib/mpl-data/fonts/ttf/DejaVuSerif-Bold.ttf', name='DejaVu Serif', style='normal', variant='normal', weight=700, stretch='normal', size='scalable')) = 10.335
LINE 1479: 2025-07-15 09:27:18,688 [DEBUG   ] findfont: score(FontEntry(fname='/usr/local/lib/python3.9/site-packages/matplotlib/mpl-data/fonts/ttf/DejaVuSansMono-Bold.ttf', name='DejaVu Sans Mono', style='normal', variant='normal', weight=700, stretch='normal', size='scalable')) = 10.335
LINE 1479: 2025-07-15 09:27:18,688 [DEBUG   ] findfont: score(FontEntry(fname='/usr/local/lib/python3.9/site-packages/matplotlib/mpl-data/fonts/ttf/STIXSizThreeSymReg.ttf', name='STIXSizeThreeSym', style='normal', variant='normal', weight=400, stretch='normal', size='scalable')) = 10.05
LINE 1479: 2025-07-15 09:27:18,688 [DEBUG   ] findfont: score(FontEntry(fname='/usr/local/lib/python3.9/site-packages/matplotlib/mpl-data/fonts/ttf/STIXSizFiveSymReg.ttf', name='STIXSizeFiveSym', style='normal', variant='normal', weight=400, stretch='normal', size='scalable')) = 10.05
LINE 1479: 2025-07-15 09:27:18,688 [DEBUG   ] findfont: score(FontEntry(fname='/usr/local/lib/python3.9/site-packages/matplotlib/mpl-data/fonts/ttf/cmsy10.ttf', name='cmsy10', style='normal', variant='normal', weight=400, stretch='normal', size='scalable')) = 10.05
LINE 1479: 2025-07-15 09:27:18,688 [DEBUG   ] findfont: score(FontEntry(fname='/usr/local/lib/python3.9/site-packages/matplotlib/mpl-data/fonts/ttf/cmmi10.ttf', name='cmmi10', style='normal', variant='normal', weight=400, stretch='normal', size='scalable')) = 10.05
LINE 1479: 2025-07-15 09:27:18,688 [DEBUG   ] findfont: score(FontEntry(fname='/usr/local/lib/python3.9/site-packages/matplotlib/mpl-data/fonts/ttf/STIXSizTwoSymBol.ttf', name='STIXSizeTwoSym', style='normal', variant='normal', weight=700, stretch='normal', size='scalable')) = 10.335
LINE 1479: 2025-07-15 09:27:18,688 [DEBUG   ] findfont: score(FontEntry(fname='/usr/local/lib/python3.9/site-packages/matplotlib/mpl-data/fonts/ttf/STIXNonUniIta.ttf', name='STIXNonUnicode', style='italic', variant='normal', weight=400, stretch='normal', size='scalable')) = 11.05
LINE 1479: 2025-07-15 09:27:18,688 [DEBUG   ] findfont: score(FontEntry(fname='/usr/local/lib/python3.9/site-packages/matplotlib/mpl-data/fonts/ttf/STIXGeneralItalic.ttf', name='STIXGeneral', style='italic', variant='normal', weight=400, stretch='normal', size='scalable')) = 11.05
LINE 1479: 2025-07-15 09:27:18,688 [DEBUG   ] findfont: score(FontEntry(fname='/usr/local/lib/python3.9/site-packages/matplotlib/mpl-data/fonts/ttf/DejaVuSans-Bold.ttf', name='DejaVu Sans', style='normal', variant='normal', weight=700, stretch='normal', size='scalable')) = 10.335
LINE 1479: 2025-07-15 09:27:18,688 [DEBUG   ] findfont: score(FontEntry(fname='/usr/local/lib/python3.9/site-packages/matplotlib/mpl-data/fonts/ttf/cmtt10.ttf', name='cmtt10', style='normal', variant='normal', weight=400, stretch='normal', size='scalable')) = 10.05
LINE 1479: 2025-07-15 09:27:18,688 [DEBUG   ] findfont: score(FontEntry(fname='/usr/local/lib/python3.9/site-packages/matplotlib/mpl-data/fonts/ttf/STIXSizTwoSymReg.ttf', name='STIXSizeTwoSym', style='normal', variant='normal', weight=400, stretch='normal', size='scalable')) = 10.05
LINE 1479: 2025-07-15 09:27:18,688 [DEBUG   ] findfont: score(FontEntry(fname='/usr/local/lib/python3.9/site-packages/matplotlib/mpl-data/fonts/ttf/DejaVuSans.ttf', name='DejaVu Sans', style='normal', variant='normal', weight=400, stretch='normal', size='scalable')) = 10.05
LINE 1479: 2025-07-15 09:27:18,688 [DEBUG   ] findfont: score(FontEntry(fname='/usr/local/lib/python3.9/site-packages/matplotlib/mpl-data/fonts/ttf/STIXGeneralBol.ttf', name='STIXGeneral', style='normal', variant='normal', weight=700, stretch='normal', size='scalable')) = 10.335
LINE 1479: 2025-07-15 09:27:18,688 [DEBUG   ] findfont: score(FontEntry(fname='/usr/local/lib/python3.9/site-packages/matplotlib/mpl-data/fonts/ttf/DejaVuSansMono-Oblique.ttf', name='DejaVu Sans Mono', style='oblique', variant='normal', weight=400, stretch='normal', size='scalable')) = 11.05
LINE 1479: 2025-07-15 09:27:18,688 [DEBUG   ] findfont: score(FontEntry(fname='/usr/local/lib/python3.9/site-packages/matplotlib/mpl-data/fonts/ttf/STIXGeneral.ttf', name='STIXGeneral', style='normal', variant='normal', weight=400, stretch='normal', size='scalable')) = 10.05
LINE 1479: 2025-07-15 09:27:18,688 [DEBUG   ] findfont: score(FontEntry(fname='/usr/local/lib/python3.9/site-packages/matplotlib/mpl-data/fonts/ttf/STIXGeneralBolIta.ttf', name='STIXGeneral', style='italic', variant='normal', weight=700, stretch='normal', size='scalable')) = 11.335
LINE 1479: 2025-07-15 09:27:18,688 [DEBUG   ] findfont: score(FontEntry(fname='/usr/local/lib/python3.9/site-packages/matplotlib/mpl-data/fonts/ttf/cmss10.ttf', name='cmss10', style='normal', variant='normal', weight=400, stretch='normal', size='scalable')) = 10.05
LINE 1479: 2025-07-15 09:27:18,688 [DEBUG   ] findfont: score(FontEntry(fname='/usr/local/lib/python3.9/site-packages/matplotlib/mpl-data/fonts/ttf/DejaVuSans-BoldOblique.ttf', name='DejaVu Sans', style='oblique', variant='normal', weight=700, stretch='normal', size='scalable')) = 11.335
LINE 1479: 2025-07-15 09:27:18,688 [DEBUG   ] findfont: score(FontEntry(fname='/usr/local/lib/python3.9/site-packages/matplotlib/mpl-data/fonts/ttf/STIXSizOneSymBol.ttf', name='STIXSizeOneSym', style='normal', variant='normal', weight=700, stretch='normal', size='scalable')) = 0.33499999999999996
LINE 1479: 2025-07-15 09:27:18,688 [DEBUG   ] findfont: score(FontEntry(fname='/usr/local/lib/python3.9/site-packages/matplotlib/mpl-data/fonts/ttf/STIXSizThreeSymBol.ttf', name='STIXSizeThreeSym', style='normal', variant='normal', weight=700, stretch='normal', size='scalable')) = 10.335
LINE 1479: 2025-07-15 09:27:18,688 [DEBUG   ] findfont: score(FontEntry(fname='/usr/local/lib/python3.9/site-packages/matplotlib/mpl-data/fonts/ttf/STIXSizOneSymReg.ttf', name='STIXSizeOneSym', style='normal', variant='normal', weight=400, stretch='normal', size='scalable')) = 0.05
LINE 1479: 2025-07-15 09:27:18,688 [DEBUG   ] findfont: score(FontEntry(fname='/usr/local/lib/python3.9/site-packages/matplotlib/mpl-data/fonts/ttf/STIXNonUniBolIta.ttf', name='STIXNonUnicode', style='italic', variant='normal', weight=700, stretch='normal', size='scalable')) = 11.335
LINE 1479: 2025-07-15 09:27:18,688 [DEBUG   ] findfont: score(FontEntry(fname='/usr/share/fonts/truetype/dejavu/DejaVuSansMono-Bold.ttf', name='DejaVu Sans Mono', style='normal', variant='normal', weight=700, stretch='normal', size='scalable')) = 10.335
LINE 1479: 2025-07-15 09:27:18,688 [DEBUG   ] findfont: score(FontEntry(fname='/usr/share/fonts/truetype/dejavu/DejaVuSansMono.ttf', name='DejaVu Sans Mono', style='normal', variant='normal', weight=400, stretch='normal', size='scalable')) = 10.05
LINE 1479: 2025-07-15 09:27:18,688 [DEBUG   ] findfont: score(FontEntry(fname='/usr/share/fonts/truetype/dejavu/DejaVuSans-Bold.ttf', name='DejaVu Sans', style='normal', variant='normal', weight=700, stretch='normal', size='scalable')) = 10.335
LINE 1479: 2025-07-15 09:27:18,688 [DEBUG   ] findfont: score(FontEntry(fname='/usr/share/fonts/truetype/dejavu/DejaVuSerif-Bold.ttf', name='DejaVu Serif', style='normal', variant='normal', weight=700, stretch='normal', size='scalable')) = 10.335
LINE 1479: 2025-07-15 09:27:18,688 [DEBUG   ] findfont: score(FontEntry(fname='/usr/share/fonts/truetype/dejavu/DejaVuSerif.ttf', name='DejaVu Serif', style='normal', variant='normal', weight=400, stretch='normal', size='scalable')) = 10.05
LINE 1479: 2025-07-15 09:27:18,688 [DEBUG   ] findfont: score(FontEntry(fname='/usr/share/fonts/truetype/dejavu/DejaVuSans.ttf', name='DejaVu Sans', style='normal', variant='normal', weight=400, stretch='normal', size='scalable')) = 10.05
LINE 1508: 2025-07-15 09:27:18,688 [DEBUG   ] findfont: Matching STIXSizeOneSym:style=normal:variant=normal:weight=normal:stretch=normal:size=10.0 to STIXSizeOneSym ('/usr/local/lib/python3.9/site-packages/matplotlib/mpl-data/fonts/ttf/STIXSizOneSymReg.ttf') with score of 0.050000.
LINE 1467: 2025-07-15 09:27:18,689 [DEBUG   ] findfont: Matching STIXSizeTwoSym:style=normal:variant=normal:weight=normal:stretch=normal:size=10.0.
LINE 1479: 2025-07-15 09:27:18,689 [DEBUG   ] findfont: score(FontEntry(fname='/usr/local/lib/python3.9/site-packages/matplotlib/mpl-data/fonts/ttf/STIXSizFourSymBol.ttf', name='STIXSizeFourSym', style='normal', variant='normal', weight=700, stretch='normal', size='scalable')) = 10.335
LINE 1479: 2025-07-15 09:27:18,689 [DEBUG   ] findfont: score(FontEntry(fname='/usr/local/lib/python3.9/site-packages/matplotlib/mpl-data/fonts/ttf/DejaVuSansDisplay.ttf', name='DejaVu Sans Display', style='normal', variant='normal', weight=400, stretch='normal', size='scalable')) = 10.05
LINE 1479: 2025-07-15 09:27:18,689 [DEBUG   ] findfont: score(FontEntry(fname='/usr/local/lib/python3.9/site-packages/matplotlib/mpl-data/fonts/ttf/cmr10.ttf', name='cmr10', style='normal', variant='normal', weight=400, stretch='normal', size='scalable')) = 10.05
LINE 1479: 2025-07-15 09:27:18,689 [DEBUG   ] findfont: score(FontEntry(fname='/usr/local/lib/python3.9/site-packages/matplotlib/mpl-data/fonts/ttf/DejaVuSans-Oblique.ttf', name='DejaVu Sans', style='oblique', variant='normal', weight=400, stretch='normal', size='scalable')) = 11.05
LINE 1479: 2025-07-15 09:27:18,689 [DEBUG   ] findfont: score(FontEntry(fname='/usr/local/lib/python3.9/site-packages/matplotlib/mpl-data/fonts/ttf/DejaVuSerifDisplay.ttf', name='DejaVu Serif Display', style='normal', variant='normal', weight=400, stretch='normal', size='scalable')) = 10.05
LINE 1479: 2025-07-15 09:27:18,689 [DEBUG   ] findfont: score(FontEntry(fname='/usr/local/lib/python3.9/site-packages/matplotlib/mpl-data/fonts/ttf/DejaVuSansMono-BoldOblique.ttf', name='DejaVu Sans Mono', style='oblique', variant='normal', weight=700, stretch='normal', size='scalable')) = 11.335
LINE 1479: 2025-07-15 09:27:18,689 [DEBUG   ] findfont: score(FontEntry(fname='/usr/local/lib/python3.9/site-packages/matplotlib/mpl-data/fonts/ttf/STIXNonUniBol.ttf', name='STIXNonUnicode', style='normal', variant='normal', weight=700, stretch='normal', size='scalable')) = 10.335
LINE 1479: 2025-07-15 09:27:18,689 [DEBUG   ] findfont: score(FontEntry(fname='/usr/local/lib/python3.9/site-packages/matplotlib/mpl-data/fonts/ttf/DejaVuSerif-Italic.ttf', name='DejaVu Serif', style='italic', variant='normal', weight=400, stretch='normal', size='scalable')) = 11.05
LINE 1479: 2025-07-15 09:27:18,689 [DEBUG   ] findfont: score(FontEntry(fname='/usr/local/lib/python3.9/site-packages/matplotlib/mpl-data/fonts/ttf/DejaVuSerif.ttf', name='DejaVu Serif', style='normal', variant='normal', weight=400, stretch='normal', size='scalable')) = 10.05
LINE 1479: 2025-07-15 09:27:18,689 [DEBUG   ] findfont: score(FontEntry(fname='/usr/local/lib/python3.9/site-packages/matplotlib/mpl-data/fonts/ttf/cmex10.ttf', name='cmex10', style='normal', variant='normal', weight=400, stretch='normal', size='scalable')) = 10.05
LINE 1479: 2025-07-15 09:27:18,689 [DEBUG   ] findfont: score(FontEntry(fname='/usr/local/lib/python3.9/site-packages/matplotlib/mpl-data/fonts/ttf/DejaVuSansMono.ttf', name='DejaVu Sans Mono', style='normal', variant='normal', weight=400, stretch='normal', size='scalable')) = 10.05
LINE 1479: 2025-07-15 09:27:18,689 [DEBUG   ] findfont: score(FontEntry(fname='/usr/local/lib/python3.9/site-packages/matplotlib/mpl-data/fonts/ttf/STIXSizFourSymReg.ttf', name='STIXSizeFourSym', style='normal', variant='normal', weight=400, stretch='normal', size='scalable')) = 10.05
LINE 1479: 2025-07-15 09:27:18,689 [DEBUG   ] findfont: score(FontEntry(fname='/usr/local/lib/python3.9/site-packages/matplotlib/mpl-data/fonts/ttf/DejaVuSerif-BoldItalic.ttf', name='DejaVu Serif', style='italic', variant='normal', weight=700, stretch='normal', size='scalable')) = 11.335
LINE 1479: 2025-07-15 09:27:18,689 [DEBUG   ] findfont: score(FontEntry(fname='/usr/local/lib/python3.9/site-packages/matplotlib/mpl-data/fonts/ttf/cmb10.ttf', name='cmb10', style='normal', variant='normal', weight=400, stretch='normal', size='scalable')) = 10.05
LINE 1479: 2025-07-15 09:27:18,689 [DEBUG   ] findfont: score(FontEntry(fname='/usr/local/lib/python3.9/site-packages/matplotlib/mpl-data/fonts/ttf/STIXNonUni.ttf', name='STIXNonUnicode', style='normal', variant='normal', weight=400, stretch='normal', size='scalable')) = 10.05
LINE 1479: 2025-07-15 09:27:18,689 [DEBUG   ] findfont: score(FontEntry(fname='/usr/local/lib/python3.9/site-packages/matplotlib/mpl-data/fonts/ttf/DejaVuSerif-Bold.ttf', name='DejaVu Serif', style='normal', variant='normal', weight=700, stretch='normal', size='scalable')) = 10.335
LINE 1479: 2025-07-15 09:27:18,689 [DEBUG   ] findfont: score(FontEntry(fname='/usr/local/lib/python3.9/site-packages/matplotlib/mpl-data/fonts/ttf/DejaVuSansMono-Bold.ttf', name='DejaVu Sans Mono', style='normal', variant='normal', weight=700, stretch='normal', size='scalable')) = 10.335
LINE 1479: 2025-07-15 09:27:18,689 [DEBUG   ] findfont: score(FontEntry(fname='/usr/local/lib/python3.9/site-packages/matplotlib/mpl-data/fonts/ttf/STIXSizThreeSymReg.ttf', name='STIXSizeThreeSym', style='normal', variant='normal', weight=400, stretch='normal', size='scalable')) = 10.05
LINE 1479: 2025-07-15 09:27:18,689 [DEBUG   ] findfont: score(FontEntry(fname='/usr/local/lib/python3.9/site-packages/matplotlib/mpl-data/fonts/ttf/STIXSizFiveSymReg.ttf', name='STIXSizeFiveSym', style='normal', variant='normal', weight=400, stretch='normal', size='scalable')) = 10.05
LINE 1479: 2025-07-15 09:27:18,689 [DEBUG   ] findfont: score(FontEntry(fname='/usr/local/lib/python3.9/site-packages/matplotlib/mpl-data/fonts/ttf/cmsy10.ttf', name='cmsy10', style='normal', variant='normal', weight=400, stretch='normal', size='scalable')) = 10.05
LINE 1479: 2025-07-15 09:27:18,689 [DEBUG   ] findfont: score(FontEntry(fname='/usr/local/lib/python3.9/site-packages/matplotlib/mpl-data/fonts/ttf/cmmi10.ttf', name='cmmi10', style='normal', variant='normal', weight=400, stretch='normal', size='scalable')) = 10.05
LINE 1479: 2025-07-15 09:27:18,689 [DEBUG   ] findfont: score(FontEntry(fname='/usr/local/lib/python3.9/site-packages/matplotlib/mpl-data/fonts/ttf/STIXSizTwoSymBol.ttf', name='STIXSizeTwoSym', style='normal', variant='normal', weight=700, stretch='normal', size='scalable')) = 0.33499999999999996
LINE 1479: 2025-07-15 09:27:18,689 [DEBUG   ] findfont: score(FontEntry(fname='/usr/local/lib/python3.9/site-packages/matplotlib/mpl-data/fonts/ttf/STIXNonUniIta.ttf', name='STIXNonUnicode', style='italic', variant='normal', weight=400, stretch='normal', size='scalable')) = 11.05
LINE 1479: 2025-07-15 09:27:18,689 [DEBUG   ] findfont: score(FontEntry(fname='/usr/local/lib/python3.9/site-packages/matplotlib/mpl-data/fonts/ttf/STIXGeneralItalic.ttf', name='STIXGeneral', style='italic', variant='normal', weight=400, stretch='normal', size='scalable')) = 11.05
LINE 1479: 2025-07-15 09:27:18,689 [DEBUG   ] findfont: score(FontEntry(fname='/usr/local/lib/python3.9/site-packages/matplotlib/mpl-data/fonts/ttf/DejaVuSans-Bold.ttf', name='DejaVu Sans', style='normal', variant='normal', weight=700, stretch='normal', size='scalable')) = 10.335
LINE 1479: 2025-07-15 09:27:18,689 [DEBUG   ] findfont: score(FontEntry(fname='/usr/local/lib/python3.9/site-packages/matplotlib/mpl-data/fonts/ttf/cmtt10.ttf', name='cmtt10', style='normal', variant='normal', weight=400, stretch='normal', size='scalable')) = 10.05
LINE 1479: 2025-07-15 09:27:18,689 [DEBUG   ] findfont: score(FontEntry(fname='/usr/local/lib/python3.9/site-packages/matplotlib/mpl-data/fonts/ttf/STIXSizTwoSymReg.ttf', name='STIXSizeTwoSym', style='normal', variant='normal', weight=400, stretch='normal', size='scalable')) = 0.05
LINE 1479: 2025-07-15 09:27:18,689 [DEBUG   ] findfont: score(FontEntry(fname='/usr/local/lib/python3.9/site-packages/matplotlib/mpl-data/fonts/ttf/DejaVuSans.ttf', name='DejaVu Sans', style='normal', variant='normal', weight=400, stretch='normal', size='scalable')) = 10.05
LINE 1479: 2025-07-15 09:27:18,689 [DEBUG   ] findfont: score(FontEntry(fname='/usr/local/lib/python3.9/site-packages/matplotlib/mpl-data/fonts/ttf/STIXGeneralBol.ttf', name='STIXGeneral', style='normal', variant='normal', weight=700, stretch='normal', size='scalable')) = 10.335
LINE 1479: 2025-07-15 09:27:18,689 [DEBUG   ] findfont: score(FontEntry(fname='/usr/local/lib/python3.9/site-packages/matplotlib/mpl-data/fonts/ttf/DejaVuSansMono-Oblique.ttf', name='DejaVu Sans Mono', style='oblique', variant='normal', weight=400, stretch='normal', size='scalable')) = 11.05
LINE 1479: 2025-07-15 09:27:18,689 [DEBUG   ] findfont: score(FontEntry(fname='/usr/local/lib/python3.9/site-packages/matplotlib/mpl-data/fonts/ttf/STIXGeneral.ttf', name='STIXGeneral', style='normal', variant='normal', weight=400, stretch='normal', size='scalable')) = 10.05
LINE 1479: 2025-07-15 09:27:18,689 [DEBUG   ] findfont: score(FontEntry(fname='/usr/local/lib/python3.9/site-packages/matplotlib/mpl-data/fonts/ttf/STIXGeneralBolIta.ttf', name='STIXGeneral', style='italic', variant='normal', weight=700, stretch='normal', size='scalable')) = 11.335
LINE 1479: 2025-07-15 09:27:18,689 [DEBUG   ] findfont: score(FontEntry(fname='/usr/local/lib/python3.9/site-packages/matplotlib/mpl-data/fonts/ttf/cmss10.ttf', name='cmss10', style='normal', variant='normal', weight=400, stretch='normal', size='scalable')) = 10.05
LINE 1479: 2025-07-15 09:27:18,690 [DEBUG   ] findfont: score(FontEntry(fname='/usr/local/lib/python3.9/site-packages/matplotlib/mpl-data/fonts/ttf/DejaVuSans-BoldOblique.ttf', name='DejaVu Sans', style='oblique', variant='normal', weight=700, stretch='normal', size='scalable')) = 11.335
LINE 1479: 2025-07-15 09:27:18,690 [DEBUG   ] findfont: score(FontEntry(fname='/usr/local/lib/python3.9/site-packages/matplotlib/mpl-data/fonts/ttf/STIXSizOneSymBol.ttf', name='STIXSizeOneSym', style='normal', variant='normal', weight=700, stretch='normal', size='scalable')) = 10.335
LINE 1479: 2025-07-15 09:27:18,690 [DEBUG   ] findfont: score(FontEntry(fname='/usr/local/lib/python3.9/site-packages/matplotlib/mpl-data/fonts/ttf/STIXSizThreeSymBol.ttf', name='STIXSizeThreeSym', style='normal', variant='normal', weight=700, stretch='normal', size='scalable')) = 10.335
LINE 1479: 2025-07-15 09:27:18,690 [DEBUG   ] findfont: score(FontEntry(fname='/usr/local/lib/python3.9/site-packages/matplotlib/mpl-data/fonts/ttf/STIXSizOneSymReg.ttf', name='STIXSizeOneSym', style='normal', variant='normal', weight=400, stretch='normal', size='scalable')) = 10.05
LINE 1479: 2025-07-15 09:27:18,690 [DEBUG   ] findfont: score(FontEntry(fname='/usr/local/lib/python3.9/site-packages/matplotlib/mpl-data/fonts/ttf/STIXNonUniBolIta.ttf', name='STIXNonUnicode', style='italic', variant='normal', weight=700, stretch='normal', size='scalable')) = 11.335
LINE 1479: 2025-07-15 09:27:18,690 [DEBUG   ] findfont: score(FontEntry(fname='/usr/share/fonts/truetype/dejavu/DejaVuSansMono-Bold.ttf', name='DejaVu Sans Mono', style='normal', variant='normal', weight=700, stretch='normal', size='scalable')) = 10.335
LINE 1479: 2025-07-15 09:27:18,690 [DEBUG   ] findfont: score(FontEntry(fname='/usr/share/fonts/truetype/dejavu/DejaVuSansMono.ttf', name='DejaVu Sans Mono', style='normal', variant='normal', weight=400, stretch='normal', size='scalable')) = 10.05
LINE 1479: 2025-07-15 09:27:18,690 [DEBUG   ] findfont: score(FontEntry(fname='/usr/share/fonts/truetype/dejavu/DejaVuSans-Bold.ttf', name='DejaVu Sans', style='normal', variant='normal', weight=700, stretch='normal', size='scalable')) = 10.335
LINE 1479: 2025-07-15 09:27:18,690 [DEBUG   ] findfont: score(FontEntry(fname='/usr/share/fonts/truetype/dejavu/DejaVuSerif-Bold.ttf', name='DejaVu Serif', style='normal', variant='normal', weight=700, stretch='normal', size='scalable')) = 10.335
LINE 1479: 2025-07-15 09:27:18,690 [DEBUG   ] findfont: score(FontEntry(fname='/usr/share/fonts/truetype/dejavu/DejaVuSerif.ttf', name='DejaVu Serif', style='normal', variant='normal', weight=400, stretch='normal', size='scalable')) = 10.05
LINE 1479: 2025-07-15 09:27:18,690 [DEBUG   ] findfont: score(FontEntry(fname='/usr/share/fonts/truetype/dejavu/DejaVuSans.ttf', name='DejaVu Sans', style='normal', variant='normal', weight=400, stretch='normal', size='scalable')) = 10.05
LINE 1508: 2025-07-15 09:27:18,690 [DEBUG   ] findfont: Matching STIXSizeTwoSym:style=normal:variant=normal:weight=normal:stretch=normal:size=10.0 to STIXSizeTwoSym ('/usr/local/lib/python3.9/site-packages/matplotlib/mpl-data/fonts/ttf/STIXSizTwoSymReg.ttf') with score of 0.050000.
LINE 1467: 2025-07-15 09:27:18,690 [DEBUG   ] findfont: Matching STIXSizeThreeSym:style=normal:variant=normal:weight=normal:stretch=normal:size=10.0.
LINE 1479: 2025-07-15 09:27:18,690 [DEBUG   ] findfont: score(FontEntry(fname='/usr/local/lib/python3.9/site-packages/matplotlib/mpl-data/fonts/ttf/STIXSizFourSymBol.ttf', name='STIXSizeFourSym', style='normal', variant='normal', weight=700, stretch='normal', size='scalable')) = 10.335
LINE 1479: 2025-07-15 09:27:18,690 [DEBUG   ] findfont: score(FontEntry(fname='/usr/local/lib/python3.9/site-packages/matplotlib/mpl-data/fonts/ttf/DejaVuSansDisplay.ttf', name='DejaVu Sans Display', style='normal', variant='normal', weight=400, stretch='normal', size='scalable')) = 10.05
LINE 1479: 2025-07-15 09:27:18,690 [DEBUG   ] findfont: score(FontEntry(fname='/usr/local/lib/python3.9/site-packages/matplotlib/mpl-data/fonts/ttf/cmr10.ttf', name='cmr10', style='normal', variant='normal', weight=400, stretch='normal', size='scalable')) = 10.05
LINE 1479: 2025-07-15 09:27:18,690 [DEBUG   ] findfont: score(FontEntry(fname='/usr/local/lib/python3.9/site-packages/matplotlib/mpl-data/fonts/ttf/DejaVuSans-Oblique.ttf', name='DejaVu Sans', style='oblique', variant='normal', weight=400, stretch='normal', size='scalable')) = 11.05
LINE 1479: 2025-07-15 09:27:18,690 [DEBUG   ] findfont: score(FontEntry(fname='/usr/local/lib/python3.9/site-packages/matplotlib/mpl-data/fonts/ttf/DejaVuSerifDisplay.ttf', name='DejaVu Serif Display', style='normal', variant='normal', weight=400, stretch='normal', size='scalable')) = 10.05
LINE 1479: 2025-07-15 09:27:18,690 [DEBUG   ] findfont: score(FontEntry(fname='/usr/local/lib/python3.9/site-packages/matplotlib/mpl-data/fonts/ttf/DejaVuSansMono-BoldOblique.ttf', name='DejaVu Sans Mono', style='oblique', variant='normal', weight=700, stretch='normal', size='scalable')) = 11.335
LINE 1479: 2025-07-15 09:27:18,690 [DEBUG   ] findfont: score(FontEntry(fname='/usr/local/lib/python3.9/site-packages/matplotlib/mpl-data/fonts/ttf/STIXNonUniBol.ttf', name='STIXNonUnicode', style='normal', variant='normal', weight=700, stretch='normal', size='scalable')) = 10.335
LINE 1479: 2025-07-15 09:27:18,690 [DEBUG   ] findfont: score(FontEntry(fname='/usr/local/lib/python3.9/site-packages/matplotlib/mpl-data/fonts/ttf/DejaVuSerif-Italic.ttf', name='DejaVu Serif', style='italic', variant='normal', weight=400, stretch='normal', size='scalable')) = 11.05
LINE 1479: 2025-07-15 09:27:18,690 [DEBUG   ] findfont: score(FontEntry(fname='/usr/local/lib/python3.9/site-packages/matplotlib/mpl-data/fonts/ttf/DejaVuSerif.ttf', name='DejaVu Serif', style='normal', variant='normal', weight=400, stretch='normal', size='scalable')) = 10.05
LINE 1479: 2025-07-15 09:27:18,690 [DEBUG   ] findfont: score(FontEntry(fname='/usr/local/lib/python3.9/site-packages/matplotlib/mpl-data/fonts/ttf/cmex10.ttf', name='cmex10', style='normal', variant='normal', weight=400, stretch='normal', size='scalable')) = 10.05
LINE 1479: 2025-07-15 09:27:18,690 [DEBUG   ] findfont: score(FontEntry(fname='/usr/local/lib/python3.9/site-packages/matplotlib/mpl-data/fonts/ttf/DejaVuSansMono.ttf', name='DejaVu Sans Mono', style='normal', variant='normal', weight=400, stretch='normal', size='scalable')) = 10.05
LINE 1479: 2025-07-15 09:27:18,690 [DEBUG   ] findfont: score(FontEntry(fname='/usr/local/lib/python3.9/site-packages/matplotlib/mpl-data/fonts/ttf/STIXSizFourSymReg.ttf', name='STIXSizeFourSym', style='normal', variant='normal', weight=400, stretch='normal', size='scalable')) = 10.05
LINE 1479: 2025-07-15 09:27:18,690 [DEBUG   ] findfont: score(FontEntry(fname='/usr/local/lib/python3.9/site-packages/matplotlib/mpl-data/fonts/ttf/DejaVuSerif-BoldItalic.ttf', name='DejaVu Serif', style='italic', variant='normal', weight=700, stretch='normal', size='scalable')) = 11.335
LINE 1479: 2025-07-15 09:27:18,690 [DEBUG   ] findfont: score(FontEntry(fname='/usr/local/lib/python3.9/site-packages/matplotlib/mpl-data/fonts/ttf/cmb10.ttf', name='cmb10', style='normal', variant='normal', weight=400, stretch='normal', size='scalable')) = 10.05
LINE 1479: 2025-07-15 09:27:18,690 [DEBUG   ] findfont: score(FontEntry(fname='/usr/local/lib/python3.9/site-packages/matplotlib/mpl-data/fonts/ttf/STIXNonUni.ttf', name='STIXNonUnicode', style='normal', variant='normal', weight=400, stretch='normal', size='scalable')) = 10.05
LINE 1479: 2025-07-15 09:27:18,690 [DEBUG   ] findfont: score(FontEntry(fname='/usr/local/lib/python3.9/site-packages/matplotlib/mpl-data/fonts/ttf/DejaVuSerif-Bold.ttf', name='DejaVu Serif', style='normal', variant='normal', weight=700, stretch='normal', size='scalable')) = 10.335
LINE 1479: 2025-07-15 09:27:18,690 [DEBUG   ] findfont: score(FontEntry(fname='/usr/local/lib/python3.9/site-packages/matplotlib/mpl-data/fonts/ttf/DejaVuSansMono-Bold.ttf', name='DejaVu Sans Mono', style='normal', variant='normal', weight=700, stretch='normal', size='scalable')) = 10.335
LINE 1479: 2025-07-15 09:27:18,691 [DEBUG   ] findfont: score(FontEntry(fname='/usr/local/lib/python3.9/site-packages/matplotlib/mpl-data/fonts/ttf/STIXSizThreeSymReg.ttf', name='STIXSizeThreeSym', style='normal', variant='normal', weight=400, stretch='normal', size='scalable')) = 0.05
LINE 1479: 2025-07-15 09:27:18,691 [DEBUG   ] findfont: score(FontEntry(fname='/usr/local/lib/python3.9/site-packages/matplotlib/mpl-data/fonts/ttf/STIXSizFiveSymReg.ttf', name='STIXSizeFiveSym', style='normal', variant='normal', weight=400, stretch='normal', size='scalable')) = 10.05
LINE 1479: 2025-07-15 09:27:18,691 [DEBUG   ] findfont: score(FontEntry(fname='/usr/local/lib/python3.9/site-packages/matplotlib/mpl-data/fonts/ttf/cmsy10.ttf', name='cmsy10', style='normal', variant='normal', weight=400, stretch='normal', size='scalable')) = 10.05
LINE 1479: 2025-07-15 09:27:18,691 [DEBUG   ] findfont: score(FontEntry(fname='/usr/local/lib/python3.9/site-packages/matplotlib/mpl-data/fonts/ttf/cmmi10.ttf', name='cmmi10', style='normal', variant='normal', weight=400, stretch='normal', size='scalable')) = 10.05
LINE 1479: 2025-07-15 09:27:18,691 [DEBUG   ] findfont: score(FontEntry(fname='/usr/local/lib/python3.9/site-packages/matplotlib/mpl-data/fonts/ttf/STIXSizTwoSymBol.ttf', name='STIXSizeTwoSym', style='normal', variant='normal', weight=700, stretch='normal', size='scalable')) = 10.335
LINE 1479: 2025-07-15 09:27:18,691 [DEBUG   ] findfont: score(FontEntry(fname='/usr/local/lib/python3.9/site-packages/matplotlib/mpl-data/fonts/ttf/STIXNonUniIta.ttf', name='STIXNonUnicode', style='italic', variant='normal', weight=400, stretch='normal', size='scalable')) = 11.05
LINE 1479: 2025-07-15 09:27:18,691 [DEBUG   ] findfont: score(FontEntry(fname='/usr/local/lib/python3.9/site-packages/matplotlib/mpl-data/fonts/ttf/STIXGeneralItalic.ttf', name='STIXGeneral', style='italic', variant='normal', weight=400, stretch='normal', size='scalable')) = 11.05
LINE 1479: 2025-07-15 09:27:18,691 [DEBUG   ] findfont: score(FontEntry(fname='/usr/local/lib/python3.9/site-packages/matplotlib/mpl-data/fonts/ttf/DejaVuSans-Bold.ttf', name='DejaVu Sans', style='normal', variant='normal', weight=700, stretch='normal', size='scalable')) = 10.335
LINE 1479: 2025-07-15 09:27:18,691 [DEBUG   ] findfont: score(FontEntry(fname='/usr/local/lib/python3.9/site-packages/matplotlib/mpl-data/fonts/ttf/cmtt10.ttf', name='cmtt10', style='normal', variant='normal', weight=400, stretch='normal', size='scalable')) = 10.05
LINE 1479: 2025-07-15 09:27:18,691 [DEBUG   ] findfont: score(FontEntry(fname='/usr/local/lib/python3.9/site-packages/matplotlib/mpl-data/fonts/ttf/STIXSizTwoSymReg.ttf', name='STIXSizeTwoSym', style='normal', variant='normal', weight=400, stretch='normal', size='scalable')) = 10.05
LINE 1479: 2025-07-15 09:27:18,691 [DEBUG   ] findfont: score(FontEntry(fname='/usr/local/lib/python3.9/site-packages/matplotlib/mpl-data/fonts/ttf/DejaVuSans.ttf', name='DejaVu Sans', style='normal', variant='normal', weight=400, stretch='normal', size='scalable')) = 10.05
LINE 1479: 2025-07-15 09:27:18,691 [DEBUG   ] findfont: score(FontEntry(fname='/usr/local/lib/python3.9/site-packages/matplotlib/mpl-data/fonts/ttf/STIXGeneralBol.ttf', name='STIXGeneral', style='normal', variant='normal', weight=700, stretch='normal', size='scalable')) = 10.335
LINE 1479: 2025-07-15 09:27:18,691 [DEBUG   ] findfont: score(FontEntry(fname='/usr/local/lib/python3.9/site-packages/matplotlib/mpl-data/fonts/ttf/DejaVuSansMono-Oblique.ttf', name='DejaVu Sans Mono', style='oblique', variant='normal', weight=400, stretch='normal', size='scalable')) = 11.05
LINE 1479: 2025-07-15 09:27:18,691 [DEBUG   ] findfont: score(FontEntry(fname='/usr/local/lib/python3.9/site-packages/matplotlib/mpl-data/fonts/ttf/STIXGeneral.ttf', name='STIXGeneral', style='normal', variant='normal', weight=400, stretch='normal', size='scalable')) = 10.05
LINE 1479: 2025-07-15 09:27:18,691 [DEBUG   ] findfont: score(FontEntry(fname='/usr/local/lib/python3.9/site-packages/matplotlib/mpl-data/fonts/ttf/STIXGeneralBolIta.ttf', name='STIXGeneral', style='italic', variant='normal', weight=700, stretch='normal', size='scalable')) = 11.335
LINE 1479: 2025-07-15 09:27:18,691 [DEBUG   ] findfont: score(FontEntry(fname='/usr/local/lib/python3.9/site-packages/matplotlib/mpl-data/fonts/ttf/cmss10.ttf', name='cmss10', style='normal', variant='normal', weight=400, stretch='normal', size='scalable')) = 10.05
LINE 1479: 2025-07-15 09:27:18,691 [DEBUG   ] findfont: score(FontEntry(fname='/usr/local/lib/python3.9/site-packages/matplotlib/mpl-data/fonts/ttf/DejaVuSans-BoldOblique.ttf', name='DejaVu Sans', style='oblique', variant='normal', weight=700, stretch='normal', size='scalable')) = 11.335
LINE 1479: 2025-07-15 09:27:18,691 [DEBUG   ] findfont: score(FontEntry(fname='/usr/local/lib/python3.9/site-packages/matplotlib/mpl-data/fonts/ttf/STIXSizOneSymBol.ttf', name='STIXSizeOneSym', style='normal', variant='normal', weight=700, stretch='normal', size='scalable')) = 10.335
LINE 1479: 2025-07-15 09:27:18,691 [DEBUG   ] findfont: score(FontEntry(fname='/usr/local/lib/python3.9/site-packages/matplotlib/mpl-data/fonts/ttf/STIXSizThreeSymBol.ttf', name='STIXSizeThreeSym', style='normal', variant='normal', weight=700, stretch='normal', size='scalable')) = 0.33499999999999996
LINE 1479: 2025-07-15 09:27:18,691 [DEBUG   ] findfont: score(FontEntry(fname='/usr/local/lib/python3.9/site-packages/matplotlib/mpl-data/fonts/ttf/STIXSizOneSymReg.ttf', name='STIXSizeOneSym', style='normal', variant='normal', weight=400, stretch='normal', size='scalable')) = 10.05
LINE 1479: 2025-07-15 09:27:18,691 [DEBUG   ] findfont: score(FontEntry(fname='/usr/local/lib/python3.9/site-packages/matplotlib/mpl-data/fonts/ttf/STIXNonUniBolIta.ttf', name='STIXNonUnicode', style='italic', variant='normal', weight=700, stretch='normal', size='scalable')) = 11.335
LINE 1479: 2025-07-15 09:27:18,691 [DEBUG   ] findfont: score(FontEntry(fname='/usr/share/fonts/truetype/dejavu/DejaVuSansMono-Bold.ttf', name='DejaVu Sans Mono', style='normal', variant='normal', weight=700, stretch='normal', size='scalable')) = 10.335
LINE 1479: 2025-07-15 09:27:18,691 [DEBUG   ] findfont: score(FontEntry(fname='/usr/share/fonts/truetype/dejavu/DejaVuSansMono.ttf', name='DejaVu Sans Mono', style='normal', variant='normal', weight=400, stretch='normal', size='scalable')) = 10.05
LINE 1479: 2025-07-15 09:27:18,691 [DEBUG   ] findfont: score(FontEntry(fname='/usr/share/fonts/truetype/dejavu/DejaVuSans-Bold.ttf', name='DejaVu Sans', style='normal', variant='normal', weight=700, stretch='normal', size='scalable')) = 10.335
LINE 1479: 2025-07-15 09:27:18,691 [DEBUG   ] findfont: score(FontEntry(fname='/usr/share/fonts/truetype/dejavu/DejaVuSerif-Bold.ttf', name='DejaVu Serif', style='normal', variant='normal', weight=700, stretch='normal', size='scalable')) = 10.335
LINE 1479: 2025-07-15 09:27:18,691 [DEBUG   ] findfont: score(FontEntry(fname='/usr/share/fonts/truetype/dejavu/DejaVuSerif.ttf', name='DejaVu Serif', style='normal', variant='normal', weight=400, stretch='normal', size='scalable')) = 10.05
LINE 1479: 2025-07-15 09:27:18,691 [DEBUG   ] findfont: score(FontEntry(fname='/usr/share/fonts/truetype/dejavu/DejaVuSans.ttf', name='DejaVu Sans', style='normal', variant='normal', weight=400, stretch='normal', size='scalable')) = 10.05
LINE 1508: 2025-07-15 09:27:18,691 [DEBUG   ] findfont: Matching STIXSizeThreeSym:style=normal:variant=normal:weight=normal:stretch=normal:size=10.0 to STIXSizeThreeSym ('/usr/local/lib/python3.9/site-packages/matplotlib/mpl-data/fonts/ttf/STIXSizThreeSymReg.ttf') with score of 0.050000.
LINE 1467: 2025-07-15 09:27:18,691 [DEBUG   ] findfont: Matching STIXSizeFourSym:style=normal:variant=normal:weight=normal:stretch=normal:size=10.0.
LINE 1479: 2025-07-15 09:27:18,691 [DEBUG   ] findfont: score(FontEntry(fname='/usr/local/lib/python3.9/site-packages/matplotlib/mpl-data/fonts/ttf/STIXSizFourSymBol.ttf', name='STIXSizeFourSym', style='normal', variant='normal', weight=700, stretch='normal', size='scalable')) = 0.33499999999999996
LINE 1479: 2025-07-15 09:27:18,691 [DEBUG   ] findfont: score(FontEntry(fname='/usr/local/lib/python3.9/site-packages/matplotlib/mpl-data/fonts/ttf/DejaVuSansDisplay.ttf', name='DejaVu Sans Display', style='normal', variant='normal', weight=400, stretch='normal', size='scalable')) = 10.05
LINE 1479: 2025-07-15 09:27:18,692 [DEBUG   ] findfont: score(FontEntry(fname='/usr/local/lib/python3.9/site-packages/matplotlib/mpl-data/fonts/ttf/cmr10.ttf', name='cmr10', style='normal', variant='normal', weight=400, stretch='normal', size='scalable')) = 10.05
LINE 1479: 2025-07-15 09:27:18,692 [DEBUG   ] findfont: score(FontEntry(fname='/usr/local/lib/python3.9/site-packages/matplotlib/mpl-data/fonts/ttf/DejaVuSans-Oblique.ttf', name='DejaVu Sans', style='oblique', variant='normal', weight=400, stretch='normal', size='scalable')) = 11.05
LINE 1479: 2025-07-15 09:27:18,692 [DEBUG   ] findfont: score(FontEntry(fname='/usr/local/lib/python3.9/site-packages/matplotlib/mpl-data/fonts/ttf/DejaVuSerifDisplay.ttf', name='DejaVu Serif Display', style='normal', variant='normal', weight=400, stretch='normal', size='scalable')) = 10.05
LINE 1479: 2025-07-15 09:27:18,692 [DEBUG   ] findfont: score(FontEntry(fname='/usr/local/lib/python3.9/site-packages/matplotlib/mpl-data/fonts/ttf/DejaVuSansMono-BoldOblique.ttf', name='DejaVu Sans Mono', style='oblique', variant='normal', weight=700, stretch='normal', size='scalable')) = 11.335
LINE 1479: 2025-07-15 09:27:18,692 [DEBUG   ] findfont: score(FontEntry(fname='/usr/local/lib/python3.9/site-packages/matplotlib/mpl-data/fonts/ttf/STIXNonUniBol.ttf', name='STIXNonUnicode', style='normal', variant='normal', weight=700, stretch='normal', size='scalable')) = 10.335
LINE 1479: 2025-07-15 09:27:18,692 [DEBUG   ] findfont: score(FontEntry(fname='/usr/local/lib/python3.9/site-packages/matplotlib/mpl-data/fonts/ttf/DejaVuSerif-Italic.ttf', name='DejaVu Serif', style='italic', variant='normal', weight=400, stretch='normal', size='scalable')) = 11.05
LINE 1479: 2025-07-15 09:27:18,692 [DEBUG   ] findfont: score(FontEntry(fname='/usr/local/lib/python3.9/site-packages/matplotlib/mpl-data/fonts/ttf/DejaVuSerif.ttf', name='DejaVu Serif', style='normal', variant='normal', weight=400, stretch='normal', size='scalable')) = 10.05
LINE 1479: 2025-07-15 09:27:18,692 [DEBUG   ] findfont: score(FontEntry(fname='/usr/local/lib/python3.9/site-packages/matplotlib/mpl-data/fonts/ttf/cmex10.ttf', name='cmex10', style='normal', variant='normal', weight=400, stretch='normal', size='scalable')) = 10.05
LINE 1479: 2025-07-15 09:27:18,692 [DEBUG   ] findfont: score(FontEntry(fname='/usr/local/lib/python3.9/site-packages/matplotlib/mpl-data/fonts/ttf/DejaVuSansMono.ttf', name='DejaVu Sans Mono', style='normal', variant='normal', weight=400, stretch='normal', size='scalable')) = 10.05
LINE 1479: 2025-07-15 09:27:18,692 [DEBUG   ] findfont: score(FontEntry(fname='/usr/local/lib/python3.9/site-packages/matplotlib/mpl-data/fonts/ttf/STIXSizFourSymReg.ttf', name='STIXSizeFourSym', style='normal', variant='normal', weight=400, stretch='normal', size='scalable')) = 0.05
LINE 1479: 2025-07-15 09:27:18,692 [DEBUG   ] findfont: score(FontEntry(fname='/usr/local/lib/python3.9/site-packages/matplotlib/mpl-data/fonts/ttf/DejaVuSerif-BoldItalic.ttf', name='DejaVu Serif', style='italic', variant='normal', weight=700, stretch='normal', size='scalable')) = 11.335
LINE 1479: 2025-07-15 09:27:18,692 [DEBUG   ] findfont: score(FontEntry(fname='/usr/local/lib/python3.9/site-packages/matplotlib/mpl-data/fonts/ttf/cmb10.ttf', name='cmb10', style='normal', variant='normal', weight=400, stretch='normal', size='scalable')) = 10.05
LINE 1479: 2025-07-15 09:27:18,692 [DEBUG   ] findfont: score(FontEntry(fname='/usr/local/lib/python3.9/site-packages/matplotlib/mpl-data/fonts/ttf/STIXNonUni.ttf', name='STIXNonUnicode', style='normal', variant='normal', weight=400, stretch='normal', size='scalable')) = 10.05
LINE 1479: 2025-07-15 09:27:18,692 [DEBUG   ] findfont: score(FontEntry(fname='/usr/local/lib/python3.9/site-packages/matplotlib/mpl-data/fonts/ttf/DejaVuSerif-Bold.ttf', name='DejaVu Serif', style='normal', variant='normal', weight=700, stretch='normal', size='scalable')) = 10.335
LINE 1479: 2025-07-15 09:27:18,692 [DEBUG   ] findfont: score(FontEntry(fname='/usr/local/lib/python3.9/site-packages/matplotlib/mpl-data/fonts/ttf/DejaVuSansMono-Bold.ttf', name='DejaVu Sans Mono', style='normal', variant='normal', weight=700, stretch='normal', size='scalable')) = 10.335
LINE 1479: 2025-07-15 09:27:18,692 [DEBUG   ] findfont: score(FontEntry(fname='/usr/local/lib/python3.9/site-packages/matplotlib/mpl-data/fonts/ttf/STIXSizThreeSymReg.ttf', name='STIXSizeThreeSym', style='normal', variant='normal', weight=400, stretch='normal', size='scalable')) = 10.05
LINE 1479: 2025-07-15 09:27:18,692 [DEBUG   ] findfont: score(FontEntry(fname='/usr/local/lib/python3.9/site-packages/matplotlib/mpl-data/fonts/ttf/STIXSizFiveSymReg.ttf', name='STIXSizeFiveSym', style='normal', variant='normal', weight=400, stretch='normal', size='scalable')) = 10.05
LINE 1479: 2025-07-15 09:27:18,692 [DEBUG   ] findfont: score(FontEntry(fname='/usr/local/lib/python3.9/site-packages/matplotlib/mpl-data/fonts/ttf/cmsy10.ttf', name='cmsy10', style='normal', variant='normal', weight=400, stretch='normal', size='scalable')) = 10.05
LINE 1479: 2025-07-15 09:27:18,692 [DEBUG   ] findfont: score(FontEntry(fname='/usr/local/lib/python3.9/site-packages/matplotlib/mpl-data/fonts/ttf/cmmi10.ttf', name='cmmi10', style='normal', variant='normal', weight=400, stretch='normal', size='scalable')) = 10.05
LINE 1479: 2025-07-15 09:27:18,692 [DEBUG   ] findfont: score(FontEntry(fname='/usr/local/lib/python3.9/site-packages/matplotlib/mpl-data/fonts/ttf/STIXSizTwoSymBol.ttf', name='STIXSizeTwoSym', style='normal', variant='normal', weight=700, stretch='normal', size='scalable')) = 10.335
LINE 1479: 2025-07-15 09:27:18,692 [DEBUG   ] findfont: score(FontEntry(fname='/usr/local/lib/python3.9/site-packages/matplotlib/mpl-data/fonts/ttf/STIXNonUniIta.ttf', name='STIXNonUnicode', style='italic', variant='normal', weight=400, stretch='normal', size='scalable')) = 11.05
LINE 1479: 2025-07-15 09:27:18,692 [DEBUG   ] findfont: score(FontEntry(fname='/usr/local/lib/python3.9/site-packages/matplotlib/mpl-data/fonts/ttf/STIXGeneralItalic.ttf', name='STIXGeneral', style='italic', variant='normal', weight=400, stretch='normal', size='scalable')) = 11.05
LINE 1479: 2025-07-15 09:27:18,692 [DEBUG   ] findfont: score(FontEntry(fname='/usr/local/lib/python3.9/site-packages/matplotlib/mpl-data/fonts/ttf/DejaVuSans-Bold.ttf', name='DejaVu Sans', style='normal', variant='normal', weight=700, stretch='normal', size='scalable')) = 10.335
LINE 1479: 2025-07-15 09:27:18,692 [DEBUG   ] findfont: score(FontEntry(fname='/usr/local/lib/python3.9/site-packages/matplotlib/mpl-data/fonts/ttf/cmtt10.ttf', name='cmtt10', style='normal', variant='normal', weight=400, stretch='normal', size='scalable')) = 10.05
LINE 1479: 2025-07-15 09:27:18,692 [DEBUG   ] findfont: score(FontEntry(fname='/usr/local/lib/python3.9/site-packages/matplotlib/mpl-data/fonts/ttf/STIXSizTwoSymReg.ttf', name='STIXSizeTwoSym', style='normal', variant='normal', weight=400, stretch='normal', size='scalable')) = 10.05
LINE 1479: 2025-07-15 09:27:18,692 [DEBUG   ] findfont: score(FontEntry(fname='/usr/local/lib/python3.9/site-packages/matplotlib/mpl-data/fonts/ttf/DejaVuSans.ttf', name='DejaVu Sans', style='normal', variant='normal', weight=400, stretch='normal', size='scalable')) = 10.05
LINE 1479: 2025-07-15 09:27:18,692 [DEBUG   ] findfont: score(FontEntry(fname='/usr/local/lib/python3.9/site-packages/matplotlib/mpl-data/fonts/ttf/STIXGeneralBol.ttf', name='STIXGeneral', style='normal', variant='normal', weight=700, stretch='normal', size='scalable')) = 10.335
LINE 1479: 2025-07-15 09:27:18,692 [DEBUG   ] findfont: score(FontEntry(fname='/usr/local/lib/python3.9/site-packages/matplotlib/mpl-data/fonts/ttf/DejaVuSansMono-Oblique.ttf', name='DejaVu Sans Mono', style='oblique', variant='normal', weight=400, stretch='normal', size='scalable')) = 11.05
LINE 1479: 2025-07-15 09:27:18,692 [DEBUG   ] findfont: score(FontEntry(fname='/usr/local/lib/python3.9/site-packages/matplotlib/mpl-data/fonts/ttf/STIXGeneral.ttf', name='STIXGeneral', style='normal', variant='normal', weight=400, stretch='normal', size='scalable')) = 10.05
LINE 1479: 2025-07-15 09:27:18,692 [DEBUG   ] findfont: score(FontEntry(fname='/usr/local/lib/python3.9/site-packages/matplotlib/mpl-data/fonts/ttf/STIXGeneralBolIta.ttf', name='STIXGeneral', style='italic', variant='normal', weight=700, stretch='normal', size='scalable')) = 11.335
LINE 1479: 2025-07-15 09:27:18,692 [DEBUG   ] findfont: score(FontEntry(fname='/usr/local/lib/python3.9/site-packages/matplotlib/mpl-data/fonts/ttf/cmss10.ttf', name='cmss10', style='normal', variant='normal', weight=400, stretch='normal', size='scalable')) = 10.05
LINE 1479: 2025-07-15 09:27:18,692 [DEBUG   ] findfont: score(FontEntry(fname='/usr/local/lib/python3.9/site-packages/matplotlib/mpl-data/fonts/ttf/DejaVuSans-BoldOblique.ttf', name='DejaVu Sans', style='oblique', variant='normal', weight=700, stretch='normal', size='scalable')) = 11.335
LINE 1479: 2025-07-15 09:27:18,692 [DEBUG   ] findfont: score(FontEntry(fname='/usr/local/lib/python3.9/site-packages/matplotlib/mpl-data/fonts/ttf/STIXSizOneSymBol.ttf', name='STIXSizeOneSym', style='normal', variant='normal', weight=700, stretch='normal', size='scalable')) = 10.335
LINE 1479: 2025-07-15 09:27:18,692 [DEBUG   ] findfont: score(FontEntry(fname='/usr/local/lib/python3.9/site-packages/matplotlib/mpl-data/fonts/ttf/STIXSizThreeSymBol.ttf', name='STIXSizeThreeSym', style='normal', variant='normal', weight=700, stretch='normal', size='scalable')) = 10.335
LINE 1479: 2025-07-15 09:27:18,692 [DEBUG   ] findfont: score(FontEntry(fname='/usr/local/lib/python3.9/site-packages/matplotlib/mpl-data/fonts/ttf/STIXSizOneSymReg.ttf', name='STIXSizeOneSym', style='normal', variant='normal', weight=400, stretch='normal', size='scalable')) = 10.05
LINE 1479: 2025-07-15 09:27:18,692 [DEBUG   ] findfont: score(FontEntry(fname='/usr/local/lib/python3.9/site-packages/matplotlib/mpl-data/fonts/ttf/STIXNonUniBolIta.ttf', name='STIXNonUnicode', style='italic', variant='normal', weight=700, stretch='normal', size='scalable')) = 11.335
LINE 1479: 2025-07-15 09:27:18,692 [DEBUG   ] findfont: score(FontEntry(fname='/usr/share/fonts/truetype/dejavu/DejaVuSansMono-Bold.ttf', name='DejaVu Sans Mono', style='normal', variant='normal', weight=700, stretch='normal', size='scalable')) = 10.335
LINE 1479: 2025-07-15 09:27:18,692 [DEBUG   ] findfont: score(FontEntry(fname='/usr/share/fonts/truetype/dejavu/DejaVuSansMono.ttf', name='DejaVu Sans Mono', style='normal', variant='normal', weight=400, stretch='normal', size='scalable')) = 10.05
LINE 1479: 2025-07-15 09:27:18,692 [DEBUG   ] findfont: score(FontEntry(fname='/usr/share/fonts/truetype/dejavu/DejaVuSans-Bold.ttf', name='DejaVu Sans', style='normal', variant='normal', weight=700, stretch='normal', size='scalable')) = 10.335
LINE 1479: 2025-07-15 09:27:18,692 [DEBUG   ] findfont: score(FontEntry(fname='/usr/share/fonts/truetype/dejavu/DejaVuSerif-Bold.ttf', name='DejaVu Serif', style='normal', variant='normal', weight=700, stretch='normal', size='scalable')) = 10.335
LINE 1479: 2025-07-15 09:27:18,693 [DEBUG   ] findfont: score(FontEntry(fname='/usr/share/fonts/truetype/dejavu/DejaVuSerif.ttf', name='DejaVu Serif', style='normal', variant='normal', weight=400, stretch='normal', size='scalable')) = 10.05
LINE 1479: 2025-07-15 09:27:18,693 [DEBUG   ] findfont: score(FontEntry(fname='/usr/share/fonts/truetype/dejavu/DejaVuSans.ttf', name='DejaVu Sans', style='normal', variant='normal', weight=400, stretch='normal', size='scalable')) = 10.05
LINE 1508: 2025-07-15 09:27:18,693 [DEBUG   ] findfont: Matching STIXSizeFourSym:style=normal:variant=normal:weight=normal:stretch=normal:size=10.0 to STIXSizeFourSym ('/usr/local/lib/python3.9/site-packages/matplotlib/mpl-data/fonts/ttf/STIXSizFourSymReg.ttf') with score of 0.050000.
LINE 1467: 2025-07-15 09:27:18,693 [DEBUG   ] findfont: Matching STIXSizeFiveSym:style=normal:variant=normal:weight=normal:stretch=normal:size=10.0.
LINE 1479: 2025-07-15 09:27:18,693 [DEBUG   ] findfont: score(FontEntry(fname='/usr/local/lib/python3.9/site-packages/matplotlib/mpl-data/fonts/ttf/STIXSizFourSymBol.ttf', name='STIXSizeFourSym', style='normal', variant='normal', weight=700, stretch='normal', size='scalable')) = 10.335
LINE 1479: 2025-07-15 09:27:18,693 [DEBUG   ] findfont: score(FontEntry(fname='/usr/local/lib/python3.9/site-packages/matplotlib/mpl-data/fonts/ttf/DejaVuSansDisplay.ttf', name='DejaVu Sans Display', style='normal', variant='normal', weight=400, stretch='normal', size='scalable')) = 10.05
LINE 1479: 2025-07-15 09:27:18,693 [DEBUG   ] findfont: score(FontEntry(fname='/usr/local/lib/python3.9/site-packages/matplotlib/mpl-data/fonts/ttf/cmr10.ttf', name='cmr10', style='normal', variant='normal', weight=400, stretch='normal', size='scalable')) = 10.05
LINE 1479: 2025-07-15 09:27:18,693 [DEBUG   ] findfont: score(FontEntry(fname='/usr/local/lib/python3.9/site-packages/matplotlib/mpl-data/fonts/ttf/DejaVuSans-Oblique.ttf', name='DejaVu Sans', style='oblique', variant='normal', weight=400, stretch='normal', size='scalable')) = 11.05
LINE 1479: 2025-07-15 09:27:18,693 [DEBUG   ] findfont: score(FontEntry(fname='/usr/local/lib/python3.9/site-packages/matplotlib/mpl-data/fonts/ttf/DejaVuSerifDisplay.ttf', name='DejaVu Serif Display', style='normal', variant='normal', weight=400, stretch='normal', size='scalable')) = 10.05
LINE 1479: 2025-07-15 09:27:18,693 [DEBUG   ] findfont: score(FontEntry(fname='/usr/local/lib/python3.9/site-packages/matplotlib/mpl-data/fonts/ttf/DejaVuSansMono-BoldOblique.ttf', name='DejaVu Sans Mono', style='oblique', variant='normal', weight=700, stretch='normal', size='scalable')) = 11.335
LINE 1479: 2025-07-15 09:27:18,693 [DEBUG   ] findfont: score(FontEntry(fname='/usr/local/lib/python3.9/site-packages/matplotlib/mpl-data/fonts/ttf/STIXNonUniBol.ttf', name='STIXNonUnicode', style='normal', variant='normal', weight=700, stretch='normal', size='scalable')) = 10.335
LINE 1479: 2025-07-15 09:27:18,693 [DEBUG   ] findfont: score(FontEntry(fname='/usr/local/lib/python3.9/site-packages/matplotlib/mpl-data/fonts/ttf/DejaVuSerif-Italic.ttf', name='DejaVu Serif', style='italic', variant='normal', weight=400, stretch='normal', size='scalable')) = 11.05
LINE 1479: 2025-07-15 09:27:18,693 [DEBUG   ] findfont: score(FontEntry(fname='/usr/local/lib/python3.9/site-packages/matplotlib/mpl-data/fonts/ttf/DejaVuSerif.ttf', name='DejaVu Serif', style='normal', variant='normal', weight=400, stretch='normal', size='scalable')) = 10.05
LINE 1479: 2025-07-15 09:27:18,693 [DEBUG   ] findfont: score(FontEntry(fname='/usr/local/lib/python3.9/site-packages/matplotlib/mpl-data/fonts/ttf/cmex10.ttf', name='cmex10', style='normal', variant='normal', weight=400, stretch='normal', size='scalable')) = 10.05
LINE 1479: 2025-07-15 09:27:18,693 [DEBUG   ] findfont: score(FontEntry(fname='/usr/local/lib/python3.9/site-packages/matplotlib/mpl-data/fonts/ttf/DejaVuSansMono.ttf', name='DejaVu Sans Mono', style='normal', variant='normal', weight=400, stretch='normal', size='scalable')) = 10.05
LINE 1479: 2025-07-15 09:27:18,693 [DEBUG   ] findfont: score(FontEntry(fname='/usr/local/lib/python3.9/site-packages/matplotlib/mpl-data/fonts/ttf/STIXSizFourSymReg.ttf', name='STIXSizeFourSym', style='normal', variant='normal', weight=400, stretch='normal', size='scalable')) = 10.05
LINE 1479: 2025-07-15 09:27:18,693 [DEBUG   ] findfont: score(FontEntry(fname='/usr/local/lib/python3.9/site-packages/matplotlib/mpl-data/fonts/ttf/DejaVuSerif-BoldItalic.ttf', name='DejaVu Serif', style='italic', variant='normal', weight=700, stretch='normal', size='scalable')) = 11.335
LINE 1479: 2025-07-15 09:27:18,693 [DEBUG   ] findfont: score(FontEntry(fname='/usr/local/lib/python3.9/site-packages/matplotlib/mpl-data/fonts/ttf/cmb10.ttf', name='cmb10', style='normal', variant='normal', weight=400, stretch='normal', size='scalable')) = 10.05
LINE 1479: 2025-07-15 09:27:18,693 [DEBUG   ] findfont: score(FontEntry(fname='/usr/local/lib/python3.9/site-packages/matplotlib/mpl-data/fonts/ttf/STIXNonUni.ttf', name='STIXNonUnicode', style='normal', variant='normal', weight=400, stretch='normal', size='scalable')) = 10.05
LINE 1479: 2025-07-15 09:27:18,693 [DEBUG   ] findfont: score(FontEntry(fname='/usr/local/lib/python3.9/site-packages/matplotlib/mpl-data/fonts/ttf/DejaVuSerif-Bold.ttf', name='DejaVu Serif', style='normal', variant='normal', weight=700, stretch='normal', size='scalable')) = 10.335
LINE 1479: 2025-07-15 09:27:18,693 [DEBUG   ] findfont: score(FontEntry(fname='/usr/local/lib/python3.9/site-packages/matplotlib/mpl-data/fonts/ttf/DejaVuSansMono-Bold.ttf', name='DejaVu Sans Mono', style='normal', variant='normal', weight=700, stretch='normal', size='scalable')) = 10.335
LINE 1479: 2025-07-15 09:27:18,693 [DEBUG   ] findfont: score(FontEntry(fname='/usr/local/lib/python3.9/site-packages/matplotlib/mpl-data/fonts/ttf/STIXSizThreeSymReg.ttf', name='STIXSizeThreeSym', style='normal', variant='normal', weight=400, stretch='normal', size='scalable')) = 10.05
LINE 1479: 2025-07-15 09:27:18,693 [DEBUG   ] findfont: score(FontEntry(fname='/usr/local/lib/python3.9/site-packages/matplotlib/mpl-data/fonts/ttf/STIXSizFiveSymReg.ttf', name='STIXSizeFiveSym', style='normal', variant='normal', weight=400, stretch='normal', size='scalable')) = 0.05
LINE 1479: 2025-07-15 09:27:18,693 [DEBUG   ] findfont: score(FontEntry(fname='/usr/local/lib/python3.9/site-packages/matplotlib/mpl-data/fonts/ttf/cmsy10.ttf', name='cmsy10', style='normal', variant='normal', weight=400, stretch='normal', size='scalable')) = 10.05
LINE 1479: 2025-07-15 09:27:18,693 [DEBUG   ] findfont: score(FontEntry(fname='/usr/local/lib/python3.9/site-packages/matplotlib/mpl-data/fonts/ttf/cmmi10.ttf', name='cmmi10', style='normal', variant='normal', weight=400, stretch='normal', size='scalable')) = 10.05
LINE 1479: 2025-07-15 09:27:18,693 [DEBUG   ] findfont: score(FontEntry(fname='/usr/local/lib/python3.9/site-packages/matplotlib/mpl-data/fonts/ttf/STIXSizTwoSymBol.ttf', name='STIXSizeTwoSym', style='normal', variant='normal', weight=700, stretch='normal', size='scalable')) = 10.335
LINE 1479: 2025-07-15 09:27:18,693 [DEBUG   ] findfont: score(FontEntry(fname='/usr/local/lib/python3.9/site-packages/matplotlib/mpl-data/fonts/ttf/STIXNonUniIta.ttf', name='STIXNonUnicode', style='italic', variant='normal', weight=400, stretch='normal', size='scalable')) = 11.05
LINE 1479: 2025-07-15 09:27:18,693 [DEBUG   ] findfont: score(FontEntry(fname='/usr/local/lib/python3.9/site-packages/matplotlib/mpl-data/fonts/ttf/STIXGeneralItalic.ttf', name='STIXGeneral', style='italic', variant='normal', weight=400, stretch='normal', size='scalable')) = 11.05
LINE 1479: 2025-07-15 09:27:18,693 [DEBUG   ] findfont: score(FontEntry(fname='/usr/local/lib/python3.9/site-packages/matplotlib/mpl-data/fonts/ttf/DejaVuSans-Bold.ttf', name='DejaVu Sans', style='normal', variant='normal', weight=700, stretch='normal', size='scalable')) = 10.335
LINE 1479: 2025-07-15 09:27:18,693 [DEBUG   ] findfont: score(FontEntry(fname='/usr/local/lib/python3.9/site-packages/matplotlib/mpl-data/fonts/ttf/cmtt10.ttf', name='cmtt10', style='normal', variant='normal', weight=400, stretch='normal', size='scalable')) = 10.05
LINE 1479: 2025-07-15 09:27:18,694 [DEBUG   ] findfont: score(FontEntry(fname='/usr/local/lib/python3.9/site-packages/matplotlib/mpl-data/fonts/ttf/STIXSizTwoSymReg.ttf', name='STIXSizeTwoSym', style='normal', variant='normal', weight=400, stretch='normal', size='scalable')) = 10.05
LINE 1479: 2025-07-15 09:27:18,694 [DEBUG   ] findfont: score(FontEntry(fname='/usr/local/lib/python3.9/site-packages/matplotlib/mpl-data/fonts/ttf/DejaVuSans.ttf', name='DejaVu Sans', style='normal', variant='normal', weight=400, stretch='normal', size='scalable')) = 10.05
LINE 1479: 2025-07-15 09:27:18,694 [DEBUG   ] findfont: score(FontEntry(fname='/usr/local/lib/python3.9/site-packages/matplotlib/mpl-data/fonts/ttf/STIXGeneralBol.ttf', name='STIXGeneral', style='normal', variant='normal', weight=700, stretch='normal', size='scalable')) = 10.335
LINE 1479: 2025-07-15 09:27:18,694 [DEBUG   ] findfont: score(FontEntry(fname='/usr/local/lib/python3.9/site-packages/matplotlib/mpl-data/fonts/ttf/DejaVuSansMono-Oblique.ttf', name='DejaVu Sans Mono', style='oblique', variant='normal', weight=400, stretch='normal', size='scalable')) = 11.05
LINE 1479: 2025-07-15 09:27:18,694 [DEBUG   ] findfont: score(FontEntry(fname='/usr/local/lib/python3.9/site-packages/matplotlib/mpl-data/fonts/ttf/STIXGeneral.ttf', name='STIXGeneral', style='normal', variant='normal', weight=400, stretch='normal', size='scalable')) = 10.05
LINE 1479: 2025-07-15 09:27:18,694 [DEBUG   ] findfont: score(FontEntry(fname='/usr/local/lib/python3.9/site-packages/matplotlib/mpl-data/fonts/ttf/STIXGeneralBolIta.ttf', name='STIXGeneral', style='italic', variant='normal', weight=700, stretch='normal', size='scalable')) = 11.335
LINE 1479: 2025-07-15 09:27:18,694 [DEBUG   ] findfont: score(FontEntry(fname='/usr/local/lib/python3.9/site-packages/matplotlib/mpl-data/fonts/ttf/cmss10.ttf', name='cmss10', style='normal', variant='normal', weight=400, stretch='normal', size='scalable')) = 10.05
LINE 1479: 2025-07-15 09:27:18,694 [DEBUG   ] findfont: score(FontEntry(fname='/usr/local/lib/python3.9/site-packages/matplotlib/mpl-data/fonts/ttf/DejaVuSans-BoldOblique.ttf', name='DejaVu Sans', style='oblique', variant='normal', weight=700, stretch='normal', size='scalable')) = 11.335
LINE 1479: 2025-07-15 09:27:18,694 [DEBUG   ] findfont: score(FontEntry(fname='/usr/local/lib/python3.9/site-packages/matplotlib/mpl-data/fonts/ttf/STIXSizOneSymBol.ttf', name='STIXSizeOneSym', style='normal', variant='normal', weight=700, stretch='normal', size='scalable')) = 10.335
LINE 1479: 2025-07-15 09:27:18,694 [DEBUG   ] findfont: score(FontEntry(fname='/usr/local/lib/python3.9/site-packages/matplotlib/mpl-data/fonts/ttf/STIXSizThreeSymBol.ttf', name='STIXSizeThreeSym', style='normal', variant='normal', weight=700, stretch='normal', size='scalable')) = 10.335
LINE 1479: 2025-07-15 09:27:18,694 [DEBUG   ] findfont: score(FontEntry(fname='/usr/local/lib/python3.9/site-packages/matplotlib/mpl-data/fonts/ttf/STIXSizOneSymReg.ttf', name='STIXSizeOneSym', style='normal', variant='normal', weight=400, stretch='normal', size='scalable')) = 10.05
LINE 1479: 2025-07-15 09:27:18,694 [DEBUG   ] findfont: score(FontEntry(fname='/usr/local/lib/python3.9/site-packages/matplotlib/mpl-data/fonts/ttf/STIXNonUniBolIta.ttf', name='STIXNonUnicode', style='italic', variant='normal', weight=700, stretch='normal', size='scalable')) = 11.335
LINE 1479: 2025-07-15 09:27:18,694 [DEBUG   ] findfont: score(FontEntry(fname='/usr/share/fonts/truetype/dejavu/DejaVuSansMono-Bold.ttf', name='DejaVu Sans Mono', style='normal', variant='normal', weight=700, stretch='normal', size='scalable')) = 10.335
LINE 1479: 2025-07-15 09:27:18,694 [DEBUG   ] findfont: score(FontEntry(fname='/usr/share/fonts/truetype/dejavu/DejaVuSansMono.ttf', name='DejaVu Sans Mono', style='normal', variant='normal', weight=400, stretch='normal', size='scalable')) = 10.05
LINE 1479: 2025-07-15 09:27:18,694 [DEBUG   ] findfont: score(FontEntry(fname='/usr/share/fonts/truetype/dejavu/DejaVuSans-Bold.ttf', name='DejaVu Sans', style='normal', variant='normal', weight=700, stretch='normal', size='scalable')) = 10.335
LINE 1479: 2025-07-15 09:27:18,694 [DEBUG   ] findfont: score(FontEntry(fname='/usr/share/fonts/truetype/dejavu/DejaVuSerif-Bold.ttf', name='DejaVu Serif', style='normal', variant='normal', weight=700, stretch='normal', size='scalable')) = 10.335
LINE 1479: 2025-07-15 09:27:18,694 [DEBUG   ] findfont: score(FontEntry(fname='/usr/share/fonts/truetype/dejavu/DejaVuSerif.ttf', name='DejaVu Serif', style='normal', variant='normal', weight=400, stretch='normal', size='scalable')) = 10.05
LINE 1479: 2025-07-15 09:27:18,694 [DEBUG   ] findfont: score(FontEntry(fname='/usr/share/fonts/truetype/dejavu/DejaVuSans.ttf', name='DejaVu Sans', style='normal', variant='normal', weight=400, stretch='normal', size='scalable')) = 10.05
LINE 1508: 2025-07-15 09:27:18,694 [DEBUG   ] findfont: Matching STIXSizeFiveSym:style=normal:variant=normal:weight=normal:stretch=normal:size=10.0 to STIXSizeFiveSym ('/usr/local/lib/python3.9/site-packages/matplotlib/mpl-data/fonts/ttf/STIXSizFiveSymReg.ttf') with score of 0.050000.
LINE 1467: 2025-07-15 09:27:18,694 [DEBUG   ] findfont: Matching cmsy10:style=normal:variant=normal:weight=normal:stretch=normal:size=10.0.
LINE 1479: 2025-07-15 09:27:18,694 [DEBUG   ] findfont: score(FontEntry(fname='/usr/local/lib/python3.9/site-packages/matplotlib/mpl-data/fonts/ttf/STIXSizFourSymBol.ttf', name='STIXSizeFourSym', style='normal', variant='normal', weight=700, stretch='normal', size='scalable')) = 10.335
LINE 1479: 2025-07-15 09:27:18,694 [DEBUG   ] findfont: score(FontEntry(fname='/usr/local/lib/python3.9/site-packages/matplotlib/mpl-data/fonts/ttf/DejaVuSansDisplay.ttf', name='DejaVu Sans Display', style='normal', variant='normal', weight=400, stretch='normal', size='scalable')) = 10.05
LINE 1479: 2025-07-15 09:27:18,694 [DEBUG   ] findfont: score(FontEntry(fname='/usr/local/lib/python3.9/site-packages/matplotlib/mpl-data/fonts/ttf/cmr10.ttf', name='cmr10', style='normal', variant='normal', weight=400, stretch='normal', size='scalable')) = 10.05
LINE 1479: 2025-07-15 09:27:18,694 [DEBUG   ] findfont: score(FontEntry(fname='/usr/local/lib/python3.9/site-packages/matplotlib/mpl-data/fonts/ttf/DejaVuSans-Oblique.ttf', name='DejaVu Sans', style='oblique', variant='normal', weight=400, stretch='normal', size='scalable')) = 11.05
LINE 1479: 2025-07-15 09:27:18,694 [DEBUG   ] findfont: score(FontEntry(fname='/usr/local/lib/python3.9/site-packages/matplotlib/mpl-data/fonts/ttf/DejaVuSerifDisplay.ttf', name='DejaVu Serif Display', style='normal', variant='normal', weight=400, stretch='normal', size='scalable')) = 10.05
LINE 1479: 2025-07-15 09:27:18,694 [DEBUG   ] findfont: score(FontEntry(fname='/usr/local/lib/python3.9/site-packages/matplotlib/mpl-data/fonts/ttf/DejaVuSansMono-BoldOblique.ttf', name='DejaVu Sans Mono', style='oblique', variant='normal', weight=700, stretch='normal', size='scalable')) = 11.335
LINE 1479: 2025-07-15 09:27:18,694 [DEBUG   ] findfont: score(FontEntry(fname='/usr/local/lib/python3.9/site-packages/matplotlib/mpl-data/fonts/ttf/STIXNonUniBol.ttf', name='STIXNonUnicode', style='normal', variant='normal', weight=700, stretch='normal', size='scalable')) = 10.335
LINE 1479: 2025-07-15 09:27:18,694 [DEBUG   ] findfont: score(FontEntry(fname='/usr/local/lib/python3.9/site-packages/matplotlib/mpl-data/fonts/ttf/DejaVuSerif-Italic.ttf', name='DejaVu Serif', style='italic', variant='normal', weight=400, stretch='normal', size='scalable')) = 11.05
LINE 1479: 2025-07-15 09:27:18,695 [DEBUG   ] findfont: score(FontEntry(fname='/usr/local/lib/python3.9/site-packages/matplotlib/mpl-data/fonts/ttf/DejaVuSerif.ttf', name='DejaVu Serif', style='normal', variant='normal', weight=400, stretch='normal', size='scalable')) = 10.05
LINE 1479: 2025-07-15 09:27:18,695 [DEBUG   ] findfont: score(FontEntry(fname='/usr/local/lib/python3.9/site-packages/matplotlib/mpl-data/fonts/ttf/cmex10.ttf', name='cmex10', style='normal', variant='normal', weight=400, stretch='normal', size='scalable')) = 10.05
LINE 1479: 2025-07-15 09:27:18,695 [DEBUG   ] findfont: score(FontEntry(fname='/usr/local/lib/python3.9/site-packages/matplotlib/mpl-data/fonts/ttf/DejaVuSansMono.ttf', name='DejaVu Sans Mono', style='normal', variant='normal', weight=400, stretch='normal', size='scalable')) = 10.05
LINE 1479: 2025-07-15 09:27:18,695 [DEBUG   ] findfont: score(FontEntry(fname='/usr/local/lib/python3.9/site-packages/matplotlib/mpl-data/fonts/ttf/STIXSizFourSymReg.ttf', name='STIXSizeFourSym', style='normal', variant='normal', weight=400, stretch='normal', size='scalable')) = 10.05
LINE 1479: 2025-07-15 09:27:18,695 [DEBUG   ] findfont: score(FontEntry(fname='/usr/local/lib/python3.9/site-packages/matplotlib/mpl-data/fonts/ttf/DejaVuSerif-BoldItalic.ttf', name='DejaVu Serif', style='italic', variant='normal', weight=700, stretch='normal', size='scalable')) = 11.335
LINE 1479: 2025-07-15 09:27:18,695 [DEBUG   ] findfont: score(FontEntry(fname='/usr/local/lib/python3.9/site-packages/matplotlib/mpl-data/fonts/ttf/cmb10.ttf', name='cmb10', style='normal', variant='normal', weight=400, stretch='normal', size='scalable')) = 10.05
LINE 1479: 2025-07-15 09:27:18,695 [DEBUG   ] findfont: score(FontEntry(fname='/usr/local/lib/python3.9/site-packages/matplotlib/mpl-data/fonts/ttf/STIXNonUni.ttf', name='STIXNonUnicode', style='normal', variant='normal', weight=400, stretch='normal', size='scalable')) = 10.05
LINE 1479: 2025-07-15 09:27:18,695 [DEBUG   ] findfont: score(FontEntry(fname='/usr/local/lib/python3.9/site-packages/matplotlib/mpl-data/fonts/ttf/DejaVuSerif-Bold.ttf', name='DejaVu Serif', style='normal', variant='normal', weight=700, stretch='normal', size='scalable')) = 10.335
LINE 1479: 2025-07-15 09:27:18,695 [DEBUG   ] findfont: score(FontEntry(fname='/usr/local/lib/python3.9/site-packages/matplotlib/mpl-data/fonts/ttf/DejaVuSansMono-Bold.ttf', name='DejaVu Sans Mono', style='normal', variant='normal', weight=700, stretch='normal', size='scalable')) = 10.335
LINE 1479: 2025-07-15 09:27:18,695 [DEBUG   ] findfont: score(FontEntry(fname='/usr/local/lib/python3.9/site-packages/matplotlib/mpl-data/fonts/ttf/STIXSizThreeSymReg.ttf', name='STIXSizeThreeSym', style='normal', variant='normal', weight=400, stretch='normal', size='scalable')) = 10.05
LINE 1479: 2025-07-15 09:27:18,695 [DEBUG   ] findfont: score(FontEntry(fname='/usr/local/lib/python3.9/site-packages/matplotlib/mpl-data/fonts/ttf/STIXSizFiveSymReg.ttf', name='STIXSizeFiveSym', style='normal', variant='normal', weight=400, stretch='normal', size='scalable')) = 10.05
LINE 1479: 2025-07-15 09:27:18,695 [DEBUG   ] findfont: score(FontEntry(fname='/usr/local/lib/python3.9/site-packages/matplotlib/mpl-data/fonts/ttf/cmsy10.ttf', name='cmsy10', style='normal', variant='normal', weight=400, stretch='normal', size='scalable')) = 0.05
LINE 1479: 2025-07-15 09:27:18,695 [DEBUG   ] findfont: score(FontEntry(fname='/usr/local/lib/python3.9/site-packages/matplotlib/mpl-data/fonts/ttf/cmmi10.ttf', name='cmmi10', style='normal', variant='normal', weight=400, stretch='normal', size='scalable')) = 10.05
LINE 1479: 2025-07-15 09:27:18,695 [DEBUG   ] findfont: score(FontEntry(fname='/usr/local/lib/python3.9/site-packages/matplotlib/mpl-data/fonts/ttf/STIXSizTwoSymBol.ttf', name='STIXSizeTwoSym', style='normal', variant='normal', weight=700, stretch='normal', size='scalable')) = 10.335
LINE 1479: 2025-07-15 09:27:18,695 [DEBUG   ] findfont: score(FontEntry(fname='/usr/local/lib/python3.9/site-packages/matplotlib/mpl-data/fonts/ttf/STIXNonUniIta.ttf', name='STIXNonUnicode', style='italic', variant='normal', weight=400, stretch='normal', size='scalable')) = 11.05
LINE 1479: 2025-07-15 09:27:18,695 [DEBUG   ] findfont: score(FontEntry(fname='/usr/local/lib/python3.9/site-packages/matplotlib/mpl-data/fonts/ttf/STIXGeneralItalic.ttf', name='STIXGeneral', style='italic', variant='normal', weight=400, stretch='normal', size='scalable')) = 11.05
LINE 1479: 2025-07-15 09:27:18,695 [DEBUG   ] findfont: score(FontEntry(fname='/usr/local/lib/python3.9/site-packages/matplotlib/mpl-data/fonts/ttf/DejaVuSans-Bold.ttf', name='DejaVu Sans', style='normal', variant='normal', weight=700, stretch='normal', size='scalable')) = 10.335
LINE 1479: 2025-07-15 09:27:18,695 [DEBUG   ] findfont: score(FontEntry(fname='/usr/local/lib/python3.9/site-packages/matplotlib/mpl-data/fonts/ttf/cmtt10.ttf', name='cmtt10', style='normal', variant='normal', weight=400, stretch='normal', size='scalable')) = 10.05
LINE 1479: 2025-07-15 09:27:18,695 [DEBUG   ] findfont: score(FontEntry(fname='/usr/local/lib/python3.9/site-packages/matplotlib/mpl-data/fonts/ttf/STIXSizTwoSymReg.ttf', name='STIXSizeTwoSym', style='normal', variant='normal', weight=400, stretch='normal', size='scalable')) = 10.05
LINE 1479: 2025-07-15 09:27:18,695 [DEBUG   ] findfont: score(FontEntry(fname='/usr/local/lib/python3.9/site-packages/matplotlib/mpl-data/fonts/ttf/DejaVuSans.ttf', name='DejaVu Sans', style='normal', variant='normal', weight=400, stretch='normal', size='scalable')) = 10.05
LINE 1479: 2025-07-15 09:27:18,695 [DEBUG   ] findfont: score(FontEntry(fname='/usr/local/lib/python3.9/site-packages/matplotlib/mpl-data/fonts/ttf/STIXGeneralBol.ttf', name='STIXGeneral', style='normal', variant='normal', weight=700, stretch='normal', size='scalable')) = 10.335
LINE 1479: 2025-07-15 09:27:18,695 [DEBUG   ] findfont: score(FontEntry(fname='/usr/local/lib/python3.9/site-packages/matplotlib/mpl-data/fonts/ttf/DejaVuSansMono-Oblique.ttf', name='DejaVu Sans Mono', style='oblique', variant='normal', weight=400, stretch='normal', size='scalable')) = 11.05
LINE 1479: 2025-07-15 09:27:18,695 [DEBUG   ] findfont: score(FontEntry(fname='/usr/local/lib/python3.9/site-packages/matplotlib/mpl-data/fonts/ttf/STIXGeneral.ttf', name='STIXGeneral', style='normal', variant='normal', weight=400, stretch='normal', size='scalable')) = 10.05
LINE 1479: 2025-07-15 09:27:18,695 [DEBUG   ] findfont: score(FontEntry(fname='/usr/local/lib/python3.9/site-packages/matplotlib/mpl-data/fonts/ttf/STIXGeneralBolIta.ttf', name='STIXGeneral', style='italic', variant='normal', weight=700, stretch='normal', size='scalable')) = 11.335
LINE 1479: 2025-07-15 09:27:18,695 [DEBUG   ] findfont: score(FontEntry(fname='/usr/local/lib/python3.9/site-packages/matplotlib/mpl-data/fonts/ttf/cmss10.ttf', name='cmss10', style='normal', variant='normal', weight=400, stretch='normal', size='scalable')) = 10.05
LINE 1479: 2025-07-15 09:27:18,695 [DEBUG   ] findfont: score(FontEntry(fname='/usr/local/lib/python3.9/site-packages/matplotlib/mpl-data/fonts/ttf/DejaVuSans-BoldOblique.ttf', name='DejaVu Sans', style='oblique', variant='normal', weight=700, stretch='normal', size='scalable')) = 11.335
LINE 1479: 2025-07-15 09:27:18,695 [DEBUG   ] findfont: score(FontEntry(fname='/usr/local/lib/python3.9/site-packages/matplotlib/mpl-data/fonts/ttf/STIXSizOneSymBol.ttf', name='STIXSizeOneSym', style='normal', variant='normal', weight=700, stretch='normal', size='scalable')) = 10.335
LINE 1479: 2025-07-15 09:27:18,695 [DEBUG   ] findfont: score(FontEntry(fname='/usr/local/lib/python3.9/site-packages/matplotlib/mpl-data/fonts/ttf/STIXSizThreeSymBol.ttf', name='STIXSizeThreeSym', style='normal', variant='normal', weight=700, stretch='normal', size='scalable')) = 10.335
LINE 1479: 2025-07-15 09:27:18,695 [DEBUG   ] findfont: score(FontEntry(fname='/usr/local/lib/python3.9/site-packages/matplotlib/mpl-data/fonts/ttf/STIXSizOneSymReg.ttf', name='STIXSizeOneSym', style='normal', variant='normal', weight=400, stretch='normal', size='scalable')) = 10.05
LINE 1479: 2025-07-15 09:27:18,695 [DEBUG   ] findfont: score(FontEntry(fname='/usr/local/lib/python3.9/site-packages/matplotlib/mpl-data/fonts/ttf/STIXNonUniBolIta.ttf', name='STIXNonUnicode', style='italic', variant='normal', weight=700, stretch='normal', size='scalable')) = 11.335
LINE 1479: 2025-07-15 09:27:18,695 [DEBUG   ] findfont: score(FontEntry(fname='/usr/share/fonts/truetype/dejavu/DejaVuSansMono-Bold.ttf', name='DejaVu Sans Mono', style='normal', variant='normal', weight=700, stretch='normal', size='scalable')) = 10.335
LINE 1479: 2025-07-15 09:27:18,695 [DEBUG   ] findfont: score(FontEntry(fname='/usr/share/fonts/truetype/dejavu/DejaVuSansMono.ttf', name='DejaVu Sans Mono', style='normal', variant='normal', weight=400, stretch='normal', size='scalable')) = 10.05
LINE 1479: 2025-07-15 09:27:18,695 [DEBUG   ] findfont: score(FontEntry(fname='/usr/share/fonts/truetype/dejavu/DejaVuSans-Bold.ttf', name='DejaVu Sans', style='normal', variant='normal', weight=700, stretch='normal', size='scalable')) = 10.335
LINE 1479: 2025-07-15 09:27:18,695 [DEBUG   ] findfont: score(FontEntry(fname='/usr/share/fonts/truetype/dejavu/DejaVuSerif-Bold.ttf', name='DejaVu Serif', style='normal', variant='normal', weight=700, stretch='normal', size='scalable')) = 10.335
LINE 1479: 2025-07-15 09:27:18,695 [DEBUG   ] findfont: score(FontEntry(fname='/usr/share/fonts/truetype/dejavu/DejaVuSerif.ttf', name='DejaVu Serif', style='normal', variant='normal', weight=400, stretch='normal', size='scalable')) = 10.05
LINE 1479: 2025-07-15 09:27:18,695 [DEBUG   ] findfont: score(FontEntry(fname='/usr/share/fonts/truetype/dejavu/DejaVuSans.ttf', name='DejaVu Sans', style='normal', variant='normal', weight=400, stretch='normal', size='scalable')) = 10.05
LINE 1508: 2025-07-15 09:27:18,695 [DEBUG   ] findfont: Matching cmsy10:style=normal:variant=normal:weight=normal:stretch=normal:size=10.0 to cmsy10 ('/usr/local/lib/python3.9/site-packages/matplotlib/mpl-data/fonts/ttf/cmsy10.ttf') with score of 0.050000.
LINE 1467: 2025-07-15 09:27:18,696 [DEBUG   ] findfont: Matching cmr10:style=normal:variant=normal:weight=normal:stretch=normal:size=10.0.
LINE 1479: 2025-07-15 09:27:18,696 [DEBUG   ] findfont: score(FontEntry(fname='/usr/local/lib/python3.9/site-packages/matplotlib/mpl-data/fonts/ttf/STIXSizFourSymBol.ttf', name='STIXSizeFourSym', style='normal', variant='normal', weight=700, stretch='normal', size='scalable')) = 10.335
LINE 1479: 2025-07-15 09:27:18,696 [DEBUG   ] findfont: score(FontEntry(fname='/usr/local/lib/python3.9/site-packages/matplotlib/mpl-data/fonts/ttf/DejaVuSansDisplay.ttf', name='DejaVu Sans Display', style='normal', variant='normal', weight=400, stretch='normal', size='scalable')) = 10.05
LINE 1479: 2025-07-15 09:27:18,696 [DEBUG   ] findfont: score(FontEntry(fname='/usr/local/lib/python3.9/site-packages/matplotlib/mpl-data/fonts/ttf/cmr10.ttf', name='cmr10', style='normal', variant='normal', weight=400, stretch='normal', size='scalable')) = 0.05
LINE 1479: 2025-07-15 09:27:18,696 [DEBUG   ] findfont: score(FontEntry(fname='/usr/local/lib/python3.9/site-packages/matplotlib/mpl-data/fonts/ttf/DejaVuSans-Oblique.ttf', name='DejaVu Sans', style='oblique', variant='normal', weight=400, stretch='normal', size='scalable')) = 11.05
LINE 1479: 2025-07-15 09:27:18,696 [DEBUG   ] findfont: score(FontEntry(fname='/usr/local/lib/python3.9/site-packages/matplotlib/mpl-data/fonts/ttf/DejaVuSerifDisplay.ttf', name='DejaVu Serif Display', style='normal', variant='normal', weight=400, stretch='normal', size='scalable')) = 10.05
LINE 1479: 2025-07-15 09:27:18,696 [DEBUG   ] findfont: score(FontEntry(fname='/usr/local/lib/python3.9/site-packages/matplotlib/mpl-data/fonts/ttf/DejaVuSansMono-BoldOblique.ttf', name='DejaVu Sans Mono', style='oblique', variant='normal', weight=700, stretch='normal', size='scalable')) = 11.335
LINE 1479: 2025-07-15 09:27:18,696 [DEBUG   ] findfont: score(FontEntry(fname='/usr/local/lib/python3.9/site-packages/matplotlib/mpl-data/fonts/ttf/STIXNonUniBol.ttf', name='STIXNonUnicode', style='normal', variant='normal', weight=700, stretch='normal', size='scalable')) = 10.335
LINE 1479: 2025-07-15 09:27:18,696 [DEBUG   ] findfont: score(FontEntry(fname='/usr/local/lib/python3.9/site-packages/matplotlib/mpl-data/fonts/ttf/DejaVuSerif-Italic.ttf', name='DejaVu Serif', style='italic', variant='normal', weight=400, stretch='normal', size='scalable')) = 11.05
LINE 1479: 2025-07-15 09:27:18,696 [DEBUG   ] findfont: score(FontEntry(fname='/usr/local/lib/python3.9/site-packages/matplotlib/mpl-data/fonts/ttf/DejaVuSerif.ttf', name='DejaVu Serif', style='normal', variant='normal', weight=400, stretch='normal', size='scalable')) = 10.05
LINE 1479: 2025-07-15 09:27:18,696 [DEBUG   ] findfont: score(FontEntry(fname='/usr/local/lib/python3.9/site-packages/matplotlib/mpl-data/fonts/ttf/cmex10.ttf', name='cmex10', style='normal', variant='normal', weight=400, stretch='normal', size='scalable')) = 10.05
LINE 1479: 2025-07-15 09:27:18,696 [DEBUG   ] findfont: score(FontEntry(fname='/usr/local/lib/python3.9/site-packages/matplotlib/mpl-data/fonts/ttf/DejaVuSansMono.ttf', name='DejaVu Sans Mono', style='normal', variant='normal', weight=400, stretch='normal', size='scalable')) = 10.05
LINE 1479: 2025-07-15 09:27:18,696 [DEBUG   ] findfont: score(FontEntry(fname='/usr/local/lib/python3.9/site-packages/matplotlib/mpl-data/fonts/ttf/STIXSizFourSymReg.ttf', name='STIXSizeFourSym', style='normal', variant='normal', weight=400, stretch='normal', size='scalable')) = 10.05
LINE 1479: 2025-07-15 09:27:18,696 [DEBUG   ] findfont: score(FontEntry(fname='/usr/local/lib/python3.9/site-packages/matplotlib/mpl-data/fonts/ttf/DejaVuSerif-BoldItalic.ttf', name='DejaVu Serif', style='italic', variant='normal', weight=700, stretch='normal', size='scalable')) = 11.335
LINE 1479: 2025-07-15 09:27:18,696 [DEBUG   ] findfont: score(FontEntry(fname='/usr/local/lib/python3.9/site-packages/matplotlib/mpl-data/fonts/ttf/cmb10.ttf', name='cmb10', style='normal', variant='normal', weight=400, stretch='normal', size='scalable')) = 10.05
LINE 1479: 2025-07-15 09:27:18,696 [DEBUG   ] findfont: score(FontEntry(fname='/usr/local/lib/python3.9/site-packages/matplotlib/mpl-data/fonts/ttf/STIXNonUni.ttf', name='STIXNonUnicode', style='normal', variant='normal', weight=400, stretch='normal', size='scalable')) = 10.05
LINE 1479: 2025-07-15 09:27:18,696 [DEBUG   ] findfont: score(FontEntry(fname='/usr/local/lib/python3.9/site-packages/matplotlib/mpl-data/fonts/ttf/DejaVuSerif-Bold.ttf', name='DejaVu Serif', style='normal', variant='normal', weight=700, stretch='normal', size='scalable')) = 10.335
LINE 1479: 2025-07-15 09:27:18,696 [DEBUG   ] findfont: score(FontEntry(fname='/usr/local/lib/python3.9/site-packages/matplotlib/mpl-data/fonts/ttf/DejaVuSansMono-Bold.ttf', name='DejaVu Sans Mono', style='normal', variant='normal', weight=700, stretch='normal', size='scalable')) = 10.335
LINE 1479: 2025-07-15 09:27:18,696 [DEBUG   ] findfont: score(FontEntry(fname='/usr/local/lib/python3.9/site-packages/matplotlib/mpl-data/fonts/ttf/STIXSizThreeSymReg.ttf', name='STIXSizeThreeSym', style='normal', variant='normal', weight=400, stretch='normal', size='scalable')) = 10.05
LINE 1479: 2025-07-15 09:27:18,696 [DEBUG   ] findfont: score(FontEntry(fname='/usr/local/lib/python3.9/site-packages/matplotlib/mpl-data/fonts/ttf/STIXSizFiveSymReg.ttf', name='STIXSizeFiveSym', style='normal', variant='normal', weight=400, stretch='normal', size='scalable')) = 10.05
LINE 1479: 2025-07-15 09:27:18,696 [DEBUG   ] findfont: score(FontEntry(fname='/usr/local/lib/python3.9/site-packages/matplotlib/mpl-data/fonts/ttf/cmsy10.ttf', name='cmsy10', style='normal', variant='normal', weight=400, stretch='normal', size='scalable')) = 10.05
LINE 1479: 2025-07-15 09:27:18,696 [DEBUG   ] findfont: score(FontEntry(fname='/usr/local/lib/python3.9/site-packages/matplotlib/mpl-data/fonts/ttf/cmmi10.ttf', name='cmmi10', style='normal', variant='normal', weight=400, stretch='normal', size='scalable')) = 10.05
LINE 1479: 2025-07-15 09:27:18,696 [DEBUG   ] findfont: score(FontEntry(fname='/usr/local/lib/python3.9/site-packages/matplotlib/mpl-data/fonts/ttf/STIXSizTwoSymBol.ttf', name='STIXSizeTwoSym', style='normal', variant='normal', weight=700, stretch='normal', size='scalable')) = 10.335
LINE 1479: 2025-07-15 09:27:18,696 [DEBUG   ] findfont: score(FontEntry(fname='/usr/local/lib/python3.9/site-packages/matplotlib/mpl-data/fonts/ttf/STIXNonUniIta.ttf', name='STIXNonUnicode', style='italic', variant='normal', weight=400, stretch='normal', size='scalable')) = 11.05
LINE 1479: 2025-07-15 09:27:18,696 [DEBUG   ] findfont: score(FontEntry(fname='/usr/local/lib/python3.9/site-packages/matplotlib/mpl-data/fonts/ttf/STIXGeneralItalic.ttf', name='STIXGeneral', style='italic', variant='normal', weight=400, stretch='normal', size='scalable')) = 11.05
LINE 1479: 2025-07-15 09:27:18,696 [DEBUG   ] findfont: score(FontEntry(fname='/usr/local/lib/python3.9/site-packages/matplotlib/mpl-data/fonts/ttf/DejaVuSans-Bold.ttf', name='DejaVu Sans', style='normal', variant='normal', weight=700, stretch='normal', size='scalable')) = 10.335
LINE 1479: 2025-07-15 09:27:18,696 [DEBUG   ] findfont: score(FontEntry(fname='/usr/local/lib/python3.9/site-packages/matplotlib/mpl-data/fonts/ttf/cmtt10.ttf', name='cmtt10', style='normal', variant='normal', weight=400, stretch='normal', size='scalable')) = 10.05
LINE 1479: 2025-07-15 09:27:18,696 [DEBUG   ] findfont: score(FontEntry(fname='/usr/local/lib/python3.9/site-packages/matplotlib/mpl-data/fonts/ttf/STIXSizTwoSymReg.ttf', name='STIXSizeTwoSym', style='normal', variant='normal', weight=400, stretch='normal', size='scalable')) = 10.05
LINE 1479: 2025-07-15 09:27:18,696 [DEBUG   ] findfont: score(FontEntry(fname='/usr/local/lib/python3.9/site-packages/matplotlib/mpl-data/fonts/ttf/DejaVuSans.ttf', name='DejaVu Sans', style='normal', variant='normal', weight=400, stretch='normal', size='scalable')) = 10.05
LINE 1479: 2025-07-15 09:27:18,696 [DEBUG   ] findfont: score(FontEntry(fname='/usr/local/lib/python3.9/site-packages/matplotlib/mpl-data/fonts/ttf/STIXGeneralBol.ttf', name='STIXGeneral', style='normal', variant='normal', weight=700, stretch='normal', size='scalable')) = 10.335
LINE 1479: 2025-07-15 09:27:18,696 [DEBUG   ] findfont: score(FontEntry(fname='/usr/local/lib/python3.9/site-packages/matplotlib/mpl-data/fonts/ttf/DejaVuSansMono-Oblique.ttf', name='DejaVu Sans Mono', style='oblique', variant='normal', weight=400, stretch='normal', size='scalable')) = 11.05
LINE 1479: 2025-07-15 09:27:18,696 [DEBUG   ] findfont: score(FontEntry(fname='/usr/local/lib/python3.9/site-packages/matplotlib/mpl-data/fonts/ttf/STIXGeneral.ttf', name='STIXGeneral', style='normal', variant='normal', weight=400, stretch='normal', size='scalable')) = 10.05
LINE 1479: 2025-07-15 09:27:18,696 [DEBUG   ] findfont: score(FontEntry(fname='/usr/local/lib/python3.9/site-packages/matplotlib/mpl-data/fonts/ttf/STIXGeneralBolIta.ttf', name='STIXGeneral', style='italic', variant='normal', weight=700, stretch='normal', size='scalable')) = 11.335
LINE 1479: 2025-07-15 09:27:18,697 [DEBUG   ] findfont: score(FontEntry(fname='/usr/local/lib/python3.9/site-packages/matplotlib/mpl-data/fonts/ttf/cmss10.ttf', name='cmss10', style='normal', variant='normal', weight=400, stretch='normal', size='scalable')) = 10.05
LINE 1479: 2025-07-15 09:27:18,697 [DEBUG   ] findfont: score(FontEntry(fname='/usr/local/lib/python3.9/site-packages/matplotlib/mpl-data/fonts/ttf/DejaVuSans-BoldOblique.ttf', name='DejaVu Sans', style='oblique', variant='normal', weight=700, stretch='normal', size='scalable')) = 11.335
LINE 1479: 2025-07-15 09:27:18,697 [DEBUG   ] findfont: score(FontEntry(fname='/usr/local/lib/python3.9/site-packages/matplotlib/mpl-data/fonts/ttf/STIXSizOneSymBol.ttf', name='STIXSizeOneSym', style='normal', variant='normal', weight=700, stretch='normal', size='scalable')) = 10.335
LINE 1479: 2025-07-15 09:27:18,697 [DEBUG   ] findfont: score(FontEntry(fname='/usr/local/lib/python3.9/site-packages/matplotlib/mpl-data/fonts/ttf/STIXSizThreeSymBol.ttf', name='STIXSizeThreeSym', style='normal', variant='normal', weight=700, stretch='normal', size='scalable')) = 10.335
LINE 1479: 2025-07-15 09:27:18,697 [DEBUG   ] findfont: score(FontEntry(fname='/usr/local/lib/python3.9/site-packages/matplotlib/mpl-data/fonts/ttf/STIXSizOneSymReg.ttf', name='STIXSizeOneSym', style='normal', variant='normal', weight=400, stretch='normal', size='scalable')) = 10.05
LINE 1479: 2025-07-15 09:27:18,697 [DEBUG   ] findfont: score(FontEntry(fname='/usr/local/lib/python3.9/site-packages/matplotlib/mpl-data/fonts/ttf/STIXNonUniBolIta.ttf', name='STIXNonUnicode', style='italic', variant='normal', weight=700, stretch='normal', size='scalable')) = 11.335
LINE 1479: 2025-07-15 09:27:18,697 [DEBUG   ] findfont: score(FontEntry(fname='/usr/share/fonts/truetype/dejavu/DejaVuSansMono-Bold.ttf', name='DejaVu Sans Mono', style='normal', variant='normal', weight=700, stretch='normal', size='scalable')) = 10.335
LINE 1479: 2025-07-15 09:27:18,697 [DEBUG   ] findfont: score(FontEntry(fname='/usr/share/fonts/truetype/dejavu/DejaVuSansMono.ttf', name='DejaVu Sans Mono', style='normal', variant='normal', weight=400, stretch='normal', size='scalable')) = 10.05
LINE 1479: 2025-07-15 09:27:18,697 [DEBUG   ] findfont: score(FontEntry(fname='/usr/share/fonts/truetype/dejavu/DejaVuSans-Bold.ttf', name='DejaVu Sans', style='normal', variant='normal', weight=700, stretch='normal', size='scalable')) = 10.335
LINE 1479: 2025-07-15 09:27:18,697 [DEBUG   ] findfont: score(FontEntry(fname='/usr/share/fonts/truetype/dejavu/DejaVuSerif-Bold.ttf', name='DejaVu Serif', style='normal', variant='normal', weight=700, stretch='normal', size='scalable')) = 10.335
LINE 1479: 2025-07-15 09:27:18,697 [DEBUG   ] findfont: score(FontEntry(fname='/usr/share/fonts/truetype/dejavu/DejaVuSerif.ttf', name='DejaVu Serif', style='normal', variant='normal', weight=400, stretch='normal', size='scalable')) = 10.05
LINE 1479: 2025-07-15 09:27:18,697 [DEBUG   ] findfont: score(FontEntry(fname='/usr/share/fonts/truetype/dejavu/DejaVuSans.ttf', name='DejaVu Sans', style='normal', variant='normal', weight=400, stretch='normal', size='scalable')) = 10.05
LINE 1508: 2025-07-15 09:27:18,697 [DEBUG   ] findfont: Matching cmr10:style=normal:variant=normal:weight=normal:stretch=normal:size=10.0 to cmr10 ('/usr/local/lib/python3.9/site-packages/matplotlib/mpl-data/fonts/ttf/cmr10.ttf') with score of 0.050000.
LINE 1467: 2025-07-15 09:27:18,697 [DEBUG   ] findfont: Matching cmtt10:style=normal:variant=normal:weight=normal:stretch=normal:size=10.0.
LINE 1479: 2025-07-15 09:27:18,697 [DEBUG   ] findfont: score(FontEntry(fname='/usr/local/lib/python3.9/site-packages/matplotlib/mpl-data/fonts/ttf/STIXSizFourSymBol.ttf', name='STIXSizeFourSym', style='normal', variant='normal', weight=700, stretch='normal', size='scalable')) = 10.335
LINE 1479: 2025-07-15 09:27:18,697 [DEBUG   ] findfont: score(FontEntry(fname='/usr/local/lib/python3.9/site-packages/matplotlib/mpl-data/fonts/ttf/DejaVuSansDisplay.ttf', name='DejaVu Sans Display', style='normal', variant='normal', weight=400, stretch='normal', size='scalable')) = 10.05
LINE 1479: 2025-07-15 09:27:18,697 [DEBUG   ] findfont: score(FontEntry(fname='/usr/local/lib/python3.9/site-packages/matplotlib/mpl-data/fonts/ttf/cmr10.ttf', name='cmr10', style='normal', variant='normal', weight=400, stretch='normal', size='scalable')) = 10.05
LINE 1479: 2025-07-15 09:27:18,697 [DEBUG   ] findfont: score(FontEntry(fname='/usr/local/lib/python3.9/site-packages/matplotlib/mpl-data/fonts/ttf/DejaVuSans-Oblique.ttf', name='DejaVu Sans', style='oblique', variant='normal', weight=400, stretch='normal', size='scalable')) = 11.05
LINE 1479: 2025-07-15 09:27:18,697 [DEBUG   ] findfont: score(FontEntry(fname='/usr/local/lib/python3.9/site-packages/matplotlib/mpl-data/fonts/ttf/DejaVuSerifDisplay.ttf', name='DejaVu Serif Display', style='normal', variant='normal', weight=400, stretch='normal', size='scalable')) = 10.05
LINE 1479: 2025-07-15 09:27:18,697 [DEBUG   ] findfont: score(FontEntry(fname='/usr/local/lib/python3.9/site-packages/matplotlib/mpl-data/fonts/ttf/DejaVuSansMono-BoldOblique.ttf', name='DejaVu Sans Mono', style='oblique', variant='normal', weight=700, stretch='normal', size='scalable')) = 11.335
LINE 1479: 2025-07-15 09:27:18,697 [DEBUG   ] findfont: score(FontEntry(fname='/usr/local/lib/python3.9/site-packages/matplotlib/mpl-data/fonts/ttf/STIXNonUniBol.ttf', name='STIXNonUnicode', style='normal', variant='normal', weight=700, stretch='normal', size='scalable')) = 10.335
LINE 1479: 2025-07-15 09:27:18,697 [DEBUG   ] findfont: score(FontEntry(fname='/usr/local/lib/python3.9/site-packages/matplotlib/mpl-data/fonts/ttf/DejaVuSerif-Italic.ttf', name='DejaVu Serif', style='italic', variant='normal', weight=400, stretch='normal', size='scalable')) = 11.05
LINE 1479: 2025-07-15 09:27:18,697 [DEBUG   ] findfont: score(FontEntry(fname='/usr/local/lib/python3.9/site-packages/matplotlib/mpl-data/fonts/ttf/DejaVuSerif.ttf', name='DejaVu Serif', style='normal', variant='normal', weight=400, stretch='normal', size='scalable')) = 10.05
LINE 1479: 2025-07-15 09:27:18,697 [DEBUG   ] findfont: score(FontEntry(fname='/usr/local/lib/python3.9/site-packages/matplotlib/mpl-data/fonts/ttf/cmex10.ttf', name='cmex10', style='normal', variant='normal', weight=400, stretch='normal', size='scalable')) = 10.05
LINE 1479: 2025-07-15 09:27:18,697 [DEBUG   ] findfont: score(FontEntry(fname='/usr/local/lib/python3.9/site-packages/matplotlib/mpl-data/fonts/ttf/DejaVuSansMono.ttf', name='DejaVu Sans Mono', style='normal', variant='normal', weight=400, stretch='normal', size='scalable')) = 10.05
LINE 1479: 2025-07-15 09:27:18,697 [DEBUG   ] findfont: score(FontEntry(fname='/usr/local/lib/python3.9/site-packages/matplotlib/mpl-data/fonts/ttf/STIXSizFourSymReg.ttf', name='STIXSizeFourSym', style='normal', variant='normal', weight=400, stretch='normal', size='scalable')) = 10.05
LINE 1479: 2025-07-15 09:27:18,697 [DEBUG   ] findfont: score(FontEntry(fname='/usr/local/lib/python3.9/site-packages/matplotlib/mpl-data/fonts/ttf/DejaVuSerif-BoldItalic.ttf', name='DejaVu Serif', style='italic', variant='normal', weight=700, stretch='normal', size='scalable')) = 11.335
LINE 1479: 2025-07-15 09:27:18,697 [DEBUG   ] findfont: score(FontEntry(fname='/usr/local/lib/python3.9/site-packages/matplotlib/mpl-data/fonts/ttf/cmb10.ttf', name='cmb10', style='normal', variant='normal', weight=400, stretch='normal', size='scalable')) = 10.05
LINE 1479: 2025-07-15 09:27:18,697 [DEBUG   ] findfont: score(FontEntry(fname='/usr/local/lib/python3.9/site-packages/matplotlib/mpl-data/fonts/ttf/STIXNonUni.ttf', name='STIXNonUnicode', style='normal', variant='normal', weight=400, stretch='normal', size='scalable')) = 10.05
LINE 1479: 2025-07-15 09:27:18,697 [DEBUG   ] findfont: score(FontEntry(fname='/usr/local/lib/python3.9/site-packages/matplotlib/mpl-data/fonts/ttf/DejaVuSerif-Bold.ttf', name='DejaVu Serif', style='normal', variant='normal', weight=700, stretch='normal', size='scalable')) = 10.335
LINE 1479: 2025-07-15 09:27:18,697 [DEBUG   ] findfont: score(FontEntry(fname='/usr/local/lib/python3.9/site-packages/matplotlib/mpl-data/fonts/ttf/DejaVuSansMono-Bold.ttf', name='DejaVu Sans Mono', style='normal', variant='normal', weight=700, stretch='normal', size='scalable')) = 10.335
LINE 1479: 2025-07-15 09:27:18,698 [DEBUG   ] findfont: score(FontEntry(fname='/usr/local/lib/python3.9/site-packages/matplotlib/mpl-data/fonts/ttf/STIXSizThreeSymReg.ttf', name='STIXSizeThreeSym', style='normal', variant='normal', weight=400, stretch='normal', size='scalable')) = 10.05
LINE 1479: 2025-07-15 09:27:18,698 [DEBUG   ] findfont: score(FontEntry(fname='/usr/local/lib/python3.9/site-packages/matplotlib/mpl-data/fonts/ttf/STIXSizFiveSymReg.ttf', name='STIXSizeFiveSym', style='normal', variant='normal', weight=400, stretch='normal', size='scalable')) = 10.05
LINE 1479: 2025-07-15 09:27:18,698 [DEBUG   ] findfont: score(FontEntry(fname='/usr/local/lib/python3.9/site-packages/matplotlib/mpl-data/fonts/ttf/cmsy10.ttf', name='cmsy10', style='normal', variant='normal', weight=400, stretch='normal', size='scalable')) = 10.05
LINE 1479: 2025-07-15 09:27:18,698 [DEBUG   ] findfont: score(FontEntry(fname='/usr/local/lib/python3.9/site-packages/matplotlib/mpl-data/fonts/ttf/cmmi10.ttf', name='cmmi10', style='normal', variant='normal', weight=400, stretch='normal', size='scalable')) = 10.05
LINE 1479: 2025-07-15 09:27:18,698 [DEBUG   ] findfont: score(FontEntry(fname='/usr/local/lib/python3.9/site-packages/matplotlib/mpl-data/fonts/ttf/STIXSizTwoSymBol.ttf', name='STIXSizeTwoSym', style='normal', variant='normal', weight=700, stretch='normal', size='scalable')) = 10.335
LINE 1479: 2025-07-15 09:27:18,698 [DEBUG   ] findfont: score(FontEntry(fname='/usr/local/lib/python3.9/site-packages/matplotlib/mpl-data/fonts/ttf/STIXNonUniIta.ttf', name='STIXNonUnicode', style='italic', variant='normal', weight=400, stretch='normal', size='scalable')) = 11.05
LINE 1479: 2025-07-15 09:27:18,698 [DEBUG   ] findfont: score(FontEntry(fname='/usr/local/lib/python3.9/site-packages/matplotlib/mpl-data/fonts/ttf/STIXGeneralItalic.ttf', name='STIXGeneral', style='italic', variant='normal', weight=400, stretch='normal', size='scalable')) = 11.05
LINE 1479: 2025-07-15 09:27:18,698 [DEBUG   ] findfont: score(FontEntry(fname='/usr/local/lib/python3.9/site-packages/matplotlib/mpl-data/fonts/ttf/DejaVuSans-Bold.ttf', name='DejaVu Sans', style='normal', variant='normal', weight=700, stretch='normal', size='scalable')) = 10.335
LINE 1479: 2025-07-15 09:27:18,698 [DEBUG   ] findfont: score(FontEntry(fname='/usr/local/lib/python3.9/site-packages/matplotlib/mpl-data/fonts/ttf/cmtt10.ttf', name='cmtt10', style='normal', variant='normal', weight=400, stretch='normal', size='scalable')) = 0.05
LINE 1479: 2025-07-15 09:27:18,698 [DEBUG   ] findfont: score(FontEntry(fname='/usr/local/lib/python3.9/site-packages/matplotlib/mpl-data/fonts/ttf/STIXSizTwoSymReg.ttf', name='STIXSizeTwoSym', style='normal', variant='normal', weight=400, stretch='normal', size='scalable')) = 10.05
LINE 1479: 2025-07-15 09:27:18,698 [DEBUG   ] findfont: score(FontEntry(fname='/usr/local/lib/python3.9/site-packages/matplotlib/mpl-data/fonts/ttf/DejaVuSans.ttf', name='DejaVu Sans', style='normal', variant='normal', weight=400, stretch='normal', size='scalable')) = 10.05
LINE 1479: 2025-07-15 09:27:18,698 [DEBUG   ] findfont: score(FontEntry(fname='/usr/local/lib/python3.9/site-packages/matplotlib/mpl-data/fonts/ttf/STIXGeneralBol.ttf', name='STIXGeneral', style='normal', variant='normal', weight=700, stretch='normal', size='scalable')) = 10.335
LINE 1479: 2025-07-15 09:27:18,698 [DEBUG   ] findfont: score(FontEntry(fname='/usr/local/lib/python3.9/site-packages/matplotlib/mpl-data/fonts/ttf/DejaVuSansMono-Oblique.ttf', name='DejaVu Sans Mono', style='oblique', variant='normal', weight=400, stretch='normal', size='scalable')) = 11.05
LINE 1479: 2025-07-15 09:27:18,698 [DEBUG   ] findfont: score(FontEntry(fname='/usr/local/lib/python3.9/site-packages/matplotlib/mpl-data/fonts/ttf/STIXGeneral.ttf', name='STIXGeneral', style='normal', variant='normal', weight=400, stretch='normal', size='scalable')) = 10.05
LINE 1479: 2025-07-15 09:27:18,698 [DEBUG   ] findfont: score(FontEntry(fname='/usr/local/lib/python3.9/site-packages/matplotlib/mpl-data/fonts/ttf/STIXGeneralBolIta.ttf', name='STIXGeneral', style='italic', variant='normal', weight=700, stretch='normal', size='scalable')) = 11.335
LINE 1479: 2025-07-15 09:27:18,698 [DEBUG   ] findfont: score(FontEntry(fname='/usr/local/lib/python3.9/site-packages/matplotlib/mpl-data/fonts/ttf/cmss10.ttf', name='cmss10', style='normal', variant='normal', weight=400, stretch='normal', size='scalable')) = 10.05
LINE 1479: 2025-07-15 09:27:18,698 [DEBUG   ] findfont: score(FontEntry(fname='/usr/local/lib/python3.9/site-packages/matplotlib/mpl-data/fonts/ttf/DejaVuSans-BoldOblique.ttf', name='DejaVu Sans', style='oblique', variant='normal', weight=700, stretch='normal', size='scalable')) = 11.335
LINE 1479: 2025-07-15 09:27:18,698 [DEBUG   ] findfont: score(FontEntry(fname='/usr/local/lib/python3.9/site-packages/matplotlib/mpl-data/fonts/ttf/STIXSizOneSymBol.ttf', name='STIXSizeOneSym', style='normal', variant='normal', weight=700, stretch='normal', size='scalable')) = 10.335
LINE 1479: 2025-07-15 09:27:18,698 [DEBUG   ] findfont: score(FontEntry(fname='/usr/local/lib/python3.9/site-packages/matplotlib/mpl-data/fonts/ttf/STIXSizThreeSymBol.ttf', name='STIXSizeThreeSym', style='normal', variant='normal', weight=700, stretch='normal', size='scalable')) = 10.335
LINE 1479: 2025-07-15 09:27:18,698 [DEBUG   ] findfont: score(FontEntry(fname='/usr/local/lib/python3.9/site-packages/matplotlib/mpl-data/fonts/ttf/STIXSizOneSymReg.ttf', name='STIXSizeOneSym', style='normal', variant='normal', weight=400, stretch='normal', size='scalable')) = 10.05
LINE 1479: 2025-07-15 09:27:18,698 [DEBUG   ] findfont: score(FontEntry(fname='/usr/local/lib/python3.9/site-packages/matplotlib/mpl-data/fonts/ttf/STIXNonUniBolIta.ttf', name='STIXNonUnicode', style='italic', variant='normal', weight=700, stretch='normal', size='scalable')) = 11.335
LINE 1479: 2025-07-15 09:27:18,698 [DEBUG   ] findfont: score(FontEntry(fname='/usr/share/fonts/truetype/dejavu/DejaVuSansMono-Bold.ttf', name='DejaVu Sans Mono', style='normal', variant='normal', weight=700, stretch='normal', size='scalable')) = 10.335
LINE 1479: 2025-07-15 09:27:18,698 [DEBUG   ] findfont: score(FontEntry(fname='/usr/share/fonts/truetype/dejavu/DejaVuSansMono.ttf', name='DejaVu Sans Mono', style='normal', variant='normal', weight=400, stretch='normal', size='scalable')) = 10.05
LINE 1479: 2025-07-15 09:27:18,698 [DEBUG   ] findfont: score(FontEntry(fname='/usr/share/fonts/truetype/dejavu/DejaVuSans-Bold.ttf', name='DejaVu Sans', style='normal', variant='normal', weight=700, stretch='normal', size='scalable')) = 10.335
LINE 1479: 2025-07-15 09:27:18,698 [DEBUG   ] findfont: score(FontEntry(fname='/usr/share/fonts/truetype/dejavu/DejaVuSerif-Bold.ttf', name='DejaVu Serif', style='normal', variant='normal', weight=700, stretch='normal', size='scalable')) = 10.335
LINE 1479: 2025-07-15 09:27:18,698 [DEBUG   ] findfont: score(FontEntry(fname='/usr/share/fonts/truetype/dejavu/DejaVuSerif.ttf', name='DejaVu Serif', style='normal', variant='normal', weight=400, stretch='normal', size='scalable')) = 10.05
LINE 1479: 2025-07-15 09:27:18,698 [DEBUG   ] findfont: score(FontEntry(fname='/usr/share/fonts/truetype/dejavu/DejaVuSans.ttf', name='DejaVu Sans', style='normal', variant='normal', weight=400, stretch='normal', size='scalable')) = 10.05
LINE 1508: 2025-07-15 09:27:18,698 [DEBUG   ] findfont: Matching cmtt10:style=normal:variant=normal:weight=normal:stretch=normal:size=10.0 to cmtt10 ('/usr/local/lib/python3.9/site-packages/matplotlib/mpl-data/fonts/ttf/cmtt10.ttf') with score of 0.050000.
LINE 1467: 2025-07-15 09:27:18,698 [DEBUG   ] findfont: Matching cmmi10:style=normal:variant=normal:weight=normal:stretch=normal:size=10.0.
LINE 1479: 2025-07-15 09:27:18,698 [DEBUG   ] findfont: score(FontEntry(fname='/usr/local/lib/python3.9/site-packages/matplotlib/mpl-data/fonts/ttf/STIXSizFourSymBol.ttf', name='STIXSizeFourSym', style='normal', variant='normal', weight=700, stretch='normal', size='scalable')) = 10.335
LINE 1479: 2025-07-15 09:27:18,698 [DEBUG   ] findfont: score(FontEntry(fname='/usr/local/lib/python3.9/site-packages/matplotlib/mpl-data/fonts/ttf/DejaVuSansDisplay.ttf', name='DejaVu Sans Display', style='normal', variant='normal', weight=400, stretch='normal', size='scalable')) = 10.05
LINE 1479: 2025-07-15 09:27:18,699 [DEBUG   ] findfont: score(FontEntry(fname='/usr/local/lib/python3.9/site-packages/matplotlib/mpl-data/fonts/ttf/cmr10.ttf', name='cmr10', style='normal', variant='normal', weight=400, stretch='normal', size='scalable')) = 10.05
LINE 1479: 2025-07-15 09:27:18,699 [DEBUG   ] findfont: score(FontEntry(fname='/usr/local/lib/python3.9/site-packages/matplotlib/mpl-data/fonts/ttf/DejaVuSans-Oblique.ttf', name='DejaVu Sans', style='oblique', variant='normal', weight=400, stretch='normal', size='scalable')) = 11.05
LINE 1479: 2025-07-15 09:27:18,699 [DEBUG   ] findfont: score(FontEntry(fname='/usr/local/lib/python3.9/site-packages/matplotlib/mpl-data/fonts/ttf/DejaVuSerifDisplay.ttf', name='DejaVu Serif Display', style='normal', variant='normal', weight=400, stretch='normal', size='scalable')) = 10.05
LINE 1479: 2025-07-15 09:27:18,699 [DEBUG   ] findfont: score(FontEntry(fname='/usr/local/lib/python3.9/site-packages/matplotlib/mpl-data/fonts/ttf/DejaVuSansMono-BoldOblique.ttf', name='DejaVu Sans Mono', style='oblique', variant='normal', weight=700, stretch='normal', size='scalable')) = 11.335
LINE 1479: 2025-07-15 09:27:18,699 [DEBUG   ] findfont: score(FontEntry(fname='/usr/local/lib/python3.9/site-packages/matplotlib/mpl-data/fonts/ttf/STIXNonUniBol.ttf', name='STIXNonUnicode', style='normal', variant='normal', weight=700, stretch='normal', size='scalable')) = 10.335
LINE 1479: 2025-07-15 09:27:18,699 [DEBUG   ] findfont: score(FontEntry(fname='/usr/local/lib/python3.9/site-packages/matplotlib/mpl-data/fonts/ttf/DejaVuSerif-Italic.ttf', name='DejaVu Serif', style='italic', variant='normal', weight=400, stretch='normal', size='scalable')) = 11.05
LINE 1479: 2025-07-15 09:27:18,699 [DEBUG   ] findfont: score(FontEntry(fname='/usr/local/lib/python3.9/site-packages/matplotlib/mpl-data/fonts/ttf/DejaVuSerif.ttf', name='DejaVu Serif', style='normal', variant='normal', weight=400, stretch='normal', size='scalable')) = 10.05
LINE 1479: 2025-07-15 09:27:18,699 [DEBUG   ] findfont: score(FontEntry(fname='/usr/local/lib/python3.9/site-packages/matplotlib/mpl-data/fonts/ttf/cmex10.ttf', name='cmex10', style='normal', variant='normal', weight=400, stretch='normal', size='scalable')) = 10.05
LINE 1479: 2025-07-15 09:27:18,699 [DEBUG   ] findfont: score(FontEntry(fname='/usr/local/lib/python3.9/site-packages/matplotlib/mpl-data/fonts/ttf/DejaVuSansMono.ttf', name='DejaVu Sans Mono', style='normal', variant='normal', weight=400, stretch='normal', size='scalable')) = 10.05
LINE 1479: 2025-07-15 09:27:18,699 [DEBUG   ] findfont: score(FontEntry(fname='/usr/local/lib/python3.9/site-packages/matplotlib/mpl-data/fonts/ttf/STIXSizFourSymReg.ttf', name='STIXSizeFourSym', style='normal', variant='normal', weight=400, stretch='normal', size='scalable')) = 10.05
LINE 1479: 2025-07-15 09:27:18,699 [DEBUG   ] findfont: score(FontEntry(fname='/usr/local/lib/python3.9/site-packages/matplotlib/mpl-data/fonts/ttf/DejaVuSerif-BoldItalic.ttf', name='DejaVu Serif', style='italic', variant='normal', weight=700, stretch='normal', size='scalable')) = 11.335
LINE 1479: 2025-07-15 09:27:18,699 [DEBUG   ] findfont: score(FontEntry(fname='/usr/local/lib/python3.9/site-packages/matplotlib/mpl-data/fonts/ttf/cmb10.ttf', name='cmb10', style='normal', variant='normal', weight=400, stretch='normal', size='scalable')) = 10.05
LINE 1479: 2025-07-15 09:27:18,699 [DEBUG   ] findfont: score(FontEntry(fname='/usr/local/lib/python3.9/site-packages/matplotlib/mpl-data/fonts/ttf/STIXNonUni.ttf', name='STIXNonUnicode', style='normal', variant='normal', weight=400, stretch='normal', size='scalable')) = 10.05
LINE 1479: 2025-07-15 09:27:18,699 [DEBUG   ] findfont: score(FontEntry(fname='/usr/local/lib/python3.9/site-packages/matplotlib/mpl-data/fonts/ttf/DejaVuSerif-Bold.ttf', name='DejaVu Serif', style='normal', variant='normal', weight=700, stretch='normal', size='scalable')) = 10.335
LINE 1479: 2025-07-15 09:27:18,699 [DEBUG   ] findfont: score(FontEntry(fname='/usr/local/lib/python3.9/site-packages/matplotlib/mpl-data/fonts/ttf/DejaVuSansMono-Bold.ttf', name='DejaVu Sans Mono', style='normal', variant='normal', weight=700, stretch='normal', size='scalable')) = 10.335
LINE 1479: 2025-07-15 09:27:18,699 [DEBUG   ] findfont: score(FontEntry(fname='/usr/local/lib/python3.9/site-packages/matplotlib/mpl-data/fonts/ttf/STIXSizThreeSymReg.ttf', name='STIXSizeThreeSym', style='normal', variant='normal', weight=400, stretch='normal', size='scalable')) = 10.05
LINE 1479: 2025-07-15 09:27:18,699 [DEBUG   ] findfont: score(FontEntry(fname='/usr/local/lib/python3.9/site-packages/matplotlib/mpl-data/fonts/ttf/STIXSizFiveSymReg.ttf', name='STIXSizeFiveSym', style='normal', variant='normal', weight=400, stretch='normal', size='scalable')) = 10.05
LINE 1479: 2025-07-15 09:27:18,699 [DEBUG   ] findfont: score(FontEntry(fname='/usr/local/lib/python3.9/site-packages/matplotlib/mpl-data/fonts/ttf/cmsy10.ttf', name='cmsy10', style='normal', variant='normal', weight=400, stretch='normal', size='scalable')) = 10.05
LINE 1479: 2025-07-15 09:27:18,699 [DEBUG   ] findfont: score(FontEntry(fname='/usr/local/lib/python3.9/site-packages/matplotlib/mpl-data/fonts/ttf/cmmi10.ttf', name='cmmi10', style='normal', variant='normal', weight=400, stretch='normal', size='scalable')) = 0.05
LINE 1479: 2025-07-15 09:27:18,699 [DEBUG   ] findfont: score(FontEntry(fname='/usr/local/lib/python3.9/site-packages/matplotlib/mpl-data/fonts/ttf/STIXSizTwoSymBol.ttf', name='STIXSizeTwoSym', style='normal', variant='normal', weight=700, stretch='normal', size='scalable')) = 10.335
LINE 1479: 2025-07-15 09:27:18,699 [DEBUG   ] findfont: score(FontEntry(fname='/usr/local/lib/python3.9/site-packages/matplotlib/mpl-data/fonts/ttf/STIXNonUniIta.ttf', name='STIXNonUnicode', style='italic', variant='normal', weight=400, stretch='normal', size='scalable')) = 11.05
LINE 1479: 2025-07-15 09:27:18,699 [DEBUG   ] findfont: score(FontEntry(fname='/usr/local/lib/python3.9/site-packages/matplotlib/mpl-data/fonts/ttf/STIXGeneralItalic.ttf', name='STIXGeneral', style='italic', variant='normal', weight=400, stretch='normal', size='scalable')) = 11.05
LINE 1479: 2025-07-15 09:27:18,699 [DEBUG   ] findfont: score(FontEntry(fname='/usr/local/lib/python3.9/site-packages/matplotlib/mpl-data/fonts/ttf/DejaVuSans-Bold.ttf', name='DejaVu Sans', style='normal', variant='normal', weight=700, stretch='normal', size='scalable')) = 10.335
LINE 1479: 2025-07-15 09:27:18,699 [DEBUG   ] findfont: score(FontEntry(fname='/usr/local/lib/python3.9/site-packages/matplotlib/mpl-data/fonts/ttf/cmtt10.ttf', name='cmtt10', style='normal', variant='normal', weight=400, stretch='normal', size='scalable')) = 10.05
LINE 1479: 2025-07-15 09:27:18,699 [DEBUG   ] findfont: score(FontEntry(fname='/usr/local/lib/python3.9/site-packages/matplotlib/mpl-data/fonts/ttf/STIXSizTwoSymReg.ttf', name='STIXSizeTwoSym', style='normal', variant='normal', weight=400, stretch='normal', size='scalable')) = 10.05
LINE 1479: 2025-07-15 09:27:18,699 [DEBUG   ] findfont: score(FontEntry(fname='/usr/local/lib/python3.9/site-packages/matplotlib/mpl-data/fonts/ttf/DejaVuSans.ttf', name='DejaVu Sans', style='normal', variant='normal', weight=400, stretch='normal', size='scalable')) = 10.05
LINE 1479: 2025-07-15 09:27:18,699 [DEBUG   ] findfont: score(FontEntry(fname='/usr/local/lib/python3.9/site-packages/matplotlib/mpl-data/fonts/ttf/STIXGeneralBol.ttf', name='STIXGeneral', style='normal', variant='normal', weight=700, stretch='normal', size='scalable')) = 10.335
LINE 1479: 2025-07-15 09:27:18,699 [DEBUG   ] findfont: score(FontEntry(fname='/usr/local/lib/python3.9/site-packages/matplotlib/mpl-data/fonts/ttf/DejaVuSansMono-Oblique.ttf', name='DejaVu Sans Mono', style='oblique', variant='normal', weight=400, stretch='normal', size='scalable')) = 11.05
LINE 1479: 2025-07-15 09:27:18,699 [DEBUG   ] findfont: score(FontEntry(fname='/usr/local/lib/python3.9/site-packages/matplotlib/mpl-data/fonts/ttf/STIXGeneral.ttf', name='STIXGeneral', style='normal', variant='normal', weight=400, stretch='normal', size='scalable')) = 10.05
LINE 1479: 2025-07-15 09:27:18,699 [DEBUG   ] findfont: score(FontEntry(fname='/usr/local/lib/python3.9/site-packages/matplotlib/mpl-data/fonts/ttf/STIXGeneralBolIta.ttf', name='STIXGeneral', style='italic', variant='normal', weight=700, stretch='normal', size='scalable')) = 11.335
LINE 1479: 2025-07-15 09:27:18,699 [DEBUG   ] findfont: score(FontEntry(fname='/usr/local/lib/python3.9/site-packages/matplotlib/mpl-data/fonts/ttf/cmss10.ttf', name='cmss10', style='normal', variant='normal', weight=400, stretch='normal', size='scalable')) = 10.05
LINE 1479: 2025-07-15 09:27:18,699 [DEBUG   ] findfont: score(FontEntry(fname='/usr/local/lib/python3.9/site-packages/matplotlib/mpl-data/fonts/ttf/DejaVuSans-BoldOblique.ttf', name='DejaVu Sans', style='oblique', variant='normal', weight=700, stretch='normal', size='scalable')) = 11.335
LINE 1479: 2025-07-15 09:27:18,699 [DEBUG   ] findfont: score(FontEntry(fname='/usr/local/lib/python3.9/site-packages/matplotlib/mpl-data/fonts/ttf/STIXSizOneSymBol.ttf', name='STIXSizeOneSym', style='normal', variant='normal', weight=700, stretch='normal', size='scalable')) = 10.335
LINE 1479: 2025-07-15 09:27:18,699 [DEBUG   ] findfont: score(FontEntry(fname='/usr/local/lib/python3.9/site-packages/matplotlib/mpl-data/fonts/ttf/STIXSizThreeSymBol.ttf', name='STIXSizeThreeSym', style='normal', variant='normal', weight=700, stretch='normal', size='scalable')) = 10.335
LINE 1479: 2025-07-15 09:27:18,699 [DEBUG   ] findfont: score(FontEntry(fname='/usr/local/lib/python3.9/site-packages/matplotlib/mpl-data/fonts/ttf/STIXSizOneSymReg.ttf', name='STIXSizeOneSym', style='normal', variant='normal', weight=400, stretch='normal', size='scalable')) = 10.05
LINE 1479: 2025-07-15 09:27:18,699 [DEBUG   ] findfont: score(FontEntry(fname='/usr/local/lib/python3.9/site-packages/matplotlib/mpl-data/fonts/ttf/STIXNonUniBolIta.ttf', name='STIXNonUnicode', style='italic', variant='normal', weight=700, stretch='normal', size='scalable')) = 11.335
LINE 1479: 2025-07-15 09:27:18,699 [DEBUG   ] findfont: score(FontEntry(fname='/usr/share/fonts/truetype/dejavu/DejaVuSansMono-Bold.ttf', name='DejaVu Sans Mono', style='normal', variant='normal', weight=700, stretch='normal', size='scalable')) = 10.335
LINE 1479: 2025-07-15 09:27:18,699 [DEBUG   ] findfont: score(FontEntry(fname='/usr/share/fonts/truetype/dejavu/DejaVuSansMono.ttf', name='DejaVu Sans Mono', style='normal', variant='normal', weight=400, stretch='normal', size='scalable')) = 10.05
LINE 1479: 2025-07-15 09:27:18,699 [DEBUG   ] findfont: score(FontEntry(fname='/usr/share/fonts/truetype/dejavu/DejaVuSans-Bold.ttf', name='DejaVu Sans', style='normal', variant='normal', weight=700, stretch='normal', size='scalable')) = 10.335
LINE 1479: 2025-07-15 09:27:18,699 [DEBUG   ] findfont: score(FontEntry(fname='/usr/share/fonts/truetype/dejavu/DejaVuSerif-Bold.ttf', name='DejaVu Serif', style='normal', variant='normal', weight=700, stretch='normal', size='scalable')) = 10.335
LINE 1479: 2025-07-15 09:27:18,699 [DEBUG   ] findfont: score(FontEntry(fname='/usr/share/fonts/truetype/dejavu/DejaVuSerif.ttf', name='DejaVu Serif', style='normal', variant='normal', weight=400, stretch='normal', size='scalable')) = 10.05
LINE 1479: 2025-07-15 09:27:18,700 [DEBUG   ] findfont: score(FontEntry(fname='/usr/share/fonts/truetype/dejavu/DejaVuSans.ttf', name='DejaVu Sans', style='normal', variant='normal', weight=400, stretch='normal', size='scalable')) = 10.05
LINE 1508: 2025-07-15 09:27:18,700 [DEBUG   ] findfont: Matching cmmi10:style=normal:variant=normal:weight=normal:stretch=normal:size=10.0 to cmmi10 ('/usr/local/lib/python3.9/site-packages/matplotlib/mpl-data/fonts/ttf/cmmi10.ttf') with score of 0.050000.
LINE 1467: 2025-07-15 09:27:18,700 [DEBUG   ] findfont: Matching cmb10:style=normal:variant=normal:weight=normal:stretch=normal:size=10.0.
LINE 1479: 2025-07-15 09:27:18,700 [DEBUG   ] findfont: score(FontEntry(fname='/usr/local/lib/python3.9/site-packages/matplotlib/mpl-data/fonts/ttf/STIXSizFourSymBol.ttf', name='STIXSizeFourSym', style='normal', variant='normal', weight=700, stretch='normal', size='scalable')) = 10.335
LINE 1479: 2025-07-15 09:27:18,700 [DEBUG   ] findfont: score(FontEntry(fname='/usr/local/lib/python3.9/site-packages/matplotlib/mpl-data/fonts/ttf/DejaVuSansDisplay.ttf', name='DejaVu Sans Display', style='normal', variant='normal', weight=400, stretch='normal', size='scalable')) = 10.05
LINE 1479: 2025-07-15 09:27:18,700 [DEBUG   ] findfont: score(FontEntry(fname='/usr/local/lib/python3.9/site-packages/matplotlib/mpl-data/fonts/ttf/cmr10.ttf', name='cmr10', style='normal', variant='normal', weight=400, stretch='normal', size='scalable')) = 10.05
LINE 1479: 2025-07-15 09:27:18,700 [DEBUG   ] findfont: score(FontEntry(fname='/usr/local/lib/python3.9/site-packages/matplotlib/mpl-data/fonts/ttf/DejaVuSans-Oblique.ttf', name='DejaVu Sans', style='oblique', variant='normal', weight=400, stretch='normal', size='scalable')) = 11.05
LINE 1479: 2025-07-15 09:27:18,700 [DEBUG   ] findfont: score(FontEntry(fname='/usr/local/lib/python3.9/site-packages/matplotlib/mpl-data/fonts/ttf/DejaVuSerifDisplay.ttf', name='DejaVu Serif Display', style='normal', variant='normal', weight=400, stretch='normal', size='scalable')) = 10.05
LINE 1479: 2025-07-15 09:27:18,700 [DEBUG   ] findfont: score(FontEntry(fname='/usr/local/lib/python3.9/site-packages/matplotlib/mpl-data/fonts/ttf/DejaVuSansMono-BoldOblique.ttf', name='DejaVu Sans Mono', style='oblique', variant='normal', weight=700, stretch='normal', size='scalable')) = 11.335
LINE 1479: 2025-07-15 09:27:18,700 [DEBUG   ] findfont: score(FontEntry(fname='/usr/local/lib/python3.9/site-packages/matplotlib/mpl-data/fonts/ttf/STIXNonUniBol.ttf', name='STIXNonUnicode', style='normal', variant='normal', weight=700, stretch='normal', size='scalable')) = 10.335
LINE 1479: 2025-07-15 09:27:18,700 [DEBUG   ] findfont: score(FontEntry(fname='/usr/local/lib/python3.9/site-packages/matplotlib/mpl-data/fonts/ttf/DejaVuSerif-Italic.ttf', name='DejaVu Serif', style='italic', variant='normal', weight=400, stretch='normal', size='scalable')) = 11.05
LINE 1479: 2025-07-15 09:27:18,700 [DEBUG   ] findfont: score(FontEntry(fname='/usr/local/lib/python3.9/site-packages/matplotlib/mpl-data/fonts/ttf/DejaVuSerif.ttf', name='DejaVu Serif', style='normal', variant='normal', weight=400, stretch='normal', size='scalable')) = 10.05
LINE 1479: 2025-07-15 09:27:18,700 [DEBUG   ] findfont: score(FontEntry(fname='/usr/local/lib/python3.9/site-packages/matplotlib/mpl-data/fonts/ttf/cmex10.ttf', name='cmex10', style='normal', variant='normal', weight=400, stretch='normal', size='scalable')) = 10.05
LINE 1479: 2025-07-15 09:27:18,700 [DEBUG   ] findfont: score(FontEntry(fname='/usr/local/lib/python3.9/site-packages/matplotlib/mpl-data/fonts/ttf/DejaVuSansMono.ttf', name='DejaVu Sans Mono', style='normal', variant='normal', weight=400, stretch='normal', size='scalable')) = 10.05
LINE 1479: 2025-07-15 09:27:18,700 [DEBUG   ] findfont: score(FontEntry(fname='/usr/local/lib/python3.9/site-packages/matplotlib/mpl-data/fonts/ttf/STIXSizFourSymReg.ttf', name='STIXSizeFourSym', style='normal', variant='normal', weight=400, stretch='normal', size='scalable')) = 10.05
LINE 1479: 2025-07-15 09:27:18,700 [DEBUG   ] findfont: score(FontEntry(fname='/usr/local/lib/python3.9/site-packages/matplotlib/mpl-data/fonts/ttf/DejaVuSerif-BoldItalic.ttf', name='DejaVu Serif', style='italic', variant='normal', weight=700, stretch='normal', size='scalable')) = 11.335
LINE 1479: 2025-07-15 09:27:18,700 [DEBUG   ] findfont: score(FontEntry(fname='/usr/local/lib/python3.9/site-packages/matplotlib/mpl-data/fonts/ttf/cmb10.ttf', name='cmb10', style='normal', variant='normal', weight=400, stretch='normal', size='scalable')) = 0.05
LINE 1479: 2025-07-15 09:27:18,700 [DEBUG   ] findfont: score(FontEntry(fname='/usr/local/lib/python3.9/site-packages/matplotlib/mpl-data/fonts/ttf/STIXNonUni.ttf', name='STIXNonUnicode', style='normal', variant='normal', weight=400, stretch='normal', size='scalable')) = 10.05
LINE 1479: 2025-07-15 09:27:18,700 [DEBUG   ] findfont: score(FontEntry(fname='/usr/local/lib/python3.9/site-packages/matplotlib/mpl-data/fonts/ttf/DejaVuSerif-Bold.ttf', name='DejaVu Serif', style='normal', variant='normal', weight=700, stretch='normal', size='scalable')) = 10.335
LINE 1479: 2025-07-15 09:27:18,700 [DEBUG   ] findfont: score(FontEntry(fname='/usr/local/lib/python3.9/site-packages/matplotlib/mpl-data/fonts/ttf/DejaVuSansMono-Bold.ttf', name='DejaVu Sans Mono', style='normal', variant='normal', weight=700, stretch='normal', size='scalable')) = 10.335
LINE 1479: 2025-07-15 09:27:18,700 [DEBUG   ] findfont: score(FontEntry(fname='/usr/local/lib/python3.9/site-packages/matplotlib/mpl-data/fonts/ttf/STIXSizThreeSymReg.ttf', name='STIXSizeThreeSym', style='normal', variant='normal', weight=400, stretch='normal', size='scalable')) = 10.05
LINE 1479: 2025-07-15 09:27:18,700 [DEBUG   ] findfont: score(FontEntry(fname='/usr/local/lib/python3.9/site-packages/matplotlib/mpl-data/fonts/ttf/STIXSizFiveSymReg.ttf', name='STIXSizeFiveSym', style='normal', variant='normal', weight=400, stretch='normal', size='scalable')) = 10.05
LINE 1479: 2025-07-15 09:27:18,700 [DEBUG   ] findfont: score(FontEntry(fname='/usr/local/lib/python3.9/site-packages/matplotlib/mpl-data/fonts/ttf/cmsy10.ttf', name='cmsy10', style='normal', variant='normal', weight=400, stretch='normal', size='scalable')) = 10.05
LINE 1479: 2025-07-15 09:27:18,700 [DEBUG   ] findfont: score(FontEntry(fname='/usr/local/lib/python3.9/site-packages/matplotlib/mpl-data/fonts/ttf/cmmi10.ttf', name='cmmi10', style='normal', variant='normal', weight=400, stretch='normal', size='scalable')) = 10.05
LINE 1479: 2025-07-15 09:27:18,700 [DEBUG   ] findfont: score(FontEntry(fname='/usr/local/lib/python3.9/site-packages/matplotlib/mpl-data/fonts/ttf/STIXSizTwoSymBol.ttf', name='STIXSizeTwoSym', style='normal', variant='normal', weight=700, stretch='normal', size='scalable')) = 10.335
LINE 1479: 2025-07-15 09:27:18,700 [DEBUG   ] findfont: score(FontEntry(fname='/usr/local/lib/python3.9/site-packages/matplotlib/mpl-data/fonts/ttf/STIXNonUniIta.ttf', name='STIXNonUnicode', style='italic', variant='normal', weight=400, stretch='normal', size='scalable')) = 11.05
LINE 1479: 2025-07-15 09:27:18,700 [DEBUG   ] findfont: score(FontEntry(fname='/usr/local/lib/python3.9/site-packages/matplotlib/mpl-data/fonts/ttf/STIXGeneralItalic.ttf', name='STIXGeneral', style='italic', variant='normal', weight=400, stretch='normal', size='scalable')) = 11.05
LINE 1479: 2025-07-15 09:27:18,700 [DEBUG   ] findfont: score(FontEntry(fname='/usr/local/lib/python3.9/site-packages/matplotlib/mpl-data/fonts/ttf/DejaVuSans-Bold.ttf', name='DejaVu Sans', style='normal', variant='normal', weight=700, stretch='normal', size='scalable')) = 10.335
LINE 1479: 2025-07-15 09:27:18,700 [DEBUG   ] findfont: score(FontEntry(fname='/usr/local/lib/python3.9/site-packages/matplotlib/mpl-data/fonts/ttf/cmtt10.ttf', name='cmtt10', style='normal', variant='normal', weight=400, stretch='normal', size='scalable')) = 10.05
LINE 1479: 2025-07-15 09:27:18,700 [DEBUG   ] findfont: score(FontEntry(fname='/usr/local/lib/python3.9/site-packages/matplotlib/mpl-data/fonts/ttf/STIXSizTwoSymReg.ttf', name='STIXSizeTwoSym', style='normal', variant='normal', weight=400, stretch='normal', size='scalable')) = 10.05
LINE 1479: 2025-07-15 09:27:18,700 [DEBUG   ] findfont: score(FontEntry(fname='/usr/local/lib/python3.9/site-packages/matplotlib/mpl-data/fonts/ttf/DejaVuSans.ttf', name='DejaVu Sans', style='normal', variant='normal', weight=400, stretch='normal', size='scalable')) = 10.05
LINE 1479: 2025-07-15 09:27:18,701 [DEBUG   ] findfont: score(FontEntry(fname='/usr/local/lib/python3.9/site-packages/matplotlib/mpl-data/fonts/ttf/STIXGeneralBol.ttf', name='STIXGeneral', style='normal', variant='normal', weight=700, stretch='normal', size='scalable')) = 10.335
LINE 1479: 2025-07-15 09:27:18,701 [DEBUG   ] findfont: score(FontEntry(fname='/usr/local/lib/python3.9/site-packages/matplotlib/mpl-data/fonts/ttf/DejaVuSansMono-Oblique.ttf', name='DejaVu Sans Mono', style='oblique', variant='normal', weight=400, stretch='normal', size='scalable')) = 11.05
LINE 1479: 2025-07-15 09:27:18,701 [DEBUG   ] findfont: score(FontEntry(fname='/usr/local/lib/python3.9/site-packages/matplotlib/mpl-data/fonts/ttf/STIXGeneral.ttf', name='STIXGeneral', style='normal', variant='normal', weight=400, stretch='normal', size='scalable')) = 10.05
LINE 1479: 2025-07-15 09:27:18,701 [DEBUG   ] findfont: score(FontEntry(fname='/usr/local/lib/python3.9/site-packages/matplotlib/mpl-data/fonts/ttf/STIXGeneralBolIta.ttf', name='STIXGeneral', style='italic', variant='normal', weight=700, stretch='normal', size='scalable')) = 11.335
LINE 1479: 2025-07-15 09:27:18,701 [DEBUG   ] findfont: score(FontEntry(fname='/usr/local/lib/python3.9/site-packages/matplotlib/mpl-data/fonts/ttf/cmss10.ttf', name='cmss10', style='normal', variant='normal', weight=400, stretch='normal', size='scalable')) = 10.05
LINE 1479: 2025-07-15 09:27:18,701 [DEBUG   ] findfont: score(FontEntry(fname='/usr/local/lib/python3.9/site-packages/matplotlib/mpl-data/fonts/ttf/DejaVuSans-BoldOblique.ttf', name='DejaVu Sans', style='oblique', variant='normal', weight=700, stretch='normal', size='scalable')) = 11.335
LINE 1479: 2025-07-15 09:27:18,701 [DEBUG   ] findfont: score(FontEntry(fname='/usr/local/lib/python3.9/site-packages/matplotlib/mpl-data/fonts/ttf/STIXSizOneSymBol.ttf', name='STIXSizeOneSym', style='normal', variant='normal', weight=700, stretch='normal', size='scalable')) = 10.335
LINE 1479: 2025-07-15 09:27:18,701 [DEBUG   ] findfont: score(FontEntry(fname='/usr/local/lib/python3.9/site-packages/matplotlib/mpl-data/fonts/ttf/STIXSizThreeSymBol.ttf', name='STIXSizeThreeSym', style='normal', variant='normal', weight=700, stretch='normal', size='scalable')) = 10.335
LINE 1479: 2025-07-15 09:27:18,701 [DEBUG   ] findfont: score(FontEntry(fname='/usr/local/lib/python3.9/site-packages/matplotlib/mpl-data/fonts/ttf/STIXSizOneSymReg.ttf', name='STIXSizeOneSym', style='normal', variant='normal', weight=400, stretch='normal', size='scalable')) = 10.05
LINE 1479: 2025-07-15 09:27:18,701 [DEBUG   ] findfont: score(FontEntry(fname='/usr/local/lib/python3.9/site-packages/matplotlib/mpl-data/fonts/ttf/STIXNonUniBolIta.ttf', name='STIXNonUnicode', style='italic', variant='normal', weight=700, stretch='normal', size='scalable')) = 11.335
LINE 1479: 2025-07-15 09:27:18,701 [DEBUG   ] findfont: score(FontEntry(fname='/usr/share/fonts/truetype/dejavu/DejaVuSansMono-Bold.ttf', name='DejaVu Sans Mono', style='normal', variant='normal', weight=700, stretch='normal', size='scalable')) = 10.335
LINE 1479: 2025-07-15 09:27:18,701 [DEBUG   ] findfont: score(FontEntry(fname='/usr/share/fonts/truetype/dejavu/DejaVuSansMono.ttf', name='DejaVu Sans Mono', style='normal', variant='normal', weight=400, stretch='normal', size='scalable')) = 10.05
LINE 1479: 2025-07-15 09:27:18,701 [DEBUG   ] findfont: score(FontEntry(fname='/usr/share/fonts/truetype/dejavu/DejaVuSans-Bold.ttf', name='DejaVu Sans', style='normal', variant='normal', weight=700, stretch='normal', size='scalable')) = 10.335
LINE 1479: 2025-07-15 09:27:18,701 [DEBUG   ] findfont: score(FontEntry(fname='/usr/share/fonts/truetype/dejavu/DejaVuSerif-Bold.ttf', name='DejaVu Serif', style='normal', variant='normal', weight=700, stretch='normal', size='scalable')) = 10.335
LINE 1479: 2025-07-15 09:27:18,701 [DEBUG   ] findfont: score(FontEntry(fname='/usr/share/fonts/truetype/dejavu/DejaVuSerif.ttf', name='DejaVu Serif', style='normal', variant='normal', weight=400, stretch='normal', size='scalable')) = 10.05
LINE 1479: 2025-07-15 09:27:18,701 [DEBUG   ] findfont: score(FontEntry(fname='/usr/share/fonts/truetype/dejavu/DejaVuSans.ttf', name='DejaVu Sans', style='normal', variant='normal', weight=400, stretch='normal', size='scalable')) = 10.05
LINE 1508: 2025-07-15 09:27:18,701 [DEBUG   ] findfont: Matching cmb10:style=normal:variant=normal:weight=normal:stretch=normal:size=10.0 to cmb10 ('/usr/local/lib/python3.9/site-packages/matplotlib/mpl-data/fonts/ttf/cmb10.ttf') with score of 0.050000.
LINE 1467: 2025-07-15 09:27:18,701 [DEBUG   ] findfont: Matching cmss10:style=normal:variant=normal:weight=normal:stretch=normal:size=10.0.
LINE 1479: 2025-07-15 09:27:18,701 [DEBUG   ] findfont: score(FontEntry(fname='/usr/local/lib/python3.9/site-packages/matplotlib/mpl-data/fonts/ttf/STIXSizFourSymBol.ttf', name='STIXSizeFourSym', style='normal', variant='normal', weight=700, stretch='normal', size='scalable')) = 10.335
LINE 1479: 2025-07-15 09:27:18,701 [DEBUG   ] findfont: score(FontEntry(fname='/usr/local/lib/python3.9/site-packages/matplotlib/mpl-data/fonts/ttf/DejaVuSansDisplay.ttf', name='DejaVu Sans Display', style='normal', variant='normal', weight=400, stretch='normal', size='scalable')) = 10.05
LINE 1479: 2025-07-15 09:27:18,701 [DEBUG   ] findfont: score(FontEntry(fname='/usr/local/lib/python3.9/site-packages/matplotlib/mpl-data/fonts/ttf/cmr10.ttf', name='cmr10', style='normal', variant='normal', weight=400, stretch='normal', size='scalable')) = 10.05
LINE 1479: 2025-07-15 09:27:18,701 [DEBUG   ] findfont: score(FontEntry(fname='/usr/local/lib/python3.9/site-packages/matplotlib/mpl-data/fonts/ttf/DejaVuSans-Oblique.ttf', name='DejaVu Sans', style='oblique', variant='normal', weight=400, stretch='normal', size='scalable')) = 11.05
LINE 1479: 2025-07-15 09:27:18,701 [DEBUG   ] findfont: score(FontEntry(fname='/usr/local/lib/python3.9/site-packages/matplotlib/mpl-data/fonts/ttf/DejaVuSerifDisplay.ttf', name='DejaVu Serif Display', style='normal', variant='normal', weight=400, stretch='normal', size='scalable')) = 10.05
LINE 1479: 2025-07-15 09:27:18,701 [DEBUG   ] findfont: score(FontEntry(fname='/usr/local/lib/python3.9/site-packages/matplotlib/mpl-data/fonts/ttf/DejaVuSansMono-BoldOblique.ttf', name='DejaVu Sans Mono', style='oblique', variant='normal', weight=700, stretch='normal', size='scalable')) = 11.335
LINE 1479: 2025-07-15 09:27:18,701 [DEBUG   ] findfont: score(FontEntry(fname='/usr/local/lib/python3.9/site-packages/matplotlib/mpl-data/fonts/ttf/STIXNonUniBol.ttf', name='STIXNonUnicode', style='normal', variant='normal', weight=700, stretch='normal', size='scalable')) = 10.335
LINE 1479: 2025-07-15 09:27:18,701 [DEBUG   ] findfont: score(FontEntry(fname='/usr/local/lib/python3.9/site-packages/matplotlib/mpl-data/fonts/ttf/DejaVuSerif-Italic.ttf', name='DejaVu Serif', style='italic', variant='normal', weight=400, stretch='normal', size='scalable')) = 11.05
LINE 1479: 2025-07-15 09:27:18,701 [DEBUG   ] findfont: score(FontEntry(fname='/usr/local/lib/python3.9/site-packages/matplotlib/mpl-data/fonts/ttf/DejaVuSerif.ttf', name='DejaVu Serif', style='normal', variant='normal', weight=400, stretch='normal', size='scalable')) = 10.05
LINE 1479: 2025-07-15 09:27:18,701 [DEBUG   ] findfont: score(FontEntry(fname='/usr/local/lib/python3.9/site-packages/matplotlib/mpl-data/fonts/ttf/cmex10.ttf', name='cmex10', style='normal', variant='normal', weight=400, stretch='normal', size='scalable')) = 10.05
LINE 1479: 2025-07-15 09:27:18,701 [DEBUG   ] findfont: score(FontEntry(fname='/usr/local/lib/python3.9/site-packages/matplotlib/mpl-data/fonts/ttf/DejaVuSansMono.ttf', name='DejaVu Sans Mono', style='normal', variant='normal', weight=400, stretch='normal', size='scalable')) = 10.05
LINE 1479: 2025-07-15 09:27:18,701 [DEBUG   ] findfont: score(FontEntry(fname='/usr/local/lib/python3.9/site-packages/matplotlib/mpl-data/fonts/ttf/STIXSizFourSymReg.ttf', name='STIXSizeFourSym', style='normal', variant='normal', weight=400, stretch='normal', size='scalable')) = 10.05
LINE 1479: 2025-07-15 09:27:18,702 [DEBUG   ] findfont: score(FontEntry(fname='/usr/local/lib/python3.9/site-packages/matplotlib/mpl-data/fonts/ttf/DejaVuSerif-BoldItalic.ttf', name='DejaVu Serif', style='italic', variant='normal', weight=700, stretch='normal', size='scalable')) = 11.335
LINE 1479: 2025-07-15 09:27:18,702 [DEBUG   ] findfont: score(FontEntry(fname='/usr/local/lib/python3.9/site-packages/matplotlib/mpl-data/fonts/ttf/cmb10.ttf', name='cmb10', style='normal', variant='normal', weight=400, stretch='normal', size='scalable')) = 10.05
LINE 1479: 2025-07-15 09:27:18,702 [DEBUG   ] findfont: score(FontEntry(fname='/usr/local/lib/python3.9/site-packages/matplotlib/mpl-data/fonts/ttf/STIXNonUni.ttf', name='STIXNonUnicode', style='normal', variant='normal', weight=400, stretch='normal', size='scalable')) = 10.05
LINE 1479: 2025-07-15 09:27:18,702 [DEBUG   ] findfont: score(FontEntry(fname='/usr/local/lib/python3.9/site-packages/matplotlib/mpl-data/fonts/ttf/DejaVuSerif-Bold.ttf', name='DejaVu Serif', style='normal', variant='normal', weight=700, stretch='normal', size='scalable')) = 10.335
LINE 1479: 2025-07-15 09:27:18,702 [DEBUG   ] findfont: score(FontEntry(fname='/usr/local/lib/python3.9/site-packages/matplotlib/mpl-data/fonts/ttf/DejaVuSansMono-Bold.ttf', name='DejaVu Sans Mono', style='normal', variant='normal', weight=700, stretch='normal', size='scalable')) = 10.335
LINE 1479: 2025-07-15 09:27:18,702 [DEBUG   ] findfont: score(FontEntry(fname='/usr/local/lib/python3.9/site-packages/matplotlib/mpl-data/fonts/ttf/STIXSizThreeSymReg.ttf', name='STIXSizeThreeSym', style='normal', variant='normal', weight=400, stretch='normal', size='scalable')) = 10.05
LINE 1479: 2025-07-15 09:27:18,702 [DEBUG   ] findfont: score(FontEntry(fname='/usr/local/lib/python3.9/site-packages/matplotlib/mpl-data/fonts/ttf/STIXSizFiveSymReg.ttf', name='STIXSizeFiveSym', style='normal', variant='normal', weight=400, stretch='normal', size='scalable')) = 10.05
LINE 1479: 2025-07-15 09:27:18,702 [DEBUG   ] findfont: score(FontEntry(fname='/usr/local/lib/python3.9/site-packages/matplotlib/mpl-data/fonts/ttf/cmsy10.ttf', name='cmsy10', style='normal', variant='normal', weight=400, stretch='normal', size='scalable')) = 10.05
LINE 1479: 2025-07-15 09:27:18,702 [DEBUG   ] findfont: score(FontEntry(fname='/usr/local/lib/python3.9/site-packages/matplotlib/mpl-data/fonts/ttf/cmmi10.ttf', name='cmmi10', style='normal', variant='normal', weight=400, stretch='normal', size='scalable')) = 10.05
LINE 1479: 2025-07-15 09:27:18,702 [DEBUG   ] findfont: score(FontEntry(fname='/usr/local/lib/python3.9/site-packages/matplotlib/mpl-data/fonts/ttf/STIXSizTwoSymBol.ttf', name='STIXSizeTwoSym', style='normal', variant='normal', weight=700, stretch='normal', size='scalable')) = 10.335
LINE 1479: 2025-07-15 09:27:18,702 [DEBUG   ] findfont: score(FontEntry(fname='/usr/local/lib/python3.9/site-packages/matplotlib/mpl-data/fonts/ttf/STIXNonUniIta.ttf', name='STIXNonUnicode', style='italic', variant='normal', weight=400, stretch='normal', size='scalable')) = 11.05
LINE 1479: 2025-07-15 09:27:18,702 [DEBUG   ] findfont: score(FontEntry(fname='/usr/local/lib/python3.9/site-packages/matplotlib/mpl-data/fonts/ttf/STIXGeneralItalic.ttf', name='STIXGeneral', style='italic', variant='normal', weight=400, stretch='normal', size='scalable')) = 11.05
LINE 1479: 2025-07-15 09:27:18,702 [DEBUG   ] findfont: score(FontEntry(fname='/usr/local/lib/python3.9/site-packages/matplotlib/mpl-data/fonts/ttf/DejaVuSans-Bold.ttf', name='DejaVu Sans', style='normal', variant='normal', weight=700, stretch='normal', size='scalable')) = 10.335
LINE 1479: 2025-07-15 09:27:18,702 [DEBUG   ] findfont: score(FontEntry(fname='/usr/local/lib/python3.9/site-packages/matplotlib/mpl-data/fonts/ttf/cmtt10.ttf', name='cmtt10', style='normal', variant='normal', weight=400, stretch='normal', size='scalable')) = 10.05
LINE 1479: 2025-07-15 09:27:18,702 [DEBUG   ] findfont: score(FontEntry(fname='/usr/local/lib/python3.9/site-packages/matplotlib/mpl-data/fonts/ttf/STIXSizTwoSymReg.ttf', name='STIXSizeTwoSym', style='normal', variant='normal', weight=400, stretch='normal', size='scalable')) = 10.05
LINE 1479: 2025-07-15 09:27:18,702 [DEBUG   ] findfont: score(FontEntry(fname='/usr/local/lib/python3.9/site-packages/matplotlib/mpl-data/fonts/ttf/DejaVuSans.ttf', name='DejaVu Sans', style='normal', variant='normal', weight=400, stretch='normal', size='scalable')) = 10.05
LINE 1479: 2025-07-15 09:27:18,702 [DEBUG   ] findfont: score(FontEntry(fname='/usr/local/lib/python3.9/site-packages/matplotlib/mpl-data/fonts/ttf/STIXGeneralBol.ttf', name='STIXGeneral', style='normal', variant='normal', weight=700, stretch='normal', size='scalable')) = 10.335
LINE 1479: 2025-07-15 09:27:18,702 [DEBUG   ] findfont: score(FontEntry(fname='/usr/local/lib/python3.9/site-packages/matplotlib/mpl-data/fonts/ttf/DejaVuSansMono-Oblique.ttf', name='DejaVu Sans Mono', style='oblique', variant='normal', weight=400, stretch='normal', size='scalable')) = 11.05
LINE 1479: 2025-07-15 09:27:18,702 [DEBUG   ] findfont: score(FontEntry(fname='/usr/local/lib/python3.9/site-packages/matplotlib/mpl-data/fonts/ttf/STIXGeneral.ttf', name='STIXGeneral', style='normal', variant='normal', weight=400, stretch='normal', size='scalable')) = 10.05
LINE 1479: 2025-07-15 09:27:18,702 [DEBUG   ] findfont: score(FontEntry(fname='/usr/local/lib/python3.9/site-packages/matplotlib/mpl-data/fonts/ttf/STIXGeneralBolIta.ttf', name='STIXGeneral', style='italic', variant='normal', weight=700, stretch='normal', size='scalable')) = 11.335
LINE 1479: 2025-07-15 09:27:18,702 [DEBUG   ] findfont: score(FontEntry(fname='/usr/local/lib/python3.9/site-packages/matplotlib/mpl-data/fonts/ttf/cmss10.ttf', name='cmss10', style='normal', variant='normal', weight=400, stretch='normal', size='scalable')) = 0.05
LINE 1479: 2025-07-15 09:27:18,702 [DEBUG   ] findfont: score(FontEntry(fname='/usr/local/lib/python3.9/site-packages/matplotlib/mpl-data/fonts/ttf/DejaVuSans-BoldOblique.ttf', name='DejaVu Sans', style='oblique', variant='normal', weight=700, stretch='normal', size='scalable')) = 11.335
LINE 1479: 2025-07-15 09:27:18,702 [DEBUG   ] findfont: score(FontEntry(fname='/usr/local/lib/python3.9/site-packages/matplotlib/mpl-data/fonts/ttf/STIXSizOneSymBol.ttf', name='STIXSizeOneSym', style='normal', variant='normal', weight=700, stretch='normal', size='scalable')) = 10.335
LINE 1479: 2025-07-15 09:27:18,702 [DEBUG   ] findfont: score(FontEntry(fname='/usr/local/lib/python3.9/site-packages/matplotlib/mpl-data/fonts/ttf/STIXSizThreeSymBol.ttf', name='STIXSizeThreeSym', style='normal', variant='normal', weight=700, stretch='normal', size='scalable')) = 10.335
LINE 1479: 2025-07-15 09:27:18,702 [DEBUG   ] findfont: score(FontEntry(fname='/usr/local/lib/python3.9/site-packages/matplotlib/mpl-data/fonts/ttf/STIXSizOneSymReg.ttf', name='STIXSizeOneSym', style='normal', variant='normal', weight=400, stretch='normal', size='scalable')) = 10.05
LINE 1479: 2025-07-15 09:27:18,702 [DEBUG   ] findfont: score(FontEntry(fname='/usr/local/lib/python3.9/site-packages/matplotlib/mpl-data/fonts/ttf/STIXNonUniBolIta.ttf', name='STIXNonUnicode', style='italic', variant='normal', weight=700, stretch='normal', size='scalable')) = 11.335
LINE 1479: 2025-07-15 09:27:18,702 [DEBUG   ] findfont: score(FontEntry(fname='/usr/share/fonts/truetype/dejavu/DejaVuSansMono-Bold.ttf', name='DejaVu Sans Mono', style='normal', variant='normal', weight=700, stretch='normal', size='scalable')) = 10.335
LINE 1479: 2025-07-15 09:27:18,702 [DEBUG   ] findfont: score(FontEntry(fname='/usr/share/fonts/truetype/dejavu/DejaVuSansMono.ttf', name='DejaVu Sans Mono', style='normal', variant='normal', weight=400, stretch='normal', size='scalable')) = 10.05
LINE 1479: 2025-07-15 09:27:18,702 [DEBUG   ] findfont: score(FontEntry(fname='/usr/share/fonts/truetype/dejavu/DejaVuSans-Bold.ttf', name='DejaVu Sans', style='normal', variant='normal', weight=700, stretch='normal', size='scalable')) = 10.335
LINE 1479: 2025-07-15 09:27:18,702 [DEBUG   ] findfont: score(FontEntry(fname='/usr/share/fonts/truetype/dejavu/DejaVuSerif-Bold.ttf', name='DejaVu Serif', style='normal', variant='normal', weight=700, stretch='normal', size='scalable')) = 10.335
LINE 1479: 2025-07-15 09:27:18,702 [DEBUG   ] findfont: score(FontEntry(fname='/usr/share/fonts/truetype/dejavu/DejaVuSerif.ttf', name='DejaVu Serif', style='normal', variant='normal', weight=400, stretch='normal', size='scalable')) = 10.05
LINE 1479: 2025-07-15 09:27:18,702 [DEBUG   ] findfont: score(FontEntry(fname='/usr/share/fonts/truetype/dejavu/DejaVuSans.ttf', name='DejaVu Sans', style='normal', variant='normal', weight=400, stretch='normal', size='scalable')) = 10.05
LINE 1508: 2025-07-15 09:27:18,702 [DEBUG   ] findfont: Matching cmss10:style=normal:variant=normal:weight=normal:stretch=normal:size=10.0 to cmss10 ('/usr/local/lib/python3.9/site-packages/matplotlib/mpl-data/fonts/ttf/cmss10.ttf') with score of 0.050000.
LINE 1467: 2025-07-15 09:27:18,703 [DEBUG   ] findfont: Matching cmex10:style=normal:variant=normal:weight=normal:stretch=normal:size=10.0.
LINE 1479: 2025-07-15 09:27:18,703 [DEBUG   ] findfont: score(FontEntry(fname='/usr/local/lib/python3.9/site-packages/matplotlib/mpl-data/fonts/ttf/STIXSizFourSymBol.ttf', name='STIXSizeFourSym', style='normal', variant='normal', weight=700, stretch='normal', size='scalable')) = 10.335
LINE 1479: 2025-07-15 09:27:18,703 [DEBUG   ] findfont: score(FontEntry(fname='/usr/local/lib/python3.9/site-packages/matplotlib/mpl-data/fonts/ttf/DejaVuSansDisplay.ttf', name='DejaVu Sans Display', style='normal', variant='normal', weight=400, stretch='normal', size='scalable')) = 10.05
LINE 1479: 2025-07-15 09:27:18,703 [DEBUG   ] findfont: score(FontEntry(fname='/usr/local/lib/python3.9/site-packages/matplotlib/mpl-data/fonts/ttf/cmr10.ttf', name='cmr10', style='normal', variant='normal', weight=400, stretch='normal', size='scalable')) = 10.05
LINE 1479: 2025-07-15 09:27:18,703 [DEBUG   ] findfont: score(FontEntry(fname='/usr/local/lib/python3.9/site-packages/matplotlib/mpl-data/fonts/ttf/DejaVuSans-Oblique.ttf', name='DejaVu Sans', style='oblique', variant='normal', weight=400, stretch='normal', size='scalable')) = 11.05
LINE 1479: 2025-07-15 09:27:18,703 [DEBUG   ] findfont: score(FontEntry(fname='/usr/local/lib/python3.9/site-packages/matplotlib/mpl-data/fonts/ttf/DejaVuSerifDisplay.ttf', name='DejaVu Serif Display', style='normal', variant='normal', weight=400, stretch='normal', size='scalable')) = 10.05
LINE 1479: 2025-07-15 09:27:18,703 [DEBUG   ] findfont: score(FontEntry(fname='/usr/local/lib/python3.9/site-packages/matplotlib/mpl-data/fonts/ttf/DejaVuSansMono-BoldOblique.ttf', name='DejaVu Sans Mono', style='oblique', variant='normal', weight=700, stretch='normal', size='scalable')) = 11.335
LINE 1479: 2025-07-15 09:27:18,703 [DEBUG   ] findfont: score(FontEntry(fname='/usr/local/lib/python3.9/site-packages/matplotlib/mpl-data/fonts/ttf/STIXNonUniBol.ttf', name='STIXNonUnicode', style='normal', variant='normal', weight=700, stretch='normal', size='scalable')) = 10.335
LINE 1479: 2025-07-15 09:27:18,703 [DEBUG   ] findfont: score(FontEntry(fname='/usr/local/lib/python3.9/site-packages/matplotlib/mpl-data/fonts/ttf/DejaVuSerif-Italic.ttf', name='DejaVu Serif', style='italic', variant='normal', weight=400, stretch='normal', size='scalable')) = 11.05
LINE 1479: 2025-07-15 09:27:18,703 [DEBUG   ] findfont: score(FontEntry(fname='/usr/local/lib/python3.9/site-packages/matplotlib/mpl-data/fonts/ttf/DejaVuSerif.ttf', name='DejaVu Serif', style='normal', variant='normal', weight=400, stretch='normal', size='scalable')) = 10.05
LINE 1479: 2025-07-15 09:27:18,703 [DEBUG   ] findfont: score(FontEntry(fname='/usr/local/lib/python3.9/site-packages/matplotlib/mpl-data/fonts/ttf/cmex10.ttf', name='cmex10', style='normal', variant='normal', weight=400, stretch='normal', size='scalable')) = 0.05
LINE 1479: 2025-07-15 09:27:18,703 [DEBUG   ] findfont: score(FontEntry(fname='/usr/local/lib/python3.9/site-packages/matplotlib/mpl-data/fonts/ttf/DejaVuSansMono.ttf', name='DejaVu Sans Mono', style='normal', variant='normal', weight=400, stretch='normal', size='scalable')) = 10.05
LINE 1479: 2025-07-15 09:27:18,703 [DEBUG   ] findfont: score(FontEntry(fname='/usr/local/lib/python3.9/site-packages/matplotlib/mpl-data/fonts/ttf/STIXSizFourSymReg.ttf', name='STIXSizeFourSym', style='normal', variant='normal', weight=400, stretch='normal', size='scalable')) = 10.05
LINE 1479: 2025-07-15 09:27:18,703 [DEBUG   ] findfont: score(FontEntry(fname='/usr/local/lib/python3.9/site-packages/matplotlib/mpl-data/fonts/ttf/DejaVuSerif-BoldItalic.ttf', name='DejaVu Serif', style='italic', variant='normal', weight=700, stretch='normal', size='scalable')) = 11.335
LINE 1479: 2025-07-15 09:27:18,703 [DEBUG   ] findfont: score(FontEntry(fname='/usr/local/lib/python3.9/site-packages/matplotlib/mpl-data/fonts/ttf/cmb10.ttf', name='cmb10', style='normal', variant='normal', weight=400, stretch='normal', size='scalable')) = 10.05
LINE 1479: 2025-07-15 09:27:18,703 [DEBUG   ] findfont: score(FontEntry(fname='/usr/local/lib/python3.9/site-packages/matplotlib/mpl-data/fonts/ttf/STIXNonUni.ttf', name='STIXNonUnicode', style='normal', variant='normal', weight=400, stretch='normal', size='scalable')) = 10.05
LINE 1479: 2025-07-15 09:27:18,703 [DEBUG   ] findfont: score(FontEntry(fname='/usr/local/lib/python3.9/site-packages/matplotlib/mpl-data/fonts/ttf/DejaVuSerif-Bold.ttf', name='DejaVu Serif', style='normal', variant='normal', weight=700, stretch='normal', size='scalable')) = 10.335
LINE 1479: 2025-07-15 09:27:18,703 [DEBUG   ] findfont: score(FontEntry(fname='/usr/local/lib/python3.9/site-packages/matplotlib/mpl-data/fonts/ttf/DejaVuSansMono-Bold.ttf', name='DejaVu Sans Mono', style='normal', variant='normal', weight=700, stretch='normal', size='scalable')) = 10.335
LINE 1479: 2025-07-15 09:27:18,703 [DEBUG   ] findfont: score(FontEntry(fname='/usr/local/lib/python3.9/site-packages/matplotlib/mpl-data/fonts/ttf/STIXSizThreeSymReg.ttf', name='STIXSizeThreeSym', style='normal', variant='normal', weight=400, stretch='normal', size='scalable')) = 10.05
LINE 1479: 2025-07-15 09:27:18,703 [DEBUG   ] findfont: score(FontEntry(fname='/usr/local/lib/python3.9/site-packages/matplotlib/mpl-data/fonts/ttf/STIXSizFiveSymReg.ttf', name='STIXSizeFiveSym', style='normal', variant='normal', weight=400, stretch='normal', size='scalable')) = 10.05
LINE 1479: 2025-07-15 09:27:18,703 [DEBUG   ] findfont: score(FontEntry(fname='/usr/local/lib/python3.9/site-packages/matplotlib/mpl-data/fonts/ttf/cmsy10.ttf', name='cmsy10', style='normal', variant='normal', weight=400, stretch='normal', size='scalable')) = 10.05
LINE 1479: 2025-07-15 09:27:18,703 [DEBUG   ] findfont: score(FontEntry(fname='/usr/local/lib/python3.9/site-packages/matplotlib/mpl-data/fonts/ttf/cmmi10.ttf', name='cmmi10', style='normal', variant='normal', weight=400, stretch='normal', size='scalable')) = 10.05
LINE 1479: 2025-07-15 09:27:18,703 [DEBUG   ] findfont: score(FontEntry(fname='/usr/local/lib/python3.9/site-packages/matplotlib/mpl-data/fonts/ttf/STIXSizTwoSymBol.ttf', name='STIXSizeTwoSym', style='normal', variant='normal', weight=700, stretch='normal', size='scalable')) = 10.335
LINE 1479: 2025-07-15 09:27:18,703 [DEBUG   ] findfont: score(FontEntry(fname='/usr/local/lib/python3.9/site-packages/matplotlib/mpl-data/fonts/ttf/STIXNonUniIta.ttf', name='STIXNonUnicode', style='italic', variant='normal', weight=400, stretch='normal', size='scalable')) = 11.05
LINE 1479: 2025-07-15 09:27:18,703 [DEBUG   ] findfont: score(FontEntry(fname='/usr/local/lib/python3.9/site-packages/matplotlib/mpl-data/fonts/ttf/STIXGeneralItalic.ttf', name='STIXGeneral', style='italic', variant='normal', weight=400, stretch='normal', size='scalable')) = 11.05
LINE 1479: 2025-07-15 09:27:18,703 [DEBUG   ] findfont: score(FontEntry(fname='/usr/local/lib/python3.9/site-packages/matplotlib/mpl-data/fonts/ttf/DejaVuSans-Bold.ttf', name='DejaVu Sans', style='normal', variant='normal', weight=700, stretch='normal', size='scalable')) = 10.335
LINE 1479: 2025-07-15 09:27:18,703 [DEBUG   ] findfont: score(FontEntry(fname='/usr/local/lib/python3.9/site-packages/matplotlib/mpl-data/fonts/ttf/cmtt10.ttf', name='cmtt10', style='normal', variant='normal', weight=400, stretch='normal', size='scalable')) = 10.05
LINE 1479: 2025-07-15 09:27:18,703 [DEBUG   ] findfont: score(FontEntry(fname='/usr/local/lib/python3.9/site-packages/matplotlib/mpl-data/fonts/ttf/STIXSizTwoSymReg.ttf', name='STIXSizeTwoSym', style='normal', variant='normal', weight=400, stretch='normal', size='scalable')) = 10.05
LINE 1479: 2025-07-15 09:27:18,703 [DEBUG   ] findfont: score(FontEntry(fname='/usr/local/lib/python3.9/site-packages/matplotlib/mpl-data/fonts/ttf/DejaVuSans.ttf', name='DejaVu Sans', style='normal', variant='normal', weight=400, stretch='normal', size='scalable')) = 10.05
LINE 1479: 2025-07-15 09:27:18,703 [DEBUG   ] findfont: score(FontEntry(fname='/usr/local/lib/python3.9/site-packages/matplotlib/mpl-data/fonts/ttf/STIXGeneralBol.ttf', name='STIXGeneral', style='normal', variant='normal', weight=700, stretch='normal', size='scalable')) = 10.335
LINE 1479: 2025-07-15 09:27:18,703 [DEBUG   ] findfont: score(FontEntry(fname='/usr/local/lib/python3.9/site-packages/matplotlib/mpl-data/fonts/ttf/DejaVuSansMono-Oblique.ttf', name='DejaVu Sans Mono', style='oblique', variant='normal', weight=400, stretch='normal', size='scalable')) = 11.05
LINE 1479: 2025-07-15 09:27:18,703 [DEBUG   ] findfont: score(FontEntry(fname='/usr/local/lib/python3.9/site-packages/matplotlib/mpl-data/fonts/ttf/STIXGeneral.ttf', name='STIXGeneral', style='normal', variant='normal', weight=400, stretch='normal', size='scalable')) = 10.05
LINE 1479: 2025-07-15 09:27:18,703 [DEBUG   ] findfont: score(FontEntry(fname='/usr/local/lib/python3.9/site-packages/matplotlib/mpl-data/fonts/ttf/STIXGeneralBolIta.ttf', name='STIXGeneral', style='italic', variant='normal', weight=700, stretch='normal', size='scalable')) = 11.335
LINE 1479: 2025-07-15 09:27:18,703 [DEBUG   ] findfont: score(FontEntry(fname='/usr/local/lib/python3.9/site-packages/matplotlib/mpl-data/fonts/ttf/cmss10.ttf', name='cmss10', style='normal', variant='normal', weight=400, stretch='normal', size='scalable')) = 10.05
LINE 1479: 2025-07-15 09:27:18,703 [DEBUG   ] findfont: score(FontEntry(fname='/usr/local/lib/python3.9/site-packages/matplotlib/mpl-data/fonts/ttf/DejaVuSans-BoldOblique.ttf', name='DejaVu Sans', style='oblique', variant='normal', weight=700, stretch='normal', size='scalable')) = 11.335
LINE 1479: 2025-07-15 09:27:18,703 [DEBUG   ] findfont: score(FontEntry(fname='/usr/local/lib/python3.9/site-packages/matplotlib/mpl-data/fonts/ttf/STIXSizOneSymBol.ttf', name='STIXSizeOneSym', style='normal', variant='normal', weight=700, stretch='normal', size='scalable')) = 10.335
LINE 1479: 2025-07-15 09:27:18,703 [DEBUG   ] findfont: score(FontEntry(fname='/usr/local/lib/python3.9/site-packages/matplotlib/mpl-data/fonts/ttf/STIXSizThreeSymBol.ttf', name='STIXSizeThreeSym', style='normal', variant='normal', weight=700, stretch='normal', size='scalable')) = 10.335
LINE 1479: 2025-07-15 09:27:18,703 [DEBUG   ] findfont: score(FontEntry(fname='/usr/local/lib/python3.9/site-packages/matplotlib/mpl-data/fonts/ttf/STIXSizOneSymReg.ttf', name='STIXSizeOneSym', style='normal', variant='normal', weight=400, stretch='normal', size='scalable')) = 10.05
LINE 1479: 2025-07-15 09:27:18,703 [DEBUG   ] findfont: score(FontEntry(fname='/usr/local/lib/python3.9/site-packages/matplotlib/mpl-data/fonts/ttf/STIXNonUniBolIta.ttf', name='STIXNonUnicode', style='italic', variant='normal', weight=700, stretch='normal', size='scalable')) = 11.335
LINE 1479: 2025-07-15 09:27:18,704 [DEBUG   ] findfont: score(FontEntry(fname='/usr/share/fonts/truetype/dejavu/DejaVuSansMono-Bold.ttf', name='DejaVu Sans Mono', style='normal', variant='normal', weight=700, stretch='normal', size='scalable')) = 10.335
LINE 1479: 2025-07-15 09:27:18,704 [DEBUG   ] findfont: score(FontEntry(fname='/usr/share/fonts/truetype/dejavu/DejaVuSansMono.ttf', name='DejaVu Sans Mono', style='normal', variant='normal', weight=400, stretch='normal', size='scalable')) = 10.05
LINE 1479: 2025-07-15 09:27:18,704 [DEBUG   ] findfont: score(FontEntry(fname='/usr/share/fonts/truetype/dejavu/DejaVuSans-Bold.ttf', name='DejaVu Sans', style='normal', variant='normal', weight=700, stretch='normal', size='scalable')) = 10.335
LINE 1479: 2025-07-15 09:27:18,704 [DEBUG   ] findfont: score(FontEntry(fname='/usr/share/fonts/truetype/dejavu/DejaVuSerif-Bold.ttf', name='DejaVu Serif', style='normal', variant='normal', weight=700, stretch='normal', size='scalable')) = 10.335
LINE 1479: 2025-07-15 09:27:18,704 [DEBUG   ] findfont: score(FontEntry(fname='/usr/share/fonts/truetype/dejavu/DejaVuSerif.ttf', name='DejaVu Serif', style='normal', variant='normal', weight=400, stretch='normal', size='scalable')) = 10.05
LINE 1479: 2025-07-15 09:27:18,704 [DEBUG   ] findfont: score(FontEntry(fname='/usr/share/fonts/truetype/dejavu/DejaVuSans.ttf', name='DejaVu Sans', style='normal', variant='normal', weight=400, stretch='normal', size='scalable')) = 10.05
LINE 1508: 2025-07-15 09:27:18,704 [DEBUG   ] findfont: Matching cmex10:style=normal:variant=normal:weight=normal:stretch=normal:size=10.0 to cmex10 ('/usr/local/lib/python3.9/site-packages/matplotlib/mpl-data/fonts/ttf/cmex10.ttf') with score of 0.050000.
LINE 1467: 2025-07-15 09:27:18,704 [DEBUG   ] findfont: Matching DejaVu Sans:style=normal:variant=normal:weight=normal:stretch=normal:size=10.0.
LINE 1479: 2025-07-15 09:27:18,704 [DEBUG   ] findfont: score(FontEntry(fname='/usr/local/lib/python3.9/site-packages/matplotlib/mpl-data/fonts/ttf/STIXSizFourSymBol.ttf', name='STIXSizeFourSym', style='normal', variant='normal', weight=700, stretch='normal', size='scalable')) = 10.335
LINE 1479: 2025-07-15 09:27:18,704 [DEBUG   ] findfont: score(FontEntry(fname='/usr/local/lib/python3.9/site-packages/matplotlib/mpl-data/fonts/ttf/DejaVuSansDisplay.ttf', name='DejaVu Sans Display', style='normal', variant='normal', weight=400, stretch='normal', size='scalable')) = 10.05
LINE 1479: 2025-07-15 09:27:18,704 [DEBUG   ] findfont: score(FontEntry(fname='/usr/local/lib/python3.9/site-packages/matplotlib/mpl-data/fonts/ttf/cmr10.ttf', name='cmr10', style='normal', variant='normal', weight=400, stretch='normal', size='scalable')) = 10.05
LINE 1479: 2025-07-15 09:27:18,704 [DEBUG   ] findfont: score(FontEntry(fname='/usr/local/lib/python3.9/site-packages/matplotlib/mpl-data/fonts/ttf/DejaVuSans-Oblique.ttf', name='DejaVu Sans', style='oblique', variant='normal', weight=400, stretch='normal', size='scalable')) = 1.05
LINE 1479: 2025-07-15 09:27:18,704 [DEBUG   ] findfont: score(FontEntry(fname='/usr/local/lib/python3.9/site-packages/matplotlib/mpl-data/fonts/ttf/DejaVuSerifDisplay.ttf', name='DejaVu Serif Display', style='normal', variant='normal', weight=400, stretch='normal', size='scalable')) = 10.05
LINE 1479: 2025-07-15 09:27:18,704 [DEBUG   ] findfont: score(FontEntry(fname='/usr/local/lib/python3.9/site-packages/matplotlib/mpl-data/fonts/ttf/DejaVuSansMono-BoldOblique.ttf', name='DejaVu Sans Mono', style='oblique', variant='normal', weight=700, stretch='normal', size='scalable')) = 11.335
LINE 1479: 2025-07-15 09:27:18,704 [DEBUG   ] findfont: score(FontEntry(fname='/usr/local/lib/python3.9/site-packages/matplotlib/mpl-data/fonts/ttf/STIXNonUniBol.ttf', name='STIXNonUnicode', style='normal', variant='normal', weight=700, stretch='normal', size='scalable')) = 10.335
LINE 1479: 2025-07-15 09:27:18,704 [DEBUG   ] findfont: score(FontEntry(fname='/usr/local/lib/python3.9/site-packages/matplotlib/mpl-data/fonts/ttf/DejaVuSerif-Italic.ttf', name='DejaVu Serif', style='italic', variant='normal', weight=400, stretch='normal', size='scalable')) = 11.05
LINE 1479: 2025-07-15 09:27:18,704 [DEBUG   ] findfont: score(FontEntry(fname='/usr/local/lib/python3.9/site-packages/matplotlib/mpl-data/fonts/ttf/DejaVuSerif.ttf', name='DejaVu Serif', style='normal', variant='normal', weight=400, stretch='normal', size='scalable')) = 10.05
LINE 1479: 2025-07-15 09:27:18,704 [DEBUG   ] findfont: score(FontEntry(fname='/usr/local/lib/python3.9/site-packages/matplotlib/mpl-data/fonts/ttf/cmex10.ttf', name='cmex10', style='normal', variant='normal', weight=400, stretch='normal', size='scalable')) = 10.05
LINE 1479: 2025-07-15 09:27:18,704 [DEBUG   ] findfont: score(FontEntry(fname='/usr/local/lib/python3.9/site-packages/matplotlib/mpl-data/fonts/ttf/DejaVuSansMono.ttf', name='DejaVu Sans Mono', style='normal', variant='normal', weight=400, stretch='normal', size='scalable')) = 10.05
LINE 1479: 2025-07-15 09:27:18,704 [DEBUG   ] findfont: score(FontEntry(fname='/usr/local/lib/python3.9/site-packages/matplotlib/mpl-data/fonts/ttf/STIXSizFourSymReg.ttf', name='STIXSizeFourSym', style='normal', variant='normal', weight=400, stretch='normal', size='scalable')) = 10.05
LINE 1479: 2025-07-15 09:27:18,704 [DEBUG   ] findfont: score(FontEntry(fname='/usr/local/lib/python3.9/site-packages/matplotlib/mpl-data/fonts/ttf/DejaVuSerif-BoldItalic.ttf', name='DejaVu Serif', style='italic', variant='normal', weight=700, stretch='normal', size='scalable')) = 11.335
LINE 1479: 2025-07-15 09:27:18,704 [DEBUG   ] findfont: score(FontEntry(fname='/usr/local/lib/python3.9/site-packages/matplotlib/mpl-data/fonts/ttf/cmb10.ttf', name='cmb10', style='normal', variant='normal', weight=400, stretch='normal', size='scalable')) = 10.05
LINE 1479: 2025-07-15 09:27:18,704 [DEBUG   ] findfont: score(FontEntry(fname='/usr/local/lib/python3.9/site-packages/matplotlib/mpl-data/fonts/ttf/STIXNonUni.ttf', name='STIXNonUnicode', style='normal', variant='normal', weight=400, stretch='normal', size='scalable')) = 10.05
LINE 1479: 2025-07-15 09:27:18,704 [DEBUG   ] findfont: score(FontEntry(fname='/usr/local/lib/python3.9/site-packages/matplotlib/mpl-data/fonts/ttf/DejaVuSerif-Bold.ttf', name='DejaVu Serif', style='normal', variant='normal', weight=700, stretch='normal', size='scalable')) = 10.335
LINE 1479: 2025-07-15 09:27:18,704 [DEBUG   ] findfont: score(FontEntry(fname='/usr/local/lib/python3.9/site-packages/matplotlib/mpl-data/fonts/ttf/DejaVuSansMono-Bold.ttf', name='DejaVu Sans Mono', style='normal', variant='normal', weight=700, stretch='normal', size='scalable')) = 10.335
LINE 1479: 2025-07-15 09:27:18,704 [DEBUG   ] findfont: score(FontEntry(fname='/usr/local/lib/python3.9/site-packages/matplotlib/mpl-data/fonts/ttf/STIXSizThreeSymReg.ttf', name='STIXSizeThreeSym', style='normal', variant='normal', weight=400, stretch='normal', size='scalable')) = 10.05
LINE 1479: 2025-07-15 09:27:18,704 [DEBUG   ] findfont: score(FontEntry(fname='/usr/local/lib/python3.9/site-packages/matplotlib/mpl-data/fonts/ttf/STIXSizFiveSymReg.ttf', name='STIXSizeFiveSym', style='normal', variant='normal', weight=400, stretch='normal', size='scalable')) = 10.05
LINE 1479: 2025-07-15 09:27:18,704 [DEBUG   ] findfont: score(FontEntry(fname='/usr/local/lib/python3.9/site-packages/matplotlib/mpl-data/fonts/ttf/cmsy10.ttf', name='cmsy10', style='normal', variant='normal', weight=400, stretch='normal', size='scalable')) = 10.05
LINE 1479: 2025-07-15 09:27:18,704 [DEBUG   ] findfont: score(FontEntry(fname='/usr/local/lib/python3.9/site-packages/matplotlib/mpl-data/fonts/ttf/cmmi10.ttf', name='cmmi10', style='normal', variant='normal', weight=400, stretch='normal', size='scalable')) = 10.05
LINE 1479: 2025-07-15 09:27:18,704 [DEBUG   ] findfont: score(FontEntry(fname='/usr/local/lib/python3.9/site-packages/matplotlib/mpl-data/fonts/ttf/STIXSizTwoSymBol.ttf', name='STIXSizeTwoSym', style='normal', variant='normal', weight=700, stretch='normal', size='scalable')) = 10.335
LINE 1479: 2025-07-15 09:27:18,705 [DEBUG   ] findfont: score(FontEntry(fname='/usr/local/lib/python3.9/site-packages/matplotlib/mpl-data/fonts/ttf/STIXNonUniIta.ttf', name='STIXNonUnicode', style='italic', variant='normal', weight=400, stretch='normal', size='scalable')) = 11.05
LINE 1479: 2025-07-15 09:27:18,705 [DEBUG   ] findfont: score(FontEntry(fname='/usr/local/lib/python3.9/site-packages/matplotlib/mpl-data/fonts/ttf/STIXGeneralItalic.ttf', name='STIXGeneral', style='italic', variant='normal', weight=400, stretch='normal', size='scalable')) = 11.05
LINE 1479: 2025-07-15 09:27:18,705 [DEBUG   ] findfont: score(FontEntry(fname='/usr/local/lib/python3.9/site-packages/matplotlib/mpl-data/fonts/ttf/DejaVuSans-Bold.ttf', name='DejaVu Sans', style='normal', variant='normal', weight=700, stretch='normal', size='scalable')) = 0.33499999999999996
LINE 1479: 2025-07-15 09:27:18,705 [DEBUG   ] findfont: score(FontEntry(fname='/usr/local/lib/python3.9/site-packages/matplotlib/mpl-data/fonts/ttf/cmtt10.ttf', name='cmtt10', style='normal', variant='normal', weight=400, stretch='normal', size='scalable')) = 10.05
LINE 1479: 2025-07-15 09:27:18,705 [DEBUG   ] findfont: score(FontEntry(fname='/usr/local/lib/python3.9/site-packages/matplotlib/mpl-data/fonts/ttf/STIXSizTwoSymReg.ttf', name='STIXSizeTwoSym', style='normal', variant='normal', weight=400, stretch='normal', size='scalable')) = 10.05
LINE 1479: 2025-07-15 09:27:18,705 [DEBUG   ] findfont: score(FontEntry(fname='/usr/local/lib/python3.9/site-packages/matplotlib/mpl-data/fonts/ttf/DejaVuSans.ttf', name='DejaVu Sans', style='normal', variant='normal', weight=400, stretch='normal', size='scalable')) = 0.05
LINE 1479: 2025-07-15 09:27:18,705 [DEBUG   ] findfont: score(FontEntry(fname='/usr/local/lib/python3.9/site-packages/matplotlib/mpl-data/fonts/ttf/STIXGeneralBol.ttf', name='STIXGeneral', style='normal', variant='normal', weight=700, stretch='normal', size='scalable')) = 10.335
LINE 1479: 2025-07-15 09:27:18,705 [DEBUG   ] findfont: score(FontEntry(fname='/usr/local/lib/python3.9/site-packages/matplotlib/mpl-data/fonts/ttf/DejaVuSansMono-Oblique.ttf', name='DejaVu Sans Mono', style='oblique', variant='normal', weight=400, stretch='normal', size='scalable')) = 11.05
LINE 1479: 2025-07-15 09:27:18,705 [DEBUG   ] findfont: score(FontEntry(fname='/usr/local/lib/python3.9/site-packages/matplotlib/mpl-data/fonts/ttf/STIXGeneral.ttf', name='STIXGeneral', style='normal', variant='normal', weight=400, stretch='normal', size='scalable')) = 10.05
LINE 1479: 2025-07-15 09:27:18,705 [DEBUG   ] findfont: score(FontEntry(fname='/usr/local/lib/python3.9/site-packages/matplotlib/mpl-data/fonts/ttf/STIXGeneralBolIta.ttf', name='STIXGeneral', style='italic', variant='normal', weight=700, stretch='normal', size='scalable')) = 11.335
LINE 1479: 2025-07-15 09:27:18,705 [DEBUG   ] findfont: score(FontEntry(fname='/usr/local/lib/python3.9/site-packages/matplotlib/mpl-data/fonts/ttf/cmss10.ttf', name='cmss10', style='normal', variant='normal', weight=400, stretch='normal', size='scalable')) = 10.05
LINE 1479: 2025-07-15 09:27:18,705 [DEBUG   ] findfont: score(FontEntry(fname='/usr/local/lib/python3.9/site-packages/matplotlib/mpl-data/fonts/ttf/DejaVuSans-BoldOblique.ttf', name='DejaVu Sans', style='oblique', variant='normal', weight=700, stretch='normal', size='scalable')) = 1.335
LINE 1479: 2025-07-15 09:27:18,705 [DEBUG   ] findfont: score(FontEntry(fname='/usr/local/lib/python3.9/site-packages/matplotlib/mpl-data/fonts/ttf/STIXSizOneSymBol.ttf', name='STIXSizeOneSym', style='normal', variant='normal', weight=700, stretch='normal', size='scalable')) = 10.335
LINE 1479: 2025-07-15 09:27:18,705 [DEBUG   ] findfont: score(FontEntry(fname='/usr/local/lib/python3.9/site-packages/matplotlib/mpl-data/fonts/ttf/STIXSizThreeSymBol.ttf', name='STIXSizeThreeSym', style='normal', variant='normal', weight=700, stretch='normal', size='scalable')) = 10.335
LINE 1479: 2025-07-15 09:27:18,705 [DEBUG   ] findfont: score(FontEntry(fname='/usr/local/lib/python3.9/site-packages/matplotlib/mpl-data/fonts/ttf/STIXSizOneSymReg.ttf', name='STIXSizeOneSym', style='normal', variant='normal', weight=400, stretch='normal', size='scalable')) = 10.05
LINE 1479: 2025-07-15 09:27:18,705 [DEBUG   ] findfont: score(FontEntry(fname='/usr/local/lib/python3.9/site-packages/matplotlib/mpl-data/fonts/ttf/STIXNonUniBolIta.ttf', name='STIXNonUnicode', style='italic', variant='normal', weight=700, stretch='normal', size='scalable')) = 11.335
LINE 1479: 2025-07-15 09:27:18,705 [DEBUG   ] findfont: score(FontEntry(fname='/usr/share/fonts/truetype/dejavu/DejaVuSansMono-Bold.ttf', name='DejaVu Sans Mono', style='normal', variant='normal', weight=700, stretch='normal', size='scalable')) = 10.335
LINE 1479: 2025-07-15 09:27:18,705 [DEBUG   ] findfont: score(FontEntry(fname='/usr/share/fonts/truetype/dejavu/DejaVuSansMono.ttf', name='DejaVu Sans Mono', style='normal', variant='normal', weight=400, stretch='normal', size='scalable')) = 10.05
LINE 1479: 2025-07-15 09:27:18,705 [DEBUG   ] findfont: score(FontEntry(fname='/usr/share/fonts/truetype/dejavu/DejaVuSans-Bold.ttf', name='DejaVu Sans', style='normal', variant='normal', weight=700, stretch='normal', size='scalable')) = 0.33499999999999996
LINE 1479: 2025-07-15 09:27:18,705 [DEBUG   ] findfont: score(FontEntry(fname='/usr/share/fonts/truetype/dejavu/DejaVuSerif-Bold.ttf', name='DejaVu Serif', style='normal', variant='normal', weight=700, stretch='normal', size='scalable')) = 10.335
LINE 1479: 2025-07-15 09:27:18,705 [DEBUG   ] findfont: score(FontEntry(fname='/usr/share/fonts/truetype/dejavu/DejaVuSerif.ttf', name='DejaVu Serif', style='normal', variant='normal', weight=400, stretch='normal', size='scalable')) = 10.05
LINE 1479: 2025-07-15 09:27:18,705 [DEBUG   ] findfont: score(FontEntry(fname='/usr/share/fonts/truetype/dejavu/DejaVuSans.ttf', name='DejaVu Sans', style='normal', variant='normal', weight=400, stretch='normal', size='scalable')) = 0.05
LINE 1508: 2025-07-15 09:27:18,705 [DEBUG   ] findfont: Matching DejaVu Sans:style=normal:variant=normal:weight=normal:stretch=normal:size=10.0 to DejaVu Sans ('/usr/local/lib/python3.9/site-packages/matplotlib/mpl-data/fonts/ttf/DejaVuSans.ttf') with score of 0.050000.
LINE 1467: 2025-07-15 09:27:18,705 [DEBUG   ] findfont: Matching DejaVu Sans:style=italic:variant=normal:weight=normal:stretch=normal:size=10.0.
LINE 1479: 2025-07-15 09:27:18,705 [DEBUG   ] findfont: score(FontEntry(fname='/usr/local/lib/python3.9/site-packages/matplotlib/mpl-data/fonts/ttf/STIXSizFourSymBol.ttf', name='STIXSizeFourSym', style='normal', variant='normal', weight=700, stretch='normal', size='scalable')) = 11.335
LINE 1479: 2025-07-15 09:27:18,705 [DEBUG   ] findfont: score(FontEntry(fname='/usr/local/lib/python3.9/site-packages/matplotlib/mpl-data/fonts/ttf/DejaVuSansDisplay.ttf', name='DejaVu Sans Display', style='normal', variant='normal', weight=400, stretch='normal', size='scalable')) = 11.05
LINE 1479: 2025-07-15 09:27:18,705 [DEBUG   ] findfont: score(FontEntry(fname='/usr/local/lib/python3.9/site-packages/matplotlib/mpl-data/fonts/ttf/cmr10.ttf', name='cmr10', style='normal', variant='normal', weight=400, stretch='normal', size='scalable')) = 11.05
LINE 1479: 2025-07-15 09:27:18,705 [DEBUG   ] findfont: score(FontEntry(fname='/usr/local/lib/python3.9/site-packages/matplotlib/mpl-data/fonts/ttf/DejaVuSans-Oblique.ttf', name='DejaVu Sans', style='oblique', variant='normal', weight=400, stretch='normal', size='scalable')) = 0.15000000000000002
LINE 1479: 2025-07-15 09:27:18,705 [DEBUG   ] findfont: score(FontEntry(fname='/usr/local/lib/python3.9/site-packages/matplotlib/mpl-data/fonts/ttf/DejaVuSerifDisplay.ttf', name='DejaVu Serif Display', style='normal', variant='normal', weight=400, stretch='normal', size='scalable')) = 11.05
LINE 1479: 2025-07-15 09:27:18,705 [DEBUG   ] findfont: score(FontEntry(fname='/usr/local/lib/python3.9/site-packages/matplotlib/mpl-data/fonts/ttf/DejaVuSansMono-BoldOblique.ttf', name='DejaVu Sans Mono', style='oblique', variant='normal', weight=700, stretch='normal', size='scalable')) = 10.434999999999999
LINE 1479: 2025-07-15 09:27:18,705 [DEBUG   ] findfont: score(FontEntry(fname='/usr/local/lib/python3.9/site-packages/matplotlib/mpl-data/fonts/ttf/STIXNonUniBol.ttf', name='STIXNonUnicode', style='normal', variant='normal', weight=700, stretch='normal', size='scalable')) = 11.335
LINE 1479: 2025-07-15 09:27:18,706 [DEBUG   ] findfont: score(FontEntry(fname='/usr/local/lib/python3.9/site-packages/matplotlib/mpl-data/fonts/ttf/DejaVuSerif-Italic.ttf', name='DejaVu Serif', style='italic', variant='normal', weight=400, stretch='normal', size='scalable')) = 10.05
LINE 1479: 2025-07-15 09:27:18,706 [DEBUG   ] findfont: score(FontEntry(fname='/usr/local/lib/python3.9/site-packages/matplotlib/mpl-data/fonts/ttf/DejaVuSerif.ttf', name='DejaVu Serif', style='normal', variant='normal', weight=400, stretch='normal', size='scalable')) = 11.05
LINE 1479: 2025-07-15 09:27:18,706 [DEBUG   ] findfont: score(FontEntry(fname='/usr/local/lib/python3.9/site-packages/matplotlib/mpl-data/fonts/ttf/cmex10.ttf', name='cmex10', style='normal', variant='normal', weight=400, stretch='normal', size='scalable')) = 11.05
LINE 1479: 2025-07-15 09:27:18,706 [DEBUG   ] findfont: score(FontEntry(fname='/usr/local/lib/python3.9/site-packages/matplotlib/mpl-data/fonts/ttf/DejaVuSansMono.ttf', name='DejaVu Sans Mono', style='normal', variant='normal', weight=400, stretch='normal', size='scalable')) = 11.05
LINE 1479: 2025-07-15 09:27:18,706 [DEBUG   ] findfont: score(FontEntry(fname='/usr/local/lib/python3.9/site-packages/matplotlib/mpl-data/fonts/ttf/STIXSizFourSymReg.ttf', name='STIXSizeFourSym', style='normal', variant='normal', weight=400, stretch='normal', size='scalable')) = 11.05
LINE 1479: 2025-07-15 09:27:18,706 [DEBUG   ] findfont: score(FontEntry(fname='/usr/local/lib/python3.9/site-packages/matplotlib/mpl-data/fonts/ttf/DejaVuSerif-BoldItalic.ttf', name='DejaVu Serif', style='italic', variant='normal', weight=700, stretch='normal', size='scalable')) = 10.335
LINE 1479: 2025-07-15 09:27:18,706 [DEBUG   ] findfont: score(FontEntry(fname='/usr/local/lib/python3.9/site-packages/matplotlib/mpl-data/fonts/ttf/cmb10.ttf', name='cmb10', style='normal', variant='normal', weight=400, stretch='normal', size='scalable')) = 11.05
LINE 1479: 2025-07-15 09:27:18,706 [DEBUG   ] findfont: score(FontEntry(fname='/usr/local/lib/python3.9/site-packages/matplotlib/mpl-data/fonts/ttf/STIXNonUni.ttf', name='STIXNonUnicode', style='normal', variant='normal', weight=400, stretch='normal', size='scalable')) = 11.05
LINE 1479: 2025-07-15 09:27:18,706 [DEBUG   ] findfont: score(FontEntry(fname='/usr/local/lib/python3.9/site-packages/matplotlib/mpl-data/fonts/ttf/DejaVuSerif-Bold.ttf', name='DejaVu Serif', style='normal', variant='normal', weight=700, stretch='normal', size='scalable')) = 11.335
LINE 1479: 2025-07-15 09:27:18,706 [DEBUG   ] findfont: score(FontEntry(fname='/usr/local/lib/python3.9/site-packages/matplotlib/mpl-data/fonts/ttf/DejaVuSansMono-Bold.ttf', name='DejaVu Sans Mono', style='normal', variant='normal', weight=700, stretch='normal', size='scalable')) = 11.335
LINE 1479: 2025-07-15 09:27:18,706 [DEBUG   ] findfont: score(FontEntry(fname='/usr/local/lib/python3.9/site-packages/matplotlib/mpl-data/fonts/ttf/STIXSizThreeSymReg.ttf', name='STIXSizeThreeSym', style='normal', variant='normal', weight=400, stretch='normal', size='scalable')) = 11.05
LINE 1479: 2025-07-15 09:27:18,706 [DEBUG   ] findfont: score(FontEntry(fname='/usr/local/lib/python3.9/site-packages/matplotlib/mpl-data/fonts/ttf/STIXSizFiveSymReg.ttf', name='STIXSizeFiveSym', style='normal', variant='normal', weight=400, stretch='normal', size='scalable')) = 11.05
LINE 1479: 2025-07-15 09:27:18,706 [DEBUG   ] findfont: score(FontEntry(fname='/usr/local/lib/python3.9/site-packages/matplotlib/mpl-data/fonts/ttf/cmsy10.ttf', name='cmsy10', style='normal', variant='normal', weight=400, stretch='normal', size='scalable')) = 11.05
LINE 1479: 2025-07-15 09:27:18,706 [DEBUG   ] findfont: score(FontEntry(fname='/usr/local/lib/python3.9/site-packages/matplotlib/mpl-data/fonts/ttf/cmmi10.ttf', name='cmmi10', style='normal', variant='normal', weight=400, stretch='normal', size='scalable')) = 11.05
LINE 1479: 2025-07-15 09:27:18,706 [DEBUG   ] findfont: score(FontEntry(fname='/usr/local/lib/python3.9/site-packages/matplotlib/mpl-data/fonts/ttf/STIXSizTwoSymBol.ttf', name='STIXSizeTwoSym', style='normal', variant='normal', weight=700, stretch='normal', size='scalable')) = 11.335
LINE 1479: 2025-07-15 09:27:18,706 [DEBUG   ] findfont: score(FontEntry(fname='/usr/local/lib/python3.9/site-packages/matplotlib/mpl-data/fonts/ttf/STIXNonUniIta.ttf', name='STIXNonUnicode', style='italic', variant='normal', weight=400, stretch='normal', size='scalable')) = 10.05
LINE 1479: 2025-07-15 09:27:18,706 [DEBUG   ] findfont: score(FontEntry(fname='/usr/local/lib/python3.9/site-packages/matplotlib/mpl-data/fonts/ttf/STIXGeneralItalic.ttf', name='STIXGeneral', style='italic', variant='normal', weight=400, stretch='normal', size='scalable')) = 10.05
LINE 1479: 2025-07-15 09:27:18,706 [DEBUG   ] findfont: score(FontEntry(fname='/usr/local/lib/python3.9/site-packages/matplotlib/mpl-data/fonts/ttf/DejaVuSans-Bold.ttf', name='DejaVu Sans', style='normal', variant='normal', weight=700, stretch='normal', size='scalable')) = 1.335
LINE 1479: 2025-07-15 09:27:18,706 [DEBUG   ] findfont: score(FontEntry(fname='/usr/local/lib/python3.9/site-packages/matplotlib/mpl-data/fonts/ttf/cmtt10.ttf', name='cmtt10', style='normal', variant='normal', weight=400, stretch='normal', size='scalable')) = 11.05
LINE 1479: 2025-07-15 09:27:18,706 [DEBUG   ] findfont: score(FontEntry(fname='/usr/local/lib/python3.9/site-packages/matplotlib/mpl-data/fonts/ttf/STIXSizTwoSymReg.ttf', name='STIXSizeTwoSym', style='normal', variant='normal', weight=400, stretch='normal', size='scalable')) = 11.05
LINE 1479: 2025-07-15 09:27:18,706 [DEBUG   ] findfont: score(FontEntry(fname='/usr/local/lib/python3.9/site-packages/matplotlib/mpl-data/fonts/ttf/DejaVuSans.ttf', name='DejaVu Sans', style='normal', variant='normal', weight=400, stretch='normal', size='scalable')) = 1.05
LINE 1479: 2025-07-15 09:27:18,706 [DEBUG   ] findfont: score(FontEntry(fname='/usr/local/lib/python3.9/site-packages/matplotlib/mpl-data/fonts/ttf/STIXGeneralBol.ttf', name='STIXGeneral', style='normal', variant='normal', weight=700, stretch='normal', size='scalable')) = 11.335
LINE 1479: 2025-07-15 09:27:18,706 [DEBUG   ] findfont: score(FontEntry(fname='/usr/local/lib/python3.9/site-packages/matplotlib/mpl-data/fonts/ttf/DejaVuSansMono-Oblique.ttf', name='DejaVu Sans Mono', style='oblique', variant='normal', weight=400, stretch='normal', size='scalable')) = 10.15
LINE 1479: 2025-07-15 09:27:18,706 [DEBUG   ] findfont: score(FontEntry(fname='/usr/local/lib/python3.9/site-packages/matplotlib/mpl-data/fonts/ttf/STIXGeneral.ttf', name='STIXGeneral', style='normal', variant='normal', weight=400, stretch='normal', size='scalable')) = 11.05
LINE 1479: 2025-07-15 09:27:18,706 [DEBUG   ] findfont: score(FontEntry(fname='/usr/local/lib/python3.9/site-packages/matplotlib/mpl-data/fonts/ttf/STIXGeneralBolIta.ttf', name='STIXGeneral', style='italic', variant='normal', weight=700, stretch='normal', size='scalable')) = 10.335
LINE 1479: 2025-07-15 09:27:18,706 [DEBUG   ] findfont: score(FontEntry(fname='/usr/local/lib/python3.9/site-packages/matplotlib/mpl-data/fonts/ttf/cmss10.ttf', name='cmss10', style='normal', variant='normal', weight=400, stretch='normal', size='scalable')) = 11.05
LINE 1479: 2025-07-15 09:27:18,706 [DEBUG   ] findfont: score(FontEntry(fname='/usr/local/lib/python3.9/site-packages/matplotlib/mpl-data/fonts/ttf/DejaVuSans-BoldOblique.ttf', name='DejaVu Sans', style='oblique', variant='normal', weight=700, stretch='normal', size='scalable')) = 0.43499999999999994
LINE 1479: 2025-07-15 09:27:18,706 [DEBUG   ] findfont: score(FontEntry(fname='/usr/local/lib/python3.9/site-packages/matplotlib/mpl-data/fonts/ttf/STIXSizOneSymBol.ttf', name='STIXSizeOneSym', style='normal', variant='normal', weight=700, stretch='normal', size='scalable')) = 11.335
LINE 1479: 2025-07-15 09:27:18,706 [DEBUG   ] findfont: score(FontEntry(fname='/usr/local/lib/python3.9/site-packages/matplotlib/mpl-data/fonts/ttf/STIXSizThreeSymBol.ttf', name='STIXSizeThreeSym', style='normal', variant='normal', weight=700, stretch='normal', size='scalable')) = 11.335
LINE 1479: 2025-07-15 09:27:18,706 [DEBUG   ] findfont: score(FontEntry(fname='/usr/local/lib/python3.9/site-packages/matplotlib/mpl-data/fonts/ttf/STIXSizOneSymReg.ttf', name='STIXSizeOneSym', style='normal', variant='normal', weight=400, stretch='normal', size='scalable')) = 11.05
LINE 1479: 2025-07-15 09:27:18,706 [DEBUG   ] findfont: score(FontEntry(fname='/usr/local/lib/python3.9/site-packages/matplotlib/mpl-data/fonts/ttf/STIXNonUniBolIta.ttf', name='STIXNonUnicode', style='italic', variant='normal', weight=700, stretch='normal', size='scalable')) = 10.335
LINE 1479: 2025-07-15 09:27:18,706 [DEBUG   ] findfont: score(FontEntry(fname='/usr/share/fonts/truetype/dejavu/DejaVuSansMono-Bold.ttf', name='DejaVu Sans Mono', style='normal', variant='normal', weight=700, stretch='normal', size='scalable')) = 11.335
LINE 1479: 2025-07-15 09:27:18,706 [DEBUG   ] findfont: score(FontEntry(fname='/usr/share/fonts/truetype/dejavu/DejaVuSansMono.ttf', name='DejaVu Sans Mono', style='normal', variant='normal', weight=400, stretch='normal', size='scalable')) = 11.05
LINE 1479: 2025-07-15 09:27:18,706 [DEBUG   ] findfont: score(FontEntry(fname='/usr/share/fonts/truetype/dejavu/DejaVuSans-Bold.ttf', name='DejaVu Sans', style='normal', variant='normal', weight=700, stretch='normal', size='scalable')) = 1.335
LINE 1479: 2025-07-15 09:27:18,706 [DEBUG   ] findfont: score(FontEntry(fname='/usr/share/fonts/truetype/dejavu/DejaVuSerif-Bold.ttf', name='DejaVu Serif', style='normal', variant='normal', weight=700, stretch='normal', size='scalable')) = 11.335
LINE 1479: 2025-07-15 09:27:18,706 [DEBUG   ] findfont: score(FontEntry(fname='/usr/share/fonts/truetype/dejavu/DejaVuSerif.ttf', name='DejaVu Serif', style='normal', variant='normal', weight=400, stretch='normal', size='scalable')) = 11.05
LINE 1479: 2025-07-15 09:27:18,706 [DEBUG   ] findfont: score(FontEntry(fname='/usr/share/fonts/truetype/dejavu/DejaVuSans.ttf', name='DejaVu Sans', style='normal', variant='normal', weight=400, stretch='normal', size='scalable')) = 1.05
LINE 1508: 2025-07-15 09:27:18,706 [DEBUG   ] findfont: Matching DejaVu Sans:style=italic:variant=normal:weight=normal:stretch=normal:size=10.0 to DejaVu Sans ('/usr/local/lib/python3.9/site-packages/matplotlib/mpl-data/fonts/ttf/DejaVuSans-Oblique.ttf') with score of 0.150000.
LINE 1467: 2025-07-15 09:27:18,707 [DEBUG   ] findfont: Matching DejaVu Sans:style=normal:variant=normal:weight=bold:stretch=normal:size=10.0.
LINE 1479: 2025-07-15 09:27:18,707 [DEBUG   ] findfont: score(FontEntry(fname='/usr/local/lib/python3.9/site-packages/matplotlib/mpl-data/fonts/ttf/STIXSizFourSymBol.ttf', name='STIXSizeFourSym', style='normal', variant='normal', weight=700, stretch='normal', size='scalable')) = 10.05
LINE 1479: 2025-07-15 09:27:18,707 [DEBUG   ] findfont: score(FontEntry(fname='/usr/local/lib/python3.9/site-packages/matplotlib/mpl-data/fonts/ttf/DejaVuSansDisplay.ttf', name='DejaVu Sans Display', style='normal', variant='normal', weight=400, stretch='normal', size='scalable')) = 10.335
LINE 1479: 2025-07-15 09:27:18,707 [DEBUG   ] findfont: score(FontEntry(fname='/usr/local/lib/python3.9/site-packages/matplotlib/mpl-data/fonts/ttf/cmr10.ttf', name='cmr10', style='normal', variant='normal', weight=400, stretch='normal', size='scalable')) = 10.335
LINE 1479: 2025-07-15 09:27:18,707 [DEBUG   ] findfont: score(FontEntry(fname='/usr/local/lib/python3.9/site-packages/matplotlib/mpl-data/fonts/ttf/DejaVuSans-Oblique.ttf', name='DejaVu Sans', style='oblique', variant='normal', weight=400, stretch='normal', size='scalable')) = 1.335
LINE 1479: 2025-07-15 09:27:18,707 [DEBUG   ] findfont: score(FontEntry(fname='/usr/local/lib/python3.9/site-packages/matplotlib/mpl-data/fonts/ttf/DejaVuSerifDisplay.ttf', name='DejaVu Serif Display', style='normal', variant='normal', weight=400, stretch='normal', size='scalable')) = 10.335
LINE 1479: 2025-07-15 09:27:18,707 [DEBUG   ] findfont: score(FontEntry(fname='/usr/local/lib/python3.9/site-packages/matplotlib/mpl-data/fonts/ttf/DejaVuSansMono-BoldOblique.ttf', name='DejaVu Sans Mono', style='oblique', variant='normal', weight=700, stretch='normal', size='scalable')) = 11.05
LINE 1479: 2025-07-15 09:27:18,707 [DEBUG   ] findfont: score(FontEntry(fname='/usr/local/lib/python3.9/site-packages/matplotlib/mpl-data/fonts/ttf/STIXNonUniBol.ttf', name='STIXNonUnicode', style='normal', variant='normal', weight=700, stretch='normal', size='scalable')) = 10.05
LINE 1479: 2025-07-15 09:27:18,707 [DEBUG   ] findfont: score(FontEntry(fname='/usr/local/lib/python3.9/site-packages/matplotlib/mpl-data/fonts/ttf/DejaVuSerif-Italic.ttf', name='DejaVu Serif', style='italic', variant='normal', weight=400, stretch='normal', size='scalable')) = 11.335
LINE 1479: 2025-07-15 09:27:18,707 [DEBUG   ] findfont: score(FontEntry(fname='/usr/local/lib/python3.9/site-packages/matplotlib/mpl-data/fonts/ttf/DejaVuSerif.ttf', name='DejaVu Serif', style='normal', variant='normal', weight=400, stretch='normal', size='scalable')) = 10.335
LINE 1479: 2025-07-15 09:27:18,707 [DEBUG   ] findfont: score(FontEntry(fname='/usr/local/lib/python3.9/site-packages/matplotlib/mpl-data/fonts/ttf/cmex10.ttf', name='cmex10', style='normal', variant='normal', weight=400, stretch='normal', size='scalable')) = 10.335
LINE 1479: 2025-07-15 09:27:18,707 [DEBUG   ] findfont: score(FontEntry(fname='/usr/local/lib/python3.9/site-packages/matplotlib/mpl-data/fonts/ttf/DejaVuSansMono.ttf', name='DejaVu Sans Mono', style='normal', variant='normal', weight=400, stretch='normal', size='scalable')) = 10.335
LINE 1479: 2025-07-15 09:27:18,707 [DEBUG   ] findfont: score(FontEntry(fname='/usr/local/lib/python3.9/site-packages/matplotlib/mpl-data/fonts/ttf/STIXSizFourSymReg.ttf', name='STIXSizeFourSym', style='normal', variant='normal', weight=400, stretch='normal', size='scalable')) = 10.335
LINE 1479: 2025-07-15 09:27:18,707 [DEBUG   ] findfont: score(FontEntry(fname='/usr/local/lib/python3.9/site-packages/matplotlib/mpl-data/fonts/ttf/DejaVuSerif-BoldItalic.ttf', name='DejaVu Serif', style='italic', variant='normal', weight=700, stretch='normal', size='scalable')) = 11.05
LINE 1479: 2025-07-15 09:27:18,707 [DEBUG   ] findfont: score(FontEntry(fname='/usr/local/lib/python3.9/site-packages/matplotlib/mpl-data/fonts/ttf/cmb10.ttf', name='cmb10', style='normal', variant='normal', weight=400, stretch='normal', size='scalable')) = 10.335
LINE 1479: 2025-07-15 09:27:18,707 [DEBUG   ] findfont: score(FontEntry(fname='/usr/local/lib/python3.9/site-packages/matplotlib/mpl-data/fonts/ttf/STIXNonUni.ttf', name='STIXNonUnicode', style='normal', variant='normal', weight=400, stretch='normal', size='scalable')) = 10.335
LINE 1479: 2025-07-15 09:27:18,707 [DEBUG   ] findfont: score(FontEntry(fname='/usr/local/lib/python3.9/site-packages/matplotlib/mpl-data/fonts/ttf/DejaVuSerif-Bold.ttf', name='DejaVu Serif', style='normal', variant='normal', weight=700, stretch='normal', size='scalable')) = 10.05
LINE 1479: 2025-07-15 09:27:18,707 [DEBUG   ] findfont: score(FontEntry(fname='/usr/local/lib/python3.9/site-packages/matplotlib/mpl-data/fonts/ttf/DejaVuSansMono-Bold.ttf', name='DejaVu Sans Mono', style='normal', variant='normal', weight=700, stretch='normal', size='scalable')) = 10.05
LINE 1479: 2025-07-15 09:27:18,707 [DEBUG   ] findfont: score(FontEntry(fname='/usr/local/lib/python3.9/site-packages/matplotlib/mpl-data/fonts/ttf/STIXSizThreeSymReg.ttf', name='STIXSizeThreeSym', style='normal', variant='normal', weight=400, stretch='normal', size='scalable')) = 10.335
LINE 1479: 2025-07-15 09:27:18,707 [DEBUG   ] findfont: score(FontEntry(fname='/usr/local/lib/python3.9/site-packages/matplotlib/mpl-data/fonts/ttf/STIXSizFiveSymReg.ttf', name='STIXSizeFiveSym', style='normal', variant='normal', weight=400, stretch='normal', size='scalable')) = 10.335
LINE 1479: 2025-07-15 09:27:18,707 [DEBUG   ] findfont: score(FontEntry(fname='/usr/local/lib/python3.9/site-packages/matplotlib/mpl-data/fonts/ttf/cmsy10.ttf', name='cmsy10', style='normal', variant='normal', weight=400, stretch='normal', size='scalable')) = 10.335
LINE 1479: 2025-07-15 09:27:18,707 [DEBUG   ] findfont: score(FontEntry(fname='/usr/local/lib/python3.9/site-packages/matplotlib/mpl-data/fonts/ttf/cmmi10.ttf', name='cmmi10', style='normal', variant='normal', weight=400, stretch='normal', size='scalable')) = 10.335
LINE 1479: 2025-07-15 09:27:18,707 [DEBUG   ] findfont: score(FontEntry(fname='/usr/local/lib/python3.9/site-packages/matplotlib/mpl-data/fonts/ttf/STIXSizTwoSymBol.ttf', name='STIXSizeTwoSym', style='normal', variant='normal', weight=700, stretch='normal', size='scalable')) = 10.05
LINE 1479: 2025-07-15 09:27:18,707 [DEBUG   ] findfont: score(FontEntry(fname='/usr/local/lib/python3.9/site-packages/matplotlib/mpl-data/fonts/ttf/STIXNonUniIta.ttf', name='STIXNonUnicode', style='italic', variant='normal', weight=400, stretch='normal', size='scalable')) = 11.335
LINE 1479: 2025-07-15 09:27:18,707 [DEBUG   ] findfont: score(FontEntry(fname='/usr/local/lib/python3.9/site-packages/matplotlib/mpl-data/fonts/ttf/STIXGeneralItalic.ttf', name='STIXGeneral', style='italic', variant='normal', weight=400, stretch='normal', size='scalable')) = 11.335
LINE 1479: 2025-07-15 09:27:18,707 [DEBUG   ] findfont: score(FontEntry(fname='/usr/local/lib/python3.9/site-packages/matplotlib/mpl-data/fonts/ttf/DejaVuSans-Bold.ttf', name='DejaVu Sans', style='normal', variant='normal', weight=700, stretch='normal', size='scalable')) = 0.05
LINE 1479: 2025-07-15 09:27:18,707 [DEBUG   ] findfont: score(FontEntry(fname='/usr/local/lib/python3.9/site-packages/matplotlib/mpl-data/fonts/ttf/cmtt10.ttf', name='cmtt10', style='normal', variant='normal', weight=400, stretch='normal', size='scalable')) = 10.335
LINE 1479: 2025-07-15 09:27:18,707 [DEBUG   ] findfont: score(FontEntry(fname='/usr/local/lib/python3.9/site-packages/matplotlib/mpl-data/fonts/ttf/STIXSizTwoSymReg.ttf', name='STIXSizeTwoSym', style='normal', variant='normal', weight=400, stretch='normal', size='scalable')) = 10.335
LINE 1479: 2025-07-15 09:27:18,707 [DEBUG   ] findfont: score(FontEntry(fname='/usr/local/lib/python3.9/site-packages/matplotlib/mpl-data/fonts/ttf/DejaVuSans.ttf', name='DejaVu Sans', style='normal', variant='normal', weight=400, stretch='normal', size='scalable')) = 0.33499999999999996
LINE 1479: 2025-07-15 09:27:18,707 [DEBUG   ] findfont: score(FontEntry(fname='/usr/local/lib/python3.9/site-packages/matplotlib/mpl-data/fonts/ttf/STIXGeneralBol.ttf', name='STIXGeneral', style='normal', variant='normal', weight=700, stretch='normal', size='scalable')) = 10.05
LINE 1479: 2025-07-15 09:27:18,707 [DEBUG   ] findfont: score(FontEntry(fname='/usr/local/lib/python3.9/site-packages/matplotlib/mpl-data/fonts/ttf/DejaVuSansMono-Oblique.ttf', name='DejaVu Sans Mono', style='oblique', variant='normal', weight=400, stretch='normal', size='scalable')) = 11.335
LINE 1479: 2025-07-15 09:27:18,708 [DEBUG   ] findfont: score(FontEntry(fname='/usr/local/lib/python3.9/site-packages/matplotlib/mpl-data/fonts/ttf/STIXGeneral.ttf', name='STIXGeneral', style='normal', variant='normal', weight=400, stretch='normal', size='scalable')) = 10.335
LINE 1479: 2025-07-15 09:27:18,708 [DEBUG   ] findfont: score(FontEntry(fname='/usr/local/lib/python3.9/site-packages/matplotlib/mpl-data/fonts/ttf/STIXGeneralBolIta.ttf', name='STIXGeneral', style='italic', variant='normal', weight=700, stretch='normal', size='scalable')) = 11.05
LINE 1479: 2025-07-15 09:27:18,708 [DEBUG   ] findfont: score(FontEntry(fname='/usr/local/lib/python3.9/site-packages/matplotlib/mpl-data/fonts/ttf/cmss10.ttf', name='cmss10', style='normal', variant='normal', weight=400, stretch='normal', size='scalable')) = 10.335
LINE 1479: 2025-07-15 09:27:18,708 [DEBUG   ] findfont: score(FontEntry(fname='/usr/local/lib/python3.9/site-packages/matplotlib/mpl-data/fonts/ttf/DejaVuSans-BoldOblique.ttf', name='DejaVu Sans', style='oblique', variant='normal', weight=700, stretch='normal', size='scalable')) = 1.05
LINE 1479: 2025-07-15 09:27:18,708 [DEBUG   ] findfont: score(FontEntry(fname='/usr/local/lib/python3.9/site-packages/matplotlib/mpl-data/fonts/ttf/STIXSizOneSymBol.ttf', name='STIXSizeOneSym', style='normal', variant='normal', weight=700, stretch='normal', size='scalable')) = 10.05
LINE 1479: 2025-07-15 09:27:18,708 [DEBUG   ] findfont: score(FontEntry(fname='/usr/local/lib/python3.9/site-packages/matplotlib/mpl-data/fonts/ttf/STIXSizThreeSymBol.ttf', name='STIXSizeThreeSym', style='normal', variant='normal', weight=700, stretch='normal', size='scalable')) = 10.05
LINE 1479: 2025-07-15 09:27:18,708 [DEBUG   ] findfont: score(FontEntry(fname='/usr/local/lib/python3.9/site-packages/matplotlib/mpl-data/fonts/ttf/STIXSizOneSymReg.ttf', name='STIXSizeOneSym', style='normal', variant='normal', weight=400, stretch='normal', size='scalable')) = 10.335
LINE 1479: 2025-07-15 09:27:18,708 [DEBUG   ] findfont: score(FontEntry(fname='/usr/local/lib/python3.9/site-packages/matplotlib/mpl-data/fonts/ttf/STIXNonUniBolIta.ttf', name='STIXNonUnicode', style='italic', variant='normal', weight=700, stretch='normal', size='scalable')) = 11.05
LINE 1479: 2025-07-15 09:27:18,708 [DEBUG   ] findfont: score(FontEntry(fname='/usr/share/fonts/truetype/dejavu/DejaVuSansMono-Bold.ttf', name='DejaVu Sans Mono', style='normal', variant='normal', weight=700, stretch='normal', size='scalable')) = 10.05
LINE 1479: 2025-07-15 09:27:18,708 [DEBUG   ] findfont: score(FontEntry(fname='/usr/share/fonts/truetype/dejavu/DejaVuSansMono.ttf', name='DejaVu Sans Mono', style='normal', variant='normal', weight=400, stretch='normal', size='scalable')) = 10.335
LINE 1479: 2025-07-15 09:27:18,708 [DEBUG   ] findfont: score(FontEntry(fname='/usr/share/fonts/truetype/dejavu/DejaVuSans-Bold.ttf', name='DejaVu Sans', style='normal', variant='normal', weight=700, stretch='normal', size='scalable')) = 0.05
LINE 1479: 2025-07-15 09:27:18,708 [DEBUG   ] findfont: score(FontEntry(fname='/usr/share/fonts/truetype/dejavu/DejaVuSerif-Bold.ttf', name='DejaVu Serif', style='normal', variant='normal', weight=700, stretch='normal', size='scalable')) = 10.05
LINE 1479: 2025-07-15 09:27:18,708 [DEBUG   ] findfont: score(FontEntry(fname='/usr/share/fonts/truetype/dejavu/DejaVuSerif.ttf', name='DejaVu Serif', style='normal', variant='normal', weight=400, stretch='normal', size='scalable')) = 10.335
LINE 1479: 2025-07-15 09:27:18,708 [DEBUG   ] findfont: score(FontEntry(fname='/usr/share/fonts/truetype/dejavu/DejaVuSans.ttf', name='DejaVu Sans', style='normal', variant='normal', weight=400, stretch='normal', size='scalable')) = 0.33499999999999996
LINE 1508: 2025-07-15 09:27:18,708 [DEBUG   ] findfont: Matching DejaVu Sans:style=normal:variant=normal:weight=bold:stretch=normal:size=10.0 to DejaVu Sans ('/usr/local/lib/python3.9/site-packages/matplotlib/mpl-data/fonts/ttf/DejaVuSans-Bold.ttf') with score of 0.050000.
LINE 1467: 2025-07-15 09:27:18,708 [DEBUG   ] findfont: Matching DejaVu Sans Mono:style=normal:variant=normal:weight=normal:stretch=normal:size=10.0.
LINE 1479: 2025-07-15 09:27:18,708 [DEBUG   ] findfont: score(FontEntry(fname='/usr/local/lib/python3.9/site-packages/matplotlib/mpl-data/fonts/ttf/STIXSizFourSymBol.ttf', name='STIXSizeFourSym', style='normal', variant='normal', weight=700, stretch='normal', size='scalable')) = 10.335
LINE 1479: 2025-07-15 09:27:18,708 [DEBUG   ] findfont: score(FontEntry(fname='/usr/local/lib/python3.9/site-packages/matplotlib/mpl-data/fonts/ttf/DejaVuSansDisplay.ttf', name='DejaVu Sans Display', style='normal', variant='normal', weight=400, stretch='normal', size='scalable')) = 10.05
LINE 1479: 2025-07-15 09:27:18,708 [DEBUG   ] findfont: score(FontEntry(fname='/usr/local/lib/python3.9/site-packages/matplotlib/mpl-data/fonts/ttf/cmr10.ttf', name='cmr10', style='normal', variant='normal', weight=400, stretch='normal', size='scalable')) = 10.05
LINE 1479: 2025-07-15 09:27:18,708 [DEBUG   ] findfont: score(FontEntry(fname='/usr/local/lib/python3.9/site-packages/matplotlib/mpl-data/fonts/ttf/DejaVuSans-Oblique.ttf', name='DejaVu Sans', style='oblique', variant='normal', weight=400, stretch='normal', size='scalable')) = 11.05
LINE 1479: 2025-07-15 09:27:18,708 [DEBUG   ] findfont: score(FontEntry(fname='/usr/local/lib/python3.9/site-packages/matplotlib/mpl-data/fonts/ttf/DejaVuSerifDisplay.ttf', name='DejaVu Serif Display', style='normal', variant='normal', weight=400, stretch='normal', size='scalable')) = 10.05
LINE 1479: 2025-07-15 09:27:18,708 [DEBUG   ] findfont: score(FontEntry(fname='/usr/local/lib/python3.9/site-packages/matplotlib/mpl-data/fonts/ttf/DejaVuSansMono-BoldOblique.ttf', name='DejaVu Sans Mono', style='oblique', variant='normal', weight=700, stretch='normal', size='scalable')) = 1.335
LINE 1479: 2025-07-15 09:27:18,708 [DEBUG   ] findfont: score(FontEntry(fname='/usr/local/lib/python3.9/site-packages/matplotlib/mpl-data/fonts/ttf/STIXNonUniBol.ttf', name='STIXNonUnicode', style='normal', variant='normal', weight=700, stretch='normal', size='scalable')) = 10.335
LINE 1479: 2025-07-15 09:27:18,708 [DEBUG   ] findfont: score(FontEntry(fname='/usr/local/lib/python3.9/site-packages/matplotlib/mpl-data/fonts/ttf/DejaVuSerif-Italic.ttf', name='DejaVu Serif', style='italic', variant='normal', weight=400, stretch='normal', size='scalable')) = 11.05
LINE 1479: 2025-07-15 09:27:18,708 [DEBUG   ] findfont: score(FontEntry(fname='/usr/local/lib/python3.9/site-packages/matplotlib/mpl-data/fonts/ttf/DejaVuSerif.ttf', name='DejaVu Serif', style='normal', variant='normal', weight=400, stretch='normal', size='scalable')) = 10.05
LINE 1479: 2025-07-15 09:27:18,708 [DEBUG   ] findfont: score(FontEntry(fname='/usr/local/lib/python3.9/site-packages/matplotlib/mpl-data/fonts/ttf/cmex10.ttf', name='cmex10', style='normal', variant='normal', weight=400, stretch='normal', size='scalable')) = 10.05
LINE 1479: 2025-07-15 09:27:18,708 [DEBUG   ] findfont: score(FontEntry(fname='/usr/local/lib/python3.9/site-packages/matplotlib/mpl-data/fonts/ttf/DejaVuSansMono.ttf', name='DejaVu Sans Mono', style='normal', variant='normal', weight=400, stretch='normal', size='scalable')) = 0.05
LINE 1479: 2025-07-15 09:27:18,708 [DEBUG   ] findfont: score(FontEntry(fname='/usr/local/lib/python3.9/site-packages/matplotlib/mpl-data/fonts/ttf/STIXSizFourSymReg.ttf', name='STIXSizeFourSym', style='normal', variant='normal', weight=400, stretch='normal', size='scalable')) = 10.05
LINE 1479: 2025-07-15 09:27:18,708 [DEBUG   ] findfont: score(FontEntry(fname='/usr/local/lib/python3.9/site-packages/matplotlib/mpl-data/fonts/ttf/DejaVuSerif-BoldItalic.ttf', name='DejaVu Serif', style='italic', variant='normal', weight=700, stretch='normal', size='scalable')) = 11.335
LINE 1479: 2025-07-15 09:27:18,708 [DEBUG   ] findfont: score(FontEntry(fname='/usr/local/lib/python3.9/site-packages/matplotlib/mpl-data/fonts/ttf/cmb10.ttf', name='cmb10', style='normal', variant='normal', weight=400, stretch='normal', size='scalable')) = 10.05
LINE 1479: 2025-07-15 09:27:18,708 [DEBUG   ] findfont: score(FontEntry(fname='/usr/local/lib/python3.9/site-packages/matplotlib/mpl-data/fonts/ttf/STIXNonUni.ttf', name='STIXNonUnicode', style='normal', variant='normal', weight=400, stretch='normal', size='scalable')) = 10.05
LINE 1479: 2025-07-15 09:27:18,709 [DEBUG   ] findfont: score(FontEntry(fname='/usr/local/lib/python3.9/site-packages/matplotlib/mpl-data/fonts/ttf/DejaVuSerif-Bold.ttf', name='DejaVu Serif', style='normal', variant='normal', weight=700, stretch='normal', size='scalable')) = 10.335
LINE 1479: 2025-07-15 09:27:18,709 [DEBUG   ] findfont: score(FontEntry(fname='/usr/local/lib/python3.9/site-packages/matplotlib/mpl-data/fonts/ttf/DejaVuSansMono-Bold.ttf', name='DejaVu Sans Mono', style='normal', variant='normal', weight=700, stretch='normal', size='scalable')) = 0.33499999999999996
LINE 1479: 2025-07-15 09:27:18,709 [DEBUG   ] findfont: score(FontEntry(fname='/usr/local/lib/python3.9/site-packages/matplotlib/mpl-data/fonts/ttf/STIXSizThreeSymReg.ttf', name='STIXSizeThreeSym', style='normal', variant='normal', weight=400, stretch='normal', size='scalable')) = 10.05
LINE 1479: 2025-07-15 09:27:18,709 [DEBUG   ] findfont: score(FontEntry(fname='/usr/local/lib/python3.9/site-packages/matplotlib/mpl-data/fonts/ttf/STIXSizFiveSymReg.ttf', name='STIXSizeFiveSym', style='normal', variant='normal', weight=400, stretch='normal', size='scalable')) = 10.05
LINE 1479: 2025-07-15 09:27:18,709 [DEBUG   ] findfont: score(FontEntry(fname='/usr/local/lib/python3.9/site-packages/matplotlib/mpl-data/fonts/ttf/cmsy10.ttf', name='cmsy10', style='normal', variant='normal', weight=400, stretch='normal', size='scalable')) = 10.05
LINE 1479: 2025-07-15 09:27:18,709 [DEBUG   ] findfont: score(FontEntry(fname='/usr/local/lib/python3.9/site-packages/matplotlib/mpl-data/fonts/ttf/cmmi10.ttf', name='cmmi10', style='normal', variant='normal', weight=400, stretch='normal', size='scalable')) = 10.05
LINE 1479: 2025-07-15 09:27:18,709 [DEBUG   ] findfont: score(FontEntry(fname='/usr/local/lib/python3.9/site-packages/matplotlib/mpl-data/fonts/ttf/STIXSizTwoSymBol.ttf', name='STIXSizeTwoSym', style='normal', variant='normal', weight=700, stretch='normal', size='scalable')) = 10.335
LINE 1479: 2025-07-15 09:27:18,709 [DEBUG   ] findfont: score(FontEntry(fname='/usr/local/lib/python3.9/site-packages/matplotlib/mpl-data/fonts/ttf/STIXNonUniIta.ttf', name='STIXNonUnicode', style='italic', variant='normal', weight=400, stretch='normal', size='scalable')) = 11.05
LINE 1479: 2025-07-15 09:27:18,709 [DEBUG   ] findfont: score(FontEntry(fname='/usr/local/lib/python3.9/site-packages/matplotlib/mpl-data/fonts/ttf/STIXGeneralItalic.ttf', name='STIXGeneral', style='italic', variant='normal', weight=400, stretch='normal', size='scalable')) = 11.05
LINE 1479: 2025-07-15 09:27:18,709 [DEBUG   ] findfont: score(FontEntry(fname='/usr/local/lib/python3.9/site-packages/matplotlib/mpl-data/fonts/ttf/DejaVuSans-Bold.ttf', name='DejaVu Sans', style='normal', variant='normal', weight=700, stretch='normal', size='scalable')) = 10.335
LINE 1479: 2025-07-15 09:27:18,709 [DEBUG   ] findfont: score(FontEntry(fname='/usr/local/lib/python3.9/site-packages/matplotlib/mpl-data/fonts/ttf/cmtt10.ttf', name='cmtt10', style='normal', variant='normal', weight=400, stretch='normal', size='scalable')) = 10.05
LINE 1479: 2025-07-15 09:27:18,709 [DEBUG   ] findfont: score(FontEntry(fname='/usr/local/lib/python3.9/site-packages/matplotlib/mpl-data/fonts/ttf/STIXSizTwoSymReg.ttf', name='STIXSizeTwoSym', style='normal', variant='normal', weight=400, stretch='normal', size='scalable')) = 10.05
LINE 1479: 2025-07-15 09:27:18,709 [DEBUG   ] findfont: score(FontEntry(fname='/usr/local/lib/python3.9/site-packages/matplotlib/mpl-data/fonts/ttf/DejaVuSans.ttf', name='DejaVu Sans', style='normal', variant='normal', weight=400, stretch='normal', size='scalable')) = 10.05
LINE 1479: 2025-07-15 09:27:18,709 [DEBUG   ] findfont: score(FontEntry(fname='/usr/local/lib/python3.9/site-packages/matplotlib/mpl-data/fonts/ttf/STIXGeneralBol.ttf', name='STIXGeneral', style='normal', variant='normal', weight=700, stretch='normal', size='scalable')) = 10.335
LINE 1479: 2025-07-15 09:27:18,709 [DEBUG   ] findfont: score(FontEntry(fname='/usr/local/lib/python3.9/site-packages/matplotlib/mpl-data/fonts/ttf/DejaVuSansMono-Oblique.ttf', name='DejaVu Sans Mono', style='oblique', variant='normal', weight=400, stretch='normal', size='scalable')) = 1.05
LINE 1479: 2025-07-15 09:27:18,709 [DEBUG   ] findfont: score(FontEntry(fname='/usr/local/lib/python3.9/site-packages/matplotlib/mpl-data/fonts/ttf/STIXGeneral.ttf', name='STIXGeneral', style='normal', variant='normal', weight=400, stretch='normal', size='scalable')) = 10.05
LINE 1479: 2025-07-15 09:27:18,709 [DEBUG   ] findfont: score(FontEntry(fname='/usr/local/lib/python3.9/site-packages/matplotlib/mpl-data/fonts/ttf/STIXGeneralBolIta.ttf', name='STIXGeneral', style='italic', variant='normal', weight=700, stretch='normal', size='scalable')) = 11.335
LINE 1479: 2025-07-15 09:27:18,709 [DEBUG   ] findfont: score(FontEntry(fname='/usr/local/lib/python3.9/site-packages/matplotlib/mpl-data/fonts/ttf/cmss10.ttf', name='cmss10', style='normal', variant='normal', weight=400, stretch='normal', size='scalable')) = 10.05
LINE 1479: 2025-07-15 09:27:18,709 [DEBUG   ] findfont: score(FontEntry(fname='/usr/local/lib/python3.9/site-packages/matplotlib/mpl-data/fonts/ttf/DejaVuSans-BoldOblique.ttf', name='DejaVu Sans', style='oblique', variant='normal', weight=700, stretch='normal', size='scalable')) = 11.335
LINE 1479: 2025-07-15 09:27:18,709 [DEBUG   ] findfont: score(FontEntry(fname='/usr/local/lib/python3.9/site-packages/matplotlib/mpl-data/fonts/ttf/STIXSizOneSymBol.ttf', name='STIXSizeOneSym', style='normal', variant='normal', weight=700, stretch='normal', size='scalable')) = 10.335
LINE 1479: 2025-07-15 09:27:18,709 [DEBUG   ] findfont: score(FontEntry(fname='/usr/local/lib/python3.9/site-packages/matplotlib/mpl-data/fonts/ttf/STIXSizThreeSymBol.ttf', name='STIXSizeThreeSym', style='normal', variant='normal', weight=700, stretch='normal', size='scalable')) = 10.335
LINE 1479: 2025-07-15 09:27:18,709 [DEBUG   ] findfont: score(FontEntry(fname='/usr/local/lib/python3.9/site-packages/matplotlib/mpl-data/fonts/ttf/STIXSizOneSymReg.ttf', name='STIXSizeOneSym', style='normal', variant='normal', weight=400, stretch='normal', size='scalable')) = 10.05
LINE 1479: 2025-07-15 09:27:18,709 [DEBUG   ] findfont: score(FontEntry(fname='/usr/local/lib/python3.9/site-packages/matplotlib/mpl-data/fonts/ttf/STIXNonUniBolIta.ttf', name='STIXNonUnicode', style='italic', variant='normal', weight=700, stretch='normal', size='scalable')) = 11.335
LINE 1479: 2025-07-15 09:27:18,709 [DEBUG   ] findfont: score(FontEntry(fname='/usr/share/fonts/truetype/dejavu/DejaVuSansMono-Bold.ttf', name='DejaVu Sans Mono', style='normal', variant='normal', weight=700, stretch='normal', size='scalable')) = 0.33499999999999996
LINE 1479: 2025-07-15 09:27:18,709 [DEBUG   ] findfont: score(FontEntry(fname='/usr/share/fonts/truetype/dejavu/DejaVuSansMono.ttf', name='DejaVu Sans Mono', style='normal', variant='normal', weight=400, stretch='normal', size='scalable')) = 0.05
LINE 1479: 2025-07-15 09:27:18,709 [DEBUG   ] findfont: score(FontEntry(fname='/usr/share/fonts/truetype/dejavu/DejaVuSans-Bold.ttf', name='DejaVu Sans', style='normal', variant='normal', weight=700, stretch='normal', size='scalable')) = 10.335
LINE 1479: 2025-07-15 09:27:18,709 [DEBUG   ] findfont: score(FontEntry(fname='/usr/share/fonts/truetype/dejavu/DejaVuSerif-Bold.ttf', name='DejaVu Serif', style='normal', variant='normal', weight=700, stretch='normal', size='scalable')) = 10.335
LINE 1479: 2025-07-15 09:27:18,709 [DEBUG   ] findfont: score(FontEntry(fname='/usr/share/fonts/truetype/dejavu/DejaVuSerif.ttf', name='DejaVu Serif', style='normal', variant='normal', weight=400, stretch='normal', size='scalable')) = 10.05
LINE 1479: 2025-07-15 09:27:18,709 [DEBUG   ] findfont: score(FontEntry(fname='/usr/share/fonts/truetype/dejavu/DejaVuSans.ttf', name='DejaVu Sans', style='normal', variant='normal', weight=400, stretch='normal', size='scalable')) = 10.05
LINE 1508: 2025-07-15 09:27:18,709 [DEBUG   ] findfont: Matching DejaVu Sans Mono:style=normal:variant=normal:weight=normal:stretch=normal:size=10.0 to DejaVu Sans Mono ('/usr/local/lib/python3.9/site-packages/matplotlib/mpl-data/fonts/ttf/DejaVuSansMono.ttf') with score of 0.050000.
LINE 1467: 2025-07-15 09:27:18,709 [DEBUG   ] findfont: Matching DejaVu Sans Display:style=normal:variant=normal:weight=normal:stretch=normal:size=10.0.
LINE 1479: 2025-07-15 09:27:18,709 [DEBUG   ] findfont: score(FontEntry(fname='/usr/local/lib/python3.9/site-packages/matplotlib/mpl-data/fonts/ttf/STIXSizFourSymBol.ttf', name='STIXSizeFourSym', style='normal', variant='normal', weight=700, stretch='normal', size='scalable')) = 10.335
LINE 1479: 2025-07-15 09:27:18,710 [DEBUG   ] findfont: score(FontEntry(fname='/usr/local/lib/python3.9/site-packages/matplotlib/mpl-data/fonts/ttf/DejaVuSansDisplay.ttf', name='DejaVu Sans Display', style='normal', variant='normal', weight=400, stretch='normal', size='scalable')) = 0.05
LINE 1479: 2025-07-15 09:27:18,710 [DEBUG   ] findfont: score(FontEntry(fname='/usr/local/lib/python3.9/site-packages/matplotlib/mpl-data/fonts/ttf/cmr10.ttf', name='cmr10', style='normal', variant='normal', weight=400, stretch='normal', size='scalable')) = 10.05
LINE 1479: 2025-07-15 09:27:18,710 [DEBUG   ] findfont: score(FontEntry(fname='/usr/local/lib/python3.9/site-packages/matplotlib/mpl-data/fonts/ttf/DejaVuSans-Oblique.ttf', name='DejaVu Sans', style='oblique', variant='normal', weight=400, stretch='normal', size='scalable')) = 11.05
LINE 1479: 2025-07-15 09:27:18,710 [DEBUG   ] findfont: score(FontEntry(fname='/usr/local/lib/python3.9/site-packages/matplotlib/mpl-data/fonts/ttf/DejaVuSerifDisplay.ttf', name='DejaVu Serif Display', style='normal', variant='normal', weight=400, stretch='normal', size='scalable')) = 10.05
LINE 1479: 2025-07-15 09:27:18,710 [DEBUG   ] findfont: score(FontEntry(fname='/usr/local/lib/python3.9/site-packages/matplotlib/mpl-data/fonts/ttf/DejaVuSansMono-BoldOblique.ttf', name='DejaVu Sans Mono', style='oblique', variant='normal', weight=700, stretch='normal', size='scalable')) = 11.335
LINE 1479: 2025-07-15 09:27:18,710 [DEBUG   ] findfont: score(FontEntry(fname='/usr/local/lib/python3.9/site-packages/matplotlib/mpl-data/fonts/ttf/STIXNonUniBol.ttf', name='STIXNonUnicode', style='normal', variant='normal', weight=700, stretch='normal', size='scalable')) = 10.335
LINE 1479: 2025-07-15 09:27:18,710 [DEBUG   ] findfont: score(FontEntry(fname='/usr/local/lib/python3.9/site-packages/matplotlib/mpl-data/fonts/ttf/DejaVuSerif-Italic.ttf', name='DejaVu Serif', style='italic', variant='normal', weight=400, stretch='normal', size='scalable')) = 11.05
LINE 1479: 2025-07-15 09:27:18,710 [DEBUG   ] findfont: score(FontEntry(fname='/usr/local/lib/python3.9/site-packages/matplotlib/mpl-data/fonts/ttf/DejaVuSerif.ttf', name='DejaVu Serif', style='normal', variant='normal', weight=400, stretch='normal', size='scalable')) = 10.05
LINE 1479: 2025-07-15 09:27:18,710 [DEBUG   ] findfont: score(FontEntry(fname='/usr/local/lib/python3.9/site-packages/matplotlib/mpl-data/fonts/ttf/cmex10.ttf', name='cmex10', style='normal', variant='normal', weight=400, stretch='normal', size='scalable')) = 10.05
LINE 1479: 2025-07-15 09:27:18,710 [DEBUG   ] findfont: score(FontEntry(fname='/usr/local/lib/python3.9/site-packages/matplotlib/mpl-data/fonts/ttf/DejaVuSansMono.ttf', name='DejaVu Sans Mono', style='normal', variant='normal', weight=400, stretch='normal', size='scalable')) = 10.05
LINE 1479: 2025-07-15 09:27:18,710 [DEBUG   ] findfont: score(FontEntry(fname='/usr/local/lib/python3.9/site-packages/matplotlib/mpl-data/fonts/ttf/STIXSizFourSymReg.ttf', name='STIXSizeFourSym', style='normal', variant='normal', weight=400, stretch='normal', size='scalable')) = 10.05
LINE 1479: 2025-07-15 09:27:18,710 [DEBUG   ] findfont: score(FontEntry(fname='/usr/local/lib/python3.9/site-packages/matplotlib/mpl-data/fonts/ttf/DejaVuSerif-BoldItalic.ttf', name='DejaVu Serif', style='italic', variant='normal', weight=700, stretch='normal', size='scalable')) = 11.335
LINE 1479: 2025-07-15 09:27:18,710 [DEBUG   ] findfont: score(FontEntry(fname='/usr/local/lib/python3.9/site-packages/matplotlib/mpl-data/fonts/ttf/cmb10.ttf', name='cmb10', style='normal', variant='normal', weight=400, stretch='normal', size='scalable')) = 10.05
LINE 1479: 2025-07-15 09:27:18,710 [DEBUG   ] findfont: score(FontEntry(fname='/usr/local/lib/python3.9/site-packages/matplotlib/mpl-data/fonts/ttf/STIXNonUni.ttf', name='STIXNonUnicode', style='normal', variant='normal', weight=400, stretch='normal', size='scalable')) = 10.05
LINE 1479: 2025-07-15 09:27:18,710 [DEBUG   ] findfont: score(FontEntry(fname='/usr/local/lib/python3.9/site-packages/matplotlib/mpl-data/fonts/ttf/DejaVuSerif-Bold.ttf', name='DejaVu Serif', style='normal', variant='normal', weight=700, stretch='normal', size='scalable')) = 10.335
LINE 1479: 2025-07-15 09:27:18,710 [DEBUG   ] findfont: score(FontEntry(fname='/usr/local/lib/python3.9/site-packages/matplotlib/mpl-data/fonts/ttf/DejaVuSansMono-Bold.ttf', name='DejaVu Sans Mono', style='normal', variant='normal', weight=700, stretch='normal', size='scalable')) = 10.335
LINE 1479: 2025-07-15 09:27:18,710 [DEBUG   ] findfont: score(FontEntry(fname='/usr/local/lib/python3.9/site-packages/matplotlib/mpl-data/fonts/ttf/STIXSizThreeSymReg.ttf', name='STIXSizeThreeSym', style='normal', variant='normal', weight=400, stretch='normal', size='scalable')) = 10.05
LINE 1479: 2025-07-15 09:27:18,710 [DEBUG   ] findfont: score(FontEntry(fname='/usr/local/lib/python3.9/site-packages/matplotlib/mpl-data/fonts/ttf/STIXSizFiveSymReg.ttf', name='STIXSizeFiveSym', style='normal', variant='normal', weight=400, stretch='normal', size='scalable')) = 10.05
LINE 1479: 2025-07-15 09:27:18,710 [DEBUG   ] findfont: score(FontEntry(fname='/usr/local/lib/python3.9/site-packages/matplotlib/mpl-data/fonts/ttf/cmsy10.ttf', name='cmsy10', style='normal', variant='normal', weight=400, stretch='normal', size='scalable')) = 10.05
LINE 1479: 2025-07-15 09:27:18,710 [DEBUG   ] findfont: score(FontEntry(fname='/usr/local/lib/python3.9/site-packages/matplotlib/mpl-data/fonts/ttf/cmmi10.ttf', name='cmmi10', style='normal', variant='normal', weight=400, stretch='normal', size='scalable')) = 10.05
LINE 1479: 2025-07-15 09:27:18,710 [DEBUG   ] findfont: score(FontEntry(fname='/usr/local/lib/python3.9/site-packages/matplotlib/mpl-data/fonts/ttf/STIXSizTwoSymBol.ttf', name='STIXSizeTwoSym', style='normal', variant='normal', weight=700, stretch='normal', size='scalable')) = 10.335
LINE 1479: 2025-07-15 09:27:18,710 [DEBUG   ] findfont: score(FontEntry(fname='/usr/local/lib/python3.9/site-packages/matplotlib/mpl-data/fonts/ttf/STIXNonUniIta.ttf', name='STIXNonUnicode', style='italic', variant='normal', weight=400, stretch='normal', size='scalable')) = 11.05
LINE 1479: 2025-07-15 09:27:18,710 [DEBUG   ] findfont: score(FontEntry(fname='/usr/local/lib/python3.9/site-packages/matplotlib/mpl-data/fonts/ttf/STIXGeneralItalic.ttf', name='STIXGeneral', style='italic', variant='normal', weight=400, stretch='normal', size='scalable')) = 11.05
LINE 1479: 2025-07-15 09:27:18,710 [DEBUG   ] findfont: score(FontEntry(fname='/usr/local/lib/python3.9/site-packages/matplotlib/mpl-data/fonts/ttf/DejaVuSans-Bold.ttf', name='DejaVu Sans', style='normal', variant='normal', weight=700, stretch='normal', size='scalable')) = 10.335
LINE 1479: 2025-07-15 09:27:18,710 [DEBUG   ] findfont: score(FontEntry(fname='/usr/local/lib/python3.9/site-packages/matplotlib/mpl-data/fonts/ttf/cmtt10.ttf', name='cmtt10', style='normal', variant='normal', weight=400, stretch='normal', size='scalable')) = 10.05
LINE 1479: 2025-07-15 09:27:18,710 [DEBUG   ] findfont: score(FontEntry(fname='/usr/local/lib/python3.9/site-packages/matplotlib/mpl-data/fonts/ttf/STIXSizTwoSymReg.ttf', name='STIXSizeTwoSym', style='normal', variant='normal', weight=400, stretch='normal', size='scalable')) = 10.05
LINE 1479: 2025-07-15 09:27:18,710 [DEBUG   ] findfont: score(FontEntry(fname='/usr/local/lib/python3.9/site-packages/matplotlib/mpl-data/fonts/ttf/DejaVuSans.ttf', name='DejaVu Sans', style='normal', variant='normal', weight=400, stretch='normal', size='scalable')) = 10.05
LINE 1479: 2025-07-15 09:27:18,710 [DEBUG   ] findfont: score(FontEntry(fname='/usr/local/lib/python3.9/site-packages/matplotlib/mpl-data/fonts/ttf/STIXGeneralBol.ttf', name='STIXGeneral', style='normal', variant='normal', weight=700, stretch='normal', size='scalable')) = 10.335
LINE 1479: 2025-07-15 09:27:18,710 [DEBUG   ] findfont: score(FontEntry(fname='/usr/local/lib/python3.9/site-packages/matplotlib/mpl-data/fonts/ttf/DejaVuSansMono-Oblique.ttf', name='DejaVu Sans Mono', style='oblique', variant='normal', weight=400, stretch='normal', size='scalable')) = 11.05
LINE 1479: 2025-07-15 09:27:18,710 [DEBUG   ] findfont: score(FontEntry(fname='/usr/local/lib/python3.9/site-packages/matplotlib/mpl-data/fonts/ttf/STIXGeneral.ttf', name='STIXGeneral', style='normal', variant='normal', weight=400, stretch='normal', size='scalable')) = 10.05
LINE 1479: 2025-07-15 09:27:18,710 [DEBUG   ] findfont: score(FontEntry(fname='/usr/local/lib/python3.9/site-packages/matplotlib/mpl-data/fonts/ttf/STIXGeneralBolIta.ttf', name='STIXGeneral', style='italic', variant='normal', weight=700, stretch='normal', size='scalable')) = 11.335
LINE 1479: 2025-07-15 09:27:18,710 [DEBUG   ] findfont: score(FontEntry(fname='/usr/local/lib/python3.9/site-packages/matplotlib/mpl-data/fonts/ttf/cmss10.ttf', name='cmss10', style='normal', variant='normal', weight=400, stretch='normal', size='scalable')) = 10.05
LINE 1479: 2025-07-15 09:27:18,710 [DEBUG   ] findfont: score(FontEntry(fname='/usr/local/lib/python3.9/site-packages/matplotlib/mpl-data/fonts/ttf/DejaVuSans-BoldOblique.ttf', name='DejaVu Sans', style='oblique', variant='normal', weight=700, stretch='normal', size='scalable')) = 11.335
LINE 1479: 2025-07-15 09:27:18,710 [DEBUG   ] findfont: score(FontEntry(fname='/usr/local/lib/python3.9/site-packages/matplotlib/mpl-data/fonts/ttf/STIXSizOneSymBol.ttf', name='STIXSizeOneSym', style='normal', variant='normal', weight=700, stretch='normal', size='scalable')) = 10.335
LINE 1479: 2025-07-15 09:27:18,710 [DEBUG   ] findfont: score(FontEntry(fname='/usr/local/lib/python3.9/site-packages/matplotlib/mpl-data/fonts/ttf/STIXSizThreeSymBol.ttf', name='STIXSizeThreeSym', style='normal', variant='normal', weight=700, stretch='normal', size='scalable')) = 10.335
LINE 1479: 2025-07-15 09:27:18,710 [DEBUG   ] findfont: score(FontEntry(fname='/usr/local/lib/python3.9/site-packages/matplotlib/mpl-data/fonts/ttf/STIXSizOneSymReg.ttf', name='STIXSizeOneSym', style='normal', variant='normal', weight=400, stretch='normal', size='scalable')) = 10.05
LINE 1479: 2025-07-15 09:27:18,710 [DEBUG   ] findfont: score(FontEntry(fname='/usr/local/lib/python3.9/site-packages/matplotlib/mpl-data/fonts/ttf/STIXNonUniBolIta.ttf', name='STIXNonUnicode', style='italic', variant='normal', weight=700, stretch='normal', size='scalable')) = 11.335
LINE 1479: 2025-07-15 09:27:18,710 [DEBUG   ] findfont: score(FontEntry(fname='/usr/share/fonts/truetype/dejavu/DejaVuSansMono-Bold.ttf', name='DejaVu Sans Mono', style='normal', variant='normal', weight=700, stretch='normal', size='scalable')) = 10.335
LINE 1479: 2025-07-15 09:27:18,710 [DEBUG   ] findfont: score(FontEntry(fname='/usr/share/fonts/truetype/dejavu/DejaVuSansMono.ttf', name='DejaVu Sans Mono', style='normal', variant='normal', weight=400, stretch='normal', size='scalable')) = 10.05
LINE 1479: 2025-07-15 09:27:18,710 [DEBUG   ] findfont: score(FontEntry(fname='/usr/share/fonts/truetype/dejavu/DejaVuSans-Bold.ttf', name='DejaVu Sans', style='normal', variant='normal', weight=700, stretch='normal', size='scalable')) = 10.335
LINE 1479: 2025-07-15 09:27:18,711 [DEBUG   ] findfont: score(FontEntry(fname='/usr/share/fonts/truetype/dejavu/DejaVuSerif-Bold.ttf', name='DejaVu Serif', style='normal', variant='normal', weight=700, stretch='normal', size='scalable')) = 10.335
LINE 1479: 2025-07-15 09:27:18,711 [DEBUG   ] findfont: score(FontEntry(fname='/usr/share/fonts/truetype/dejavu/DejaVuSerif.ttf', name='DejaVu Serif', style='normal', variant='normal', weight=400, stretch='normal', size='scalable')) = 10.05
LINE 1479: 2025-07-15 09:27:18,711 [DEBUG   ] findfont: score(FontEntry(fname='/usr/share/fonts/truetype/dejavu/DejaVuSans.ttf', name='DejaVu Sans', style='normal', variant='normal', weight=400, stretch='normal', size='scalable')) = 10.05
LINE 1508: 2025-07-15 09:27:18,711 [DEBUG   ] findfont: Matching DejaVu Sans Display:style=normal:variant=normal:weight=normal:stretch=normal:size=10.0 to DejaVu Sans Display ('/usr/local/lib/python3.9/site-packages/matplotlib/mpl-data/fonts/ttf/DejaVuSansDisplay.ttf') with score of 0.050000.
LINE 943 : 2025-07-15 09:27:18,763 [DEBUG   ] Assigning font /F1 = '/usr/local/lib/python3.9/site-packages/matplotlib/mpl-data/fonts/ttf/DejaVuSans.ttf'
LINE 943 : 2025-07-15 09:27:18,769 [DEBUG   ] Assigning font /F2 = '/usr/local/lib/python3.9/site-packages/matplotlib/mpl-data/fonts/ttf/DejaVuSans-Bold.ttf'
LINE 989 : 2025-07-15 09:27:18,784 [DEBUG   ] Embedding font /usr/local/lib/python3.9/site-packages/matplotlib/mpl-data/fonts/ttf/DejaVuSans-Bold.ttf.
LINE 996 : 2025-07-15 09:27:18,785 [DEBUG   ] Writing TrueType font.
LINE 989 : 2025-07-15 09:27:18,802 [DEBUG   ] Embedding font /usr/local/lib/python3.9/site-packages/matplotlib/mpl-data/fonts/ttf/DejaVuSans.ttf.
LINE 996 : 2025-07-15 09:27:18,802 [DEBUG   ] Writing TrueType font.
LINE 422 : 2025-07-15 09:27:18,822 [INFO    ] Done.

LINE 241 : 2025-07-15 09:27:19,067 [DEBUG   ] Starting new HTTP connection (1): maayanlab.cloud:80
LINE 544 : 2025-07-15 09:27:19,128 [DEBUG   ] http://maayanlab.cloud:80 "GET /Enrichr/datasetStatistics HTTP/1.1" 308 164
LINE 1049: 2025-07-15 09:27:19,129 [DEBUG   ] Starting new HTTPS connection (1): maayanlab.cloud:443
LINE 544 : 2025-07-15 09:27:19,222 [DEBUG   ] https://maayanlab.cloud:443 "GET /Enrichr/datasetStatistics HTTP/1.1" 200 None
LINE 385 : 2025-07-15 09:27:19,303 [INFO    ] Connecting to Enrichr Server to get latest library names
LINE 403 : 2025-07-15 09:27:19,303 [DEBUG   ] Start Enrichr using library: GO_Biological_Process_2023
LINE 404 : 2025-07-15 09:27:19,303 [INFO    ] Analysis name: , Enrichr Library: GO_Biological_Process_2023
LINE 241 : 2025-07-15 09:27:19,304 [DEBUG   ] Starting new HTTP connection (1): maayanlab.cloud:80
LINE 544 : 2025-07-15 09:27:19,368 [DEBUG   ] http://maayanlab.cloud:80 "POST /Enrichr/addList HTTP/1.1" 308 164
LINE 1049: 2025-07-15 09:27:19,369 [DEBUG   ] Starting new HTTPS connection (1): maayanlab.cloud:443
LINE 544 : 2025-07-15 09:27:19,591 [DEBUG   ] https://maayanlab.cloud:443 "POST /Enrichr/addList HTTP/1.1" 200 74
LINE 241 : 2025-07-15 09:27:20,598 [DEBUG   ] Starting new HTTP connection (1): maayanlab.cloud:80
LINE 544 : 2025-07-15 09:27:20,656 [DEBUG   ] http://maayanlab.cloud:80 "GET /Enrichr/export?userListId=97030304&filename=GO_Biological_Process_2023..reports&backgroundType=GO_Biological_Process_2023 HTTP/1.1" 308 164
LINE 1049: 2025-07-15 09:27:20,657 [DEBUG   ] Starting new HTTPS connection (1): maayanlab.cloud:443
LINE 544 : 2025-07-15 09:27:20,774 [DEBUG   ] https://maayanlab.cloud:443 "GET /Enrichr/export?userListId=97030304&filename=GO_Biological_Process_2023..reports&backgroundType=GO_Biological_Process_2023 HTTP/1.1" 200 None
LINE 412 : 2025-07-15 09:27:20,861 [INFO    ] Save file of enrichment results: Job Id:52924a694e16e04c38cbd28694e2f7f9
LINE 943 : 2025-07-15 09:27:20,943 [DEBUG   ] Assigning font /F1 = '/usr/local/lib/python3.9/site-packages/matplotlib/mpl-data/fonts/ttf/DejaVuSans.ttf'
LINE 943 : 2025-07-15 09:27:20,949 [DEBUG   ] Assigning font /F2 = '/usr/local/lib/python3.9/site-packages/matplotlib/mpl-data/fonts/ttf/DejaVuSans-Bold.ttf'
LINE 989 : 2025-07-15 09:27:20,964 [DEBUG   ] Embedding font /usr/local/lib/python3.9/site-packages/matplotlib/mpl-data/fonts/ttf/DejaVuSans-Bold.ttf.
LINE 996 : 2025-07-15 09:27:20,964 [DEBUG   ] Writing TrueType font.
LINE 989 : 2025-07-15 09:27:20,973 [DEBUG   ] Embedding font /usr/local/lib/python3.9/site-packages/matplotlib/mpl-data/fonts/ttf/DejaVuSans.ttf.
LINE 996 : 2025-07-15 09:27:20,973 [DEBUG   ] Writing TrueType font.
LINE 422 : 2025-07-15 09:27:20,984 [INFO    ] Done.

